title,author,rating,genres,language,gender
"Good Omens: The Nice and Accurate Prophecies of Agnes Nutter, Witch","Terry Pratchett, Neil Gaiman",4.24,"['Fantasy', 'Fiction', 'Humor', 'Urban Fantasy', 'Comedy', 'Audiobook', 'Science Fiction Fantasy', 'Adult', 'Science Fiction', 'Supernatural']",English,mostly_male;m
Oliver Twist,"Charles Dickens, 查尔斯·狄更斯",3.87,"['Classics', 'Fiction', 'Historical Fiction', 'Literature', 'Novels', '19th Century', 'Classic Literature', 'British Literature', 'Victorian', 'Historical']",English,m;unknown
The Hiding Place: The Triumphant True Story of Corrie Ten Boom,"Corrie ten Boom, John Sherrill, Elizabeth Sherrill",4.42,"['Nonfiction', 'Biography', 'History', 'Christian', 'Classics', 'Memoir', 'Holocaust', 'World War II', 'Historical', 'Autobiography']",English,w;m;w
Marked,"P.C. Cast , Kristin Cast",3.8,"['Young Adult', 'Vampires', 'Fantasy', 'Paranormal', 'Romance', 'Fiction', 'Supernatural', 'Urban Fantasy', 'Paranormal Romance', 'Teen']",English,unknown;w
The Guernsey Literary and Potato Peel Pie Society,"Mary Ann Shaffer, Annie Barrows",4.17,"['Historical Fiction', 'Fiction', 'Historical', 'Romance', 'World War II', 'Book Club', 'War', 'Adult', 'Adult Fiction', 'Books About Books']",English,mostly_female;w
Bridget Jones's Diary,"Helen Fielding , Хелен Филдинг",3.78,"['Fiction', 'Chick Lit', 'Romance', 'Humor', 'Contemporary', 'Adult', 'Comedy', 'Adult Fiction', 'British Literature', 'Novels']",English,w;unknown
Beautiful Creatures,"Kami Garcia , Margaret Stohl",3.76,"['Young Adult', 'Fantasy', 'Paranormal', 'Romance', 'Fiction', 'Magic', 'Supernatural', 'Witches', 'Paranormal Romance', 'Urban Fantasy']",English,mostly_female;w
Go Ask Alice,"Beatrice Sparks (as ""Anonymous""), Anonymous",3.76,"['Young Adult', 'Fiction', 'Classics', 'Contemporary', 'Realistic Fiction', 'Teen', 'Mental Health', 'Banned Books', 'Coming Of Age', 'Psychology']",English,w;unknown
Betrayed,"P.C. Cast , Kristin Cast",3.93,"['Young Adult', 'Vampires', 'Fantasy', 'Paranormal', 'Romance', 'Fiction', 'Supernatural', 'Urban Fantasy', 'Paranormal Romance', 'Magic']",English,unknown;w
Untamed,"P.C. Cast , Kristin Cast",3.95,"['Young Adult', 'Vampires', 'Fantasy', 'Paranormal', 'Romance', 'Fiction', 'Supernatural', 'Paranormal Romance', 'Urban Fantasy', 'Magic']",English,unknown;w
Chosen,"P.C. Cast , Kristin Cast",3.91,"['Young Adult', 'Vampires', 'Fantasy', 'Paranormal', 'Romance', 'Fiction', 'Supernatural', 'Paranormal Romance', 'Urban Fantasy', 'Magic']",English,unknown;w
Hunted,"P.C. Cast , Kristin Cast",3.93,"['Young Adult', 'Vampires', 'Fantasy', 'Paranormal', 'Romance', 'Fiction', 'Supernatural', 'Paranormal Romance', 'Urban Fantasy', 'Magic']",English,unknown;w
Tempted,"P.C. Cast , Kristin Cast",3.95,"['Young Adult', 'Vampires', 'Fantasy', 'Paranormal', 'Romance', 'Supernatural', 'Fiction', 'Paranormal Romance', 'Urban Fantasy', 'Magic']",English,unknown;w
Jude the Obscure,"Thomas Hardy, Patricia Ingham, Mark Oxford",3.82,"['Classics', 'Fiction', 'Literature', '19th Century', 'Victorian', 'Novels', 'British Literature', 'Historical Fiction', 'Classic Literature', 'English Literature']",English,m;w;m
The Sorrows of Young Werther,"Johann Wolfgang von Goethe, Philippe Forget, Charles Louis De Sevelinges, Robert Graves, more…",3.67,"['Classics', 'Fiction', 'German Literature', 'Literature', 'Romance', 'Germany', 'School', 'Novels', '18th Century', 'Romanticism']",English,m;m;m;m;unknown
Burned,"P.C. Cast , Kristin Cast",3.97,"['Young Adult', 'Vampires', 'Fantasy', 'Paranormal', 'Romance', 'Supernatural', 'Paranormal Romance', 'Fiction', 'Urban Fantasy', 'Magic']",English,unknown;w
Awakened,"P.C. Cast , Kristin Cast",4.01,"['Young Adult', 'Vampires', 'Fantasy', 'Paranormal', 'Romance', 'Supernatural', 'Paranormal Romance', 'Fiction', 'Urban Fantasy', 'Magic']",English,unknown;w
الحرافيش,"Naguib Mahfouz, نجيب محفوظ",4.37,"['Fiction', 'Novels', 'Literature', 'Egypt', 'Classics', 'Africa', 'Historical Fiction', 'Egyptian Literature', '20th Century', 'Media Tie In']",Arabic,unknown;unknown
Beautiful Darkness,"Kami Garcia , Margaret Stohl",3.83,"['Young Adult', 'Fantasy', 'Paranormal', 'Romance', 'Magic', 'Fiction', 'Supernatural', 'Witches', 'Paranormal Romance', 'Urban Fantasy']",English,mostly_female;w
أولاد حارتنا,"Naguib Mahfouz, نجيب محفوظ",4.11,"['Fiction', 'Novels', 'Classics', 'Literature', 'Egypt', 'Africa', 'Historical Fiction', 'Nobel Prize', 'Religion', 'Philosophy']",Arabic,unknown;unknown
Heaven is for Real: A Little Boy's Astounding Story of His Trip to Heaven and Back,"Todd Burpo, Lynn Vincent",4.02,"['Nonfiction', 'Christian', 'Religion', 'Inspirational', 'Spirituality', 'Memoir', 'Biography', 'Faith', 'Christianity', 'Christian Non Fiction']",English,m;mostly_female
The Art of Happiness,"Dalai Lama XIV, Howard C. Cutler",4.16,"['Nonfiction', 'Philosophy', 'Spirituality', 'Self Help', 'Buddhism', 'Psychology', 'Religion', 'Personal Development', 'Inspirational', 'Biography']",English,unknown;m
Quidditch Through the Ages,"Kennilworthy Whisp (Pseudonym), J.K. Rowling",3.84,"['Fantasy', 'Young Adult', 'Fiction', 'Childrens', 'Magic', 'Middle Grade', 'Short Stories', 'Science Fiction Fantasy', 'Audiobook', 'Young Adult Fantasy']",English,unknown;unknown
Harry Potter and the Cursed Child: Parts One and Two,"John Tiffany (Adaptation), Jack Thorne, J.K. Rowling",3.62,"['Fantasy', 'Fiction', 'Young Adult', 'Plays', 'Magic', 'Adventure', 'Drama', 'Time Travel', 'Childrens', 'Middle Grade']",English,m;m;unknown
I Am Malala: The Story of the Girl Who Stood Up for Education and Was Shot by the Taliban,"Malala Yousafzai, Christina Lamb",4.12,"['Nonfiction', 'Biography', 'Memoir', 'Feminism', 'Autobiography', 'Audiobook', 'Biography Memoir', 'History', 'Politics', 'Education']",English,unknown;w
The Eight,"Katherine Neville, Кэтрин Нэвилл",3.91,"['Fiction', 'Mystery', 'Historical Fiction', 'Thriller', 'Fantasy', 'Historical', 'Adventure', 'Suspense', 'Mystery Thriller', 'Romance']",English,w;unknown
ثلاثية غرناطة,"رضوى عاشور, Radwa Ashour",4.29,"['Novels', 'Fiction', 'Historical Fiction', 'Literature', 'Egypt', 'Historical', 'Spain', 'Islam', 'Unfinished', 'Classics']",Arabic,unknown;unknown
"Animal, Vegetable, Miracle: A Year of Food Life","Barbara Kingsolver, Steven L. Hopp, Camille Kingsolver",4.04,"['Nonfiction', 'Food', 'Memoir', 'Gardening', 'Health', 'Environment', 'Cooking', 'Audiobook', 'Nature', 'Biography']",English,w;m;mostly_female
The Threat Below,"Jason Latshaw , J.S. Latshaw",4.32,"['Fiction', 'Fantasy', 'Epic', 'Drama', 'Novels', 'Young Adult', 'Contemporary', 'Adventure']",English,m;unknown
Demonglass,"Rachel Hawkins , R. Khokins",4.1,"['Young Adult', 'Fantasy', 'Paranormal', 'Romance', 'Magic', 'Vampires', 'Witches', 'Supernatural', 'Demons', 'Urban Fantasy']",English,w;unknown
Beautiful Chaos,"Kami Garcia , Margaret Stohl",3.93,"['Young Adult', 'Fantasy', 'Paranormal', 'Romance', 'Magic', 'Fiction', 'Supernatural', 'Witches', 'Paranormal Romance', 'Urban Fantasy']",English,mostly_female;w
ساق البامبو,"سعود السنعوسي , Saud Alsanousi",4.22,"['Novels', 'Fiction', 'Literature', 'Contemporary', 'Drama', 'Social']",Arabic,unknown;unknown
Spell Bound,"Rachel Hawkins , R. Khokins",4.07,"['Young Adult', 'Fantasy', 'Paranormal', 'Magic', 'Romance', 'Vampires', 'Witches', 'Supernatural', 'Demons', 'Urban Fantasy']",English,w;unknown
Conjunction,"A.D. Zoltan, Zoltan Andrejkovics , Steven N. Nagy",4.47,"['Science Fiction', 'Fiction', 'Philosophy', 'Artificial Intelligence', 'Young Adult', 'Spirituality', 'New Adult', 'Dystopia']",English,unknown;unknown;m
Dragons of Autumn Twilight,"Margaret Weis , Tracy Hickman",3.99,"['Fantasy', 'Dragonlance', 'Fiction', 'Dragons', 'High Fantasy', 'Epic Fantasy', 'Science Fiction Fantasy', 'Adventure', 'Young Adult', 'Magic']",English,w;mostly_female
Falling Kingdoms,"Morgan Rhodes , Michelle Rowen",3.79,"['Fantasy', 'Young Adult', 'Magic', 'Romance', 'High Fantasy', 'Young Adult Fantasy', 'Fiction', 'Adventure', 'Epic Fantasy', 'Audiobook']",English,mostly_male;w
كليلة ودمنة,"عبد الله بن المقفع, بيدباء",4.11,"['Fiction', 'Classics', 'Literature', 'Short Stories', 'Novels', 'Philosophy', 'Fantasy', 'Unfinished', 'Anthologies', 'Iran']",Arabic,unknown;unknown
The Bane Chronicles,"Cassandra Clare , Sarah Rees Brennan , Maureen Johnson",4.15,"['Fantasy', 'Young Adult', 'Paranormal', 'Short Stories', 'Urban Fantasy', 'Romance', 'LGBT', 'Magic', 'Vampires', 'Fiction']",English,w;w;w
Eighth Grade Bites,"Heather Brewer , Z Brewer",3.93,"['Young Adult', 'Vampires', 'Fantasy', 'Paranormal', 'Supernatural', 'Fiction', 'Horror', 'Teen', 'Urban Fantasy', 'Middle Grade']",English,w;unknown
Guess How Much I Love You,"Sam McBratney, Anita Jeram",4.37,"['Picture Books', 'Childrens', 'Fiction', 'Animals', 'Family', 'Classics', 'Love', 'Kids', 'Storytime', 'Rabbits']",English,mostly_male;w
Let it Snow,"John Green , Maureen Johnson , Lauren Myracle",3.76,"['Young Adult', 'Romance', 'Contemporary', 'Christmas', 'Fiction', 'Short Stories', 'Holiday', 'Realistic Fiction', 'Young Adult Contemporary', 'Anthologies']",English,m;w;mostly_female
"The Absolute Sandman, Volume One","Neil Gaiman  (Writer), more…",4.65,"['Graphic Novels', 'Comics', 'Fantasy', 'Fiction', 'Graphic Novels Comics', 'Horror', 'Comic Book', 'Mythology', 'Urban Fantasy', 'Comix']",English,m;unknown
ذاكرة الجسد,"Ahlam Mosteghanemi , أحلام مستغانمي",3.83,"['Novels', 'Fiction', 'Romance', 'Algeria', 'Literature', 'Africa', 'Historical Fiction', 'Drama', 'Love', '20th Century']",Arabic,w;unknown
"Same Kind of Different as Me: A Modern-Day Slave, an International Art Dealer, and the Unlikely Woman Who Bound Them Together","Ron Hall, Denver Moore, Lynn Vincent",4.22,"['Nonfiction', 'Memoir', 'Christian', 'Biography', 'Inspirational', 'Book Club', 'Faith', 'Religion', 'Biography Memoir', 'Autobiography']",English,m;m;mostly_female
A Gallery of Mothers,"J.S. Latshaw, Jason Latshaw",4.31,"['Epic', 'Contemporary', 'Drama', 'Fiction', 'Novels']",English,unknown;m
الطنطورية,"رضوى عاشور, Radwa Ashour",4.33,"['Novels', 'Fiction', 'Historical Fiction', 'Literature', 'Egypt', 'Politics', 'War', 'Unfinished', 'Historical', 'Egyptian Literature']",Arabic,unknown;unknown
Evoke,"Danielle Simmons, D.M. Simmons",4.5,"['Book Club', 'Fiction', 'Contemporary', 'Drama', 'Novels', 'Romance', 'New Adult', 'Fantasy']",English,w;unknown
Beautiful Redemption,"Kami Garcia , Margaret Stohl",3.93,"['Fantasy', 'Young Adult', 'Paranormal', 'Romance', 'Magic', 'Fiction', 'Supernatural', 'Witches', 'Paranormal Romance', 'Urban Fantasy']",English,mostly_female;w
الأسود يليق بك,"أحلام مستغانمي, Ahlam Mosteghanemi",3.66,"['Novels', 'Romance', 'Fiction', 'Romantic', 'Literature', 'Love', 'Drama', 'Algeria']",Arabic,unknown;w
"The Walking Dead, Vol. 1: Days Gone Bye","Robert Kirkman, Andreas Mergenthaler, Charles Adlard, more…",4.27,"['Graphic Novels', 'Comics', 'Horror', 'Zombies', 'Fiction', 'Graphic Novels Comics', 'Comic Book', 'Post Apocalyptic', 'Dystopia', 'Fantasy']",English,m;m;m;unknown
Wir Kinder vom Bahnhof Zoo,"Christiane F., Kai Hermann, Horst Rieck",4.21,"['Nonfiction', 'Biography', 'German Literature', 'Classics', 'Memoir', 'Germany', 'Contemporary', 'Autobiography', 'Biography Memoir', 'Drama']",German,w;m;m
Lectures on Faith,"Joseph Smith Jr., Sidney Rigdon",4.49,"['Religion', 'Lds', 'Nonfiction', 'Church', 'Spirituality', 'Lds Non Fiction', 'Inspirational', 'Faith', 'Theology', 'Mormonism']",English,m;mostly_male
Witch & Wizard,"James Patterson , Gabrielle Charbonnet, Emily Raymond",3.56,"['Fantasy', 'Young Adult', 'Magic', 'Fiction', 'Dystopia', 'Paranormal', 'Witches', 'Adventure', 'Supernatural', 'Teen']",English,m;w;w
Welcome to the Monkey House,"Kurt Vonnegut Jr., Курт Воннегут",4.12,"['Fiction', 'Short Stories', 'Science Fiction', 'Classics', 'Literature', 'Humor', 'American', 'Dystopia', 'Novels', 'Anthologies']",English,m;unknown
Dead Poets Society,"N.H. Kleinbaum, Tom Schulman",4.21,"['Fiction', 'Classics', 'Young Adult', 'Novels', 'Contemporary', 'Drama', 'School', 'Media Tie In', 'Literature', 'Poetry']",English,unknown;m
D'Aulaires' Book of Greek Myths,"Ingri d'Aulaire, Edgar Parin d'Aulaire",4.41,"['Mythology', 'Classics', 'Childrens', 'Fantasy', 'Fiction', 'Picture Books', 'Greek Mythology', 'Young Adult', 'Religion', 'Greece']",English,unknown;m
Worm,"Wildbow, J.C. McCrae",4.63,"['Fantasy', 'Science Fiction', 'Fiction', 'Superheroes', 'Urban Fantasy', 'Dystopia', 'Young Adult', 'Horror', 'Unfinished', 'Thriller']",English,unknown;unknown
Plato: Complete Works,"Plato, more…",4.35,"['Philosophy', 'Classics', 'Nonfiction', 'History', 'Literature', 'Reference', 'Ancient', 'Politics', 'Greece', 'School']",English,unknown;unknown
شيكاجو,"علاء الأسواني, Alaa Al Aswany",3.41,"['Fiction', 'Novels', 'Egypt', 'Literature', 'Contemporary', 'The United States Of America', 'Politics', 'Africa', 'Egyptian Literature', 'Unfinished']",Arabic,unknown;mostly_male
يوميات نائب في الأرياف,"توفيق الحكيم, Tawfiq Al-Hakim",3.91,"['Novels', 'Fiction', 'Literature', 'Egypt', 'Classics', 'Egyptian Literature', 'Politics', 'Media Tie In', 'Africa', '20th Century']",Arabic,unknown;m
Fyodor Dostoyevsky's Crime and Punishment,"John D. Simons, Monarch Notes",4.37,"['Classics', 'Fiction', 'Russia', 'Novels', 'Literature', 'Philosophy']",,m;unknown
دروس مبسطة في علم الاقتصاد,"Robert P. Murphy, رحاب صلاح الدين",4.01,"['Economics', 'Nonfiction', 'Social Science', 'Business', 'Finance']",Arabic,m;unknown
Season of Migration to the North,"Tayeb Salih, الطيب صالح",3.71,"['Fiction', 'Africa', 'Novels', 'Sudan', 'Classics', 'Literature', 'African Literature', 'School', 'Historical Fiction', '20th Century']",English,unknown;unknown
التائهون,"Amin Maalouf , أمين معلوف",4.13,"['Fiction', 'Novels', 'Roman', 'France', 'Literature', 'Lebanon', 'Contemporary', 'War', 'Drama', 'Politics']",Arabic,m;unknown
American Sniper: The Autobiography of the Most Lethal Sniper in U.S. Military History,"Chris Kyle, Scott McEwen, Jim DeFelice",4.0,"['Nonfiction', 'Biography', 'Military Fiction', 'History', 'War', 'Memoir', 'Autobiography', 'Audiobook', 'Military History', 'Biography Memoir']",English,mostly_male;m;m
"Maximum Ride, Vol. 1","NaRae Lee (adapter/Illustrator), James Patterson",4.25,"['Manga', 'Graphic Novels', 'Young Adult', 'Fantasy', 'Science Fiction', 'Comics', 'Adventure', 'Fiction', 'Action', 'Anime']",English,unknown;m
بداية ونهاية,"Naguib Mahfouz, نجيب محفوظ",4.08,"['Fiction', 'Novels', 'Literature', 'Egypt', 'Classics', 'Egyptian Literature', '20th Century', 'Media Tie In', 'Africa', 'Nobel Prize']",Arabic,unknown;unknown
"Scott Pilgrim, Volume 1: Scott Pilgrim's Precious Little Life","Bryan Lee O'Malley (Writer, Artist)",4.17,"['Graphic Novels', 'Comics', 'Fiction', 'Young Adult', 'Manga', 'Graphic Novels Comics', 'Humor', 'Fantasy', 'Romance', 'Comic Book']",English,m;unknown
Kisses from Katie,"Katie Davis, Beth Clark, Katie Davis Majors",4.41,"['Nonfiction', 'Christian', 'Biography', 'Memoir', 'Faith', 'Christianity', 'Inspirational', 'Christian Non Fiction', 'Christian Living', 'Religion']",English,w;w;w
Dragonlance Chronicles,"Margaret Weis , Tracy Hickman",4.23,"['Fantasy', 'Dragonlance', 'Fiction', 'Epic Fantasy', 'Science Fiction Fantasy', 'High Fantasy', 'Dragons', 'Adventure', 'Dungeons and Dragons', 'Collections']",English,w;mostly_female
Das geheimnis der blumen (DEU),"Mykhaella Caponi, Lucio Agustine Rosenkreutz Crăciunescu",5.0,[],German,unknown;m
Season of Mists,"Neil Gaiman , more…",4.54,"['Graphic Novels', 'Comics', 'Fantasy', 'Fiction', 'Horror', 'Graphic Novels Comics', 'Comic Book', 'Mythology', 'Science Fiction Fantasy', 'Urban Fantasy']",English,m;unknown
Factfulness: Ten Reasons We're Wrong About the World – and Why Things Are Better Than You Think,"Hans Rosling, Ola Rosling, Anna Rosling Rönnlund",4.36,"['Nonfiction', 'Science', 'Psychology', 'Economics', 'History', 'Politics', 'Business', 'Self Help', 'Sociology', 'Philosophy']",English,m;m;w
"The Absolute Sandman, Volume Three","Neil Gaiman  (Writer), more…",4.71,"['Comics', 'Graphic Novels', 'Fantasy', 'Fiction', 'Horror', 'Graphic Novels Comics', 'Comic Book', 'Mythology', 'Urban Fantasy', 'Dc Comics']",English,m;unknown
فوضى الحواس,"Ahlam Mosteghanemi , أحلام مستغانمي",3.79,"['Fiction', 'Novels', 'Romance', 'Algeria', 'Literature', 'Romantic', 'Politics', 'Drama', 'Love', 'Contemporary']",Arabic,w;unknown
Dragon Wing,"Margaret Weis , Tracy Hickman",3.95,"['Fantasy', 'Fiction', 'Epic Fantasy', 'Dragons', 'High Fantasy', 'Science Fiction Fantasy', 'Adult', 'Science Fiction', 'Magic', 'Epic']",English,w;mostly_female
The Feynman Lectures on Physics,"Richard P. Feynman, Robert B. Leighton, Matthew L. Sands",4.6,"['Science', 'Physics', 'Nonfiction', 'Textbooks', 'Reference', 'Mathematics', 'Popular Science', 'Classics', 'Technical', 'Academic']",English,m;m;m
The Redemption of Althalus,"David Eddings, Leigh Eddings",3.84,"['Fantasy', 'Fiction', 'Science Fiction Fantasy', 'Epic Fantasy', 'High Fantasy', 'Adventure', 'Magic', 'Adult', 'Young Adult', 'Epic']",English,m;mostly_female
Le Petit Nicolas,"René Goscinny, Jean-Jacques Sempé",4.14,"['France', 'Fiction', 'Childrens', 'Classics', 'Humor', 'French Literature', 'Short Stories', 'School', 'Young Adult', 'Middle Grade']",French,m;unknown
Dragons of Spring Dawning,"Margaret Weis , Tracy Hickman",4.1,"['Fantasy', 'Dragonlance', 'Fiction', 'Dragons', 'High Fantasy', 'Science Fiction Fantasy', 'Epic Fantasy', 'Adventure', 'Young Adult', 'Dungeons and Dragons']",English,w;mostly_female
عابر سرير,"Ahlam Mosteghanemi , أحلام مستغانمي",3.6,"['Novels', 'Romance', 'Fiction', 'Literature', 'Algeria', 'Drama', 'Politics']",Arabic,w;unknown
طبائع الاستبداد ومصارع الاستعباد,"Abd al-Rahman al-Kawakibi, الكواكبي, عبد الرحمن",4.2,"['Politics', 'Nonfiction', 'Philosophy', 'Sociology', 'Religion', 'History', 'Unfinished', 'Islam', 'Classics', 'Social Science']",Arabic,m;unknown;unknown
Evenfall,"Ais , Santino Hassell",4.18,"['M M Romance', 'Dystopia', 'Romance', 'LGBT', 'Science Fiction', 'Dark', 'Fantasy', 'Military Fiction', 'Abuse', 'Crime']",English,unknown;m
"The Absolute Sandman, Volume Two","Neil Gaiman  (Writer), more…",4.69,"['Comics', 'Graphic Novels', 'Fantasy', 'Fiction', 'Horror', 'Graphic Novels Comics', 'Comic Book', 'Mythology', 'Urban Fantasy', 'Science Fiction Fantasy']",English,m;unknown
Daytripper,"Fábio Moon, Gabriel Bá",4.32,"['Graphic Novels', 'Comics', 'Fiction', 'Graphic Novels Comics', 'Fantasy', 'Comic Book', 'Magical Realism', 'Adult', 'Sequential Art', 'Brazil']",English,unknown;m
"Botanical Shakespeare: An Illustrated Compendium of All the Flowers, Fruits, Herbs, Trees, Seeds, and Grasses Cited by the World's Greatest Playwright","Gerit Quealy, Sumie Hasegawa Collins",4.2,"['Nonfiction', 'Gardening', 'Art', '21st Century', 'Nature', 'New Adult', 'Reference', 'Science', 'Poetry', 'Education']",,andy;w
The First Men in the Moon,"H.G. Wells, Steven McLean",3.68,"['Science Fiction', 'Classics', 'Fiction', 'Adventure', 'Fantasy', 'Novels', 'Literature', 'Science Fiction Fantasy', 'Space', 'Steampunk']",English,unknown;m
Percy Jackson & the Olympians: The Ultimate Guide,"Rick Riordan  (Series Creator), Mary-Jane Knight",4.1,"['Fantasy', 'Mythology', 'Young Adult', 'Middle Grade', 'Fiction', 'Greek Mythology', 'Adventure', 'Childrens', 'Urban Fantasy', 'Young Adult Fantasy']",English,m;unknown
Hamilton: The Revolution,"Lin-Manuel Miranda, Jeremy McCarter",4.46,"['Nonfiction', 'History', 'Plays', 'Audiobook', 'Music', 'Historical', 'Theatre', 'Biography', 'Adult', 'Drama']",English,unknown;m
My Lady Jane,"Cynthia Hand , Brodi Ashton , Jodi Meadows",4.06,"['Historical Fiction', 'Fantasy', 'Young Adult', 'Romance', 'Historical', 'Fiction', 'Retellings', 'Humor', 'Audiobook', 'Magic']",English,w;unknown;w
コンビニ人間 [Konbini ningen],"Sayaka Murata, 村田 沙耶香",3.72,"['Fiction', 'Japan', 'Contemporary', 'Japanese Literature', 'Audiobook', 'Literary Fiction', 'Asia', 'Adult', 'Adult Fiction', 'Novels']",Japanese,w;unknown
Frozen Tides,"Morgan Rhodes , Michelle Rowen",4.34,"['Fantasy', 'Young Adult', 'Romance', 'Magic', 'High Fantasy', 'Young Adult Fantasy', 'Adventure', 'Fiction', 'Audiobook', 'Witches']",English,mostly_male;w
com نسيان,"أحلام مستغانمي, Ahlam Mosteghanemi",3.69,"['Novels', 'Romance', 'Fiction', 'Feminism', 'Self Help', 'Literature', 'Algeria', 'Love', 'Unfinished', 'Romantic']",Arabic,unknown;w
The Sandman: Endless Nights,"Neil Gaiman , more…",4.34,"['Graphic Novels', 'Comics', 'Fantasy', 'Fiction', 'Graphic Novels Comics', 'Horror', 'Comic Book', 'Mythology', 'Short Stories', 'Science Fiction Fantasy']",English,m;unknown
Dangerous Girls,"Abigail Haas (Pseudonym), AbMcDonald",4.07,"['Young Adult', 'Mystery', 'Thriller', 'Contemporary', 'Mystery Thriller', 'Fiction', 'Crime', 'Romance', 'Suspense', 'Realistic Fiction']",English,w;unknown
The Tibetan Book of Living and Dying,"Sogyal Rinpoche, Andrew Harvey",4.2,"['Buddhism', 'Spirituality', 'Nonfiction', 'Philosophy', 'Religion', 'Death', 'Self Help', 'Classics', 'Psychology', 'Eastern Philosophy']",English,unknown;m
Freedom at Midnight,"Larry Collins, Dominique Lapierre",4.32,"['History', 'India', 'Nonfiction', 'Politics', 'Historical', 'Pakistan', 'Indian Literature', 'Asia', 'Biography', 'Classics']",English,m;andy
"Zero to One: Notes on Startups, or How to Build the Future","Peter Thiel, Blake Masters",4.17,"['Business', 'Nonfiction', 'Entrepreneurship', 'Economics', 'Self Help', 'Technology', 'Management', 'Leadership', 'Buisness', 'Finance']",English,m;mostly_male
The Legend of Sleepy Hollow (Graphic Novel),"Bo Hampton (Adapter, Illustrator), Washington Irving",3.97,"['Classics', 'Fiction', 'Horror', 'Fantasy', 'Short Stories', 'Literature', 'Mystery', 'Graphic Novels', 'Gothic', 'Paranormal']",English,m;unknown;unknown
Dragons of Winter Night,"Margaret Weis , Tracy Hickman",4.1,"['Fantasy', 'Dragonlance', 'Fiction', 'Dragons', 'High Fantasy', 'Science Fiction Fantasy', 'Epic Fantasy', 'Adventure', 'Young Adult', 'Dungeons and Dragons']",English,w;mostly_female
The Elements of Style,"William Strunk Jr., E.B. White",4.17,"['Writing', 'Nonfiction', 'Reference', 'Language', 'Classics', 'Education', 'Self Help', 'Business', 'School', 'Textbooks']",English,m;unknown
Tales from the Shadowhunter Academy,"Cassandra Clare , Sarah Rees Brennan , Maureen Johnson , Robin Wasserman",4.4,"['Fantasy', 'Young Adult', 'Urban Fantasy', 'Short Stories', 'Paranormal', 'Romance', 'Young Adult Fantasy', 'Fiction', 'Vampires', 'Audiobook']",English,w;w;w;mostly_male
The Broken Wings,"Kahlil Gibran, جبران خليل جبران",3.93,"['Poetry', 'Fiction', 'Novels', 'Classics', 'Literature', 'Philosophy', 'Romance', 'Spirituality', 'Lebanon', 'Drama']",English,unknown;unknown
美少女戦士セーラームーン新装版 1 [Bishōjo Senshi Sailor Moon Shinsōban 1],"Naoko Takeuchi, 武内 直子",4.29,"['Manga', 'Fantasy', 'Graphic Novels', 'Romance', 'Comics', 'Young Adult', 'Fiction', 'Magic', 'Shojo', 'Comics Manga']",Japanese,w;unknown
Demons at Deadnight,"A. Kirk , E. Kirk",4.13,"['Paranormal', 'Young Adult', 'Fantasy', 'Demons', 'Romance', 'Urban Fantasy', 'Magic', 'Paranormal Romance', 'Angels', 'New Adult']",English,unknown;unknown
The Dangerous Days of Daniel X,"James Patterson , Michael Ledwidge, Ned Rust",3.58,"['Young Adult', 'Science Fiction', 'Fantasy', 'Fiction', 'Aliens', 'Adventure', 'Teen', 'Paranormal', 'Action', 'Supernatural']",English,m;m;m
The Dirt: Confessions of the World's Most Notorious Rock Band,"Neil Strauss  (Editor), Vince Neil, Nikki Sixx, Mick Mars, Tommy Lee",4.15,"['Music', 'Nonfiction', 'Biography', 'Memoir', 'Autobiography', 'Biography Memoir', 'Rock N Roll', 'Adult', 'Pop Culture', 'Music Biography']",English,m;m;w;m;m
Animorphs,"K.A. Applegate, Katherine Applegate",4.36,"['Science Fiction', 'Childrens', 'Fiction', 'Young Adult', 'Fantasy', 'Animals', 'Science Fiction Fantasy', 'Middle Grade', 'Aliens', 'Adventure']",English,unknown;w
حديث الصباح والمساء,"Naguib Mahfouz, نجيب محفوظ",4.01,"['Novels', 'Fiction', 'Literature', 'Egypt', 'Classics', 'Media Tie In', '20th Century', 'Africa', 'Egyptian Literature', 'Philosophy']",Arabic,unknown;unknown
This Star Won't Go Out: The Life and Words of Esther Grace Earl,"Esther Earl, Lori Earl, Wayne Earl",4.16,"['Nonfiction', 'Memoir', 'Biography', 'Biography Memoir', 'Autobiography', 'Teen', 'Contemporary', 'Illness', 'Family', 'Death']",English,w;w;m
Mensagem - Poemas Esotéricos,"Fernando Pessoa, more…",4.2,"['Poetry', 'Classics', 'Portuguese Literature', 'Portugal', 'Fiction', 'School', 'Literature', 'Read For School', '20th Century', 'Historical']",Portuguese,m;unknown
واحة الغروب,"Bahaa Taher, بهاء طاهر",3.82,"['Novels', 'Fiction', 'Egypt', 'Historical Fiction', 'Literature', 'Historical', 'Unfinished', 'Africa', 'Drama', 'Egyptian Literature']",Arabic,unknown;unknown
Q,"Luther Blissett, Wu Ming",4.18,"['Historical Fiction', 'Fiction', 'Historical', 'Italian Literature', 'Novels', 'Mystery', 'Italy', 'Literature', 'Historical Romance', 'Religion']",English,m;andy
Twelfth Grade Kills,"Heather Brewer , Z Brewer",4.34,"['Vampires', 'Young Adult', 'Fantasy', 'Paranormal', 'Fiction', 'Supernatural', 'Horror', 'Urban Fantasy', 'Teen', 'Romance']",English,w;unknown
La casa de Bernarda Alba,"Federico García Lorca, Antonio Sobejano-Moran, Paola Bianco",3.82,"['Plays', 'Classics', 'Spanish Literature', 'Drama', 'Theatre', 'Fiction', 'School', 'Spain', 'Literature', 'Read For School']",Spanish,m;m;w
"The Absolute Sandman, Volume Four","Neil Gaiman  (Writer), more…",4.69,"['Comics', 'Graphic Novels', 'Fantasy', 'Fiction', 'Graphic Novels Comics', 'Horror', 'Comic Book', 'Mythology', 'Comix', 'Urban Fantasy']",English,m;unknown
The Freedom Writers Diary,"Erin Gruwell, Zlata Filipović, The Freedom Writers",4.12,"['Nonfiction', 'Teaching', 'Biography', 'Memoir', 'School', 'Education', 'Inspirational', 'Writing', 'Autobiography', 'Biography Memoir']",English,mostly_female;w;mostly_female
Branded,"Abi Ketner , Missy Kalicicki",3.81,"['Dystopia', 'Young Adult', 'Romance', 'New Adult', 'Fantasy', 'Science Fiction', 'Post Apocalyptic', 'Fiction', 'Love', 'Paranormal']",English,unknown;w
زمن الخيول البيضاء,"Ibrahim Nasrallah, إبراهيم نصر الله",4.43,"['Novels', 'Fiction', 'Historical Fiction', 'Literature', 'Unfinished', 'Islam']",Arabic,m;unknown
Bloodlust,"L.J. Smith  (Creator), Kevin Williamson, Julie Plec",4.06,"['Vampires', 'Young Adult', 'Fantasy', 'Paranormal', 'Romance', 'Supernatural', 'Fiction', 'Paranormal Romance', 'Urban Fantasy', 'Horror']",English,unknown;m;w
سمفونی مردگان,"عباس معروفی , Abbas Maroufi",4.16,"['Novels', 'Fiction', 'Iran', 'Literature', 'Roman', 'Drama', 'Literary Fiction', 'Dark', 'Classics', 'Mystery']",Persian,unknown;m
Fables & Reflections,"Neil Gaiman , more…",4.44,"['Graphic Novels', 'Comics', 'Fantasy', 'Fiction', 'Graphic Novels Comics', 'Horror', 'Comic Book', 'Mythology', 'Comix', 'Urban Fantasy']",English,m;unknown
The Long Earth,"Terry Pratchett, Stephen Baxter",3.77,"['Science Fiction', 'Fantasy', 'Fiction', 'Science Fiction Fantasy', 'Audiobook', 'Adventure', 'Speculative Fiction', 'Humor', 'Adult', 'Novels']",English,mostly_male;m
The Dunwich Horror and Others,"H.P. Lovecraft, Robert Bloch",4.2,"['Horror', 'Fiction', 'Short Stories', 'Fantasy', 'Classics', 'Lovecraftian', 'Science Fiction', 'Weird Fiction', 'Gothic', 'American']",English,unknown;m
أرني الله,"توفيق الحكيم, Tawfiq Al-Hakim",3.85,"['Short Stories', 'Fiction', 'Philosophy', 'Novels', 'Literature', 'Religion', 'Egypt', 'Egyptian Literature', 'Audiobook', 'Spirituality']",Arabic,unknown;m
ثرثرة فوق النيل,"Naguib Mahfouz, نجيب محفوظ",3.81,"['Fiction', 'Novels', 'Egypt', 'Literature', 'Philosophy', 'Classics', '20th Century', 'Egyptian Literature', 'Nobel Prize', 'Politics']",Arabic,unknown;unknown
The Best of Myles,"Myles na gCopaleen, Flann O'Brien",4.23,"['Irish Literature', 'Humor', 'Fiction', 'Ireland', 'Journalism', 'Essays', 'Literature', 'Comedy', 'Short Stories', 'Classics']",English,m;unknown
Ninth Grade Slays,"Heather Brewer , Z Brewer",4.14,"['Vampires', 'Young Adult', 'Fantasy', 'Paranormal', 'Fiction', 'Supernatural', 'Urban Fantasy', 'Horror', 'Teen', 'Romance']",English,w;unknown
حياة في الإدارة,"Ghazi A. Algosaibi, غازي عبد الرحمن القصيبي",4.48,"['Biography', 'Nonfiction', 'Business', 'Autobiography', 'Management', 'Politics', 'Unfinished', 'History', 'Audiobook', 'Leadership']",Arabic,m;unknown
كزهر اللوز أو أبعد,"Mahmoud Darwish, محمود درويش",4.08,"['Poetry', 'Literature', 'Classics', 'Anthologies', 'Poetry Plays', 'Fiction', 'Unfinished']",Arabic,m;unknown
The Fish the Fighters and the Song-Girl,"Janet E. Morris , Chris Morris",4.59,"['Fantasy', 'Sword and Sorcery', 'Fiction', 'Historical Fiction', 'Heroic Fantasy']",English,w;mostly_male
Vlad: The Last Confession,"C.C. Humphreys , Chris Humphreys",3.87,"['Historical Fiction', 'Horror', 'Fiction', 'Historical', 'Vampires', 'Fantasy', 'Paranormal', 'Medieval', 'Thriller', 'Romania']",English,unknown;mostly_male
Never Never: Part Two,"Colleen Hoover , Tarryn Fisher",4.05,"['Romance', 'Young Adult', 'Contemporary', 'Mystery', 'New Adult', 'Paranormal', 'Fiction', 'Fantasy', 'Suspense', 'Novella']",English,w;unknown
Relating Revolution: All It Takes Is One Person To Change,"Kris Kelkar , Meenal Kelkar",4.37,['Fiction'],English,mostly_male;w
"Transmetropolitan, Vol. 1: Back on the Street","Warren Ellis, Darick Robertson",4.21,"['Comics', 'Graphic Novels', 'Science Fiction', 'Fiction', 'Cyberpunk', 'Graphic Novels Comics', 'Comic Book', 'Dystopia', 'Comix', 'Humor']",English,m;unknown
Having Our Say: The Delany Sisters' First 100 Years,"Sarah L. Delany, A. Elizabeth Delany, Amy Hill Hearth",4.16,"['Nonfiction', 'Memoir', 'Biography', 'History', 'African American', 'Autobiography', 'Biography Memoir', 'Womens', 'Adult', 'American History']",English,w;unknown;w
أرض البرتقال الحزين,"Ghassan Kanafani, غسان كنفاني",4.02,"['Short Stories', 'Fiction', 'Novels', 'Literature', 'Classics', 'Politics', 'Historical Fiction', '20th Century', 'War']",Arabic,m;unknown
Tenth Grade Bleeds,"Heather Brewer , Z Brewer",4.24,"['Vampires', 'Young Adult', 'Fantasy', 'Paranormal', 'Supernatural', 'Fiction', 'Urban Fantasy', 'Horror', 'Teen', 'Romance']",English,w;unknown
رجال في الشمس,"غسان كنفاني, Ghassan Kanafani",4.17,"['Novels', 'Fiction', 'Short Stories', 'Literature', 'Classics', 'Politics', 'Historical Fiction', '20th Century', 'School', 'College']",Arabic,unknown;m
Open,"Andre Agassi, J.R. Moehringer",4.25,"['Biography', 'Nonfiction', 'Sports', 'Memoir', 'Autobiography', 'Biography Memoir', 'Audiobook', 'Adult', 'Book Club', 'American']",English,m;unknown
"Soul Surfer: A True Story of Faith, Family, and Fighting to Get Back on the Board","Bethany Hamilton, Sheryl Berk, Rick Bundschuh",4.08,"['Nonfiction', 'Biography', 'Christian', 'Memoir', 'Sports', 'Autobiography', 'Audiobook', 'Biography Memoir', 'Inspirational', 'Faith']",English,w;w;m
نادي السيارات,"Alaa Al Aswany, علاء الأسواني",3.45,"['Fiction', 'Novels', 'Historical Fiction', 'Egypt', 'Africa', 'Literature', 'Egyptian Literature', 'Historical', 'African Literature', 'Romance']",Arabic,mostly_male;unknown
Manufacturing Consent: The Political Economy of the Mass Media,"Edward S. Herman, Noam Chomsky",4.25,"['Politics', 'Nonfiction', 'History', 'Philosophy', 'Sociology', 'Economics', 'Journalism', 'Political Science', 'Society', 'Psychology']",English,m;mostly_male
The Yacoubian Building,"Alaa Al Aswany, علاء الأسواني",3.68,"['Fiction', 'Egypt', 'Novels', 'Africa', 'Literature', 'Contemporary', 'Historical Fiction', 'Book Club', 'Literary Fiction', 'Egyptian Literature']",English,mostly_male;unknown
تصوف: منقذو الآلهة,"Nikos Kazantzakis, نيكوس كازانتزاكيس",4.04,"['Philosophy', 'Nonfiction', 'Classics', 'Literature', 'Spirituality', 'Religion', 'Greece', 'Essays', 'Psychology', 'History']",Arabic,m;unknown
The Sacred Band,"Janet E. Morris , Chris Morris",4.49,"['Fantasy', 'Historical Fiction', 'Fiction', 'Historical Fantasy', 'Heroic Fantasy', 'Dark Fantasy', 'Sword and Sorcery', 'Adventure', 'Science Fiction Fantasy', 'Audiobook']",English,w;mostly_male
Rama Revealed,"Arthur C. Clarke, Gentry Lee",3.75,"['Science Fiction', 'Fiction', 'Science Fiction Fantasy', 'Aliens', 'Novels', 'Fantasy', 'Space', 'Audiobook', 'Space Opera', 'Speculative Fiction']",English,m;unknown
Hymns of The Church of Jesus Christ of Latter-day Saints,"The Church of Jesus Christ of Latter-day Saints, Parley P. Pratt, Emma Smith",4.66,"['Religion', 'Lds', 'Music', 'Church', 'Nonfiction', 'Inspirational', 'Spirituality', 'Reference', 'Mormonism', 'Poetry']",English,mostly_female;unknown;w
Tempting the Best Man,"J. Lynn, Jennifer L. Armentrout",3.71,"['Romance', 'Contemporary', 'Contemporary Romance', 'Adult', 'New Adult', 'Chick Lit', 'Erotica', 'Humor', 'Fiction', 'Adult Fiction']",English,unknown;w
Time of the Twins,"Margaret Weis , Tracy Hickman",4.16,"['Fantasy', 'Dragonlance', 'Fiction', 'Science Fiction Fantasy', 'Epic Fantasy', 'High Fantasy', 'Dragons', 'Dungeons and Dragons', 'Adventure', 'Magic']",English,w;mostly_female
A Course in Miracles,"Foundation for Inner Peace (Editor), Helen Schucman",4.17,"['Spirituality', 'Nonfiction', 'Self Help', 'Religion', 'Philosophy', 'Personal Development', 'Psychology', 'New Age', 'Inspirational', 'Metaphysics']",English,unknown;w
The Diary of a Nobody,"George Grossmith, Weedon Grossmith",3.71,"['Classics', 'Fiction', 'Humor', '19th Century', 'British Literature', 'Comedy', 'Victorian', 'Literature', 'Novels', 'Historical Fiction']",English,m;unknown
The Day Lasts More Than a Hundred Years,"Chingiz Aitmatov, Чингиз Айтматов",4.34,"['Fiction', 'Russia', 'Russian Literature', 'Science Fiction', 'Classics', 'Literature', 'Historical Fiction', 'Asia', 'Kazakhstan', 'Novels']",English,m;unknown
Лавина,"Blaga Dimitrova, Блага Димитрова",4.45,"['Bulgarian Literature', 'Fiction', 'Unfinished', '20th Century', 'Contemporary', 'Classics', 'Bulgaria']",Bulgarian,w;unknown
Rebel Spring,"Morgan Rhodes , Michelle Rowen",4.1,"['Fantasy', 'Young Adult', 'Magic', 'Romance', 'High Fantasy', 'Young Adult Fantasy', 'Adventure', 'Fiction', 'Audiobook', 'Witches']",English,mostly_male;w
I Wrote This For You,"pleasefindthis , Iain S. Thomas",4.11,"['Poetry', 'Romance', 'Fiction', 'Contemporary', 'Young Adult', 'Short Stories', 'Love', 'Photography', 'Adult', 'Art']",English,unknown;m
Life on the Other Side: A Psychic's Tour of the Afterlife,"Sylvia Browne, Lindsay Harrison",4.04,"['Spirituality', 'Nonfiction', 'Paranormal', 'Religion', 'New Age', 'Inspirational', 'Self Help', 'Metaphysics', 'Reference', 'Audiobook']",English,w;mostly_female
"Hard Up, Ardon #1","J.G. Perrin , Jimmy Perrin",3.98,[],English,unknown;m
الهويات القاتلة,"Amin Maalouf , أمين معلوف",3.9,"['Nonfiction', 'Philosophy', 'Sociology', 'Politics', 'France', 'Psychology', 'Religion', 'History', 'Essays', 'Lebanon']",Arabic,m;unknown
الساعة الخامسة والعشرون,"Constantin Virgil Gheorghiu, قسطنطين جيورجيو",4.47,"['Novels', 'Fiction', 'Romanian Literature', 'Classics', 'Literature', 'Politics', 'Historical Fiction', 'Romania', 'Dystopia', 'War']",Arabic,m;unknown
Interesting Times: The Play,"Stephen Briggs (Adaptor), Terry Pratchett",4.17,"['Fantasy', 'Humor', 'Fiction', 'Comedy', 'Science Fiction Fantasy', 'Science Fiction', 'Comic Fantasy', 'Magic', 'Speculative Fiction', 'High Fantasy']",English,m;mostly_male
Euclid's Elements,"Euclid, Dana Densmore",4.31,"['Mathematics', 'Science', 'Classics', 'Philosophy', 'Nonfiction', 'History', 'Reference', 'Geometry', 'Textbooks', 'Education']",English,unknown;w
Fallen Crest Public,"Tijan , Sophie Madsen",4.45,"['Romance', 'New Adult', 'High School', 'Young Adult', 'Contemporary', 'Contemporary Romance', 'Sports', 'Abuse', 'Drama', 'Young Adult Romance']",English,unknown;w
The Doctrine and Covenants of the Church of Jesus Christ of Latter-Day Saints,"The Church of Jesus Christ of Latter-day Saints, Joseph Smith Jr.",4.53,"['Religion', 'Lds', 'Nonfiction', 'Church', 'Spirituality', 'Scripture', 'History', 'Mormonism', 'Inspirational', 'Lds Non Fiction']",English,mostly_female;m
قمر على سمرقند,"محمد المنسي قنديل , Mohamed Mansi Qandil",3.89,"['Novels', 'Fiction', 'Literature', 'Egypt', 'Historical Fiction', 'Unfinished', 'Contemporary', 'Egyptian Literature', 'Asia', 'Audiobook']",Arabic,unknown;m
الجواب الكافي لمن سأل عن الدواء الشافي,"Ibn Qayyim al-Jawziyya, ابن قيم الجوزية, صالح أحمد الشامي",4.5,"['Religion', 'Islam', 'Nonfiction', 'Philosophy', 'Spirituality']",Arabic,unknown;unknown;unknown
Catechism of the Catholic Church,"Pope John Paul II, The Catholic Church, United States Conference of Catholic Bishops",4.43,"['Religion', 'Catholic', 'Theology', 'Reference', 'Nonfiction', 'Christianity', 'Christian', 'Faith', 'Spirituality', 'Philosophy']",English,unknown;mostly_female;unknown
Beauty's Punishment,"A.N. Roquelaure (pseudonym), Anne Rice",3.62,"['Erotica', 'Fiction', 'Fantasy', 'Romance', 'BDSM', 'Adult', 'Fairy Tales', 'Adult Fiction', 'Sexuality', 'Erotic Romance']",English,unknown;w
Fairy Tales from the Brothers Grimm: A New English Version,"Philip Pullman (Editor), Jacob Grimm, Wilhelm Grimm",4.08,"['Fantasy', 'Fiction', 'Classics', 'Short Stories', 'Fairy Tales', 'Childrens', 'Retellings', 'Adult', 'Mythology', 'Anthologies']",English,m;m;m
أيها الولد,"أبو حامد الغزالي, Abu Hamid al-Ghazali",4.33,"['Islam', 'Religion', 'Nonfiction', 'Literature', 'Philosophy', 'Spirituality', 'Self Help', 'Psychology', 'Science', 'History']",Arabic,unknown;m
War of the Twins,"Margaret Weis , Tracy Hickman",4.14,"['Fantasy', 'Dragonlance', 'Fiction', 'Science Fiction Fantasy', 'High Fantasy', 'Epic Fantasy', 'Dragons', 'Dungeons and Dragons', 'Adventure', 'Magic']",English,w;mostly_female
The Muqaddimah: An Introduction to History,"Ibn Khaldun, Danyal Nicholson",4.29,"['History', 'Nonfiction', 'Philosophy', 'Sociology', 'Islam', 'Classics', 'Religion', 'Politics', 'World History', 'Historical']",English,unknown;unknown
عودة الروح,"Tawfiq Al-Hakim, توفيق الحكيم",3.9,"['Novels', 'Fiction', 'Literature', 'Classics', 'Egypt', 'Historical Fiction', 'Egyptian Literature', '20th Century', 'Social', 'Romance']",Arabic,m;unknown
Test of the Twins,"Margaret Weis , Tracy Hickman",4.18,"['Fantasy', 'Dragonlance', 'Fiction', 'Science Fiction Fantasy', 'High Fantasy', 'Epic Fantasy', 'Dragons', 'Dungeons and Dragons', 'Adventure', 'Magic']",English,w;mostly_female
On the Prowl,"Patricia Briggs, Eileen Wilks , Karen Chance , Sunny",4.06,"['Urban Fantasy', 'Fantasy', 'Paranormal', 'Romance', 'Paranormal Romance', 'Anthologies', 'Werewolves', 'Shapeshifters', 'Short Stories', 'Fiction']",English,w;w;w;m
Demigods and Monsters: Your Favorite Authors on Rick Riordan's Percy Jackson and the Olympians Series,"Rick Riordan  (Contributor), Leah Wilson , more…",3.87,"['Fantasy', 'Mythology', 'Young Adult', 'Middle Grade', 'Greek Mythology', 'Fiction', 'Anthologies', 'Adventure', 'Short Stories', 'Childrens']",English,m;w;unknown
Dragon's Oath,"P.C. Cast , Kristin Cast",4.07,"['Vampires', 'Young Adult', 'Fantasy', 'Paranormal', 'Romance', 'Fiction', 'Supernatural', 'Magic', 'Paranormal Romance', 'Novella']",English,unknown;w
Ένα παιδί μετράει τ' άστρα,"Menelaos Lountemis, Mενέλαος Λουντέμης",4.28,"['Classics', 'Literature', 'Fiction', 'Greece', 'Novels', 'Childrens', 'Young Adult']","Greek, Modern (1453-)",m;unknown
"Fables, Vol. 1: Legends in Exile","Bill Willingham  (Writer), Mark Buckingham, more…",3.97,"['Graphic Novels', 'Comics', 'Fantasy', 'Fiction', 'Graphic Novels Comics', 'Fairy Tales', 'Comic Book', 'Mystery', 'Urban Fantasy', 'Fables']",English,m;m;unknown
Под игото,"Ivan Vazov, Иван Вазов",4.2,"['Bulgarian Literature', 'Classics', 'Fiction', 'Bulgaria', 'Historical Fiction', 'School', 'Historical', 'Literature', '19th Century', 'Novels']",Bulgarian,m;unknown
Обитаемый остров,"Arkady Strugatsky, Boris Strugatsky, Аркадий Стругацкий, Борис Стругацкий",4.27,"['Science Fiction', 'Russia', 'Fiction', 'Dystopia', 'Russian Literature', 'Fantasy', 'Classics', 'Science Fiction Fantasy', 'Novels', 'Adventure']",Russian,m;m;unknown;unknown
Belgarath the Sorcerer,"David Eddings, Leigh Eddings",4.07,"['Fantasy', 'Fiction', 'Epic Fantasy', 'Science Fiction Fantasy', 'High Fantasy', 'Magic', 'Young Adult', 'Adventure', 'Epic', 'Adult']",English,m;mostly_female
Danzig Passage,"Bodie Thoene , Brock Thoene",4.41,"['Historical Fiction', 'Christian Fiction', 'Fiction', 'Christian', 'Historical', 'World War II', 'Romance', 'Holocaust', 'Adult Fiction', 'Religion']",English,unknown;m
Fight Club 2,"Chuck Palahniuk , Cameron Stewart",3.06,"['Graphic Novels', 'Comics', 'Fiction', 'Graphic Novels Comics', 'Comic Book', 'Thriller', 'Crime', 'Fantasy', 'Humor', 'Adult']",English,m;mostly_male
I Am America (And So Can You!),"Stephen Colbert (Contributor/Editor), more…",3.91,"['Nonfiction', 'Humor', 'Comedy', 'Politics', 'Audiobook', 'Biography', 'Essays', 'American', 'Adult', 'Pop Culture']",English,m;unknown
Sidney Sheldon's Mistress of the Game,"Tilly Bagshawe, Sidney Sheldon",3.77,"['Fiction', 'Mystery', 'Thriller', 'Suspense', 'Romance', 'Drama', 'Mystery Thriller', 'Crime', 'Contemporary', 'Own']",English,w;mostly_male
Caligula,"Albert Camus, Pierre-Louis Rey",4.08,"['Plays', 'Classics', 'Philosophy', 'Drama', 'France', 'Fiction', 'French Literature', 'Theatre', 'Literature', '20th Century']",French,m;unknown
The Interludes,"Ais , Santino Hassell",4.48,"['M M Romance', 'Dystopia', 'Romance', 'Dark', 'Science Fiction', 'LGBT', 'Military Fiction', 'Action', 'Adult', 'Abuse']",English,unknown;m
Vienna Prelude,"Bodie Thoene , Brock Thoene",4.31,"['Historical Fiction', 'Christian Fiction', 'Fiction', 'Christian', 'Historical', 'World War II', 'Romance', 'Holocaust', 'Adult Fiction', 'War']",English,unknown;m
Manchild in the Promised Land,"Claude Brown, Claude Brown",4.35,"['Nonfiction', 'Memoir', 'Biography', 'African American', 'Autobiography', 'Classics', 'Race', 'History', 'New York', 'Biography Memoir']",English,mostly_male;mostly_male
"Holy Blood, Holy Grail","Michael Baigent, Richard Leigh, Henry Lincoln",3.5,"['Nonfiction', 'History', 'Religion', 'Mystery', 'Conspiracy Theories', 'Historical', 'Christianity', 'Occult', 'Mythology', 'Reference']",English,m;m;m
"Marching Powder: A True Story of Friendship, Cocaine, and South America's Strangest Jail","Rusty Young , Thomas McFadden",4.27,"['Nonfiction', 'Travel', 'Biography', 'Crime', 'Memoir', 'True Crime', 'Bolivia', 'Book Club', 'Biography Memoir', 'History']",English,andy;m
The Craving,"L.J. Smith  (Creator), Julie Plec",4.0,"['Vampires', 'Fantasy', 'Young Adult', 'Paranormal', 'Romance', 'Supernatural', 'Fiction', 'Paranormal Romance', 'Urban Fantasy', 'Horror']",English,unknown;w
The Pursuit of Holiness,"Jerry Bridges, Foster W. Cline, Jim Fay",4.32,"['Christian', 'Christian Living', 'Theology', 'Nonfiction', 'Christianity', 'Faith', 'Spirituality', 'Religion', 'Christian Non Fiction', 'Discipleship']",English,m;m;m
Eleventh Grade Burns,"Heather Brewer , Z Brewer",4.3,"['Vampires', 'Young Adult', 'Fantasy', 'Paranormal', 'Fiction', 'Supernatural', 'Urban Fantasy', 'Horror', 'Teen', 'Romance']",English,w;unknown
مدن الملح,"Abdul Rahman Munif, عبد الرحمن منيف",4.31,"['Novels', 'Fiction', 'Literature', 'Historical Fiction']",Arabic,m;unknown
Black Elk Speaks: Being the Life Story of a Holy Man of the Oglala Sioux,"Black Elk, John G. Neihardt",4.1,"['History', 'Nonfiction', 'Biography', 'Religion', 'Memoir', 'Spirituality', 'Philosophy', 'Biography Memoir', 'Anthropology', 'Native Americans']",English,unknown;m
رأيت رام الله,"مريد البرغوثي, Mourid Barghouti",4.16,"['Nonfiction', 'Biography', 'Memoir', 'Politics', 'Literature', 'History', 'Autobiography', 'Poetry', 'Unfinished', 'Travel']",Arabic,unknown;unknown
Derby Days: Local Football Rivalries and Feuds,"Dougie Brimson , Eddy Brimson",3.55,['Football'],English,unknown;m
Rumors,"Anna Godbersen, Анна Годберзен",3.85,"['Historical Fiction', 'Young Adult', 'Romance', 'Historical', 'Fiction', 'Chick Lit', 'Teen', 'Historical Romance', 'Drama', '19th Century']",English,w;unknown
Getting to Yes: Negotiating Agreement Without Giving In,"Roger Fisher, William Ury, Bruce Patton",3.94,"['Business', 'Nonfiction', 'Psychology', 'Self Help', 'Leadership', 'Communication', 'Management', 'Personal Development', 'Law', 'Buisness']",English,m;m;m
Captivating: Unveiling the Mystery of a Woman's Soul,"John Eldredge, Stasi Eldredge",3.91,"['Christian', 'Nonfiction', 'Faith', 'Christianity', 'Spirituality', 'Christian Living', 'Christian Non Fiction', 'Religion', 'Self Help', 'Relationships']",English,m;unknown
The Cross and the Switchblade,"David Wilkerson, John Sherrill, Elizabeth Sherrill",4.24,"['Christian', 'Biography', 'Nonfiction', 'Religion', 'Christianity', 'Memoir', 'Faith', 'Christian Non Fiction', 'Biography Memoir', 'Autobiography']",English,m;m;w
Worlds' End,"Neil Gaiman , more…",4.47,"['Graphic Novels', 'Comics', 'Fantasy', 'Fiction', 'Graphic Novels Comics', 'Horror', 'Comic Book', 'Mythology', 'Urban Fantasy', 'Science Fiction Fantasy']",English,m;unknown
Burning Chrome,"William Gibson, more…",4.06,"['Science Fiction', 'Cyberpunk', 'Fiction', 'Short Stories', 'Science Fiction Fantasy', 'Fantasy', 'Speculative Fiction', 'Dystopia', 'American', 'Anthologies']",English,m;unknown
The Girl with Seven Names: A North Korean Defector’s Story,"Hyeonseo Lee , David John",4.41,"['Nonfiction', 'Memoir', 'Biography', 'Asia', 'Biography Memoir', 'History', 'Autobiography', 'Politics', 'Audiobook', 'Book Club']",English,unknown;m
"Mistaken Identity: Two Families, One Survivor, Unwavering Hope","Don Van Ryn, Susie Van Ryn, Newell Cerak, Colleen Cerak, Whitney Cerak",4.05,"['Nonfiction', 'Biography', 'Christian', 'Memoir', 'Adult', 'Inspirational', 'Faith', 'Biography Memoir', 'Autobiography', 'Religion']",English,m;w;m;w;mostly_male
America (The Book): A Citizen's Guide to Democracy Inaction,"Jon Stewart, Ben Karlin, David Javerbaum, Rich Bloomquist, Steve Bodow, Tim Carvell, Eric Drysdale, J.R. Havlan, more…",4.01,"['Humor', 'Nonfiction', 'Politics', 'Comedy', 'History', 'Audiobook', 'American History', 'Adult', 'American', 'Pop Culture']",English,m;m;m;mostly_male;m;m;m;unknown;unknown
The Joy of Cooking,"Irma S. Rombauer, Marion Rombauer Becker, Ethan Becker",4.13,"['Cookbooks', 'Cooking', 'Food', 'Nonfiction', 'Reference', 'Classics', 'Culinary', 'Food and Drink', 'Foodie', 'Health']",English,w;w;m
Prague Counterpoint,"Bodie Thoene , Brock Thoene",4.41,"['Historical Fiction', 'Christian Fiction', 'Fiction', 'Christian', 'Historical', 'World War II', 'Romance', 'Holocaust', 'Adult Fiction', 'War']",English,unknown;m
Primary Colors: A Novel of Politics,"Anonymous, Joe Klein",3.61,"['Fiction', 'Politics', 'Historical Fiction', 'Contemporary', 'Novels', 'Humor', 'American', 'Literature', 'Presidents', 'Political Science']",English,unknown;m
Seducing the Myth,"Lucy Felthouse  (Editor), more…",4.0,"['Fantasy', 'Erotica', 'Romance', 'Anthologies', 'Paranormal', 'Supernatural', 'Mythology']",English,w;unknown
Bound Anthology,"J.M. Walker , Alexis Noelle , Dawn Robertson , C.T. Phillips, Sarah Robinson , Onne Andrews , Alyson Raynes",4.33,[],English,unknown;m;w;unknown;w;m;w
Tales of the Astonishing Black Spark,"Charlie J. Eskew , Charles J. Eskew",3.97,"['Science Fiction', 'Contemporary', 'Fiction', 'Superheroes', 'Fantasy', 'Speculative Fiction']",English,mostly_male;m
The Other Side,"Faraaz Kazi , Vivek Banerjee",3.57,"['Horror', 'Paranormal', 'Short Stories', 'Thriller', 'Fiction', 'Fantasy', 'Indian Literature']",English,unknown;m
The Sandman: Book of Dreams,"Neil Gaiman  (Editor), Colin Greenland , John M. Ford, Lisa Goldstein, Brenda W. Clough , Barbara Hambly , Will Shetterly , more…",4.29,"['Fantasy', 'Graphic Novels', 'Short Stories', 'Fiction', 'Comics', 'Anthologies', 'Horror', 'Science Fiction Fantasy', 'Graphic Novels Comics', 'Science Fiction']",English,m;m;m;w;w;w;mostly_male;unknown
Three Cups of Tea,"Sarah L. Thomson (Adapter), Greg Mortenson , David Oliver Relin",3.64,"['Nonfiction', 'Memoir', 'Biography', 'Education', 'School', 'Inspirational', 'Book Club', 'Autobiography', 'Travel', 'Middle Grade']",English,w;m;m
Dangerous Visions,"Harlan Ellison (Editor, Contributor), more…",4.19,"['Science Fiction', 'Short Stories', 'Fiction', 'Anthologies', 'Fantasy', 'Speculative Fiction', 'Horror', 'Classics', 'Science Fiction Fantasy', 'Collections']",English,m;unknown;unknown
Vita Nostra,"Marina Dyachenko, Sergey Dyachenko, Марина Дяченко, Сергей Дяченко",4.1,"['Fantasy', 'Fiction', 'Science Fiction', 'Adult', 'Russia', 'Magical Realism', 'Urban Fantasy', 'Science Fiction Fantasy', 'Magic', 'Speculative Fiction']",Russian,w;m;unknown;unknown
الكاتب وواقعه,"Mario Vargas Llosa, ماريو بارغاس يوسا",4.01,"['Nonfiction', 'Writing', 'Latin American', 'Spanish Literature', 'Nobel Prize', 'Literary Fiction', 'Criticism']",Arabic,m;unknown
Zombies Vs. Unicorns,"Holly Black  (Editor), Alaya Dawn Johnson , Maureen Johnson , Carrie Ryan , more…",3.72,"['Fantasy', 'Short Stories', 'Young Adult', 'Zombies', 'Anthologies', 'Horror', 'Fiction', 'Paranormal', 'Unicorns', 'Humor']",English,w;unknown;w;w;unknown
عصر العلم,"أحمد زويل, Ahmed H. Zewail",3.78,"['Biography', 'Science', 'Nonfiction', 'Autobiography', 'Memoir', 'Audiobook', 'Physics', 'History', 'Egypt', 'Unfinished']",Arabic,unknown;m
Please Kill Me: The Uncensored Oral History of Punk,"Legs McNeil, Gillian McCain",4.16,"['Music', 'Nonfiction', 'History', 'Punk', 'Biography', 'Pop Culture', 'Oral History', 'Art', 'Memoir', 'Cultural']",English,unknown;w
Run Baby Run,"Nicky Cruz, Jamie Buckingham",4.24,"['Christian', 'Biography', 'Nonfiction', 'Memoir', 'Religion', 'Autobiography', 'Christianity', 'Christian Non Fiction', 'Biography Memoir', 'Faith']",English,m;mostly_female
السراب,"Naguib Mahfouz, نجيب محفوظ",3.97,"['Novels', 'Literature', 'Fiction', 'Egypt', 'Classics', 'Psychology']",Arabic,unknown;unknown
Drop Dead Demons,"A. Kirk , E. Kirk",4.28,"['Paranormal', 'Young Adult', 'Fantasy', 'Demons', 'Romance', 'Urban Fantasy', 'Magic', 'Paranormal Romance', 'Humor', 'Supernatural']",English,unknown;unknown
The Incal,"Alejandro Jodorowsky, Mœbius",4.19,"['Comics', 'Graphic Novels', 'Science Fiction', 'Fiction', 'Fantasy', 'Graphic Novels Comics', 'Comic Book', 'Bande Dessinée', 'Comix', 'Art']",English,m;unknown
Zeroes,"Scott Westerfeld , Margo Lanagan , Deborah Biancotti",3.76,"['Young Adult', 'Fantasy', 'Science Fiction', 'Fiction', 'Superheroes', 'Urban Fantasy', 'Adventure', 'Paranormal', 'Teen', 'Contemporary']",English,m;w;w
Awakening Inner Guru,"Banani Ray , Amit Ray",4.78,"['Spirituality', 'Inspirational', 'Self Help', 'Nonfiction']",English,unknown;m
Born in Death,"J.D. Robb , Nora Roberts",4.36,"['Mystery', 'Romance', 'Crime', 'Fiction', 'Romantic Suspense', 'Futuristic', 'Suspense', 'Science Fiction', 'Mystery Thriller', 'Thriller']",English,unknown;w
Beyond the Deepwoods,"Paul Stewart , Chris Riddell",4.06,"['Fantasy', 'Young Adult', 'Fiction', 'Childrens', 'Middle Grade', 'Adventure', 'Steampunk', 'High Fantasy', 'Juvenile', 'Novels']",English,m;mostly_male
Vespers Rising,"Rick Riordan , Gordon Korman, Peter Lerangis, Jude Watson",4.12,"['Mystery', 'Adventure', 'Young Adult', 'Fiction', 'Middle Grade', 'Childrens', 'Fantasy', 'Audiobook', 'Juvenile', 'Historical Fiction']",English,m;m;m;mostly_male
الشيطان يعظ,"Naguib Mahfouz, نجيب محفوظ",3.91,"['Short Stories', 'Fiction', 'Novels', 'Literature', 'Anthologies', 'Media Tie In']",Arabic,unknown;unknown
Desert Flower,"Waris Dirie, Cathleen Miller",4.15,"['Nonfiction', 'Biography', 'Africa', 'Memoir', 'Feminism', 'Autobiography', 'Somalia', 'Biography Memoir', 'Womens', 'Contemporary']",English,unknown;w
"Ender's Game, Volume 1: Battle School","Christopher Yost, Orson Scott Card, Pasqual Ferry, Frank D'Armata",4.4,"['Science Fiction', 'Graphic Novels', 'Fiction', 'Comics', 'Young Adult', 'Fantasy', 'Dystopia', 'Science Fiction Fantasy', 'Adventure', 'Space']",English,m;m;m;m
"The Complete Works of William Shakespeare (37 plays, 160 sonnets and 5 Poetry Books With Active Table of Contents)","William Shakespeare, Fb Publishing",4.52,"['Classics', 'Poetry', 'Fiction', 'Literature', 'Plays', 'Amazon', 'Collections', 'Historical', 'Short Stories', 'Historical Fiction']",English,m;unknown
The Claiming of Sleeping Beauty,"A.N. Roquelaure, Anne Rice",3.27,"['Erotica', 'Fantasy', 'Fiction', 'Romance', 'BDSM', 'Adult', 'Fairy Tales', 'Adult Fiction', 'Dark', 'Retellings']",English,unknown;w
A Beautiful Lie,"T.E. Sivec, Tara Sivec",4.04,"['Romance', 'New Adult', 'Contemporary Romance', 'Contemporary', 'Romantic Suspense', 'Military Fiction', 'Suspense', 'Adult', 'Mystery', 'Erotica']",English,unknown;w
الفوائد,"Ibn Qayyim al-Jawziyya, ابن قيم الجوزية",4.5,"['Religion', 'Islam', 'Nonfiction', 'Audiobook']",Arabic,unknown;unknown
Polgara the Sorceress,"David Eddings, Leigh Eddings",4.1,"['Fantasy', 'Fiction', 'Epic Fantasy', 'Science Fiction Fantasy', 'High Fantasy', 'Magic', 'Young Adult', 'Adventure', 'Adult', 'Science Fiction']",English,m;mostly_female
The Night of Wishes,"Michael Ende, Heike Schwarzbauer, Rick Takvorian",4.12,"['Fantasy', 'Childrens', 'German Literature', 'Fiction', 'Classics', 'Young Adult', 'Middle Grade', 'Audiobook', 'Magic', 'Humor']",English,m;w;m
بيت من لحم,"Yusuf Idris, يوسف إدريس",3.9,"['Short Stories', 'Novels', 'Fiction', 'Literature']",Arabic,m;unknown
House of Secrets,"Chris Columbus, Ned Vizzini",3.81,"['Fantasy', 'Middle Grade', 'Adventure', 'Young Adult', 'Fiction', 'Childrens', 'Mystery', 'Magic', 'Juvenile', 'Young Adult Fantasy']",English,mostly_male;m
Procession of the Dead,"D.B. Shan, Darren Shan",3.93,"['Fantasy', 'Horror', 'Fiction', 'Mystery', 'Urban Fantasy', 'Paranormal', 'Thriller', 'Crime', 'Adult', 'Science Fiction']",English,unknown;m
La vida de Lazarillo de Tormes,"Anonymous, Diego Hurtado de Mendoza",3.53,"['Classics', 'Spanish Literature', 'Fiction', 'School', 'Spain', 'Literature', 'Novels', '16th Century', 'Read For School', 'Historical Fiction']",Spanish,unknown;m
خان الخليلي,"Naguib Mahfouz, نجيب محفوظ",3.91,"['Novels', 'Fiction', 'Literature', 'Egypt', 'Classics', 'Historical Fiction', 'Egyptian Literature', 'Roman', 'Historical']",Arabic,unknown;unknown
Ô Jérusalem,"Larry Collins, Dominique Lapierre",4.31,"['History', 'Nonfiction', 'Israel', 'Jewish', 'War', 'Historical', 'Politics', 'Judaism', 'Religion', 'Roman']",French,m;andy
"Maximum Ride, Vol. 3","NaRae Lee (adapter/Illustrator), James Patterson",4.37,"['Manga', 'Graphic Novels', 'Young Adult', 'Fantasy', 'Science Fiction', 'Comics', 'Adventure', 'Romance', 'Fiction', 'Action']",English,unknown;m
Courageous,"Randy Alcorn , Alex Kendrick, Stephen Kendrick",4.55,"['Christian Fiction', 'Christian', 'Fiction', 'Inspirational', 'Contemporary', 'Faith', 'Christianity', 'Spirituality', 'Religion', 'Family']",,mostly_male;m;m
Absent in the Spring,"Mary Westmacott (Pseudonym), Agatha Christie",4.15,"['Fiction', 'Mystery', 'Romance', 'Classics', 'Drama', 'Crime', 'British Literature', 'Historical Fiction', '20th Century', 'Audiobook']",English,mostly_female;w
My Feudal Lord,"Tehmina Durrani, William Hoffer, Marilyn Hoffer",3.66,"['Nonfiction', 'Pakistan', 'Biography', 'Autobiography', 'Memoir', 'Biography Memoir', 'Politics', 'Asia', 'Womens', 'History']",English,unknown;m;w
Jack: Straight from the Gut,"Jack Welch, John A. Byrne, Mike Barnicle",3.82,"['Business', 'Biography', 'Nonfiction', 'Leadership', 'Management', 'Autobiography', 'Memoir', 'Finance', 'Buisness', 'Self Help']",English,m;m;m
The Federalist Papers,"Alexander Hamilton, James Madison, John Jay, Philo-Publius",4.08,"['History', 'Politics', 'Nonfiction', 'Classics', 'Philosophy', 'American History', 'Political Science', 'Law', 'Historical', 'Reference']",English,m;m;m;unknown
معالم في الطريق,"Sayed Qutb, سيد قطب",3.94,"['Islam', 'Religion', 'Nonfiction', 'Philosophy', 'Politics', 'Terrorism', 'History', 'Islamism', 'Spirituality', 'Sociology']",Arabic,m;unknown
1066 and All That: A Memorable History of England,"W.C. Sellar, R.J. Yeatman",3.98,"['History', 'Humor', 'Nonfiction', 'Comedy', 'British Literature', 'Classics', 'Historical', 'Medieval', '20th Century', 'European History']",English,unknown;unknown
Winnetou I: Kepala Suku Apache,"Karl May, more…",4.16,"['Fiction', 'Classics', 'Adventure', 'Westerns', 'German Literature', 'Novels', 'Historical Fiction', 'Historical', 'Childrens', 'Indonesian Literature']",Indonesian,m;unknown
Serenad,"O.Z. Livaneli, Zülfü Livaneli",4.39,"['Turkish Literature', 'Fiction', 'Turkish', 'Historical Fiction', 'Roman', 'Novels', 'Literature', 'World War II', 'Contemporary', 'Romance']",Turkish,unknown;m
Doon,"Carey Corp , Lorie Langdon",3.9,"['Fantasy', 'Young Adult', 'Romance', 'Time Travel', 'Magic', 'Historical Fiction', 'Young Adult Fantasy', 'Fiction', 'Teen', 'Scotland']",English,andy;w
This Is How You Lose the Time War,"Amal El-Mohtar , Max Gladstone",3.96,"['Science Fiction', 'Fiction', 'Romance', 'LGBT', 'Time Travel', 'Fantasy', 'Adult', 'Queer', 'Novella', 'Science Fiction Fantasy']",English,mostly_female;m
تاكسي: حواديت المشاوير,"Khaled Al Khamissi, خالد الخميسي",3.67,"['Nonfiction', 'Short Stories', 'Egypt', 'Literature', 'Politics', 'Social', 'Sociology', 'Africa', 'English Literature', 'Humor']",Arabic,m;unknown
The Adventures of Ook and Gluk: Kung Fu Cavemen from the Future,"Dav Pilkey, George Beard, Harold Hutchins",4.21,"['Graphic Novels', 'Humor', 'Childrens', 'Fiction', 'Comics', 'Fantasy', 'Adventure', 'Chapter Books', 'Science Fiction', 'Time Travel']",English,unknown;m;m
Gathering Darkness,"Morgan Rhodes , Michelle Rowen",4.26,"['Fantasy', 'Young Adult', 'Romance', 'Magic', 'High Fantasy', 'Young Adult Fantasy', 'Adventure', 'Fiction', 'Audiobook', 'Witches']",English,mostly_male;w
Take This Regret,"Amy Lichtenhan , A.L. Jackson",4.04,"['Romance', 'Contemporary Romance', 'New Adult', 'Contemporary', 'Adult', 'Chick Lit', 'Drama', 'Young Adult', 'College', 'Fiction']",English,w;unknown
Frigid,"J. Lynn, Jennifer L. Armentrout",3.75,"['New Adult', 'Romance', 'Contemporary', 'Contemporary Romance', 'College', 'Young Adult', 'Chick Lit', 'Adult', 'Fiction', 'Realistic Fiction']",English,unknown;w
The Crippled Lamb,"Max Lucado , Jenna Lucado Bishop, Sara Lucado, Andrea Lucado",4.46,"['Christmas', 'Picture Books', 'Childrens', 'Christian', 'Holiday', 'Religion', 'Fiction', 'Christian Fiction', 'Animals', 'Christianity']",English,m;w;w;w
The Madman,"Kahlil Gibran, جبران خليل جبران",4.06,"['Poetry', 'Philosophy', 'Fiction', 'Classics', 'Short Stories', 'Literature', 'Spirituality', 'Novels', 'Religion', 'Lebanon']",English,unknown;unknown
An Inconvenient Book: Real Solutions to the World's Biggest Problems,"Glenn Beck, Kevin Balfe , Steve Burguiere, Dan Andros, Paul Starke, more…",3.75,"['Politics', 'Nonfiction', 'Humor', 'History', 'Comedy', 'Philosophy', 'Political Science', 'Government', 'Society', 'History and Politics']",English,m;m;m;m;m;unknown
The Beautiful Creatures Complete Collection,"Kami Garcia , Margaret Stohl",4.21,"['Fantasy', 'Young Adult', 'Romance', 'Paranormal', 'Fiction', 'Supernatural', 'Urban Fantasy', 'Magic', 'Witches', 'Paranormal Romance']",English,mostly_female;w
La estrella,"Javi Araguz , Isabel Hierro",3.91,"['Fantasy', 'Young Adult', 'Dystopia', 'Science Fiction', 'Romance', 'Spanish Literature']",Spanish,unknown;w
Kurt Vonnegut's Cat's Cradle,"Harold Bloom (Editor), more…",4.35,"['Fiction', 'Science Fiction', 'Classics', 'Literature', 'Novels', 'Contemporary', 'Science Fiction Fantasy', 'Humor', 'Literary Criticism', 'Comedy']",English,m;unknown
I Wrote This For You: Just the Words,"pleasefindthis , Iain S. Thomas",4.16,"['Poetry', 'Nonfiction', 'Romance', 'Love', 'Adult', 'Contemporary', 'Mental Illness', 'Short Stories', 'Photography']",English,unknown;m
In Order to Live: A North Korean Girl's Journey to Freedom,"Yeonmi Park, Maryanne Vollers",4.45,"['Nonfiction', 'Memoir', 'Biography', 'Autobiography', 'Asia', 'Biography Memoir', 'Audiobook', 'History', 'Adult', 'Politics']",English,unknown;w
آخر الشهود,"Svetlana Alexievich, سفيتلانا ألكسييفيتش",4.48,"['Nonfiction', 'History', 'War', 'Russia', 'World War II', 'Historical', 'Russian Literature', 'Memoir', 'Nobel Prize', 'Biography']",Arabic,w;unknown
Oz: The Wonderful Wizard of Oz,"Eric Shanower , L. Frank Baum",4.09,"['Graphic Novels', 'Comics', 'Fantasy', 'Classics', 'Fiction', 'Childrens', 'Young Adult', 'Graphic Novels Comics', 'Marvel', 'Adventure']",English,m;unknown
مانديل بائع الكتب القديمة,"Stefan Zweig, ستيفان زفايغ",3.95,"['Short Stories', 'Fiction', 'Classics', 'German Literature', 'Literature', 'Novels', 'Audiobook', '20th Century', 'Drama', 'Historical Fiction']",Arabic,m;unknown
Empire V,"Victor Pelevin, Виктор Пелевин",3.88,"['Fiction', 'Russia', 'Fantasy', 'Vampires', 'Russian Literature', 'Modern', 'Urban Fantasy', 'Contemporary', 'Novels', 'Science Fiction']",Russian,m;unknown
Magician: Apprentice Volume 1,"Raymond E. Feist, Michael Avon Oeming, Bryan J.L. Glass",4.45,"['Fantasy', 'Graphic Novels', 'Epic Fantasy', 'Comics', 'High Fantasy', 'Science Fiction Fantasy', 'Magic', 'Fiction', 'Marvel', 'Science Fiction']",English,m;m;m
"The China Study: The Most Comprehensive Study of Nutrition Ever Conducted and the Startling Implications for Diet, Weight Loss, and Long-term Health","T. Colin Campbell, Thomas M. Campbell II",4.23,"['Health', 'Nonfiction', 'Nutrition', 'Food', 'Science', 'Vegan', 'Self Help', 'Diets', 'Reference', 'Audiobook']",English,unknown;m
All That Is Bitter and Sweet: A Memoir,"Ashley Judd, Maryanne Vollers",3.59,"['Nonfiction', 'Memoir', 'Biography', 'Autobiography', 'Biography Memoir', 'Womens', 'Inspirational', 'Family', 'True Story', 'Feminism']",English,mostly_female;w
Αθηνά: Ευτυχώς που δεν γεννήθηκα όμορφη...,"Kostas Karakasis, Κώστας Καρακάσης",3.93,"['Historical Fiction', 'Novels', 'Romance', 'Historical', 'Fiction']","Greek, Modern (1453-)",m;unknown
My True Love Gave to Me: Twelve Holiday Stories,"Stephanie Perkins  (Editor/Contributer), Holly Black , Ally Carter , Matt de la Pena , Gayle Forman , Jenny Han , David Levithan , Kelly Link, more…",3.69,"['Young Adult', 'Short Stories', 'Romance', 'Contemporary', 'Christmas', 'Anthologies', 'Fiction', 'Holiday', 'Fantasy', 'Young Adult Contemporary']",English,w;w;w;m;mostly_female;w;m;mostly_female;unknown
Parallel Lives,"Plutarch, Arthur Hugh Clough, John Dryden",4.13,"['History', 'Classics', 'Biography', 'Nonfiction', 'Philosophy', 'Ancient History', 'Greece', 'Ancient', 'Historical', 'Roman']",English,unknown;m;m
Chicken Soup for the Teenage Soul II,"Jack Canfield, Mark Victor Hansen, Kimberly Kirberger",3.98,"['Nonfiction', 'Short Stories', 'Self Help', 'Inspirational', 'Teen', 'Childrens', 'Anthologies', 'Psychology', 'Essays', 'Poetry']",English,m;m;mostly_female
Jerusalem Interlude,"Bodie Thoene , Brock Thoene",4.35,"['Historical Fiction', 'Christian Fiction', 'Christian', 'Historical', 'Fiction', 'World War II', 'Adult Fiction', 'Romance', 'War', 'Christian Historical Fiction']",English,unknown;m
Munich Signature,"Bodie Thoene , Brock Thoene",4.39,"['Historical Fiction', 'Christian Fiction', 'Christian', 'Fiction', 'Historical', 'World War II', 'Romance', 'Adult Fiction', 'Holocaust', 'War']",English,unknown;m
Afterimage,"Ais , Santino Hassell",4.32,"['M M Romance', 'Dystopia', 'Romance', 'Dark', 'LGBT', 'Science Fiction', 'Abuse', 'Adult', 'Military Fiction', 'Action']",English,unknown;m
Rapunzel's Revenge,"Shannon Hale , Dean Hale",3.88,"['Graphic Novels', 'Fantasy', 'Young Adult', 'Fairy Tales', 'Adventure', 'Comics', 'Middle Grade', 'Fiction', 'Childrens', 'Retellings']",English,mostly_female;m
"Scott Pilgrim, Volume 4: Scott Pilgrim Gets It Together","Bryan Lee O'Malley (Writer, Artist)",4.32,"['Graphic Novels', 'Comics', 'Fiction', 'Humor', 'Graphic Novels Comics', 'Manga', 'Young Adult', 'Fantasy', 'Romance', 'Comic Book']",English,m;unknown
All My Friends Are Dead,"Avery Monsen , Jory John",4.2,"['Humor', 'Fiction', 'Picture Books', 'Graphic Novels', 'Childrens', 'Comics', 'Comedy', 'Adult', 'Death', 'Graphic Novels Comics']",English,andy;m
"Scott Pilgrim, Volume 2: Scott Pilgrim vs. The World","Bryan Lee O'Malley (Writer, Artist)",4.24,"['Graphic Novels', 'Comics', 'Fiction', 'Young Adult', 'Graphic Novels Comics', 'Manga', 'Humor', 'Fantasy', 'Romance', 'Comic Book']",English,m;unknown
The Veldt,"Ray Bradbury, Gary Kelley",4.21,"['Short Stories', 'Science Fiction', 'Classics', 'Fiction', 'Horror', 'School', 'Dystopia', 'Fantasy', 'Read For School', 'Audiobook']",English,mostly_male;m
Град обреченный,"Arkady Strugatsky, Boris Strugatsky, Аркадий Стругацкий, Борис Стругацкий",4.25,"['Science Fiction', 'Fiction', 'Russia', 'Dystopia', 'Russian Literature', 'Fantasy', 'Philosophy', 'Classics', 'Science Fiction Fantasy', 'Novels']",Russian,m;m;unknown;unknown
"A Pattern Language: Towns, Buildings, Construction","Christopher W. Alexander, Sara Ishikawa, Murray Silverstein, Max Jacobson , Ingrid Fiksdahl-King, Shlomo Angel",4.4,"['Architecture', 'Design', 'Nonfiction', 'Urban Planning', 'Philosophy', 'Urbanism', 'Reference', 'Art', 'Cities', 'Urban']",English,m;w;m;m;w;m
Into the Woods,"Erin Hunter (Creator), Dan Jolley",4.11,"['Manga', 'Fantasy', 'Graphic Novels', 'Animals', 'Comics', 'Cats', 'Fiction', 'Middle Grade', 'Childrens', 'Young Adult']",English,mostly_female;m
The Third Wedding,"Costas Taktsis, Κώστας Ταχτσής",4.18,"['Fiction', 'Greece', 'Historical Fiction', 'Literature', 'Classics', '20th Century', 'Novels', 'Adult', 'LGBT']",English,m;unknown
Tempus Unbound,"Janet E. Morris , Chris Morris",4.13,"['Fantasy', 'Fiction']",English,w;mostly_male
Η φόνισσα,"Alexandros Papadiamantis, Αλέξανδρος Παπαδιαμάντης",4.22,"['Classics', 'Fiction', 'Greece', 'Literature', 'Crime', 'Novels', 'Novella', '20th Century', 'Drama', 'Literary Fiction']","Greek, Modern (1453-)",m;unknown
Redeemed,"P.C. Cast , Kristin Cast",3.99,"['Young Adult', 'Fantasy', 'Vampires', 'Paranormal', 'Romance', 'Supernatural', 'Paranormal Romance', 'Magic', 'Fiction', 'Urban Fantasy']",English,unknown;w
The House of Thunder,"Leigh Nichols (Pseudonym), Dean Koontz",3.79,"['Horror', 'Fiction', 'Thriller', 'Suspense', 'Mystery', 'Mystery Thriller', 'Science Fiction', 'Adult', 'Audiobook', 'Psychological Thriller']",English,mostly_female;m
Remember When,"J.D. Robb , Nora Roberts",4.23,"['Romance', 'Mystery', 'Romantic Suspense', 'Fiction', 'Crime', 'Suspense', 'Contemporary', 'Futuristic', 'Science Fiction', 'Contemporary Romance']",English,unknown;w
"Avatar: The Last Airbender: The Promise, Part 1","Gene Luen Yang , Bryan Konietzko, Michael Dante DiMartino",4.26,"['Graphic Novels', 'Comics', 'Fantasy', 'Manga', 'Young Adult', 'Fiction', 'Graphic Novels Comics', 'Adventure', 'Childrens', 'Middle Grade']",English,mostly_male;m;m
Rama II,"Arthur C. Clarke, Gentry Lee",3.68,"['Science Fiction', 'Fiction', 'Science Fiction Fantasy', 'Aliens', 'Space', 'Novels', 'Fantasy', 'Space Opera', 'Speculative Fiction', 'Audiobook']",French,m;unknown
Посёлок,"Kir Bulychev, Кир Булычёв",4.37,"['Science Fiction', 'Russia', 'Fiction', 'Russian Literature', 'Science Fiction Fantasy', 'Fantasy', 'Classics', '20th Century', 'Space']",Russian,unknown;unknown
The Redemption of Ajax,"Trinity Faegen , Stephanie Feagan",3.86,"['Young Adult', 'Fantasy', 'Paranormal', 'Romance', 'Angels', 'Mythology', 'Demons', 'Paranormal Romance', 'Urban Fantasy', 'Supernatural']",English,mostly_female;w
"Scott Pilgrim, Volume 5: Scott Pilgrim vs. the Universe","Bryan Lee O'Malley (Writer, Artist)",4.33,"['Graphic Novels', 'Comics', 'Fiction', 'Manga', 'Graphic Novels Comics', 'Young Adult', 'Humor', 'Fantasy', 'Romance', 'Comic Book']",English,m;unknown
The Legacy of Heorot,"Larry Niven, Steven Barnes , Jerry Pournelle",3.94,"['Science Fiction', 'Fiction', 'Horror', 'Science Fiction Fantasy', 'Adventure', 'Fantasy', 'Aliens', 'Audiobook', 'Space Opera', 'Space']",English,m;m;m
Winter Tales,"Angelika Meyer , M.J. Thompson , T.M. Mendes , Olivia Harvard , Mel Ryle",4.26,[],English,w;unknown;unknown;w;mostly_female
Dream Dark,"Kami Garcia , Margaret Stohl",3.75,"['Young Adult', 'Fantasy', 'Paranormal', 'Fiction', 'Magic', 'Romance', 'Short Stories', 'Supernatural', 'Witches', 'Novella']",English,mostly_female;w
لا أحد ينام في الإسكندرية,"إبراهيم عبد المجيد, Ibrahim Abdel Meguid",3.81,"['Novels', 'Egypt', 'Fiction', 'Historical Fiction', 'Literature', 'Africa', 'Egyptian Literature', 'Unfinished', 'World War II', 'Alexandria']",Arabic,unknown;m
رحلة ابن فطومة,"Naguib Mahfouz, نجيب محفوظ",3.96,"['Fiction', 'Novels', 'Egypt', 'Literature', 'Africa', 'Travel', 'Philosophy', 'School', 'Egyptian Literature', 'Adventure']",Arabic,unknown;unknown
18% Сиво,"Zachary Karabashliev , Захари Карабашлиев",3.96,"['Bulgarian Literature', 'Fiction', 'Bulgaria', 'Contemporary', 'Romance', 'Novels', '21st Century', 'Unfinished']",Bulgarian,m;unknown
الباب المفتوح,"Latifa Zayyat, لطيفة الزيات",4.22,"['Fiction', 'Egypt', 'Novels', 'Feminism', 'Historical Fiction', 'Literature', 'Classics', 'Romance', 'Media Tie In', 'Egyptian Literature']",Arabic,w;unknown
My Life with the Walter Boys,"Ali Novak , Fallzswimmer",3.9,"['Young Adult', 'Romance', 'Contemporary', 'Realistic Fiction', 'High School', 'Chick Lit', 'Fiction', 'Young Adult Romance', 'Teen', 'Audiobook']",English,m;unknown
Going Rogue: An American Life,"Sarah Palin, Lynn Vincent",3.28,"['Biography', 'Nonfiction', 'Politics', 'Autobiography', 'Memoir', 'History', 'Biography Memoir', 'Government', 'The United States Of America', 'Science']",English,w;mostly_female
Bitten by Cupid,"Lynsay Sands , Pamela Palmer, Jaime Rush",4.12,"['Paranormal Romance', 'Paranormal', 'Romance', 'Vampires', 'Anthologies', 'Fantasy', 'Adult', 'Fiction', 'Urban Fantasy', 'Humor']",English,unknown;w;m
Ματωμένα χώματα,"Dido Sotiriou, Διδώ Σωτηρίου",4.36,"['Classics', 'Fiction', 'Literature', 'Historical Fiction', 'Historical', 'Greece', 'Roman', 'Novels', 'War', '20th Century']","Greek, Modern (1453-)",w;unknown
The Vow,"Kim Carpenter, Krickitt Carpenter, John R. Perry",3.83,"['Nonfiction', 'Romance', 'Christian', 'Biography', 'Memoir', 'Chick Lit', 'Biography Memoir', 'Inspirational', 'Media Tie In', 'Adult']",English,mostly_female;unknown;m
The Secret Art of Dr. Seuss,"Dr. Seuss, Audrey Geisel",4.06,"['Art', 'Nonfiction', 'Childrens', 'Biography', 'Picture Books', 'Art and Photography', 'Reference', 'Classics', 'Art Design', 'Humor']",English,unknown;w
Warsaw Requiem,"Bodie Thoene , Brock Thoene",4.44,"['Historical Fiction', 'Christian Fiction', 'Christian', 'Historical', 'Fiction', 'World War II', 'War', 'Adult Fiction', 'Holocaust', 'Romance']",English,unknown;m
Shattered Peace,"Erin Hunter, Dan Jolley",4.27,"['Manga', 'Fantasy', 'Graphic Novels', 'Animals', 'Cats', 'Comics', 'Fiction', 'Middle Grade', 'Childrens', 'Young Adult']",English,mostly_female;m
Chicken Soup for the Teenage Soul,"Jack Canfield, Mark Victor Hansen, Kimberly Kirberger",3.93,"['Nonfiction', 'Short Stories', 'Self Help', 'Inspirational', 'Teen', 'Childrens', 'Anthologies', 'Poetry', 'Essays', 'Psychology']",English,m;m;mostly_female
The Diary of Ellen Rimbauer: My Life at Rose Red,"Joyce Reardon, Steven Rimbauer, Ridley Pearson",3.68,"['Horror', 'Fiction', 'Historical Fiction', 'Paranormal', 'Thriller', 'Mystery', 'Supernatural', 'Fantasy', 'Ghosts', 'Historical']",English,w;m;m
Всадник без головы,"Thomas Mayne Reid, Томас Майн Рид",4.13,"['Classics', 'Adventure', 'Fiction', 'American', 'Mystery', 'Childrens', 'Romance', 'Novels', 'Fantasy', 'Russia']",Russian,m;unknown
ماهی سیاه کوچولو,"Samad Behrangi, Brahîm Ronîzêr",4.16,"['Fiction', 'Childrens', 'Short Stories', 'Iran', 'Literature', 'Classics', 'Novels', 'Fantasy', 'Picture Books', 'Adventure']",Persian,m;unknown
العصفورية,"Ghazi A. Algosaibi, غازي عبد الرحمن القصيبي",3.92,"['Novels', 'Fiction', 'Unfinished', 'Literature', 'Psychology']",Arabic,m;unknown
Понедельник начинается в субботу,"Arkady Strugatsky, Boris Strugatsky, Аркадий Стругацкий, Борис Стругацкий",4.24,"['Science Fiction', 'Fiction', 'Fantasy', 'Russia', 'Russian Literature', 'Humor', 'Classics', 'Literature', 'Novels', 'Science Fiction Fantasy']",Russian,m;m;unknown;unknown
Sri Guru Granth Sahib,"Guru Nanak, Guru Angad, Guru Amar Das, Guru Tegh Bahadur",4.49,"['Religion', 'Philosophy', 'Spirituality', 'India', 'Theology', 'Cultural']",,unknown;unknown;unknown;unknown
The Titan's Curse: The Graphic Novel,"Robert Venditti  (Adapter), Rick Riordan , Chris Dickey",4.24,"['Graphic Novels', 'Fantasy', 'Mythology', 'Young Adult', 'Middle Grade', 'Comics', 'Graphic Novels Comics', 'Fiction', 'Urban Fantasy', 'Adventure']",English,m;m;mostly_male
The Riverside Shakespeare,"William Shakespeare, G. Blakemore Evans",4.55,"['Classics', 'Plays', 'Poetry', 'Drama', 'Fiction', 'Literature', 'Reference', 'Theatre', 'College', 'British Literature']",English,m;unknown
World Peace: The Voice of a Mountain Bird,"Amit Ray, Banani Ray",4.62,"['Inspirational', 'Spirituality', 'Self Help', 'Nonfiction']",English,m;unknown
Перед зеркалом,"Veniamin Kaverin, Вениамин Каверин",4.26,['Fiction'],Russian,m;unknown
Luke Walker: Animal Stick Up For-Er,"Violet's Vegan Comics, Violet Plum",4.75,[],,unknown;w
Dear Su Yen: A Young Woman From Taiwan Discovers England And Discovers Herself,"Su-Yen Hu, Roy Preece",4.67,[],English,unknown;m
A Dance for The Gods,"E.O. Odiase , K.N. Pumpuni",4.5,[],English,unknown;unknown
The Exemeus,"Folami Morris , Abeni Morris",4.1,"['Fantasy', 'Dystopia', 'Young Adult', 'Romance', 'Magic', 'Adventure', 'Science Fiction', 'Paranormal']",English,unknown;unknown
The Willows,"Algernon Blackwood, Fugu-Fish Publishing, more…",4.1,"['Horror', 'Classics', 'Fiction', 'Short Stories', 'Fantasy', 'Gothic', 'Weird Fiction', 'Novella', 'Supernatural', 'Paranormal']",English,unknown;unknown;unknown
Judges: When The Light Lay Still,"Charles J. Eskew, Charlie J. Eskew",2.94,[],,m;mostly_male
The Improbable Adventures of Sherlock Holmes,"John Joseph Adams  (Editor, Introduction), more…",4.37,"['Mystery', 'Short Stories', 'Fantasy', 'Fiction', 'Anthologies', 'Historical Fiction', 'Crime', 'Horror', 'Science Fiction', 'Detective']",English,m;unknown;unknown
Structure and Interpretation of Computer Programs (MIT Electrical Engineering and Computer Science),"Harold Abelson, Gerald Jay Sussman, Julie Sussman",4.46,"['Programming', 'Computer Science', 'Technology', 'Nonfiction', 'Software', 'Technical', 'Computers', 'Science', 'Textbooks', 'Coding']",English,m;m;w
قناديل ملك الجليل,"Ibrahim Nasrallah, إبراهيم نصر الله",4.38,"['Novels', 'Historical Fiction', 'Fiction', 'Literature', 'Politics']",Arabic,m;unknown
في حضرة الغياب,"Mahmoud Darwish, محمود درويش",4.33,"['Poetry', 'Nonfiction', 'Literature', 'Literary Fiction']",Arabic,m;unknown
The Story of Civilization,"Will Durant, Ariel Durant",4.43,"['History', 'Nonfiction', 'Philosophy', 'World History', 'Historical', 'Reference', 'Ancient History', 'Classics', 'Politics', 'Science']",English,mostly_male;m
Security Analysis: Principles and Technique,"Benjamin Graham, David L. Dodd, Charles Tatham",4.34,"['Finance', 'Business', 'Nonfiction', 'Economics', 'Money', 'Personal Finance', 'Buisness', 'Reference', 'Classics', 'Education']",English,m;m;m
Experiencing God: Knowing and Doing the Will of God: Workbook,"Henry T. Blackaby, Claude V. King",4.34,"['Christian', 'Nonfiction', 'Christianity', 'Christian Living', 'Faith', 'Spirituality', 'Religion', 'Christian Non Fiction', 'Theology', 'Inspirational']",English,m;mostly_male
Outpassage,"Janet E. Morris , Chris Morris",4.14,"['Science Fiction', 'Fiction', 'Space']",English,w;mostly_male
Μιλώντας στην κόρη μου για την οικονομία,"Yanis Varoufakis, Γιάνης Βαρουφάκης",4.09,"['Nonfiction', 'Economics', 'Politics', 'History', 'Business', 'Philosophy', 'Finance', 'Audiobook', 'Greece', 'Sociology']","Greek, Modern (1453-)",unknown;unknown
A Cry to War,"E.O. Odiase , K.N. Pumpuni",3.88,"['Fantasy', 'Historical Fiction', 'Africa']",English,unknown;unknown
"Universal Principles of Design: 100 Ways to Enhance Usability, Influence Perception, Increase Appeal, Make Better Design Decisions, and Teach Through Design","William Lidwell, Jill Butler, Kritina Holden",4.15,"['Design', 'Nonfiction', 'Business', 'Reference', 'Art', 'Art Design', 'Usability', 'Website Design', 'Architecture', 'Psychology']",English,m;w;unknown
The Garden of Rama,"Arthur C. Clarke, Gentry Lee",3.79,"['Science Fiction', 'Fiction', 'Science Fiction Fantasy', 'Space Opera', 'Fantasy', 'Space', 'Aliens', 'Novels', 'Classics', 'Adventure']",English,m;unknown
"The Daily Stoic: 366 Meditations for Clarity, Effectiveness, and Serenity","Ryan Holiday , Stephen Hanselman",4.23,"['Philosophy', 'Nonfiction', 'Self Help', 'Personal Development', 'Psychology', 'Spirituality', 'Unfinished', 'Business', 'History', 'Reference']",English,mostly_male;m
أنا سلطان قانون الوجود,"Yusuf Idris, يوسف إدريس",3.5,"['Short Stories', 'Fiction', 'Literature']",Arabic,m;unknown
في مديح البطء: حراك عالمي يتحدى عبادة السرعة,"Carl Honoré, كارل أونوريه",3.68,"['Nonfiction', 'Philosophy', 'Psychology', 'Self Help', 'Sociology', 'Personal Development', 'Cultural', 'Health', 'Productivity', 'Business']",Arabic,m;unknown
Wolverine: Origin,"Paul Jenkins (Script, plot), Kieron Gillen",3.96,"['Comics', 'Graphic Novels', 'Marvel', 'Comic Book', 'Fiction', 'Graphic Novels Comics', 'X Men', 'Superheroes', 'Fantasy', 'Bande Dessinée']",English,m;unknown;m
يوميات الحزن العادي,"Mahmoud Darwish, محمود درويش",4.27,"['Poetry', 'Essays', 'Nonfiction', 'History', 'Biography', 'Literature', 'Memoir', 'Politics', 'Biography Memoir']",Arabic,m;unknown
Γκέμμα,"Dimitris Liantinis, Δημήτρης Λιαντίνης",4.44,"['Philosophy', 'Nonfiction']","Greek, Modern (1453-)",m;unknown
العرب وجهة نظر يابانية,"Nobuaki Notohara, نوبوأكي نوتوهارا",3.33,"['Nonfiction', 'Sociology', 'Politics', 'Japan', 'Cultural', 'Psychology', 'History', 'Japanese Literature', 'Philosophy', 'Humanities']",Arabic,m;unknown
新世界より [Shinsekai Yori],"Yusuke Kishi, 貴志 祐介",4.54,"['Fantasy', 'Fiction', 'Dystopia', 'Science Fiction', 'Japanese Literature', 'Light Novel', 'Manga', 'Japan', 'Young Adult', 'Horror']",Japanese,m;unknown
همس الجنون,"Naguib Mahfouz, نجيب محفوظ",3.76,"['Short Stories', 'Novels', 'Fiction', 'Literature', 'Egyptian Literature']",Arabic,unknown;unknown
Τα ποίηματα Α΄: 1897-1918,"Constantinos P. Cavafy, Κ.Π. Καβάφης",4.75,['Poetry'],"Greek, Modern (1453-)",unknown;unknown
The Nobodies,"N.E. Bode, Julianna Baggott",4.05,"['Fantasy', 'Fiction', 'Childrens', 'Mystery', 'Juvenile', 'Middle Grade', 'Adventure', 'Young Adult', 'Humor', 'Magic']",English,unknown;w
Finding Fish,"Antwone Quenton Fisher, Mim Eichler Rivas",4.21,"['Nonfiction', 'Memoir', 'Biography', 'African American', 'Autobiography', 'Biography Memoir', 'Abuse', 'Fostering', 'Adult', 'Psychology']",English,unknown;unknown
Dare to Dream: Life as One Direction (100% Official),"One Direction, Louis Tomlinson, Harry Styles, Liam Payne, Niall Horan, Zayn Malik",4.6,"['Nonfiction', 'Biography', 'Music', 'Autobiography', 'Memoir', 'Love', 'Childrens', 'Humor', 'Contemporary']",English,w;m;m;m;m;m
5 Centimeters per Second,"Makoto Shinkai, 清家 雪子",4.03,"['Manga', 'Romance', 'Graphic Novels', 'Fiction', 'Contemporary', 'Young Adult', 'Comics', 'Seinen', 'Japan', 'Japanese Literature']",English,mostly_male;unknown
I Am Malala: How One Girl Stood Up for Education and Changed the World,"Malala Yousafzai, Patricia McCormick",4.34,"['Nonfiction', 'Biography', 'Memoir', 'Autobiography', 'Middle Grade', 'Feminism', 'Biography Memoir', 'Audiobook', 'Education', 'Pakistan']",English,unknown;w
The Book of Joy: Lasting Happiness in a Changing World,"Dalai Lama XIV, Desmond Tutu",4.37,"['Nonfiction', 'Self Help', 'Spirituality', 'Philosophy', 'Religion', 'Buddhism', 'Audiobook', 'Psychology', 'Inspirational', 'Personal Development']",English,unknown;m
Peak: Secrets from the New Science of Expertise,"K. Anders Ericsson, Robert Pool",4.27,"['Psychology', 'Nonfiction', 'Self Help', 'Science', 'Business', 'Personal Development', 'Productivity', 'Education', 'Leadership', 'Audiobook']",,unknown;m
تحليل النظم الدولية,"Immanuel Wallerstein, إيمانويل والرشتاين",3.86,"['History', 'Sociology', 'Nonfiction', 'Economics', 'Politics', 'World History', 'International Relations', 'Philosophy', 'Political Science', 'Academic']",Arabic,m;unknown
أشياء لن تسمع بها أبدا,"Noam Chomsky, نعوم تشومسكي",3.59,"['Politics', 'Nonfiction', 'Philosophy']",Arabic,mostly_male;unknown
Words in Deep Blue,"Cath Crowley , Кэт Кроули",4.07,"['Young Adult', 'Contemporary', 'Romance', 'Fiction', 'Realistic Fiction', 'Books About Books', 'Young Adult Contemporary', 'Audiobook', 'Family', 'Australia']",English,w;unknown
الثورة 2.0,"وائل، غنيم, Wael Ghonim",3.92,"['Politics', 'Nonfiction', 'History', 'Memoir', 'Egypt', 'Biography', 'School', 'Social Media', 'Political Science', 'Social Justice']",Arabic,unknown;m
If It's Not Forever. It's Not Love.,"Durjoy Datta , Nikita Singh",3.66,"['Romance', 'Fiction', 'Love', 'Romantic', 'Indian Literature', 'Contemporary', 'India', 'Novels', 'Young Adult', 'Love Story']",English,unknown;m
Zombie Apocalypse!,"Stephen Jones (Editor), Pat Cadigan , Paul McAuley , Robert Hood , Michael Marshall Smith , Tim Lebbon , Christopher Fowler, Paul Finch , more…",3.71,"['Zombies', 'Horror', 'Fiction', 'Post Apocalyptic', 'Science Fiction', 'Anthologies', 'Fantasy', 'Apocalyptic', 'Short Stories', 'Dystopia']",English,m;andy;m;m;m;m;m;m;unknown
فئران أمي حصة,"سعود السنعوسي , Saud Alsanousi",4.17,"['Novels', 'Fiction', 'Literature', 'Unfinished', 'Historical Fiction', 'Politics', 'Dystopia', 'Contemporary']",Arabic,unknown;unknown
The Collected Ghost Stories of E.F. Benson,"E.F. Benson, Richard Dalby",4.19,"['Horror', 'Short Stories', 'Ghost Stories', 'Fiction', 'Gothic', 'Ghosts', 'Classics', 'Fantasy', 'Anthologies', 'Paranormal']",English,unknown;m
Το ξυράφι του Όκαμ,"Αλέξιος Μάινας, Alexios Mainas",5.0,[],"Greek, Modern (1453-)",unknown;m
الأعمال الكاملة - القصص القصيرة ج1,"Yusuf Idris, يوسف إدريس",3.97,"['Short Stories', 'Fiction', 'Literature']",Arabic,m;unknown
Teenage Mutant Ninja Turtles #1,"Kevin Eastman, Tom Waltz, Dan Duncan, Sam Kieth",4.08,"['Comics', 'Graphic Novels Comics', 'Fiction', 'Comic Book']",English,m;m;m;mostly_male
الأرواح المتمردة,"Kahlil Gibran, جبران خليل جبران",3.95,"['Philosophy', 'Fiction', 'Novels', 'Short Stories', 'Classics', 'Literature', 'Poetry', 'Spirituality', 'Lebanon', 'Romance']",Arabic,unknown;unknown
Uncle Petros and Goldbach's Conjecture: A Novel of Mathematical Obsession,"Apostolos Doxiadis, Απόστολος Δοξιάδης",4.02,"['Fiction', 'Mathematics', 'Literature', 'Greece', 'Novels', 'Philosophy', 'Mystery', 'Popular Science', 'Contemporary', '20th Century']",English,m;unknown
ಆವರಣ [Aavarana],"S.L. Bhyrappa, ಎಸ್.ಎಲ್. ಭೈರಪ್ಪ",4.41,"['History', 'India', 'Marathi', 'Historical', 'Indian Literature', 'Religion', 'Nonfiction', 'Politics', 'Hinduism', 'Asia']",Kannada,unknown;unknown
Evenfall: Volume 1: Director's Cut,"Ais , Santino Hassell",4.22,"['M M Romance', 'Romance', 'Dystopia', 'LGBT', 'Science Fiction', 'Dark', 'Adult', 'Military Fiction', 'Abuse', 'Fiction']",English,unknown;m
Conan of Cimmeria,"Robert E. Howard, L. Sprague de Camp, Lin Carter",4.11,"['Fantasy', 'Fiction', 'Sword and Sorcery', 'Adventure', 'Pulp', 'Short Stories', 'Classics', 'Science Fiction Fantasy', 'Science Fiction', 'High Fantasy']",English,m;unknown;w
गुनाहों का देवता,"धर्मवीर भारती, Dharamvir Bharati",4.29,"['Fiction', 'India', 'Classics', 'Indian Literature', 'Romance', 'Novels', 'Literature', 'Relationships']",Hindi,unknown;unknown
Dagon and Other Macabre Tales,"H.P. Lovecraft, T.E.D. Klein",4.2,"['Horror', 'Fiction', 'Short Stories', 'Fantasy', 'Weird Fiction', 'Classics', 'Lovecraftian', 'Science Fiction', 'Cthulhu Mythos', 'Literature']",English,unknown;unknown
بلدي,"Rasul Gamzatov, رسول حمزاتوف",4.03,"['Novels', 'Fiction', 'Unfinished', 'Poetry', 'Russian Literature', 'Literature', 'Russia']",Arabic,m;unknown
Growing Up bin Laden: Osama's Wife and Son Take Us Inside Their Secret World,"Jean Sasson , Najwa bin Laden, Omar bin Laden",4.07,"['Nonfiction', 'Biography', 'Memoir', 'History', 'Autobiography', 'Politics', 'Biography Memoir', 'Islam', 'War', 'Cultural']",English,m;w;m
Bulan Terbelah di Langit Amerika,"Hanum Salsabiela Rais, Rangga Almahendra",4.21,"['Novels', 'Islam', 'Fiction', 'Indonesian Literature', 'Religion', 'Adventure', 'Inspirational']",Indonesian,unknown;unknown
Earth (The Book): A Visitor's Guide to the Human Race,"Jon Stewart (Editor/Contributor), more…",3.91,"['Humor', 'Nonfiction', 'Comedy', 'Politics', 'Audiobook', 'History', 'Science', 'Adult', 'Reference', 'Pop Culture']",English,m;unknown
Chasing Tomorrow,"Tilly Bagshawe, Sidney Sheldon",3.82,"['Fiction', 'Thriller', 'Mystery', 'Suspense', 'Romance', 'Mystery Thriller', 'Crime', 'Drama', 'Adult', 'Romantic Suspense']",English,w;mostly_male
لا أريد لهذي القصيدة أن تنتهي,"Mahmoud Darwish, محمود درويش",4.18,"['Poetry', 'Literature', 'Fiction']",Arabic,m;unknown
The Star Wars Trilogy,"George Lucas, Donald F. Glut, James Kahn",4.25,"['Star Wars', 'Science Fiction', 'Fiction', 'Fantasy', 'Classics', 'Adventure', 'Science Fiction Fantasy', 'Space Opera', 'Media Tie In', 'Adult']",English,m;m;m
عدالة وفن,"Tawfiq Al-Hakim, توفيق الحكيم",3.83,"['Short Stories', 'Fiction', 'Classics']",Arabic,m;unknown
Escape From the Forest,"Erin Hunter (Creator), Dan Jolley",4.11,"['Manga', 'Graphic Novels', 'Fantasy', 'Animals', 'Comics', 'Cats', 'Fiction', 'Middle Grade', 'Childrens', 'Young Adult']",English,mostly_female;m
Middle School: The Worst Years of My Life,"James Patterson , Chris Tebbetts",4.04,"['Realistic Fiction', 'Middle Grade', 'Fiction', 'Humor', 'Young Adult', 'Childrens', 'School', 'Juvenile', 'Contemporary', 'Graphic Novels']",English,m;mostly_male
Kilimanjaro and Beyond: A Life-Changing Journey,"Barry Finlay , Chris Finlay",3.97,"['Adventure', 'Travel', 'Africa', 'Nonfiction', 'Mountaineering', 'History']",English,m;mostly_male
The Dawn Country,"W. Michael Gear, Kathleen O'Neal Gear",4.33,"['Historical Fiction', 'Fiction', 'Historical', 'Native Americans', 'Mystery', 'Prehistoric', 'American History', 'Adventure']",English,unknown;w
Tiny Pretty Things,"Sona Charaipotra , Dhonielle Clayton",3.75,"['Young Adult', 'Contemporary', 'Mystery', 'Fiction', 'Realistic Fiction', 'Romance', 'Young Adult Contemporary', 'Mental Health', 'Audiobook', 'Mystery Thriller']",English,w;unknown
Fire Sea,"Margaret Weis , Tracy Hickman",4.07,"['Fantasy', 'Fiction', 'Epic Fantasy', 'Science Fiction Fantasy', 'High Fantasy', 'Dragons', 'Science Fiction', 'Adult', 'Epic', 'Magic']",English,w;mostly_female
A Guinea Pig Christmas Carol,"Tess Gammell, Alex Goodwin, Charles Dickens",4.29,"['Fiction', 'Christmas', 'Holiday', 'Picture Books']",,w;m;m
Gora,"Rabindranath Tagore, Marguerite Glotz, more…",4.24,"['Fiction', 'India', 'Classics', 'Indian Literature', 'Novels', 'Historical Fiction', 'Literature', 'Drama', 'Romance', 'Religion']",German,unknown;w;unknown
The Attack,"Yasmina Khadra, ياسمينة خضرا",3.81,"['Fiction', 'Historical Fiction', 'War', 'France', 'Graphic Novels', 'Israel', 'Algeria', 'Comics', 'Contemporary', 'Drama']",English,w;unknown
Special Forces,"Aleksandr Voinov , Marquesate , Vashtan",4.52,"['M M Romance', 'Military Fiction', 'BDSM', 'Romance', 'Dark', 'Erotica', 'Gay For You', 'Historical', 'Contemporary', 'Soldiers']",English,m;unknown;unknown
Το καπλάνι της βιτρίνας,"Alki Zei, Άλκη Ζέη",4.28,"['Fiction', 'Childrens', 'Greece', 'Historical Fiction', 'Literature', 'Young Adult', 'Classics', 'Middle Grade', 'Teen', 'Novels']","Greek, Modern (1453-)",w;unknown
Foretold: 14 Tales of Prophecy and Prediction,"Carrie Ryan  (Editor), Richelle Mead , Lisa McMann , Laini Taylor , Meg Cabot , Heather Brewer , Simone Elkeles , Kami Garcia , more…",3.96,"['Anthologies', 'Fantasy', 'Vampires', 'Paranormal Urban Fantasy', 'Young Adult', 'Mystery', 'LGBT', 'Science Fiction Fantasy', 'Dystopia', 'Young Adult Fantasy']",English,w;w;w;unknown;w;w;w;mostly_female;unknown
إصلاح القلوب,"عمرو خالد, عمرو خالد",4.18,"['Religion', 'Nonfiction', 'Islam']",Arabic,unknown;unknown
A Country Doctor's Notebook,"Mikhail Bulgakov, Михаил Булгаков",4.28,"['Fiction', 'Classics', 'Russia', 'Short Stories', 'Russian Literature', 'Medicine', 'Literature', '20th Century', 'Medical', 'Historical Fiction']",English,m;unknown
Slash,"Slash, Anthony Bozza",3.98,"['Music', 'Biography', 'Nonfiction', 'Autobiography', 'Memoir', 'Biography Memoir', 'Rock N Roll', 'Slash Fiction', 'Musicians', 'History']",English,unknown;m
世界一初恋 ~小野寺律の場合3~,"Shungiku Nakamura, 中村春菊",4.41,"['Manga', 'Yaoi', 'Romance', 'Boys Love', 'M M Romance', 'LGBT', 'Graphic Novels', 'Fiction', 'Comics Manga', 'Humor']",Japanese,unknown;unknown
मुनामदन [Muna Madan],"Laxmi Prasad Devkota, लक्ष्मीप्रसाद देवकोटा",4.32,"['Poetry', 'Fiction']",Nepali,w;unknown
Loyalty and Deceit,"Beanie Sigel, Juma",3.91,[],English,unknown;unknown
Special Forces - Soldiers,"Aleksandr Voinov , Marquesate , Vashtan",4.41,"['M M Romance', 'Military Fiction', 'Romance', 'Dark', 'BDSM', 'Erotica', 'LGBT', 'Abuse', 'War', 'Historical']",English,m;unknown;unknown
محال,"يوسف زيدان , Youssef Ziedan",3.31,"['Novels', 'Literature', 'Fiction', 'Egyptian Literature', 'Politics', 'Egypt', 'Unfinished']",Arabic,unknown;m
Η αίθουσα του θρόνου,"Tasos Athanasiadis, Τάσος Αθανασιάδης",4.17,"['Fiction', 'Greece', 'Classics', 'Literature']","Greek, Modern (1453-)",unknown;unknown
To Russia With Love,"Chris Almeida , Cecilia Aubrey",4.62,"['Romantic Suspense', 'Romance', 'Thriller', 'Contemporary Romance', 'Suspense', 'Mystery', 'Fiction']",English,mostly_male;w
The Demon Lover,"Juliet Dark (Pseudonym), Carol Goodman",3.62,"['Fantasy', 'Romance', 'Paranormal', 'Paranormal Romance', 'Demons', 'Urban Fantasy', 'Witches', 'Adult', 'Vampires', 'Fiction']",English,w;mostly_female
"Maximum Ride, Vol. 2","NaRae Lee (adapter/Illustrator), James Patterson",4.34,"['Manga', 'Graphic Novels', 'Young Adult', 'Fantasy', 'Science Fiction', 'Comics', 'Adventure', 'Fiction', 'Romance', 'Action']",English,unknown;m
L'Empire des anges,"Bernard Werber, Бернар Вербер",4.08,"['Fiction', 'Fantasy', 'Science Fiction', 'France', 'French Literature', 'Roman', 'Novels', 'Contemporary', 'Modern', 'Supernatural']",French,m;unknown
Η μεγάλη χίμαιρα,"M. Karagatsis, Μ. Καραγάτσης",4.35,"['Fiction', 'Classics', 'Literature', 'Greece', 'Novels']","Greek, Modern (1453-)",unknown;unknown
99 Cahaya di Langit Eropa: Perjalanan Menapak Jejak Islam di Eropa,"Hanum Salsabiela Rais, Rangga Almahendra",4.21,"['Novels', 'Travel', 'Islam', 'Religion', 'Fiction', 'Adventure', 'Indonesian Literature', 'Travelogue', 'Spirituality', 'True Story']",Indonesian,unknown;unknown
బారిష్టర్ పార్వతీశం [Barrister Parvateesam],"Mokkapati Narasimha Sastry, మొక్కపాటి నరసింహ శాస్త్రి",4.27,"['Humor', 'Classics', 'Fiction', 'Comics', 'Novels', 'Comedy', 'Indian Literature']",Telugu,unknown;unknown
Dangerous Boys,"Abigail Haas (Pseudonym), AbMcDonald",3.69,"['Young Adult', 'Mystery', 'Contemporary', 'Thriller', 'Mystery Thriller', 'Romance', 'Crime', 'Suspense', 'Fiction', 'Realistic Fiction']",English,w;unknown
الواجهة,"يوسف عز الدين عيسى, Youssef Ezeddin Eassa",3.99,"['Novels', 'Fiction', 'Egyptian Literature', 'Literature']",Arabic,unknown;m
A Clan in Need,"Erin Hunter, Dan Jolley",4.24,"['Manga', 'Fantasy', 'Animals', 'Graphic Novels', 'Cats', 'Fiction', 'Comics', 'Childrens', 'Middle Grade', 'Adventure']",English,mostly_female;m
"JLA, Vol. 7: Tower of Babel","Mark Waid, Dan Curtis Johnson, Christopher J. Priest, John Ostrander, more…",4.11,"['Comics', 'Graphic Novels', 'Dc Comics', 'Batman', 'Comic Book', 'Superheroes', 'Graphic Novels Comics', 'Fiction', 'Superman', 'Comix']",English,m;m;m;m;unknown
People of the Wolf,"W. Michael Gear, Kathleen O'Neal Gear",3.9,"['Historical Fiction', 'Fiction', 'Historical', 'Fantasy', 'Adventure', 'Prehistoric', 'Prehistory', 'Adult', 'Native Americans', 'Historical Fantasy']",English,unknown;w
Kiss,"Ted Dekker , Erin Healy",3.78,"['Christian Fiction', 'Fiction', 'Mystery', 'Christian', 'Thriller', 'Suspense', 'Fantasy', 'Romance', 'Mystery Thriller', 'Audiobook']",English,m;mostly_female
The Heart of a Warrior,"Erin Hunter, Dan Jolley",4.27,"['Manga', 'Fantasy', 'Graphic Novels', 'Animals', 'Cats', 'Comics', 'Fiction', 'Middle Grade', 'Childrens', 'Young Adult']",English,mostly_female;m
First Things First,"Stephen R. Covey, A. Roger Merrill, Rebecca R. Merrill",4.11,"['Self Help', 'Business', 'Nonfiction', 'Personal Development', 'Leadership', 'Productivity', 'Psychology', 'Management', 'Buisness', 'Philosophy']",English,m;unknown;w
House at the End of the Street,"Lily Blake (Adapter), David Loucka, Jonathan Mostow",3.51,"['Horror', 'Young Adult', 'Mystery', 'Thriller', 'Fiction', 'Media Tie In', 'Suspense', 'Mystery Thriller', 'Crime', 'Contemporary']",English,w;m;m
Octavia's Brood: Science Fiction Stories from Social Justice Movements,"Adrienne Maree Brown (Editor/Contributor), more…",3.95,"['Short Stories', 'Fiction', 'Science Fiction', 'Fantasy', 'Feminism', 'Anthologies', 'Social Justice', 'Speculative Fiction', 'Science Fiction Fantasy', 'Race']",English,w;unknown
Miss Peregrine's Home for Peculiar Children: The Graphic Novel,"Ransom Riggs, Cassandra Jean",4.11,"['Graphic Novels', 'Fantasy', 'Young Adult', 'Comics', 'Fiction', 'Paranormal', 'Graphic Novels Comics', 'Horror', 'Time Travel', 'Manga']",English,unknown;w
An Anonymous Girl,"Greer Hendricks , Sarah Pekkanen",3.82,"['Thriller', 'Mystery', 'Fiction', 'Mystery Thriller', 'Suspense', 'Audiobook', 'Adult', 'Psychological Thriller', 'Contemporary', 'Adult Fiction']",English,andy;w
Tales of the Cthulhu Mythos,"Jim Turner (Editor), more…",4.21,"['Horror', 'Fiction', 'Short Stories', 'Fantasy', 'Anthologies', 'Science Fiction', 'Cthulhu Mythos', 'Classics', 'Lovecraftian', 'Weird Fiction']",English,m;unknown
الرباط المقدس,"Tawfiq Al-Hakim, توفيق الحكيم",3.75,"['Novels', 'Fiction', 'Literature', 'Romance', 'Egyptian Literature', 'Social']",Arabic,m;unknown
أرخص ليالي,"Yusuf Idris, يوسف إدريس",3.84,"['Short Stories', 'Fiction', 'Classics', 'Literature', 'Egyptian Literature', 'Egypt', 'Africa', 'Poetry']",Arabic,m;unknown
"The Valentine Date: Long Distance, Billionaires and Former Bad Boy's Collection","Ashley Winters , Mel Ryle , N.K. Pockett",4.73,[],English,mostly_female;mostly_female;unknown
السكرية,"Naguib Mahfouz, نجيب محفوظ",4.26,"['Fiction', 'Egypt', 'Novels', 'Historical Fiction', 'Literature', 'Africa', 'Classics', 'Nobel Prize', '20th Century', 'Historical']",Arabic,unknown;unknown
The Autobiography of a Tibetan Monk,"Palden Gyatso, Tsering Shakya",4.4,"['Nonfiction', 'Buddhism', 'Biography', 'History', 'Memoir', 'Autobiography', 'China', 'Spirituality', 'Asia', 'Religion']",English,unknown;unknown
Airel: The Awakening,"Aaron M. Patterson , Chris White",3.45,"['Young Adult', 'Fantasy', 'Angels', 'Paranormal', 'Paranormal Romance', 'Romance', 'Urban Fantasy', 'Mystery', 'Fiction', 'Magic']",English,m;mostly_male
Marked / Betrayed / Chosen / Untamed / Hunted,"P.C. Cast , Kristin Cast",4.44,"['Fantasy', 'Vampires', 'Young Adult', 'Paranormal', 'Romance', 'Supernatural', 'Urban Fantasy', 'Paranormal Romance', 'Magic', 'Fiction']",English,unknown;w
I Funny: A Middle School Story,"James Patterson , Chris Grabenstein",4.15,"['Humor', 'Realistic Fiction', 'Middle Grade', 'Fiction', 'Young Adult', 'Comedy', 'Childrens', 'Juvenile', 'School', 'Audiobook']",English,m;mostly_male
Treasure Hunters,"James Patterson , Chris Grabenstein",4.17,"['Adventure', 'Middle Grade', 'Mystery', 'Childrens', 'Fiction', 'Juvenile', 'Young Adult', 'Pirates', 'Family', 'Realistic Fiction']",English,m;mostly_male
Harry Potter: A History of Magic,"British Library, J.K. Rowling, more…",4.22,"['Fantasy', 'Fiction', 'Audiobook', 'Young Adult', 'Magic', 'Art', 'Mythology', 'Books About Books', 'Historical', 'Reference']",English,unknown;unknown;unknown
Mirror Mirror,"Cara Delevingne, Rowan Coleman",3.67,"['Young Adult', 'Contemporary', 'LGBT', 'Mystery', 'Fiction', 'Young Adult Contemporary', 'Thriller', 'Audiobook', 'Teen', 'Crime']",English,w;mostly_male
The Bogleheads' Guide to Investing,"Taylor Larimore, Michael LeBoeuf, Mel Lindauer",4.29,"['Finance', 'Nonfiction', 'Personal Finance', 'Business', 'Money', 'Economics', 'Self Help', 'Personal Development', 'Reference', 'Education']",English,mostly_male;m;mostly_female
Black Swan Rising,"Lee Carroll, Carol Goodman",3.46,"['Fantasy', 'Urban Fantasy', 'Paranormal', 'Vampires', 'Fiction', 'Magic', 'Young Adult', 'Romance', 'Paranormal Romance', 'Fae']",English,mostly_male;mostly_female
مديح الظل العالي,"Mahmoud Darwish, محمود درويش",4.38,"['Poetry', 'Literature']",Arabic,m;unknown
Hate Notes,"Vi Keeland , Penelope Ward",4.15,"['Romance', 'Contemporary Romance', 'Contemporary', 'New Adult', 'Adult', 'Audiobook', 'Fiction', 'Humor', 'Chick Lit', 'Erotica']",English,unknown;w
Patriots,"James Wesley, Rawles",3.64,"['Fiction', 'Survival', 'Post Apocalyptic', 'Dystopia', 'Apocalyptic', 'Science Fiction', 'Politics', 'Military Fiction', 'War', 'Thriller']",English,m;unknown
أهل الكهف,"Tawfiq Al-Hakim, توفيق الحكيم",3.9,"['Plays', 'Literature', 'Novels', 'Fiction', 'Drama', 'Philosophy', 'Theatre', 'Classics', 'Religion', 'Egyptian Literature']",Arabic,m;unknown
Dangerous Creatures,"Kami Garcia , Margaret Stohl",3.82,"['Young Adult', 'Fantasy', 'Paranormal', 'Romance', 'Magic', 'Supernatural', 'Witches', 'Fiction', 'Urban Fantasy', 'Paranormal Romance']",English,mostly_female;w
Pale Kings and Princes,"Cassandra Clare , Robin Wasserman",4.28,"['Fantasy', 'Young Adult', 'Short Stories', 'Paranormal', 'Urban Fantasy', 'Novella', 'Romance', 'Angels', 'Supernatural', 'Magic']",English,w;mostly_male
The Three Little Wolves and the Big Bad Pig,"Eugene Trivizas, Helen Oxenbury, Ευγένιος Τριβιζάς",4.21,"['Picture Books', 'Childrens', 'Animals', 'Fairy Tales', 'Fiction', 'Fantasy', 'Fractured Fairy Tales', 'Folklore', 'Humor', 'Wolves']",English,m;w;unknown
Les Malheurs de Sophie,"Comtesse de Ségur, Maxe L'Hermenier, Manboou",3.91,"['Classics', 'France', 'Childrens', 'Fiction', '19th Century', 'French Literature', 'Novels', 'Middle Grade', 'Roman', 'Young Adult']",French,unknown;unknown;unknown
"Attack on Titan: No Regrets, Vol. 1","Hajime Isayama (Original Author), Hikaru Suruga, Gan Sunaaku",4.52,"['Manga', 'Graphic Novels', 'Fantasy', 'Comics', 'Horror', 'Dystopia', 'Young Adult', 'Fiction', 'Science Fiction', 'Comics Manga']",English,m;mostly_female;andy
2005 - Thanks for the Vodka,"Harpie, Karl Wiggins",4.1,"['Mental Health', 'Memoir', 'Mental Illness']",English,unknown;m
Raintree: Inferno / Raintree: Sanctuary / Raintree: Haunted,"Linda Howard, Beverly Barton, Linda Winstead Jones",3.93,"['Paranormal', 'Romance', 'Paranormal Romance', 'Anthologies', 'Harlequin', 'Fantasy', 'Contemporary', 'Fiction', 'Romantic Suspense', 'Suspense']",English,w;w;w
The Book of Atrus,"Rand Miller, Robyn Miller, David Wingrove",4.03,"['Fantasy', 'Fiction', 'Science Fiction', 'Adventure', 'Science Fiction Fantasy', 'Young Adult', 'Video Games', 'Novels', 'Adult', 'Contemporary']",English,w;w;m
Unchained - Nephilim Rising,"J. Lynn, Jennifer L. Armentrout",3.92,"['Paranormal', 'Angels', 'Adult', 'Demons', 'Fantasy', 'Supernatural', 'Romance', 'Paranormal Romance', 'Young Adult', 'Action']",English,unknown;w
"A Bride's Story, Vol. 1","Kaoru Mori, 森 薫",4.23,"['Manga', 'Graphic Novels', 'Historical Fiction', 'Comics', 'Historical', 'Romance', 'Fiction', 'Young Adult', 'Seinen', 'Slice Of Life']",English,mostly_female;unknown
Осъдени души,"Dimitar Dimov, Димитър Димов",4.42,"['Bulgarian Literature', 'Classics', 'Fiction', 'Bulgaria', 'Historical Fiction', 'Historical', 'School', 'Novels', 'Drama', 'Romance']",Bulgarian,m;unknown
One Man's Wilderness: An Alaskan Odyssey,"Sam Keith, Richard Proenneke",4.31,"['Nonfiction', 'Biography', 'Adventure', 'Nature', 'Travel', 'Memoir', 'Outdoors', 'Survival', 'History', 'Wilderness']",English,mostly_male;m
The Lives of Animals,"J.M. Coetzee, Marjorie Garber",3.69,"['Fiction', 'Philosophy', 'Animals', 'School', 'Essays', 'Vegan', 'Africa', 'Contemporary', 'Read For School', 'South Africa']",English,unknown;w
Outlaws of the Marsh,"Shi Nai'an, Luo Guanzhong",4.14,"['China', 'Classics', 'Fiction', 'Historical Fiction', 'Chinese Literature', 'Literature', 'Asia', 'Fantasy', 'Historical', '14th Century']",English,andy;andy
Stuck-Up Suit,"Vi Keeland , Penelope Ward",4.13,"['Romance', 'Contemporary', 'Contemporary Romance', 'New Adult', 'Humor', 'Adult', 'Erotica', 'Chick Lit', 'Audiobook', 'Fiction']",English,unknown;w
A Match Made in High School,"Kristin Walker , Кристин Уокер",3.61,"['Young Adult', 'Romance', 'Contemporary', 'Chick Lit', 'High School', 'Teen', 'Humor', 'Realistic Fiction', 'Fiction', 'Contemporary Romance']",English,w;unknown
Black Trillium,"Marion Zimmer Bradley, Julian May, Andre Norton",3.59,"['Fantasy', 'Fiction', 'Science Fiction Fantasy', 'Science Fiction', 'High Fantasy', 'Magic', 'Epic Fantasy', 'Adult', 'Speculative Fiction', 'Young Adult']",English,w;m;m
The HarperCollins Study Bible: Fully Revised & Updated,"Anonymous, Harold W. Attridge, Society Of Biblical Literature",4.37,"['Religion', 'Christianity', 'Christian', 'Nonfiction', 'Theology', 'Reference', 'Mythology', 'Classics', 'Poetry', 'Judaism']",English,unknown;m;unknown
"Batman: Knightfall, Part One: Broken Bat","Doug Moench, Chuck Dixon , Alan Grant, Dennis O'Neil, more…",4.09,"['Comics', 'Graphic Novels', 'Batman', 'Dc Comics', 'Comic Book', 'Graphic Novels Comics', 'Fiction', 'Superheroes', 'Comix', 'Fantasy']",English,m;m;m;m;unknown
شوق الدرويش,"حمور زيادة , Hammour Ziada",3.95,"['Fiction', 'Novels', 'Historical Fiction', 'Sudan', 'Literature', 'Audiobook', 'Unfinished', 'Historical', 'Contemporary', 'Cultural']",Arabic,unknown;unknown
People of the Fire,"W. Michael Gear, Kathleen O'Neal Gear",3.96,"['Fiction', 'Historical', 'Historical Fiction', 'Fantasy', 'Prehistoric', 'Prehistory', 'Native Americans', 'Adult', 'Historical Fantasy', 'Romance']",English,unknown;w
الملك أوديب,"Tawfiq Al-Hakim, توفيق الحكيم",3.9,"['Theatre', 'History', 'Drama', 'Plays', 'Literature']",Arabic,m;unknown
My Story,"Marilyn Monroe, Ben Hecht, Joshua Green",4.06,"['Nonfiction', 'Biography', 'Memoir', 'Autobiography', 'Biography Memoir', 'History', 'Media Tie In', 'Womens', 'Art', 'Film']",English,w;m;m
Under the Hawthorn Tree,"Ai Mi, 艾米",3.59,"['Historical Fiction', 'Fiction', 'Romance', 'China', 'Asia', 'Historical', 'Adult Fiction', 'Asian Literature', 'Modern Classics', 'Chinese Literature']",English,w;unknown
The Element: How Finding Your Passion Changes Everything,"Ken Robinson, Lou Aronica",3.89,"['Nonfiction', 'Education', 'Self Help', 'Psychology', 'Personal Development', 'Business', 'Philosophy', 'Audiobook', 'Inspirational', 'Teaching']",English,m;mostly_male
The Evil We Love,"Cassandra Clare , Robin Wasserman",4.09,"['Fantasy', 'Young Adult', 'Short Stories', 'Paranormal', 'Urban Fantasy', 'Novella', 'Angels', 'Supernatural', 'Magic', 'Romance']",English,w;mostly_male
شهرزاد,"Tawfiq Al-Hakim, توفيق الحكيم",3.62,"['Plays', 'Drama', 'Classics', 'Literature', 'Fiction', 'Novels', 'Theatre']",,m;unknown
A Daughter of Zion,"Bodie Thoene , Brock Thoene",4.39,"['Historical Fiction', 'Christian Fiction', 'Christian', 'Historical', 'Fiction', 'Adult Fiction', 'Romance', 'Inspirational', 'Christian Romance', 'Israel']",English,unknown;m
Dracula the Un-Dead,"Dacre Stoker, Ian Holt",3.13,"['Horror', 'Vampires', 'Fiction', 'Fantasy', 'Historical Fiction', 'Paranormal', 'Supernatural', 'Gothic', 'Thriller', 'Historical']",English,unknown;m
Airport,"Arthur Hailey, Aldo Barilli, Mario Colombo, Neo Cirillo",3.96,"['Fiction', 'Thriller', 'Suspense', 'Novels', 'Adventure', 'Classics', 'Aviation', 'Drama', 'Contemporary', 'Mystery']",English,m;m;m;unknown
The Gates of Zion,"Bodie Thoene , Brock Thoene",4.3,"['Historical Fiction', 'Christian Fiction', 'Fiction', 'Christian', 'Historical', 'Romance', 'Adult Fiction', 'Inspirational', 'Christian Romance', 'Israel']",English,unknown;m
Who He Is,"S.Q. Williams, Shanora Williams",4.08,"['Romance', 'New Adult', 'Music', 'Contemporary', 'Contemporary Romance', 'Abuse', 'Musicians', 'College', 'Young Adult', 'Erotica']",English,unknown;unknown
The Key to Zion,"Bodie Thoene , Brock Thoene",4.38,"['Historical Fiction', 'Christian Fiction', 'Fiction', 'Christian', 'Historical', 'Adult Fiction', 'Inspirational', 'Romance', 'Christian Romance', 'Israel']",English,unknown;m
The Return to Zion,"Bodie Thoene , Brock Thoene",4.39,"['Historical Fiction', 'Christian Fiction', 'Fiction', 'Christian', 'Historical', 'Adult Fiction', 'Inspirational', 'Christian Romance', 'Romance', 'War']",English,unknown;m
Everyone's a Aliebn When Ur a Aliebn Too,"Jomny Sun, Jonny Sun",4.07,"['Graphic Novels', 'Fiction', 'Comics', 'Science Fiction', 'Poetry', 'Graphic Novels Comics', 'Humor', 'Young Adult', 'Fantasy', 'Adult']",English,unknown;m
Mindfulness: An Eight-Week Plan for Finding Peace in a Frantic World,"J. Mark G. Williams, Danny Penman",3.95,"['Nonfiction', 'Psychology', 'Self Help', 'Personal Development', 'Spirituality', 'Health', 'Philosophy', 'Mental Health', 'Buddhism', 'Unfinished']",English,unknown;m
A Light in Zion,"Bodie Thoene , Brock Thoene",4.37,"['Historical Fiction', 'Christian Fiction', 'Fiction', 'Christian', 'Historical', 'Adult Fiction', 'Inspirational', 'Romance', 'Christian Romance', 'War']",English,unknown;m
الحب في المنفى,"Bahaa Taher, بهاء طاهر",3.82,"['Novels', 'Fiction', 'Egypt', 'Romance', 'Politics', 'Literature', 'Romantic']",Arabic,unknown;unknown
Горе от ума,"Alexander Griboyedov, Александр Сергеевич Грибоедов",4.14,"['Russia', 'Classics', 'Russian Literature', 'Fiction', 'Plays', 'Poetry', 'Drama', 'School', 'Theatre', '19th Century']",Russian,m;unknown
Soulbound,"Heather Brewer , Z Brewer",4.06,"['Fantasy', 'Romance', 'Young Adult', 'Paranormal', 'Magic', 'Adventure', 'Dystopia', 'Vampires', 'Fiction', 'High Fantasy']",English,w;unknown
"Alice in the Country of Hearts, Vol. 01","QuinRose, Soumei Hoshino",4.2,"['Manga', 'Fantasy', 'Graphic Novels', 'Romance', 'Young Adult', 'Comics', 'Anime', 'Shojo', 'Comics Manga', 'Graphic Novels Manga']",English,unknown;unknown
"Fables: The Deluxe Edition, Book One","Bill Willingham  (Writer), more…",4.3,"['Graphic Novels', 'Comics', 'Fantasy', 'Graphic Novels Comics', 'Fiction', 'Fairy Tales', 'Comic Book', 'Urban Fantasy', 'Fables', 'Mystery']",English,m;unknown
Chloe Plus Olivia: An Anthology of Lesbian Literature from the Seventeenth Century to the Present,"Lillian Faderman  (Editor), Sarah Ponsonby, Anna Seward, Emily Dickinson, Christina Rossetti, Mary E. Wilkins Freeman, Katherine Bradley, Edith Cooper, more…",4.01,"['LGBT', 'Queer', 'Fiction', 'Lesbian', 'Anthologies', 'Feminism', 'Poetry', 'Short Stories', 'Gay', 'Literature']",English,w;w;w;w;w;mostly_female;w;w;unknown
Faith of Our Fathers: A House Divided,"N.C. Allen, Nancy Campbell Allen",4.15,"['Historical Fiction', 'Lds', 'Lds Fiction', 'Fiction', 'Historical', 'Religion', 'Christian Fiction', 'War', 'Civil War', 'Novels']",English,unknown;w
التبر,"إبراهيم الكوني, Ibrahim al-Koni",3.88,"['Fiction', 'Novels', 'Africa', 'Literature', 'Libya', '20th Century', 'African Literature', 'Northern Africa']",Arabic,unknown;m
الأعمال الشعرية الكاملة,"Mahmoud Darwish, محمود درويش",4.46,"['Poetry', 'Nonfiction', 'Literature']",Arabic,m;unknown
Son of Hamas,"Mosab Hassan Yousef, مصعب حسن يوسف",4.15,"['Nonfiction', 'Biography', 'History', 'Politics', 'Memoir', 'Christian', 'Islam', 'Religion', 'Israel', 'Autobiography']",English,unknown;unknown
The Lost Warrior,"Erin Hunter (Creator), Dan Jolley",4.12,"['Manga', 'Graphic Novels', 'Fantasy', 'Animals', 'Comics', 'Cats', 'Middle Grade', 'Childrens', 'Fiction', 'Young Adult']",English,mostly_female;m
The 50th Law,"50 Cent, Robert Greene",4.15,"['Business', 'Self Help', 'Nonfiction', 'Psychology', 'Philosophy', 'Personal Development', 'Biography', 'Leadership', 'Audiobook', 'Entrepreneurship']",English,unknown;m
دعاء الكروان,"Taha Hussein, طه حسين",3.94,"['Fiction', 'Novels', 'Media Tie In', 'Classics', 'Literature', 'Egypt', 'Egyptian Literature', 'Romance', 'Drama']",Arabic,m;unknown
The Voicemail of Magnus Bane,"Cassandra Clare , Sarah Rees Brennan , Maureen Johnson",4.1,"['Fantasy', 'Young Adult', 'Short Stories', 'Paranormal', 'Urban Fantasy', 'Romance', 'Magic', 'Novella', 'Vampires', 'LGBT']",English,w;w;w
Success Through a Positive Mental Attitude,"Napoleon Hill, W. Clement Stone",4.34,"['Self Help', 'Personal Development', 'Nonfiction', 'Business', 'Psychology', 'Inspirational', 'Audiobook', 'Philosophy', 'Leadership', 'Health']",English,m;unknown
Smart Boys & Fast Girls,"Stephie Davis, Stephanie Rowe",3.76,"['Young Adult', 'Romance', 'Contemporary', 'Chick Lit', 'High School', 'Young Adult Romance', 'Sports', 'Contemporary Romance', 'Teen', 'Sports Romance']",English,unknown;w
The Top 500 Poems,"William Harmon (Editor), more…",4.15,"['Poetry', 'Classics', 'Reference', 'Anthologies', 'Fiction', 'Literature', '20th Century', '19th Century', '18th Century', '17th Century']",English,m;unknown
The Voices of a Distant Star,"Makoto Shinkai (Concept by), Mizu Sahara",4.02,"['Manga', 'Science Fiction', 'Romance', 'Graphic Novels', 'Comics', 'Seinen', 'Japanese Literature', 'Fiction', 'Comics Manga', 'Young Adult']",English,mostly_male;unknown
Warrior's Refuge,"Erin Hunter (Creator), Dan Jolley",4.13,"['Manga', 'Graphic Novels', 'Fantasy', 'Animals', 'Cats', 'Comics', 'Fiction', 'Childrens', 'Middle Grade', 'Adventure']",English,mostly_female;m
Warrior's Return,"Erin Hunter (Creator), Dan Jolley",4.2,"['Manga', 'Fantasy', 'Graphic Novels', 'Animals', 'Cats', 'Comics', 'Middle Grade', 'Childrens', 'Fiction', 'Adventure']",English,mostly_female;m
"Nyx in the House of Night: Mythology, Folklore and Religion in the PC and Kristin Cast Vampyre Series","P.C. Cast  (Editor), Karen Mahoney , more…",4.12,"['Vampires', 'Young Adult', 'Fantasy', 'Paranormal', 'Mythology', 'Magic', 'Urban Fantasy', 'Paranormal Romance', 'Fiction', 'Romance']",English,unknown;w;unknown
قصص من العالم الاخر: القط الأسود,"Edgar Allan Poe, إدجار آلان بو",3.92,"['Horror', 'Classics', 'Short Stories', 'Fiction', 'Mystery', 'Novels', 'School', 'Crime', 'American', 'Thriller']",Arabic,m;unknown
Cupid and Psyche,"Apuleius, Edward John Kenney",4.12,"['Classics', 'Mythology', 'Fiction', 'Romance', 'Fantasy', 'School', 'Short Stories', 'Read For School', 'Classic Literature', 'Italian Literature']",English,unknown;m
Ποιήματα,"Yorgos Seferis, Γιώργος Σεφέρης",4.6,['Poetry'],"Greek, Modern (1453-)",unknown;unknown
The Stars for a Light,"Lynn Morris, Gilbert Morris",4.12,"['Christian Fiction', 'Historical Fiction', 'Christian', 'Fiction', 'Historical', 'Romance', 'Adult Fiction', 'Christian Romance', 'Mystery', 'Adult']",English,mostly_female;m
"Fables: The Deluxe Edition, Book Two","Bill Willingham  (Writer), more…",4.33,"['Graphic Novels', 'Comics', 'Fantasy', 'Fiction', 'Graphic Novels Comics', 'Fairy Tales', 'Fables', 'Comic Book', 'Urban Fantasy', 'Magic']",English,m;unknown
Jesus the Son of Man,"Kahlil Gibran, جبران خليل جبران",3.99,"['Religion', 'Poetry', 'Philosophy', 'Fiction', 'Christianity', 'Spirituality', 'Literature', 'Classics', 'Christian', 'Theology']",English,unknown;unknown
GOLD Manga,"Anne Bernadette Castueras, Alyloony , Aril Daine , HaveYouSeenThisGirL",4.45,['Manga'],Filipino; Pilipino,w;unknown;m;unknown
"The Walking Dead, Vol. 7: The Calm Before","Robert Kirkman, Charlie Adlard, Cliff Rathburn",4.26,"['Graphic Novels', 'Comics', 'Horror', 'Zombies', 'Fiction', 'Graphic Novels Comics', 'Post Apocalyptic', 'Comic Book', 'Dystopia', 'Science Fiction']",English,m;mostly_male;m
The Legend of Sleepy Hollow and Other Stories,"Washington Irving, William L. Hedges",3.95,"['Classics', 'Fiction', 'Horror', 'Short Stories', 'Fantasy', 'Literature', 'Gothic', 'American', 'Historical Fiction', 'Classic Literature']",English,unknown;m
The Dream Giver,"Bruce H. Wilkinson, David Kopp, Heather Harpham Kopp",4.26,"['Christian', 'Self Help', 'Nonfiction', 'Inspirational', 'Personal Development', 'Spirituality', 'Business', 'Faith', 'Christianity', 'Religion']",English,m;m;w
Return to the Clans,"Erin Hunter (Creator), Dan Jolley",4.16,"['Manga', 'Fantasy', 'Graphic Novels', 'Animals', 'Cats', 'Fiction', 'Comics', 'Middle Grade', 'Childrens', 'Adventure']",English,mostly_female;m
"Scott Pilgrim, Volume 3: Scott Pilgrim & The Infinite Sadness","Bryan Lee O'Malley (Writer, Artist)",4.29,"['Graphic Novels', 'Comics', 'Fiction', 'Young Adult', 'Humor', 'Graphic Novels Comics', 'Manga', 'Fantasy', 'Romance', 'Comic Book']",English,m;unknown
People of the Earth,"W. Michael Gear, Kathleen O'Neal Gear",4.14,"['Historical Fiction', 'Fiction', 'Historical', 'Fantasy', 'Prehistoric', 'Prehistory', 'Native Americans', 'Adult', 'Anthropology', 'Adventure']",English,unknown;w
When God Writes Your Love Story,"Eric Ludy , Leslie Ludy",4.1,"['Christian', 'Nonfiction', 'Relationships', 'Marriage', 'Christian Living', 'Christianity', 'Faith', 'Christian Non Fiction', 'Spirituality', 'Religion']",English,m;mostly_female
The Living Dead,"John Joseph Adams  (Editor), Joe Hill , George R.R. Martin, Clive Barker , Neil Gaiman , Laurell K. Hamilton , Joe R. Lansdale, Poppy Z. Brite , more…",3.85,"['Horror', 'Zombies', 'Short Stories', 'Fiction', 'Anthologies', 'Fantasy', 'Science Fiction', 'Post Apocalyptic', 'Apocalyptic', 'Adult']",English,m;m;m;m;m;unknown;m;w;unknown
Το λάθος,"Antonis Samarakis, Αντώνης Σαμαράκης",4.32,"['Fiction', 'Literature', 'Classics', 'Greece', 'Mystery', 'Novels', '20th Century', 'Thriller', 'Politics', 'Contemporary']","Greek, Modern (1453-)",m;unknown
The Bat,"Mary Roberts Rinehart, Avery Hopwood",3.61,"['Mystery', 'Fiction', 'Classics', 'Audiobook', 'Mystery Thriller', 'Plays', 'Cozy Mystery', 'Suspense', '20th Century', 'Crime']",English,mostly_female;andy
The Medium is the Massage: An Inventory of Effects,"Marshall McLuhan, Jerome Agel, Quentin Fiore",3.95,"['Nonfiction', 'Philosophy', 'Design', 'Art', 'Sociology', 'Theory', 'Technology', 'Psychology', 'Cultural', 'Politics']",English,m;m;m
The Ripper,"L.J. Smith  (Creator), Kevin Williamson, Julie Plec",4.24,"['Vampires', 'Young Adult', 'Fantasy', 'Paranormal', 'Supernatural', 'Romance', 'Fiction', 'Paranormal Romance', 'Urban Fantasy', 'Horror']",English,unknown;m;w
The Compelled,"L.J. Smith  (Creator), Kevin Williamson, Julie Pec",4.16,"['Vampires', 'Young Adult', 'Fantasy', 'Paranormal', 'Romance', 'Supernatural', 'Fiction', 'Paranormal Romance', 'Urban Fantasy', 'Witches']",English,unknown;m;w
The Asylum,"L.J. Smith  (Creator), Kevin Williamson, Julie Plec",4.13,"['Vampires', 'Young Adult', 'Fantasy', 'Paranormal', 'Romance', 'Supernatural', 'Fiction', 'Urban Fantasy', 'Paranormal Romance', 'Horror']",English,unknown;m;w
Multiple Bles8ings: Surviving to Thriving with Twins and Sextuplets,"Jon Gosselin, Kate Gosselin, Beth Carson",3.33,"['Nonfiction', 'Biography', 'Memoir', 'Autobiography', 'Parenting', 'Biography Memoir', 'Christian', 'Family', 'Adult', 'Christianity']",English,m;w;w
تلك العتمة الباهرة,"Tahar Ben Jelloun, الطاهر بن جلون",4.28,"['Fiction', 'Novels', 'Morocco', 'Historical Fiction', 'Africa', 'Literature', 'France', 'Literary Fiction', 'Contemporary', 'Moroccan']",Arabic,m;unknown
The Kalevala,"Elias Lönnrot, Anonymous",4.06,"['Poetry', 'Mythology', 'Classics', 'Fiction', 'Fantasy', 'Finnish Literature', 'Folklore', 'Epic', 'Literature', 'Scandinavian Literature']",English,m;unknown
Dizzy,"Nyrae Dawn , Jolene Perry",3.74,"['Young Adult', 'Romance', 'Contemporary', 'New Adult', 'High School', 'Chick Lit', 'Contemporary Romance', 'Young Adult Romance', 'Humor', 'Fiction']",English,unknown;w
Chuang Tzu: Basic Writings,"Zhuangzi, Burton Watson",4.27,"['Philosophy', 'Nonfiction', 'Religion', 'Classics', 'Spirituality', 'China', 'Taoism', 'Eastern Philosophy', 'History', 'Asia']",English,unknown;m
"Chicken Soup for the Teenage Soul: The Real Deal Friends: Best, Worst, Old, New, Lost, False, True and More (Chicken Soup for the Soul)","Jack Canfield, Mark Victor Hansen, Deborah Reber",3.97,"['Nonfiction', 'Self Help', 'Inspirational', 'Short Stories', 'Romance', 'Teen']",English,m;m;w
Passionate Housewives Desperate for God: Fresh Vision for the Hopeful Homemaker,"Jennie Chancey, Stacy McDonald",4.01,"['Marriage', 'Christian', 'Nonfiction', 'Christian Living', 'Christianity', 'Family', 'Christian Non Fiction', 'Womens', 'Parenting', 'Religion']",English,w;mostly_female
Prom Nights from Hell,"Meg Cabot , Kim Harrison , Michele Jaffe , Stephenie Meyer, Lauren Myracle",3.27,"['Young Adult', 'Fantasy', 'Paranormal', 'Short Stories', 'Romance', 'Vampires', 'Anthologies', 'Urban Fantasy', 'Fiction', 'Horror']",English,w;mostly_female;w;unknown;mostly_female
Bite,"Laurell K. Hamilton , Charlaine Harris , MaryJanice Davidson , Angela Knight, Vickie Taylor",3.77,"['Paranormal', 'Vampires', 'Urban Fantasy', 'Fantasy', 'Anthologies', 'Romance', 'Paranormal Romance', 'Short Stories', 'Fiction', 'Horror']",English,unknown;w;unknown;w;w
Island: The Complete Stories,"Alistair MacLeod, پ",4.2,"['Short Stories', 'Fiction', 'Canada', 'Literature', 'Canadian Literature', 'Contemporary', 'Literary Fiction', 'Unfinished', 'Scotland', 'School']",English,m;unknown
The Family Nobody Wanted,"Helen GrigsDoss, Mary Battenfeld",4.3,"['Nonfiction', 'Adoption', 'Memoir', 'Biography', 'Family', 'Biography Memoir', 'Classics', 'Christian', 'History', 'Parenting']",English,w;mostly_female
Shadow Fires,"Leigh Nichols (Pseudonym), Dean Koontz",3.78,"['Horror', 'Fiction', 'Thriller', 'Suspense', 'Mystery', 'Mystery Thriller', 'Audiobook', 'Paranormal', 'American', 'Science Fiction']",English,mostly_female;m
London Refrain,"Bodie Thoene , Brock Thoene",4.35,"['Historical Fiction', 'Christian Fiction', 'Christian', 'Fiction', 'Historical', 'World War II', 'Romance', 'Inspirational', 'Holocaust', 'Christian Romance']",English,unknown;m
Paris Encore,"Bodie Thoene , Brock Thoene",4.31,"['Historical Fiction', 'Christian Fiction', 'Christian', 'Fiction', 'World War II', 'Historical', 'Holocaust', 'Christian Romance', 'Romance', 'Relationships']",English,unknown;m
Dunkirk Crescendo,"Bodie Thoene , Brock Thoene",4.34,"['Historical Fiction', 'Christian Fiction', 'Christian', 'Fiction', 'World War II', 'Historical', 'Inspirational', 'Romance', 'Christian Romance', 'Holocaust']",English,unknown;m
Tales of Hoffmann,"E.T.A. Hoffmann, Stella Humphries, Vernon Humphries",4.08,"['Short Stories', 'Classics', 'Fiction', 'Horror', 'Fantasy', 'German Literature', 'Germany', '19th Century', 'Gothic', 'Literature']",English,unknown;w;m
Highland Thirst,"Hannah Howell , Lynsay Sands",4.26,"['Paranormal Romance', 'Romance', 'Vampires', 'Historical Romance', 'Historical', 'Paranormal', 'Anthologies', 'Fantasy', 'Scotland', 'Fiction']",English,w;unknown
Man and His Symbols,"C.G. Jung, Joseph L. Henderson, Aniela Jaffé, Jolande Jacobi, Marie-Louise von Franz",4.19,"['Psychology', 'Nonfiction', 'Philosophy', 'Science', 'Mythology', 'Classics', 'Religion', 'Psychoanalysis', 'Spirituality', 'Reference']",English,unknown;m;w;w;unknown
Calamity Jack,"Shannon Hale , Dean Hale",3.9,"['Graphic Novels', 'Fantasy', 'Fairy Tales', 'Young Adult', 'Adventure', 'Comics', 'Fiction', 'Middle Grade', 'Childrens', 'Steampunk']",English,mostly_female;m
Apocalypse Culture II,"Adam Parfrey (Editor), Colin Wilson, George Petros, Chris Campion , Robert Sterling, David Woodard, Dan Kelly, Wes Thomas, more…",4.05,"['Nonfiction', 'Essays', 'True Crime', 'Anthologies', 'History', 'Esoterica', 'Cultural', 'Apocalyptic', 'Counter Culture', 'Conspiracy Theories']",English,m;m;m;mostly_male;m;m;m;m;unknown
Vacations from Hell,"Libba Bray , Cassandra Clare , Claudia Gray , Maureen Johnson , Sarah Mlynowski",3.5,"['Young Adult', 'Short Stories', 'Fantasy', 'Paranormal', 'Anthologies', 'Romance', 'Vampires', 'Horror', 'Supernatural', 'Urban Fantasy']",English,unknown;w;w;w;w
Survivor In Death,"J.D. Robb , Nora Roberts",4.4,"['Mystery', 'Romance', 'Crime', 'Fiction', 'Romantic Suspense', 'Futuristic', 'Suspense', 'Science Fiction', 'Thriller', 'Mystery Thriller']",English,unknown;w
Into the Tiger's Jaw: America's First Black Marine Aviator: The Autobiography of Lt. Gen. Frank E. Petersen,"Frank E. Petersen, J. Alfred Phelps",4.05,"['Military Fiction', 'Biography Memoir', 'Nonfiction']",English,m;unknown
"The Essential Groucho: Writings By, For, and about Groucho Marx","Groucho Marx, T.S. Eliot",3.87,"['Nonfiction', 'Humor', 'Biography', 'Memoir', 'Comedy', 'Essays', 'Film', 'American', 'Anthologies']",English,unknown;unknown
Tex,"S.E. Hinton , Miguel Martinez-Lage",3.84,"['Young Adult', 'Fiction', 'Classics', 'Realistic Fiction', 'Coming Of Age', 'Teen', 'Contemporary', 'Childrens', 'Drama', 'Novels']",English,unknown;m
The Bronte Sisters - The Complete Novels + Extras,"Anne Brontë, Emily Brontë, Charlotte Brontë",4.4,"['Classics', 'Fiction', 'Romance', 'Collections', 'Historical Fiction', 'Poetry', '19th Century', 'Historical', 'Novels', 'Anthologies']",English,w;w;w
Betrayal in Death,"J.D. Robb , Nora Roberts",4.31,"['Mystery', 'Romance', 'Crime', 'Fiction', 'Futuristic', 'Romantic Suspense', 'Suspense', 'Science Fiction', 'Thriller', 'Mystery Thriller']",English,unknown;w
Pulled,"Amy Lichtenhan , A.L. Jackson",3.93,"['Romance', 'Contemporary Romance', 'Contemporary', 'New Adult', 'Abuse', 'Young Adult', 'Adult', 'Fiction', 'Drama', 'Chick Lit']",English,w;unknown
Raising Abel,"W. Michael Gear, Kathleen O'Neal Gear",4.05,"['Fiction', 'Mystery', 'Thriller', 'Science Fiction', 'Historical Fiction', 'German Literature']",English,unknown;w
The Terrible Tudors,"Terry Deary, Neil Tonge",4.03,"['History', 'Nonfiction', 'Childrens', 'Historical', 'Humor', 'Tudor Period', 'British Literature', '20th Century', 'Education', 'Medieval']",English,mostly_male;m
Beauty's Release,"A.N. Roquelaure (Pseudonym), Anne Rice",3.71,"['Erotica', 'Fiction', 'Fantasy', 'Romance', 'BDSM', 'Adult', 'Fairy Tales', 'Adult Fiction', 'Sexuality', 'Chick Lit']",English,unknown;w
Les Récrés du Petit Nicolas,"René Goscinny, Jean-Jacques Sempé",4.24,"['Childrens', 'France', 'Fiction', 'Humor', 'Classics', 'Short Stories', 'French Literature', 'Comedy', '20th Century', 'School']",French,m;unknown
Nirmala,"Munshi Premchand, मुंशी प्रेमचंद",4.1,"['Fiction', 'India', 'Classics', 'Indian Literature', 'Novels', 'Literature', 'Drama', 'Society', 'Feminism', 'Asian Literature']",English,unknown;unknown
Indie Bites,"Steve Roach (Editor/Contributor), more…",4.2,[],English,m;unknown
تاریخ مختصر جهان,"A.Z. Manfred, محمدتقی فرامرزی",3.4,[],Persian,unknown;unknown
"No Place to Call Home, the Memories of a Polish Survivor of the Soviet Gulag","Stanley J. Kowalski, K. Alexandra Everist",3.33,[],English,m;unknown
9-11,"Noam Chomsky, more…",3.73,"['Politics', 'Nonfiction', 'History', 'Philosophy', 'Political Science', 'War', 'Sociology', 'Terrorism', 'Essays', 'United States']",English,mostly_male;unknown
Bagaikan Khadijah di Hati Rasulullah,"Zamri Mohamad, Imran Yusuf",4.25,['Islam'],Malay,unknown;m
Mocha Chocolate: Taste A Piece Of Ecstasy,"Shani Greene-Dowdell , Landis Y. Lain, Shanay Nae, Joi Marsh, Chloe R., C. Nicole, Larry Wilson, David Williams, more…",4.32,['Anthologies'],English,w;unknown;unknown;unknown;w;unknown;m;m;unknown
American Terrorist: Timothy McVeigh & the Oklahoma City Bombing,"Lou Michel, Dan Herbeck",4.01,"['True Crime', 'Nonfiction', 'Crime', 'Biography', 'History', 'Terrorism', 'American History', 'Biography Memoir', 'Politics', 'Journalism']",English,mostly_male;m
Still Life With Rice: A Young American Woman Discovers the Life and Legacy of Her Korean Grandmother,"Helie Lee, Hetie Lee",4.25,"['Nonfiction', 'Memoir', 'Asia', 'Biography', 'History', 'Biography Memoir', 'Asian Literature', 'Adult', 'Historical', 'Book Club']",English,unknown;unknown
The Wu-Tang Manual,"The RZA, Chris Norris",4.08,"['Music', 'Nonfiction', 'Hip Hop', 'Biography', 'Philosophy', 'Memoir', 'African American', 'Autobiography', 'Pop Culture']",English,mostly_female;mostly_male
Catatan Hati di Setiap Sujudku,"Asma Nadia , BeHaryanti Dewi , Nita Candra",3.96,"['Indonesian Literature', 'Novels', 'True Story']",Indonesian,w;unknown;w
الأعمال الجديدة,"Mahmoud Darwish, محمود درويش",4.57,['Poetry'],Arabic,m;unknown
مؤلفات مختارة,"Anton Chekhov, أنطون تشيخوف",4.33,"['Russian Literature', 'Literature', 'Novels', 'Russia']",,m;unknown
موت سرير رقم 12,"Ghassan Kanafani, غسان كنفاني",4.07,"['Short Stories', 'Fiction', 'Novels', '20th Century', 'Literature', 'Classics', 'Novella', 'Historical Fiction']",Arabic,m;unknown
Т,"Victor Pelevin, Виктор Пелевин",3.9,"['Fiction', 'Russia', 'Modern', 'Contemporary', 'Literature', 'Adventure', 'Humor', 'Magical Realism', 'Russian Literature']",Russian,m;unknown
A Tough Call,"Bob Dixon, Will Jones",4.63,[],English,m;mostly_male
The Hardy Boyz: Exist 2 Inspire,"Matt Hardy, Jeff Hardy, Michael Krugman",3.91,"['Biography', 'Nonfiction', 'Sports', 'Autobiography', 'Memoir', 'Biography Memoir']",English,m;m;m
When Heaven and Earth Changed Places: A Vietnamese Woman's Journey from War to Peace,"Le Ly Hayslip, Jay Wurts",4.13,"['Nonfiction', 'Memoir', 'History', 'War', 'Biography', 'Asia', 'Biography Memoir', 'Autobiography', 'Historical', 'Cultural']",English,mostly_female;m
Gigolos Get Lonely Too,"Roy Glenn , Roy Glenn , Jihad , Travis Hunter",3.85,[],English,m;m;m;m
The Best of Both Worlds of Essie: Island Style Novel,"Luke A.M. Brown , Berthalicia Fonseca-Brown",5.0,[],English,m;unknown
The Story Adult Curriculum Participant's Guide: Getting to the Heart of God's Story,"Randy Frazee, Max Lucado , Sherry Harney, Kevin G. Harney",4.3,"['Christian', 'Nonfiction', 'Christianity', 'Christian Living']",English,mostly_male;m;w;m
The Malay Dilemma,"Mahathir Mohamad, مهاتير محمد",3.86,"['Nonfiction', 'Politics', 'History', 'Asia', 'Research', 'Political Science']",English,unknown;unknown
"Simplicity Parenting: Using the Extraordinary Power of Less to Raise Calmer, Happier, and More Secure Kids","Kim John Payne, Lisa M. Ross",4.18,"['Parenting', 'Nonfiction', 'Childrens', 'Self Help', 'Education', 'Audiobook', 'Family', 'Psychology', 'Adult', 'Reference']",English,mostly_female;w
"In the Darkness, Hunting","Janrae Frank, Jessica Amanda Salmonson, Lyn McConchie",4.75,[],English,unknown;w;mostly_female
என் பெயர் ராமசேஷன் (En Peyar Ramaseshan),"Aadhavan, ஆதவன்",4.27,['Fiction'],,unknown;unknown
The Intimate Merton: His Life from His Journals,"Thomas Merton, Patrick Hart, Jonathan Montaldo",4.26,"['Spirituality', 'Theology', 'Biography', 'Memoir', 'Religion', 'Nonfiction', 'Autobiography', 'History', 'Catholic', 'Journal']",English,m;m;m
Beautiful Mistake,"Sefryana Khairil , Prisca Primasari",3.51,"['Romance', 'Indonesian Literature', 'Chick Lit', 'Fiction', 'Novels', 'Young Adult', 'Drama']",Indonesian,unknown;w
What Are YOU Waiting For?: 11 Action Steps to Giving Yourself the Green Light in Life!,"Eugene Bell Jr., Shaun Baron, Cecil E. Rudd",3.71,[],English,m;m;m
Alphabet Living,"Dr. Bee , Hobo Dan",4.84,[],English,unknown;unknown
Maïna,"Dominique Demers, Leonard W. Sugden",3.66,"['France', 'Romance', 'Young Adult', 'Roman', 'Fiction', 'Historical Fiction', 'School']",,andy;m
Amber House,"Kelly Moore, Tucker Reed, Larkin Reed",3.9,"['Young Adult', 'Fantasy', 'Paranormal', 'Mystery', 'Ghosts', 'Romance', 'Gothic', 'Historical Fiction', 'Time Travel', 'Supernatural']",English,mostly_female;m;unknown
Love on the Dark Side,"Mathilde Madden, Olivia Knight, Teresa Noelle Roberts , Portia Da Costa , Mae Nixon, Angel Blake, Kristina Lloyd , Sophie Mouette, more…",3.69,"['Paranormal', 'Erotica', 'Romance', 'Anthologies', 'Paranormal Romance']",English,w;w;w;w;w;m;w;w;unknown
صورة المرأة فى تاريخ الفنون,"محمد تاج, وائل غالي",2.7,['Art'],Arabic,unknown;unknown
Bobby Whitlock: A Rock 'n' Roll Autobiography,"BobWhitlock, Marc Roberty",3.98,['Music'],English,unknown;m
The Chronicles of Articia: Children of the Dead,"K.D. Enos, Edward Enos",4.18,[],English,unknown;m
"The Story of My Making (The 'tel of The Earth, #1)","TL McGrath, Cal Marshall",4.0,[],English,unknown;m
Chongqing Burning,"Adam Najberg, Nie Yantang",3.77,[],English,m;unknown
Warpworld,"Kristene Perron , Joshua Simpson",4.22,"['Science Fiction', 'Fantasy', 'Fiction', 'Young Adult', 'Science Fiction Fantasy', 'Speculative Fiction']",English,unknown;m
In My Father's House,"Bodie Thoene , Brock Thoene",4.28,"['Historical Fiction', 'Christian Fiction', 'Fiction', 'Christian', 'Historical', 'Romance', 'Inspirational', 'Christian Romance', 'Adult Fiction', 'School']",English,unknown;m
The Long Haul: An Autobiography,"Myles Horton, Herbert R. Kohl, Judith Kohl",4.34,"['Education', 'Nonfiction', 'Memoir', 'Biography', 'Social Justice', 'Autobiography', 'History', 'Politics', 'Biography Memoir', 'Social Movements']",English,m;m;w
eFiction India Vol. 1 Issue 07,"Nikhil Sharda  (Managing Editor), more…",4.53,[],English,m;unknown
Bliss: An Anthology of Novellas,"Jamie Denton , Kathleen Shoop , S.K. McClafferty , Marcy Waldenville , J.D. Wylde",3.94,['Historical'],English,mostly_female;w;unknown;w;unknown
It Starts with Food: Discover the Whole30 and Change Your Life in Unexpected Ways,"Dallas Hartwig, Melissa Hartwig",4.09,"['Nonfiction', 'Health', 'Food', 'Nutrition', 'Cookbooks', 'Cooking', 'Self Help', 'Diets', 'Reference', 'Fitness']",English,mostly_male;w
Фантазии женщины средних лет,"Anatoly Toss, Анатолий Тосс",4.22,"['Fiction', 'Russian Literature']",Russian,m;unknown
Love in Disguise,"Julia Kent , Steena Holmes , Opal Carew , Vivi Anna , Cathryn Fox , Kate Laurens, D.L. Snow",3.92,"['Erotica', 'Anthologies', 'Contemporary Romance', 'Erotic Romance']",English,w;unknown;w;w;w;w;unknown
"Secrets in the Shallows (The Monastery Murders, #1)","Karen Vance Hammond , Kimberly Brouillette",4.36,[],English,w;mostly_female
"I, Partridge: We Need to Talk About Alan","Alan Partridge (Pen Name), Rob Gibbons, Neil Gibbons, Armando Iannucci, Steve Coogan",4.22,"['Humor', 'Fiction', 'Comedy', 'Audiobook', 'British Literature', 'Biography Memoir', 'Pop Culture', 'Novels', 'Tv', 'Modern']",English,m;m;m;m;m
Terapi Berpikir Positif,"إبراهيم الفقي, Ibrahim Elfiky",4.21,"['Psychology', 'Self Help', 'Nonfiction', 'Islam']",Indonesian,unknown;m
أوهام الشرق الأوسط,"Noam Chomsky, نعوم تشومسكي",3.83,"['Politics', 'Nonfiction', 'History']",Arabic,mostly_male;unknown
"Chicken Soup for the Soul: Miracles Happen: 101 Inspirational Stories about Hope, Answered Prayers, and Divine Intervention","Jack Canfield, Mark Victor Hansen, Amy Newmark",3.99,"['Inspirational', 'Nonfiction']",English,m;m;w
Shades of Fear,"Dara Ratner Rochlin (Editor), D.L. Scott, Tom Deady , more…",4.35,"['Horror', 'Short Stories', 'Fiction', 'Psychological Thriller', 'Dark']",English,w;unknown;m;unknown
A Gay Romance,"Gina A. Rogers , Kyle Adams",3.63,"['M M Romance', 'Humor', 'Mystery', 'Romance', 'Gay', 'Erotica', 'Shapeshifters', 'Paranormal', 'Contemporary', 'LGBT']",,w;mostly_female
His Name Was Not Listed,"Boris Vasilyev, Борис Васильев",4.57,"['Fiction', 'Classics', 'War', 'Historical Fiction', 'Russia']",English,m;unknown
Confessions of an Heiress: A Tongue-in-Chic Peek Behind the Pose,"Paris Hilton, Merle Ginsberg",2.94,"['Nonfiction', 'Biography', 'Memoir', 'Chick Lit', 'Autobiography', 'Biography Memoir', 'Tv', 'Fashion']",English,m;mostly_male
One Direction: A Year with One Direction,"One Direction, Niall Horan, Louis Tomlinson, Liam Payne, Harry Styles, Zayn Malik",4.76,"['Nonfiction', 'Music', 'Biography', 'Love']",,w;m;m;m;m;m
The Curiosities: A Collection of Stories,"Maggie Stiefvater , Brenna Yovanoff , Tessa Gratton",4.11,"['Short Stories', 'Fantasy', 'Young Adult', 'Anthologies', 'Paranormal', 'Fiction', 'Horror', 'Magic', 'Writing', 'Supernatural']",English,w;w;w
Neraka Kamboja 2: Siksa Dan Derita,"Haing Ngor, Roger Warner",4.23,['Biography'],Indonesian,unknown;m
Breakfast is Severed,"TyCobbsTeeth , Robert Smith",3.82,"['Short Stories', 'Horror']",,unknown;m
The LDS Scriptures: Unabridged Complete King James Version Holy Bible /The Book of Mormon / Doctrine and Covenants / The Pearl of Great Price,"The Church of Jesus Christ of Latter-day Saints, Joseph Smith Jr.",4.77,"['Nonfiction', 'Religion', 'Church', 'Lds', 'Christian', 'Reference', 'Scripture', 'Lds Non Fiction', 'Mormonism']",English,mostly_female;m
Dragon Age: The World of Thedas Volume 1,"David Gaider, Ben Gelinas , Mike Laidlaw",4.54,"['Fantasy', 'Video Games', 'Art', 'Gaming', 'Fiction', 'Reference', 'High Fantasy', 'Games', 'Epic Fantasy', 'Role Playing Games']",English,m;m;m
Endurance,"Jack Kilborn, J.A. Konrath",3.92,"['Horror', 'Thriller', 'Fiction', 'Suspense', 'Adult', 'Audiobook', 'Mystery', 'Supernatural', 'Splatterpunk', 'Mystery Thriller']",English,m;unknown
Delinquents,"Mary Elizabeth , Sarah Elizabeth, Sarah .",4.13,"['Romance', 'New Adult', 'Young Adult', 'Contemporary', 'Dark', 'High School', 'Contemporary Romance', 'Coming Of Age', 'Amazon', 'Realistic Fiction']",English,mostly_female;w;w
Left for Dead: My Journey Home from Everest,"Beck Weathers, Stephen G. Michaud",3.62,"['Nonfiction', 'Adventure', 'Mountaineering', 'Memoir', 'Biography', 'Travel', 'Survival', 'Climbing', 'History', 'Biography Memoir']",,unknown;m
Flower,"Elizabeth Craft, Shea Olsen",3.16,"['Young Adult', 'Romance', 'Contemporary', 'Fiction', 'New Adult', 'Young Adult Contemporary', 'Music', 'Contemporary Romance', 'Family', 'Love']",,w;andy
El Vivo,"Anna Starobinets, Анна Старобинец",3.41,"['Science Fiction', 'Dystopia', 'Russia', 'Fiction', 'Russian Literature', 'Fantasy', 'Contemporary', '21st Century', 'Cyberpunk']",Spanish,w;unknown
おやすみプンプン 1,"Inio Asano, 浅野いにお",4.25,"['Manga', 'Comics', 'Seinen', 'Fiction', 'Graphic Novels', 'Japanese Literature', 'Japan', 'Coming Of Age', 'Romance', 'Slice Of Life']",Japanese,unknown;unknown
Daughter of Persia: A Woman's Journey From Her Father's Harem Through the Islamic Revolution,"Sattareh Farman Farmaian, Dona Munker",4.1,"['Nonfiction', 'Biography', 'Memoir', 'History', 'Iran', 'Islam', 'Biography Memoir', 'Autobiography', 'Womens', 'Feminism']",English,unknown;w
فى طريق الأذى: من معاقل القاعدة إلى حواضن داعش,"يسري فودة, Yosri Fouda",3.67,"['Politics', 'Biography', 'Nonfiction', 'War', 'History']",Arabic,unknown;unknown
House Of Hope International Cookbook,"Denise Marie Mari , Lynn Marie Knapke , Aaron Shaun Brennan",4.33,[],English,w;mostly_female;m
البشموري,"سلوى بكر, Salwa Bakr",3.45,"['Novels', 'Literature', 'Egypt', 'Fiction', 'Historical Fiction']",Arabic,unknown;w
Перевернутое дерево,"Krishan Chander, Кришан Чандар",3.9,['Fantasy'],Russian,m;unknown
Transformation of the Psyche: The Symbolic Alchemy of the Spendor Solis,"Joseph L. Henderson, Dyane N. Sherwood",4.65,"['Alchemy', 'Psychology', 'Spirituality']",English,m;unknown
Summer's Sweet Embrace: A Sweet Romance Anthology,"Kim Strattford , Laurie Treacy , Christa MacDonald , Niki Mitchell , Michelle Ziegler , Jaylee Austin , Sheryl Winters , Melissa J. Crispin",3.95,[],English,mostly_female;w;w;w;w;unknown;w;w
هری پاتر و فرمان ققنوس - کتاب پنجم جلد سه از سه,"J.K. Rowling, ویدا اسلامیه, جی.کی. رولینگ",4.39,['Fantasy'],Persian,unknown;unknown;unknown
Violence and Social Orders: A Conceptual Framework for Interpreting Recorded Human History,"Douglass C. North, John Joseph Wallis, Barry R. Weingast",4.02,"['Economics', 'History', 'Political Science', 'Nonfiction', 'Politics', 'Sociology', 'World History', 'Academic', 'Philosophy', 'Society']",English,m;m;m
A Dream of Red Mansions,"Cao Xueqin, Kao Ngo",4.21,"['Fiction', 'Classics', 'China', 'Historical', 'Literature', '18th Century', 'Romance', 'Novels', 'Historical Fiction', 'Classic Literature']",English,mostly_male;unknown
Лунна дъга,"Sergey Pavlov, Сергей Павлов",4.19,[],Bulgarian,m;unknown
251 Things to Do in Tofino: And it is NOT just about Surfing,"Kait Fennell, Joe Martin, George Patterson, Josh Temple, Shawna Roberts, Sheila Orchiston, Markus Pukonen, Lisa Fletcher , more…",4.79,"['Nonfiction', 'Travel']",English,m;m;m;m;w;w;m;w;unknown
The Flip Side,"Shawn Johnson, A.L. Sonnichsen",3.96,"['Young Adult', 'Sports', 'Romance', 'Contemporary', 'Fiction', 'Realistic Fiction', 'High School', 'Teen', 'Young Adult Contemporary', 'Young Adult Romance']",English,mostly_male;unknown
"Subverting Syria: How CIA Contra Gangs and NGOs Manufacture, Mislabel and Market Mass Murder","Tony Cartalucci, Nile Bowie",4.67,['Politics'],English,m;unknown
The House of Night Series: Books 1-12,"P.C. Cast , Kristin Cast",4.34,"['Young Adult', 'Fantasy', 'Vampires', 'Paranormal', 'Fiction', 'Young Adult Fantasy', 'Urban Fantasy']",English,unknown;w
"A Search for God, Book I","Edgar Cayce, Members of Study Group #1 of the Association for Research & Enlightenment",4.13,[],English,m;unknown
Implementing Lean Software Development: From Concept to Cash,"Mary Poppendieck, Tom Poppendieck",4.17,"['Programming', 'Management', 'Technology', 'Software', 'Business', 'Computer Science', 'Nonfiction', 'Technical', 'Leadership', 'Coding']",English,mostly_female;m
"Avery and Me: Intuitive Healer, Skeptical Seeker, and a Life Transformed","Margaret Simeone, Avery Kanfer",5.0,[],,w;andy
Tree of Origin: What Primate Behavior Can Tell Us about Human Social Evolution,"Frans de Waal (Editor), Robin I.M. Dunbar, William C. McGrew",4.13,"['Science', 'Nonfiction', 'Evolution', 'Psychology', 'Animals', 'Anthropology']",English,m;mostly_male;m
Wedding Dreams,"Maggie Way , Iona Findley , Kristi Rose , K.M. Hodge , Lindzee Armstrong , Lita Lawson , Alix Nichols , Auriella Skye , more…",4.19,"['Contemporary Romance', 'Anthologies']",English,w;w;w;unknown;unknown;w;mostly_female;unknown;unknown
Right from the Start She Stole His Heart,"Prachi Gupta , Sanchit Garg",4.18,[],English,unknown;unknown
المحاكمة,"Franz Kafka, فرانز كافكا",3.6,"['Fiction', 'Literature', 'Comics', 'Graphic Novels', 'Classics', 'Horror', 'Novels', 'Philosophy', 'Graphic Novels Comics', 'Dystopia']",Arabic,m;unknown
The Essential Tao,"Thomas Cleary (Translator), Lao Tzu, Zhuangzi",4.11,"['Philosophy', 'Religion', 'Nonfiction', 'Taoism', 'Spirituality', 'Classics', 'Poetry', 'Eastern Philosophy', 'China', 'Buddhism']",,m;andy;unknown
Τα ποιήματα,"Constantinos P. Cavafy, Κ.Π. Καβάφης",4.81,"['Poetry', 'LGBT']","Greek, Modern (1453-)",unknown;unknown
सूरज का सातवाँ घोड़ा,"धर्मवीर भारती, Dharamvir Bharati",4.13,"['Fiction', 'Classics', 'Novels', 'India', 'Indian Literature']",Hindi,unknown;unknown
First Person: An Astonishingly Frank Self-Portrait by Russia's President,"Vladimir Putin, Nataliya Gevorkyan, Natalya Timakova, Andrei Kolesnikov",3.65,"['Russia', 'Politics', 'Biography', 'Nonfiction', 'History', 'Autobiography', 'Memoir', 'Collections', 'Biography Memoir']",English,m;w;w;m
Gemma the Gymnastic Fairy,"Daisy Meadows, Georgie Ripper",4.11,"['Fantasy', 'Childrens', 'Fairies', 'Chapter Books', 'Fiction', 'Magic', 'Adventure']",English,w;andy
Scoundrels,"Victor Cornwall, St. John Trevelyan",4.03,"['Humor', 'Fiction', 'Adventure', 'Historical', 'Comedy', 'Fantasy', 'Espionage', 'Historical Fiction']",English,m;unknown
Violent Ends,"Shaun David Hutchinson  (Editor), Kendare Blake , Steve Brezenoff, Delilah S. Dawson , Trish Doller , Margie Gelbwasser , E.M. Kokie , Cynthia Leitich Smith, more…",4.03,"['Young Adult', 'Contemporary', 'Short Stories', 'Realistic Fiction', 'Fiction', 'Anthologies', 'Teen', 'Young Adult Contemporary', 'Mental Health', 'High School']",English,m;unknown;m;w;w;w;unknown;w;unknown
Cross the Hall Magic,"V. Guyer , C. Guyer",4.37,"['Fantasy', 'Romance']",English,unknown;unknown
The Darcaelan Casebook Volume One,"Jake Hannam, James Mortimer, Elliott Johnson, Jake Hannam",5.0,[],English,m;m;m;m
Det handlar om kärlek,"Inger Edelfeldt, Mikael Engström, Lin Hallberg, Christina Herrström, Bo R. Holmberg, Maria Küchen, Gunilla Linn Persson, Eva Susso, more…",5.0,[],Swedish,w;m;w;w;m;w;w;w;unknown
എന്റെ കഥ | Ente Katha,"Kamala Suraiyya Das, Madhavikutty",3.71,"['Nonfiction', 'Autobiography', 'Biography', 'Indian Literature', 'Memoir', 'India', 'Feminism', 'Asia', 'Asian Literature', 'Mental Illness']",Malayalam,w;unknown
Auction of Emotions,"Yasir Monon , ইয়াসির মনন",4.85,[],English,m;unknown
The Journey Of An Artist,"Kimberley Mast, Kristian Kjul Pedersen , Fenna Quarré, Maria Johansen, Joost Ykema, Lucas Valentin Petersen",5.0,[],English,w;m;w;w;m;m
The Invasion,"K.A. Applegate, Katherine Applegate",3.82,"['Science Fiction', 'Young Adult', 'Fiction', 'Fantasy', 'Childrens', 'Middle Grade', 'Aliens', 'Animals', 'Adventure', 'Science Fiction Fantasy']",English,unknown;w
Gelatin Silver Print,"Tige Lewis Quintina, Tiger Lewis",4.57,[],English,unknown;unknown
I am Sarahza,"Hanum Salsabiela Rais, Rangga Almahendra",4.47,"['Nonfiction', 'Indonesian Literature', 'Family']",Indonesian,unknown;unknown
Infallible,"Bailey Quinn , Carlyle Labuschagne",4.4,[],English,mostly_female;m
The Leper Messiah,"Rob Levinson , R.M.L.",4.59,['Historical'],,m;unknown
Swipe to Unlock: The Primer on Technology and Business Strategy,"Parth Detroja , Neel Mehta, Aditya Agashe",4.32,"['Business', 'Technology', 'Nonfiction', 'Self Help', 'Entrepreneurship', 'Economics', 'Computer Science', 'Management', 'Programming', 'Leadership']",English,unknown;w;m
The Angel Stone,"Juliet Dark (Pseudonym), Carol Goodman",3.94,"['Fantasy', 'Romance', 'Paranormal', 'Witches', 'Paranormal Romance', 'Magic', 'Urban Fantasy', 'Fiction', 'Supernatural', 'Time Travel']",English,w;mostly_female
Celina Eden,"Arcy Jay, Demetria Wilcoxon",4.0,[],,unknown;w
(قبل از طوفان (8 جلد,"Alexandre Dumas, ذبیح‌الله منصوری",4.29,[],Persian,m;unknown
Sockdrottningen i landet Annorlunda,"Nathea Anemyr, Andreas Hasselberg",4.5,[],Swedish,unknown;m
Самодива,"Krassi Zourkova , Краси Зуркова",3.29,"['Fantasy', 'Fiction', 'Romance', 'Paranormal', 'Mythology', 'Young Adult', 'New Adult', 'Mystery', 'Adult', 'Audiobook']",Bulgarian,unknown;unknown
やはり俺の青春ラブコメはまちがっている。6,"Wataru Watari, 渡航",4.47,"['Light Novel', 'Fiction', 'Japanese Literature', 'Slice Of Life', 'Japan', 'Comedy', 'Coming Of Age', 'Romance', 'Manga']",Japanese,m;unknown
من أنت أيها الملاك؟,"إبراهيم الكوني, Ibrahim al-Koni",3.6,['Novels'],Arabic,unknown;m
Molecular Biology of the Cell,"Bruce Alberts, Alexander Johnson, Julian Lewis, Martin Raff, Keith Roberts, Paul Walter",4.34,"['Science', 'Biology', 'Textbooks', 'Nonfiction', 'Reference', 'Medicine', 'Medical', 'School', 'Biography', 'Academics']",English,m;m;m;m;m;m
Дори насън не виждаме покой,"Arkady Strugatsky, Boris Strugatsky, Аркадий Стругацки, Борис Стругацки",4.75,"['Russia', 'Science Fiction']",Bulgarian,m;m;unknown;unknown
"Peter Green and the Unliving Academy: This Book is Full of Dead People (The Unliving Chronicles, #1)","Angelina Allsop, A.A. Allsop",3.78,"['Fantasy', 'Middle Grade']",,w;unknown
Kavya's Bag of Short Stories: Unique Collection of Best Fiction Stories Kids have never read and heard before,"Kavya Mohindroo, Nimit Mohindroo",5.0,[],,unknown;unknown
Ποιήματα 1943-1987,"Έκτωρ Κακναβάτος, Ektor Kaknavatos",5.0,['Poetry'],"Greek, Modern (1453-)",unknown;unknown
"Quiet Sanctuary: All That Follows (Quiet Sanctuary, #1)","G.B. Hook , Verity Thomas",3.83,[],English,unknown;w
Vegan Cookies Invade Your Cookie Jar: 100 Dairy-Free Recipes for Everyone's Favorite Treats,"Isa Chandra Moskowitz , Terry Hope Romero",4.21,"['Cookbooks', 'Vegan', 'Cooking', 'Food', 'Nonfiction', 'Reference', 'Vegetarian', 'Health', 'Food and Drink', 'Foodie']",,w;mostly_male
Once Upon Another World,"Cassidy K. O'Connor , Jaclyn Roche , Monique Singleton , Joel Crofoot , D.E. Chapman , Erin McFadden , K.L. Bone , L.R.W. Lee , more…",4.44,"['Fantasy', 'Fairy Tales', 'Anthologies']",English,mostly_female;w;w;m;unknown;mostly_female;unknown;unknown;unknown
قلب الليل,"Naguib Mahfouz, نجيب محفوظ",3.94,"['Novels', 'Fiction', 'Literature', 'Egypt', 'Egyptian Literature', 'Philosophy']",Arabic,unknown;unknown
Stryker's War,"Josh Hayes , Jason Anspach , Nick Cole",4.42,['Science Fiction'],,m;m;m
هكذا كانت الوحدة,"Juan José Millás, خوان خوسيه مياس",3.58,"['Novels', 'Fiction', 'Spanish Literature', 'Literature', 'Spain', 'Adult', 'Drama', 'European Literature', '20th Century', 'Literary Fiction']",Arabic,m;unknown
Oath Sworn,"Kristen Banet , K.N. Banet",4.13,"['Urban Fantasy', 'Paranormal', 'Fantasy', 'Shapeshifters', 'Magic', 'Fae', 'Werewolves', 'Romance', 'Witches', 'Supernatural']",English,w;unknown
قصة الحضارة: نشأة الحضارة,"Will Durant, Ariel Durant",4.13,"['History', 'Philosophy', 'Nonfiction', 'Historical', 'Cultural']",Arabic,mostly_male;m
Flow,"Csikszenthmihalyi,Mihaly",4.13,"['Self Help', 'Psychology', 'Personal Development', 'Nonfiction', 'Productivity']",,unknown;unknown
الأمية,"Ágota Kristóf, أغوتا كريستوف",3.91,"['Nonfiction', 'Biography', 'Autobiography', 'France', 'Memoir', 'Hungary', 'Literature', 'Womens', 'French Literature', 'Hungarian Literature']",Arabic,w;unknown
Mipoesias: December 2008,"Didi Menendez (Editor), Robert W. Walker, Kathryn Koromilas , Bob Hicok, Angela Vogel, Nicole Mauro , Terrance Hayes, P.F. Potvin, more…",4.47,['Poetry'],English,w;m;w;m;w;w;m;unknown;unknown
Joseph Heller's Catch-22: Notes,"Walter James Miller, Bonnie E. Nelson",3.85,"['Fiction', 'Classics']",,m;mostly_female
The Complete Marquis de Sade,"Marquis de Sade, Paul J. Gillette, John Yankowski",3.81,"['Fiction', 'Classics', 'Philosophy', 'Erotica', 'French Literature', 'France', 'Literature', 'Essays', 'Novels', 'Horror']",English,m;m;m
The Twelve Kingdoms: Skies of Dawn,"Fuyumi Ono, 小野 不由美",4.47,"['Fantasy', 'Young Adult', 'Light Novel', 'Japanese Literature', 'Fiction', 'Japan', 'High Fantasy', 'Manga', 'Adventure', 'Science Fiction Fantasy']",English,unknown;unknown
Stumptown Kid,"Carol Gorman , Ron J. Findley",3.97,"['Sports', 'Historical Fiction', 'Fiction', 'Baseball', 'Middle Grade', 'Young Adult', 'Historical', 'Family', 'Childrens']",English,mostly_female;m
His Immortal Embrace,"Hannah Howell , Lynsay Sands , Sara Blayne, Kate Huntington",4.05,"['Paranormal Romance', 'Vampires', 'Anthologies', 'Historical Romance', 'Romance', 'Fantasy', 'Historical', 'Scotland', 'Paranormal', 'Short Stories']",English,w;unknown;w;w
The Chronicles of Vladimir Tod Box Set,"Heather Brewer , Z Brewer",4.54,"['Fantasy', 'Vampires', 'Young Adult', 'Fiction', 'Paranormal']",English,w;unknown
12 Stocking Stuffers,"Beverly Barton, Helen Bianchin, Janelle Denison , Lucy Gordon, Diana Hamilton, Maggie Shayne , Catherine Spencer, Rebecca Winters, more…",3.57,"['Romance', 'Christmas', 'Contemporary', 'Anthologies', 'Fiction', 'Contemporary Romance', 'Short Stories']",English,w;w;w;w;w;w;w;w;unknown
Essie's Kids and the Rolling Calf: Island Style Story,"Luke A.M. Brown , Berthalicia Fonseca-Brown",5.0,[],English,m;unknown
Amish Grace: How Forgiveness Transcended Tragedy,"Donald B. Kraybill, Steven M. Nolt, David L. Weaver-Zercher",3.78,"['Nonfiction', 'Amish', 'Religion', 'Christian', 'True Crime', 'Christianity', 'History', 'Spirituality', 'Faith', 'Audiobook']",English,m;m;m
"Dinner for one, Murder for two","Frau Auerbach, Frau Keller",3.72,"['German Literature', 'Comedy']",German,unknown;unknown
تعلم القراءة السريعة في 10 أيام,"AbMarks-Beale, آبي ماركس بيل, معهد برينستون للغات",3.86,"['Nonfiction', 'Self Help', 'Business', 'Productivity', 'Personal Development', 'Education', 'How To', 'Reference', 'Unfinished', 'Language']",Arabic,unknown;unknown;unknown
العدالة الاجتماعية في الإسلام,"Sayed Qutb, سيد قطب",3.91,"['Islam', 'Religion', 'Politics', 'Philosophy', 'Sociology', 'Nonfiction', 'Political Science']",Arabic,m;unknown
Thalia: !Belleza! (Spanish): Lecciones sobre el lapiz labial y la felicidad,"Thalía, Thalia",4.22,[],English,unknown;w
Faction Paradox: The Book of the War,"Lawrence Miles (Editor), Simon Bucher-Jones , Daniel O’Mahony, Ian McIntire, Mags L. Halliday, Helen Fayle, Philip Purser-Hallard , Kelly Hale, more…",4.41,"['Doctor Who', 'Science Fiction', 'Space Opera', 'Short Stories']",English,m;m;m;m;unknown;w;m;mostly_female;unknown
في ظلال القرآن,"Sayed Qutb, سيد قطب",4.52,"['Religion', 'Islam', 'Reference', 'Spirituality', 'Nonfiction', 'Unfinished']",Arabic,m;unknown
المخ: ذكر أم أنثى؟,"عمرو شريف, نبيل كامل",4.12,"['Psychology', 'Science', 'Nonfiction', 'Medical', 'Human Development', 'Cultural']",Arabic,unknown;unknown
Magical Mayhem,"Douglas Rees (Editor), Mark Williams, Rhonda Helms, Marni Bates , Linda Wisdom , Kait Nolan , Carol Wolf , more…",4.2,"['Fantasy', 'Anthologies', 'Young Adult', 'Short Stories']",English,m;m;w;w;w;m;mostly_female;unknown
The Janus Affair,"Pip Ballantine, Tee Morris, Philippa Ballantine",4.06,"['Steampunk', 'Fantasy', 'Mystery', 'Science Fiction', 'Fiction', 'Urban Fantasy', 'Romance', 'Adventure', 'Historical Fiction', 'Paranormal']",English,andy;unknown;w
The Long Dream,"Richard Wright, Keneth Kinnamon",4.15,"['Fiction', 'African American', 'African American Literature', 'Literary Fiction', 'Race', 'Classics', 'Modern Classics', 'Coming Of Age', 'American', 'Suspense']",English,m;unknown
"Kare Kano: His and Her Circumstances, Vol. 1","Masami Tsuda, Darcy Lockman, Jack Niida",3.97,"['Manga', 'Romance', 'Graphic Novels', 'Comics', 'Young Adult', 'Shojo', 'Comics Manga', 'Fiction', 'Japan', 'Drama']",English,mostly_female;mostly_female;m
العرس السري,"Gérard Caramaro , جيرار كارامارو",2.4,[],Romanian,m;unknown
"SIMPLY INFILTRATING THOUGHT ""You Will Only Understand Self Ability Via A Self Push"" ""Holistic Combination Discovery""","Creative Success Coach, Nkosi N. Guduza",5.0,[],English,unknown;unknown
The Fourth Dimension: Discovering a New World of Answered Prayer,"David Yonggi Cho, R. Whitney Manzano",4.26,"['Christian', 'Christianity', 'Prayer', 'Faith', 'Nonfiction', 'Religion', 'Self Help', 'Christian Living', 'Inspirational']",English,m;unknown
Мастиленият лабиринт,"Ludmila Filipova, Людмила Филипова",3.8,['Bulgarian Literature'],Bulgarian,w;unknown
How Will You Measure Your Life?,"Clayton M. Christensen, James Allworth, Karen Dillon",4.08,"['Nonfiction', 'Business', 'Self Help', 'Psychology', 'Personal Development', 'Philosophy', 'Leadership', 'Productivity', 'Buisness', 'Management']",English,m;m;w
Timon of Athens,"William Shakespeare, H.J. Oliver",3.39,"['Plays', 'Classics', 'Drama', 'Fiction', 'Theatre', 'Poetry', 'Literature', 'British Literature', 'Tragedy', '17th Century']",,m;unknown
Το αμάρτημα της μητρός μου και άλλα διηγήματα,"Georgios Vizyinos, Γεώργιος Βιζυηνός",4.26,['Literature'],"Greek, Modern (1453-)",m;unknown
A Prince Among Killers,"S.R. Vaught, J.B. Redmond",3.96,"['Fantasy', 'Young Adult', 'Fiction', 'Magic', 'Novels', 'High Fantasy']",English,unknown;unknown
"Chicken Soup for the Soul: Thanks Mom: 101 Stories of Gratitude, Love, and Good Times","Jack Canfield, Mark Victor Hansen, Stephen D. Rogers , Wendy Walker",4.25,['Nonfiction'],,m;m;m;w
Demonic Visions: 50 Horror Tales 2,"Chris Robertson  (Editor), Matt Drabble , Adam Millard , John Alfred Taylor, Chris Leek, Patrick Freivald , B.A. Holland, Megan N. Watson , more…",3.81,[],English,mostly_male;m;m;m;mostly_male;m;unknown;w;unknown
العتب على النظر,"Yusuf Idris, يوسف إدريس",3.51,['Short Stories'],Arabic,m;unknown
The Principle of Leadership,"Darussalam (Editor), Yusef bin Othman All Huzaim",4.47,['Islam'],English,unknown;unknown
Middle School: Get Me Out of Here!,"James Patterson , Chris Tebbetts , Laura Park",4.25,"['Middle Grade', 'Realistic Fiction', 'Humor', 'Fiction', 'Young Adult', 'Childrens', 'School', 'Juvenile', 'Comics', 'Graphic Novels']",English,m;mostly_male;w
Out of the Box Awakening,"Jennifer Theriot , Triera",3.84,"['Romance', 'Contemporary Romance', 'Contemporary', 'Humor', 'Chick Lit', 'Family', 'Adult']",English,w;unknown
India Junction: A Window to the Nation,"Kartik Iyengar  (One of the Authors), more…",4.1,[],English,unknown;unknown
The Windflower,"Laura London, Sharon Curtis, Tom Curtis",4.05,"['Romance', 'Historical Romance', 'Historical', 'Pirates', 'Historical Fiction', 'Fiction', 'Adventure', 'Adult', 'Regency', 'Audiobook']",English,w;w;m
Neraka Kamboja 3: Penyelamatan,"Haing Ngor, Roger Warner",4.47,[],Indonesian,unknown;m
Serpent Mage,"Margaret Weis , Tracy Hickman",4.08,"['Fantasy', 'Fiction', 'Epic Fantasy', 'Science Fiction Fantasy', 'High Fantasy', 'Dragons', 'Science Fiction', 'Epic', 'Magic', 'Adult']",English,w;mostly_female
The Alchemy Press Book of Urban Mythic 2,"Jan Edwards  (Editor), more…",4.0,[],English,m;unknown
Сердца четырех,"Vladimir Sorokin, Владимир Сорокин",3.33,"['Fiction', 'Russia', 'Science Fiction', 'Mystery']",Russian,m;unknown
Code of the Samurai: A Modern Translation of the Bushido Shoshinshu of Taira Shigesuke,"Daidōji Yūzan, Oscar Ratti",4.04,"['Philosophy', 'History', 'Nonfiction', 'Martial Arts', 'Japan', 'Japanese Literature', 'Classics', 'War', 'Eastern Philosophy', 'Asia']",English,unknown;m
The Gift Of Acabar,"Og Mandino, Buddy Kaye",4.14,"['Fiction', 'Self Help', 'Inspirational', 'Fantasy', 'Spirituality', 'Childrens', 'Religion', 'Christian Fiction', 'Leadership']",,unknown;m
Fish!: A Remarkable Way to Boost Morale and Improve Results,"Stephen C. Lundin, Harry Paul, John Christensen",3.94,"['Business', 'Nonfiction', 'Leadership', 'Self Help', 'Management', 'Psychology', 'Personal Development', 'Buisness', 'Education', 'Inspirational']",English,m;m;m
طيور العنبر,"إبراهيم عبد المجيد, Ibrahim Abdel Meguid",3.69,"['Novels', 'Egypt', 'Historical Fiction', 'Fiction', 'Alexandria', 'Egyptian Literature', 'Literature']",Arabic,unknown;m
Countermeasure,"Chris Almeida , Cecilia Aubrey",4.05,"['Romantic Suspense', 'Romance', 'Mystery', 'Contemporary', 'Suspense', 'Thriller', 'Fiction', 'Contemporary Romance', 'Mystery Thriller', 'Adult']",English,mostly_male;w
Speak up dear!,"Farah Nobbe, Natalie Holwerda, Elke Parsa",4.25,[],Dutch,w;w;w
"L.A. Son: My Life, My City, My Food","Roy Choi, Tien Nguyen, Natasha Phan",3.93,"['Cookbooks', 'Food', 'Memoir', 'Nonfiction', 'Cooking', 'Autobiography', 'Biography', 'Asian Literature', 'Biography Memoir', 'Food Writing']",English,m;mostly_male;w
بداية الهداية,"أبو حامد الغزالي, Abu Hamid al-Ghazali",4.38,"['Islam', 'Religion', 'Nonfiction', 'Philosophy', 'Self Help', 'Faith', 'Theology', 'Unfinished', 'Spirituality']",Arabic,unknown;m
Dogme Et Rituel de La Haute Magie,"Éliphas Lévi, Liphas L. VI",3.96,"['Occult', 'Magick', 'Philosophy', 'Nonfiction', 'Religion', 'Reference', 'Magic', 'Spirituality', 'Mysticism']",English,unknown;unknown
Лунна дъга II,"Sergey Pavlov, Сергей Павлов",4.13,['Science Fiction'],Bulgarian,m;unknown
Lumberjanes: Beyond Bay Leaf Special #1,"Faith Erin Hicks , Noelle Stevenson, Shannon Watters",4.02,"['Comics', 'Graphic Novels', 'Fantasy', 'Graphic Novels Comics', 'Young Adult', 'Fiction', 'LGBT', 'Humor', 'Magic', 'Adventure']",English,w;w;mostly_female
Mastering Mountain Bike Skills,"Brian Lopes, Lee McCormack",4.21,"['Sports', 'Cycling', 'Nonfiction', 'Fitness', 'How To', 'Unfinished']",English,m;mostly_male
Η μενεξεδένια πολιτεία,"Angelos Terzakis, Άγγελος Τερζάκης",3.79,"['Fiction', 'Classics', 'Greece']","Greek, Modern (1453-)",m;unknown
Mother's Day Magic: ...with Love,"Angela Ford , Tamara Ferguson , Daisy Banks, Mary Crawford , Allyson R. Abbott , Tamara Philip , Neva Squires-Rodriguez , Adrienne D'nelle Ruvalcaba , more…",4.82,[],English,w;w;w;mostly_female;w;w;w;w;unknown
Horror: The Definitive Guide to the Cinema of Fear,"James Marriott, Kim Newman",4.19,"['Film', 'Horror', 'Nonfiction']",English,m;mostly_female
أعمال دوستويفسكي الأدبية: المراهق 2 ـ المجلد 15,"Fyodor Dostoyevsky, فيودور دوستويفسكي",4.06,"['Novels', 'Russian Literature', 'Fiction']",Arabic,m;unknown
Return to Source: How Enlightenment is the Process of Creation in the Universe in Reverse,"Belsebuub , Belsebuub",4.77,['Spirituality'],English,unknown;unknown
Профессия: ведьма,"Ольга Громыко, Olga Gromyko",4.26,"['Fantasy', 'Russia', 'Vampires', 'Witches', 'Magic', 'Fiction', 'Humor', 'Paranormal', 'Romance', 'Young Adult']",Russian,unknown;w
Trump: How to Get Rich,"Donald J. Trump, Meredith McIver",3.37,"['Business', 'Nonfiction', 'Self Help', 'Finance', 'Biography', 'Money', 'Personal Development', 'Autobiography', 'Inspirational', 'Leadership']",English,m;mostly_female
Discworld Companion,"Terry Pratchett, Stephen Briggs",3.92,"['Fantasy', 'Fiction', 'Reference', 'Humor', 'Comedy', 'Science Fiction', 'Science Fiction Fantasy', 'Speculative Fiction', 'Academic', 'Audiobook']",English,mostly_male;m
बीच का रास्ता नहीं होता,"पाश, PASH",4.18,[],Hindi,unknown;unknown
What Was Asked of Us: An Oral History of the Iraq War by the Soldiers Who Fought It,"Trish Wood, BobMuller",4.13,"['Nonfiction', 'History', 'Military Fiction', 'War', 'Military History', 'Memoir', 'Biography', 'United States']",English,w;unknown
The Life and Games of Mikhail Tal,"Mikhail Tal, Iakov Damsky",4.53,"['Chess', 'Nonfiction', 'Biography', 'Games', 'Memoir', 'Sports', 'Autobiography']",English,m;unknown
الأعمال الكاملة,"الطيب صالح, Tayeb Salih",4.13,"['Literature', 'Short Stories']",Arabic,unknown;unknown
Resurrect Your Dead Marriage,"Reginal Morris, Renea Morris",4.75,[],,unknown;w
Alice the Tennis Fairy,"Daisy Meadows, Georgie Ripper",3.92,"['Fantasy', 'Childrens', 'Fairies', 'Fiction', 'Sports', 'Magic', 'Chapter Books', 'Adventure']",English,w;andy
مثنوی معنوی جلد یک: بر اساس نسخه قونیه,"Rumi, عبدالکریم سروش",4.33,"['Poetry', 'Islam', 'Classics', 'Philosophy', 'Spirituality', 'Religion', 'Literature', 'Asia', 'Iran', 'Theology']",Persian,w;unknown
Mercy for Animals: One Man's Quest to Inspire Compassion and Improve the Lives of Farm Animals,"Nathan Runkle, Gene Stone",4.57,"['Nonfiction', 'Vegan', 'Animals', 'Activism', 'Food', 'Memoir', 'Biography']",,m;mostly_male
Κρίμα κι άδικο,"George Sari, Ζωρζ Σαρή",3.69,"['Childrens', 'Fiction', 'Literature']","Greek, Modern (1453-)",m;unknown
Unmasked,"Turia Pitt, Bryce Corbett",4.39,"['Nonfiction', 'Biography', 'Memoir', 'Australia']",English,unknown;mostly_male
Faith and the City,"Hanum Salsabiela Rais, Rangga Almahendra",4.09,"['Fiction', 'Novels', 'Islam', 'Indonesian Literature']",Indonesian,unknown;unknown
La Valise,"Gabriel Amalric, Diane Ranville, Morgane Schmitt Giordano",3.59,"['Bande Dessinée', 'Fantasy', 'Science Fiction', 'Comics', 'Graphic Novels']",French,m;w;w
The Water Witch,"Juliet Dark (Pseudonym), Carol Goodman",3.83,"['Fantasy', 'Romance', 'Paranormal', 'Witches', 'Paranormal Romance', 'Magic', 'Urban Fantasy', 'Fiction', 'Demons', 'Supernatural']",English,w;mostly_female
11:11 Inspiring Conversations,"Alves/Mengistu, U",5.0,[],,unknown;unknown
سه تفنگدار: ١٠ جلدی,"Alexandre Dumas, ذبیح‌الله منصوری",4.23,"['Classics', 'France', 'Fiction', 'Historical Fiction', 'Adventure', 'Roman', 'Novels', 'Historical', 'French Literature', 'Literature']",Persian,m;unknown
Becoming Miss Izzy,"Sue Zook, Mary Lazarski",5.0,[],English,w;mostly_female
Dialogo Entre Un Sacerdote y Un Moribundo,"Marquis de Sade, Marqués de Sade",3.83,"['Philosophy', 'Classics', 'France', 'Fiction', 'Religion', 'French Literature', 'Short Stories', '18th Century', 'Atheism', 'Literature']",,m;unknown
День опричника,"Vladimir Sorokin, Владимир Сорокин",3.71,"['Fiction', 'Russia', 'Dystopia', 'Science Fiction', 'Russian Literature', 'Literature', 'Contemporary', 'Novels', 'Literary Fiction', 'Classics']",Russian,m;unknown
Midnighter: The Complete Wildstorm Series,"Garth Ennis, Keith Giffen, Brian K. Vaughan , Christos Gage, more…",3.66,"['Comics', 'Graphic Novels', 'LGBT', 'Dc Comics', 'Graphic Novels Comics', 'Science Fiction', 'M M Romance', 'Fiction', 'Superheroes']",,m;m;m;m;unknown
الحياة السائلة,"Zygmunt Bauman, زيجمونت باومان",3.92,"['Sociology', 'Philosophy', 'Nonfiction', 'Psychology', 'Social Science', 'Academic', 'Essays', 'Theory']",Arabic,m;unknown
الإخوة كارامازوف #1,"Fyodor Dostoyevsky, فيودور دوستويفسكي",4.32,"['Classics', 'Novels', 'Russian Literature', 'Fiction', 'Russia', 'Literature', 'Roman', 'Philosophy', 'Drama', 'Crime']",Arabic,m;unknown
Gods and Monsters Box Set 2,"Quinn Blackbird , Klarissa King",4.44,[],English,mostly_male;w
"Be Brave: Moments of Bravery: Fun Stories about Kids Confidence, Fear and Brave Story for Young Readers (Short Bedtime Stories for Children Ages 6-12)","Ronald Destra , Juanita Destra, YVON ST JUSTE",4.75,[],,m;w;unknown
A Thief Among the Trees: An Ember in the Ashes Graphic Novel,"Sabaa Tahir , Nicole Andelfinger",3.96,"['Graphic Novels', 'Fantasy', 'Young Adult', 'Comics', 'Fiction', 'Young Adult Fantasy', 'Graphic Novels Comics', 'High Fantasy', 'Dystopia', 'Science Fiction Fantasy']",,unknown;w
Foreverywhere,"Steve Burns, Steven Drozd, Gabe Soria",3.64,"['Fantasy', 'Audiobook', 'Fiction', 'Childrens', 'Music', 'Humor', 'Young Adult', 'Short Stories', 'Urban Fantasy', 'Middle Grade']",English,m;m;m
لعبة الأمم,"Miles Copeland Jr., مايلز كوبلاند",3.79,"['Politics', 'History', 'Nonfiction', 'Political Science']",English,m;unknown
Too Busy Not to Pray: Slowing Down to Be With God,"Bill Hybels, Lavonne Neff",4.16,"['Prayer', 'Christian', 'Nonfiction', 'Christianity', 'Faith', 'Religion', 'Spirituality', 'Christian Living', 'Christian Non Fiction', 'Theology']",English,m;unknown
The Trigger Point Therapy Workbook: Your Self-Treatment Guide for Pain Relief,"Clair Davies, Amber Davies",4.32,"['Health', 'Nonfiction', 'Reference', 'Fitness', 'Medical', 'Self Help', 'Education', 'Science', 'Adult', 'Alternative Medicine']",English,mostly_male;w
"Growing Up Again: Parenting Ourselves, Parenting Our Children","Jean Illsley Clarke, Connie Dawson",4.11,"['Parenting', 'Psychology', 'Nonfiction', 'Self Help', 'Adult', 'Reference', 'Family']",English,m;mostly_female
CliffsNotes on Heller's Catch-22,"Charles A. Peek, CliffsNotes, Joseph Heller",3.57,[],English,m;unknown;m
Izhar Ul Haq (Basic Teachings),"M.Rahmatullah Kairanvi, Rah̤̊matullāh Kairānvı̄",4.73,[],,unknown;unknown
The Other Side and Back,"Sylvia Browne, Lindsay Harrison",3.97,"['Spirituality', 'Nonfiction', 'Paranormal', 'New Age', 'Metaphysics', 'Self Help', 'Reference', 'Religion', 'Biography', 'Memoir']",English,w;mostly_female
The Boy Who Saw True: The Time-Honoured Classic of the Paranormal,"Cyril Scott (Editor), Anonymous",4.33,"['Nonfiction', 'Paranormal', 'Spirituality', 'Esp', 'Metaphysics']",English,m;unknown
The Polar Express: Selections from the Motion Picture Soundtrack,"Warner Bros. Inc., Glen Ballard, Alan Silvestri",4.27,['Fantasy'],,m;m;m
The Faery Reel: Tales from the Twilight Realm,"Ellen Datlow  (editor), more…",4.04,"['Fantasy', 'Short Stories', 'Anthologies', 'Young Adult', 'Fiction', 'Fairy Tales', 'Fairies', 'Urban Fantasy', 'Fae', 'Mythology']",English,w;unknown
مختار الصحاح,"Muhammad Ibn Abi Bakr Arrazi, محمد بن أبي بكر بن عبد القادر الرازي",4.05,[],Arabic,m;unknown
Female Force Bestsellers: Stephenie Meyer,"Ryan Burton, Adam Gragg",3.33,"['Comics', 'Graphic Novels', 'Biography', 'Nonfiction']",,mostly_male;m
The Geek Girl's Guide to Cheerleading,"Charity Tahmaseb , Darcy Vance",3.86,"['Young Adult', 'Romance', 'Chick Lit', 'Contemporary', 'Sports', 'Teen', 'Realistic Fiction', 'High School', 'Fiction', 'Young Adult Romance']",English,w;mostly_female
The Queen of Water,"Laura Resau , María Virginia Farinango",4.13,"['Young Adult', 'Historical Fiction', 'Fiction', 'Realistic Fiction', 'Cultural', 'Historical', 'Coming Of Age', 'Teen', 'Travel', 'Family']",English,w;mostly_female
The Man-Kzin Wars,"Larry Niven, Dean Ing, Poul Anderson",3.7,"['Science Fiction', 'Fiction', 'Short Stories', 'Anthologies', 'Space Opera', 'War', 'Science Fiction Fantasy', 'Fantasy', 'Space', 'Aliens']",English,m;m;m
Tales of Aradia the Last Witch Volume 1,"Magnum Opus, L.A. Jones",3.73,"['Paranormal', 'Fantasy', 'Young Adult', 'Witches', 'Fiction', 'Vampires', 'Young Adult Fantasy']",English,unknown;unknown
The Hellfire Book of Beltane Volume One,"Dan Dillard , Carson Buckingham , Gail Mansel, Jim Wright, Nishi Serrano , Robin Renee Ray , Sharlana Williams, Zach Black",4.6,[],,m;mostly_male;mostly_female;m;w;mostly_male;unknown;m
Lauren Conrad Style,"Lauren Conrad, Elise Loehnen",3.99,"['Nonfiction', 'Fashion', 'Self Help', 'Adult', 'Reference', 'Memoir', 'Chick Lit', 'Autobiography', 'How To', 'Childrens']",English,mostly_female;w
Shadows in the Dark,"L.D. Hutchinson , Leah Diane",4.11,[],English,unknown;w
A Doctor in the House: The Memoirs of Tun Dr Mahathir Mohamad,"Mahathir Mohamad, مهاتير محمد",4.25,"['Biography', 'Nonfiction', 'Politics', 'History', 'Autobiography', 'Memoir', 'Biography Memoir']",English,unknown;unknown
Slimer,"Harry Adam Knight (Pseudonym), John Brosnan, Leroy Kettle",3.5,"['Horror', 'Science Fiction', 'Fiction', 'Monsters', 'Helicopters', 'Shapeshifters', 'Crime']",English,m;m;m
The Lean Six SIGMA Pocket Toolbook: A Quick Reference Guide to Nearly 100 Tools for Improving Quality and Speed: A Quick Reference Guide to 70 Tools for Improving Quality and Speed,"Michael L. George, John Maxey, Mark Price, David Rowlands",3.96,"['Business', 'Reference', 'Nonfiction', 'Management', 'Productivity', 'Education', 'Self Help', 'Leadership']",English,m;m;m;m
Cada día más fuerte,"Thalía, Thalia",4.34,"['Biography', 'Memoir', 'Spanish Literature']",Spanish,unknown;w
Εν ονόματι,"Antonis Samarakis, Αντώνης Σαμαράκης",3.79,['Literature'],"Greek, Modern (1453-)",m;unknown
UnCONventional,"Kate Kaynak  (Editor), more…",4.13,"['Fantasy', 'Anthologies', 'Science Fiction', 'Fiction']",English,w;unknown
Ζητείται ελπίς,"Antonis Samarakis, Αντώνης Σαμαράκης",4.28,"['Classics', 'Short Stories', 'Fiction', 'Literature', '20th Century', 'Greece', 'School']","Greek, Modern (1453-)",m;unknown
احتراق تحت المطر,"Various, أدباء من ملوي",4.17,[],Arabic,unknown;unknown
"Tubo de Ensaio, Parte II","Bruno Nogueira, João Quadros",3.29,['Humor'],Portuguese,m;mostly_male
Die erste Wahrheit,"Dawn Cook, Kim Harrison",3.73,"['Fantasy', 'Magic', 'Young Adult', 'Dragons', 'Romance', 'Fiction', 'High Fantasy', 'Paranormal', 'Epic Fantasy', 'Adventure']",German,w;mostly_female
The Christmas Thief,"Mary Higgins Clark, Carol Higgins Clark",3.61,"['Mystery', 'Christmas', 'Fiction', 'Holiday', 'Suspense', 'Mystery Thriller', 'Thriller', 'Crime', 'Adult', 'Cozy Mystery']",English,mostly_female;mostly_female
Picking Cotton: Our Memoir of Injustice and Redemption,"Jennifer Thompson-Cannino, Ronald Cotton, Erin Torneo",4.18,"['Nonfiction', 'Memoir', 'True Crime', 'Biography', 'Crime', 'Race', 'Social Justice', 'Audiobook', 'Biography Memoir', 'Book Club']",English,w;m;mostly_female
"Taisho Chic: Japanese Modernity, Nostalgia, and Deco","Kendall H. Brown (Joint Author), Sharon A. Minichiello, Sharon Minichiello",4.27,"['Japan', 'History', 'Art', 'Fashion']",English,andy;w;w
The McSterlingscenes,"R.L. McSterlingthong , more…",4.42,[],English,unknown;unknown
"Green Lantern: New Guardians, Volume 1: The Ring Bearer","Tony Bedard (Writer), Keith Giffen, Justin Jordan, more…",3.93,"['Comics', 'Graphic Novels', 'Dc Comics', 'Comic Book', 'Superheroes', 'Fiction', 'Graphic Novels Comics', 'Science Fiction', 'Fantasy', 'Comics Manga']",English,m;m;m;unknown
البحث عن الذات,"أنور السادات, Muhammad Anwar el-Sadat",3.75,"['Biography', 'History', 'Politics', 'Nonfiction', 'Autobiography', 'Egypt', 'Unfinished', 'Memoir', 'Self Help', 'Leadership']",Arabic,unknown;m
The Oz Principle: Getting Results Through Individual and Organizational Accountability,"Roger Connors, Tom Smith, Craig Hickman",3.63,"['Business', 'Nonfiction', 'Leadership', 'Management', 'Self Help', 'Personal Development', 'Buisness', 'Productivity', 'Reference', 'Philosophy']",English,m;m;m
خديجة وسوسن,"رضوى عاشور, Radwa Ashour",3.65,"['Novels', 'Fiction', 'Literature']",Arabic,unknown;unknown
"Quadrivium: The Four Classical Liberal Arts of Number, Geometry, Music, & Cosmology","John Martineau, Miranda Lundy, Daud Sutton, Anthony Ashton, Jason Martineau",4.27,"['Science', 'Nonfiction', 'Education', 'Philosophy', 'Mathematics', 'Music', 'Art', 'Reference', 'Astrology', 'Unfinished']",English,m;w;m;m;m
Под манастирската лоза,"Elin Pelin, Елин Пелин",4.3,"['Bulgarian Literature', 'Classics', 'Fiction', 'School', 'Short Stories', 'Read For School']",Bulgarian,w;unknown
The Mahabharata,"Ved Vyasa, Ved Vyas",4.36,[],English,unknown;unknown
Influencer : The Power to Change Anything,"Kerry Patterson, Joseph Grenny, David Maxfield, Ron McMillan, Al Switzler",4.02,"['Business', 'Leadership', 'Nonfiction', 'Psychology', 'Self Help', 'Personal Development', 'Management', 'Communication', 'Education', 'Buisness']",English,mostly_female;m;m;m;m
So Fey: Queer Fairy Fiction,"Steve Berman (Editor), more…",3.58,"['Fantasy', 'Short Stories', 'Anthologies', 'LGBT', 'Fairies', 'Fiction', 'Romance', 'Urban Fantasy', 'Gay', 'Young Adult']",English,m;unknown
Error Control Coding,"Shu Lin, Daniel J. Costello Jr.",4.05,['Computer Science'],English,andy;m
Demonic Visions: 50 Horror Tales,"Chris Robertson  (Editor), Patrick Freivald , James Pratt, Jeffrey Thomas , Kerry G.S. Lipp, Rob Smales , Johannes Pinter , Jeani Rector, more…",3.68,[],English,mostly_male;m;m;m;mostly_female;m;m;unknown;unknown
الهند و جيرانها,"Will Durant, Ariel Durant",3.82,"['History', 'Philosophy']",Arabic,mostly_male;m
"The Secret Race: Inside the Hidden World of the Tour de France: Doping, Cover-ups, and Winning at All Costs","Tyler Hamilton, Daniel Coyle",4.35,"['Nonfiction', 'Sports', 'Cycling', 'Biography', 'Memoir', 'Autobiography', 'History', 'Audiobook', 'Biography Memoir', 'Adult']",English,mostly_male;m
Just Like Fate,"Cat Patrick , Suzanne Young",3.84,"['Romance', 'Contemporary', 'Young Adult', 'Fiction', 'Teen', 'Realistic Fiction', 'Young Adult Contemporary', 'Science Fiction', 'Death', 'Fantasy']",English,mostly_male;w
The Caliphate of Banu Ummaiya,"ابن كثير, Ibn Kathir",4.58,[],English,unknown;unknown
花のみぞ知る 3 [Hana no mizoshiru 3],"Rihito Takarai, 宝井理人",4.24,"['Manga', 'Yaoi', 'Romance', 'Boys Love', 'LGBT', 'M M Romance', 'Graphic Novels', 'Comics Manga', 'Comics', 'Queer']",Japanese,unknown;unknown
Blacksad,"Juan Díaz Canales, Juanjo Guarnido",4.32,"['Graphic Novels', 'Comics', 'Mystery', 'Fiction', 'Crime', 'Graphic Novels Comics', 'Noir', 'Fantasy', 'Animals', 'Comic Book']",English,m;unknown
Neraka Kamboja 1: Awal Mula,"Haing Ngor, Roger Warner",4.08,['Biography'],Indonesian,unknown;m
Ο πιο μακρινός πλανήτης που ξέρω,"Ismini Tornivouka , Ισμήνη Τορνιβούκα",4.7,[],"Greek, Modern (1453-)",unknown;unknown
Užslinks naktis,"Isaac Asimov, Robert Silverberg, Philip José Farmer, Robert Sheckley, Fritz Leiber, Fredric Brown, Harry Harrison, Ray Bradbury",4.13,"['Science Fiction', 'Fiction']",Lithuanian,m;m;m;m;m;m;m;mostly_male
I Didn't Come Here to Make Friends: Confessions of a Reality Show Villain,"Courtney Robertson, Deb Baer",3.57,"['Nonfiction', 'Memoir', 'Chick Lit', 'Biography', 'Autobiography', 'Adult', 'Humor', 'Pop Culture', 'Romance', 'Biography Memoir']",English,mostly_female;w
ದುರ್ಗಾಸ್ತಮಾನ | Durgastamana,"ತ.ರಾ. ಸುಬ್ಬರಾಯ, T.R. Subba Rao",4.44,['History'],Kannada,unknown;unknown
The Meghadūta of Kālidāsa,"Kālidāsa, M.R. Kale",4.19,"['Poetry', 'India', 'Classics', 'Literature', 'Indian Literature', 'Romance']",English,unknown;unknown
"Avatar: The Last Airbender: The Promise, Part 3","Gene Luen Yang , Michael Dante DiMartino , Bryan Konietzko",4.39,"['Graphic Novels', 'Fantasy', 'Comics', 'Fiction', 'Young Adult', 'Manga', 'Graphic Novels Comics', 'Adventure', 'Childrens', 'Middle Grade']",English,mostly_male;m;m
The Non-Runner's Marathon Trainer,"David A. Whitsett, Forrest A. Dolgener, Tanjala Jo Kole",4.16,"['Nonfiction', 'Sports', 'Health', 'Fitness', 'Self Help', 'Reference', 'Martial Arts']",,m;m;unknown
الأيام,"Taha Hussein, طه حسين",3.6,"['Biography', 'Nonfiction', 'Literature', 'Classics', 'Autobiography', 'School', 'Egypt', 'History', 'Memoir', 'Unfinished']",Arabic,m;unknown
Biological Big Bang: Panspermia and the Origins of Life,"Chandra Wickramasinghe (Editor), Svante Arrhenius, Richard Hoover, Gilbert V. Levin, Michael N. Mautner, Robert Tyler, Max K. Wallis, Milton Wainwright, more…",4.33,['Nonfiction'],English,mostly_male;m;m;m;m;m;m;m;unknown
ما تبقى لكم,"Ghassan Kanafani, غسان كنفاني",3.62,"['Novels', 'Fiction', 'Literature', 'Short Stories', 'Politics', 'Historical Fiction']",Arabic,m;unknown
Seni Bisnes Terhebat Tao Zhugong,"Xu Hui, Mint Kang",4.29,[],Malay,andy;unknown
Busted Flush,"George R.R. Martin (Editor), more…",3.72,"['Science Fiction', 'Fantasy', 'Fiction', 'Superheroes', 'Short Stories', 'Anthologies', 'Adventure', 'Urban Fantasy', 'Alternate History', 'Contemporary']",English,m;unknown
Black Bullet - Novel 1,"Shiden Kanzaki, Morinohon, Saki Ukai",4.11,"['Light Novel', 'Manga', 'Science Fiction', 'Action', 'Fantasy', 'Dystopia', 'Young Adult', 'Japanese Literature', 'Mystery', 'Fiction']",German,unknown;unknown;w
نقطة الغليان,"مصطفى محمود, مصطفى محمود",3.81,"['Short Stories', 'Novels', 'Egypt', 'Literature']",Arabic,unknown;unknown
"The Autobiography of Medgar Evers: A Hero's Life and Legacy Revealed Through his Writings, Letters, and Speeches","Myrlie Evers-Williams (Editor), Manning Marable",4.12,"['Nonfiction', 'History', 'African American', 'Biography', 'Race', 'Memoir', 'Autobiography']",English,unknown;unknown
"Sum It Up: 1,098 Victories, a Couple of Irrelevant Losses, and a Life in Perspective","Pat Summitt, Sally Jenkins",4.45,"['Sports', 'Nonfiction', 'Biography', 'Memoir', 'Autobiography', 'Basketball', 'Audiobook', 'Biography Memoir', 'Health', 'Leadership']",English,andy;w
Dashing Through the Stars,"Erin Tate , Celia Kyle",4.16,"['Romance', 'Aliens', 'Science Fiction', 'Paranormal', 'Dragons', 'Shapeshifters', 'Paranormal Romance', 'Science Fiction Romance', 'Novella', 'Fantasy']",English,mostly_female;w
مختصر إحياء علوم الدين,"Abu Hamid al-Ghazali, أبو حامد الغزالي",4.22,"['Islam', 'Religion', 'Nonfiction', 'Indonesian Literature', 'Spirituality']",Arabic,m;unknown
गोदान [Godaan],"Munshi Premchand, मुंशी प्रेमचंद",4.35,"['Fiction', 'India', 'Classics', 'Indian Literature', 'Novels', 'Literature', 'Unfinished', 'Literary Fiction', 'Society', 'Cultural']",Hindi,unknown;unknown
Spielball Erde: Machtkämpfe im Klimawandel (German Edition),"Claus Kleber, Cleo Paskal",4.14,[],English,m;mostly_female
الأم,"Muhammad ibn Idris al-Shafi'i, محمد بن إدريس الشافعي",4.35,[],Arabic,m;unknown
"The Wizard and the Witch: Seven Decades of Counterculture, Magick & Paganism: An Oral History of Oberon Zell & Morning Glory","John C. Sulak, Oberon Zell-Ravenheart",3.82,"['Paganism', 'History', 'Biography', 'Magick', 'Witchcraft', 'Nonfiction', 'Religion']",English,m;unknown
الجنة والنار,"عمر سليمان عبد الله الأشقر, صادق شائف نعمان",4.31,"['Islam', 'Religion', 'Nonfiction']",Arabic,unknown;unknown
Eroica,"Kosmas Politis, Κοσμάς Πολίτης",3.4,"['Fiction', 'Literature']","Greek, Modern (1453-)",m;unknown
Principles of Neural Science,"Eric R. Kandel, James H. Schwartz, Thomas M. Jessell",4.45,"['Neuroscience', 'Science', 'Nonfiction', 'Psychology', 'Textbooks', 'Biology', 'Brain', 'Reference', 'Medicine', 'Medical']",English,m;m;m
"Attack on Titan: No Regrets, Vol. 2","Hajime Isayama (Original Author), Hikaru Suruga, Gan Sunaaku",4.53,"['Manga', 'Fantasy', 'Graphic Novels', 'Horror', 'Comics', 'Dystopia', 'Fiction', 'Comics Manga', 'Science Fiction', 'Action']",English,m;mostly_female;andy
Lessons From the Mountain,"Mary McDonough , Beverly Nault",3.6,"['Biography', 'Nonfiction', 'Memoir', 'Autobiography', 'Tv', 'Biography Memoir']",English,mostly_female;w
"Why We Want You To Be Rich: Two Men, One Message","Donald J. Trump, Robert T. Kiyosaki, Meredith McIver, Sharon L. Lechter",3.91,"['Business', 'Finance', 'Nonfiction', 'Self Help', 'Money', 'Personal Development', 'Economics', 'Personal Finance', 'Entrepreneurship', 'Leadership']",English,m;m;mostly_female;w
Somber Island,"T. Lynne Tolles , Erin Potter",3.32,"['Vampires', 'Young Adult', 'Paranormal', 'Witches', 'Romance', 'Fantasy', 'Historical Fiction', 'Fiction', 'Gothic', 'Scotland']",English,unknown;mostly_female
I''s 1,"Masakazu Katsura, 桂 正和",3.76,"['Manga', 'Comics', 'Romance', 'Graphic Novels', 'Fiction', 'Young Adult', 'Japanese Literature', 'Shonen', 'Comedy', 'Comics Manga']",Japanese,m;unknown
Samantha the Swimming Fairy,"Daisy Meadows, Georgie Ripper",4.04,"['Fantasy', 'Childrens', 'Fairies', 'Magic', 'Chapter Books', 'Adventure', 'Sports']",English,w;andy
The Vision and Art of Shinjo Ito,"Shinjo Ito, Y. Yabuuchi, M.R. Miles, T. Enomoto",5.0,[],English,unknown;unknown;unknown;unknown
The Andalite Chronicles,"K.A. Applegate, Katherine Applegate",4.05,"['Science Fiction', 'Young Adult', 'Fiction', 'Fantasy', 'Childrens', 'Aliens', 'Middle Grade', 'Adventure', 'Animals', 'War']",English,unknown;w
"Rhett & Link's Book of Mythicality: A Field Guide to Curiosity, Creativity, and Tomfoolery","Rhett McLaughlin , Link Neal",4.33,"['Nonfiction', 'Humor', 'Memoir', 'Biography', 'Audiobook', 'Autobiography', 'Comedy', 'Adult', 'Unfinished', 'Contemporary']",English,m;unknown
The Making of Dual Mania: Filmmaking Chicago Style (Kindle Edition),"Joseph Strickland , B.J. Patterson, Cat Ellington",5.0,[],English,m;unknown;mostly_male
Led by Faith: Rising from the Ashes of the Rwandan Genocide,"Immaculée Ilibagiza, Steve Erwin",4.42,"['Nonfiction', 'Memoir', 'Biography', 'Africa', 'Catholic', 'Rwanda', 'Autobiography', 'Religion', 'Spirituality', 'History']",English,unknown;m
Pretty New Doll,"Ker Dukey , K. Webster",4.39,"['Dark', 'Abuse', 'Suspense', 'Romance', 'Thriller', 'Crime', 'Erotica', 'Adult', 'Horror', 'Contemporary']",,unknown;unknown
"The Lion, the Witch and the Wardrobe (Chronicles of Narnia, #1)","Hiawyn Oram (Adaptor), C.S. Lewis",4.32,"['Fantasy', 'Classics', 'Fiction', 'Childrens', 'Young Adult', 'Picture Books', 'Science Fiction Fantasy', 'Adventure', 'Christian Fiction', 'Amazon']",English,unknown;unknown
The Secret Diary of Lizzie Bennet,"Bernie Su, Kate Rorick",4.0,"['Romance', 'Contemporary', 'Fiction', 'Young Adult', 'Retellings', 'Chick Lit', 'Audiobook', 'Adult', 'New Adult', 'Contemporary Romance']",,mostly_female;w
Коледна тайна,"Karen Swan , Карън Суон",4.0,"['Romance', 'Christmas', 'Chick Lit', 'Contemporary', 'Contemporary Romance', 'Holiday', 'Fiction', 'Womens Fiction', 'Adult', 'British Literature']",Bulgarian,w;unknown
ميرامار,"Naguib Mahfouz, نجيب محفوظ",3.83,"['Fiction', 'Egypt', 'Novels', 'Africa', 'Literature', 'Nobel Prize', 'Classics', 'Egyptian Literature', '20th Century', 'Media Tie In']",Arabic,unknown;unknown
الشعلة الزرقاء,"Kahlil Gibran, مي زيادة",3.69,"['Poetry', 'Nonfiction', 'Biography', 'Romance', 'Literature', 'Lebanon', 'Philosophy', 'Classics', '20th Century', 'Spirituality']",Arabic,unknown;unknown
تقارير السيدة راء,"Radwa Ashour, رضوى عاشور",3.1,"['Short Stories', 'Literature', 'Novels', 'Fiction', 'Egypt']",Arabic,unknown;unknown
الحالمة,"Alberto Moravia, ألبرتو مورافيا",3.35,[],Arabic,m;unknown
اختلاق الميثولوجيا,"Marcel Detienne, مارسيل ديتيان",4.09,"['Mythology', 'Religion', 'Nonfiction']",Arabic,m;unknown
The Cursed Fae King,"A.K. Koonce, Rebecca Grey",4.12,"['Fantasy', 'Fae', 'Romance', 'Paranormal', 'Magic', 'Paranormal Romance', 'Fairies', 'Reverse Harem', 'Adult']",English,unknown;w
Order of the Centurion,"Jason Anspach , Nick Cole , Jonathan Yanez",4.57,"['Science Fiction', 'Military Science Fiction', 'Military Fiction', 'Space Opera']",English,m;m;m
In Bed with the Boss,"Sarah Morgan , Lindsay Armstrong, Melanie Milburne",3.3,['Romance'],,w;mostly_female;w
اسطورة فيراتا,"Stefan Zweig, ستيفان زفايغ",4.01,"['Fiction', 'Short Stories', 'Classics', 'German Literature', 'Novels', 'Literature', 'Drama', '20th Century']",Arabic,m;unknown
Ποίηση,"Odysseus Elytis, Οδυσσέας Ελύτης",4.67,"['Poetry', 'Greece', 'Literature', '20th Century', 'Fiction', 'Nobel Prize']","Greek, Modern (1453-)",unknown;unknown
Dragon Age: Hard in Hightown,"Varric Tethras, Mary Kirby",3.99,"['Fantasy', 'Mystery', 'Fiction', 'Video Games', 'Crime', 'Adult', 'Short Stories', 'Gaming', 'Novella', 'Science Fiction Fantasy']",,unknown;mostly_female
Ship of Fools: How a Selfish Ruling Class Is Bringing America to the Brink of Revolution,"Tucker Carlson (Author, Narrator)",4.3,"['Politics', 'Nonfiction', 'History', 'Audiobook', 'Political Science', 'American History', 'American', 'Social Science', 'Economics', 'Adult']",English,m;unknown
The Rise of Kyoshi,"F.C. Yee , Michael Dante DiMartino",4.49,"['Fantasy', 'Young Adult', 'LGBT', 'Fiction', 'Young Adult Fantasy', 'Queer', 'High Fantasy', 'Asian Literature', 'Graphic Novels', 'Adventure']",English,unknown;m
I'm Not Dying with You Tonight,"Kimberly Jones, Gilly Segal",3.7,"['Young Adult', 'Contemporary', 'Fiction', 'Audiobook', 'Realistic Fiction', 'Race', 'Teen', 'Social Justice', 'Young Adult Contemporary', 'Social Issues']",English,mostly_female;mostly_female
Hex Education,"Emily Gould , Zareen Jaffery",3.07,"['Young Adult', 'Paranormal', 'Teen', 'Fantasy', 'Magic', 'Childrens', 'Fiction', 'Urban Fantasy']",English,w;unknown
"Connect: 12 Vital Ties That Open Your Heart, Lengthen Your Life, and Deepen Your Soul","Edward M. Hallowell, M.D.",3.93,"['Psychology', 'Spirituality', 'Nonfiction']",English,m;unknown
Sleeping with the Enemy,"Wahida Clark , Kiki Swinson",4.47,"['Urban', 'African American', 'Drama']",English,unknown;w
خالتي صفية والدير,"Bahaa Taher, بهاء طاهر",3.9,"['Novels', 'Fiction', 'Egypt', 'Literature', 'Media Tie In', 'Drama', 'Egyptian Literature', 'Historical Fiction', 'Classics', 'Africa']",Arabic,unknown;unknown
The Edge Chronicles 10: The Immortals: The Book of Nate,"Paul Stewart , Chris Riddell",4.39,"['Fantasy', 'Fiction', 'Childrens', 'Young Adult', 'Adventure', 'Steampunk', 'Middle Grade', 'Juvenile', 'High Fantasy', 'Action']",English,m;mostly_male
The Dreamer Wakes,"Cao Xueqin, Gao E",4.32,"['China', 'Fiction', 'Classics', 'Chinese Literature', 'Literature', '18th Century', 'Asian Literature', 'Asia', 'Novels', 'Historical Fiction']",English,mostly_male;andy
"We Are Quiet, We Are Loud: The Best Young Writers and Artists In America","David Levithan  (Editor), more…",4.09,"['Young Adult', 'Short Stories', 'Fiction', 'Anthologies', 'Poetry', 'Realistic Fiction']",English,m;unknown
The Complete Compleat Enchanter,"L. Sprague de Camp, Fletcher Pratt",4.06,"['Fantasy', 'Science Fiction', 'Humor', 'Speculative Fiction', 'Science Fiction Fantasy', 'Pulp', 'Sci Fi Fantasy', 'Dungeons and Dragons', 'Time Travel', 'Collections']",English,unknown;m
Highland Beast,"Hannah Howell , Heather Grothaus , Victoria Dahl",4.06,"['Romance', 'Paranormal Romance', 'Vampires', 'Paranormal', 'Anthologies', 'Historical Romance', 'Historical', 'Fantasy', 'Magic', 'Adult']",English,w;w;w
Promethea: Book One,"Alan Moore , J.H. Williams III, Mick Gray",3.9,"['Comics', 'Graphic Novels', 'Fantasy', 'Fiction', 'Graphic Novels Comics', 'Comic Book', 'Mythology', 'Superheroes', 'Comix', 'Magic']",English,m;unknown;m
"Running Through Corridors, Volume 1: The 60s - Rob and Toby's Marathon Watch of Doctor Who","Robert Shearman, ToHadoke",4.36,"['Doctor Who', 'Nonfiction', 'Tv', 'Criticism']",English,m;unknown
A Day in the Life of Africa: Photographed by the World's Leading Photojournalists on One Day,"David Elliot Cohen (Director), Lee Liberman",4.13,"['Nonfiction', 'Africa', 'Photography', 'Art', 'Adult', 'Travel']",English,m;mostly_male
"Writer's Market Companion: The Essential Guide to Starting Your Project, Getting It Published, and Getting Paid","Joe Feiertag, Mary Carmen Cupito",3.79,"['Writing', 'Nonfiction', 'Reference']",English,m;mostly_female
عصفور من الشرق,"Tawfiq Al-Hakim, توفيق الحكيم",3.73,"['Novels', 'Literature', 'Fiction', 'Egyptian Literature', 'Classics', 'Egypt', 'Media Tie In', 'Politics']",Arabic,m;unknown
Of Course I Love You...! Till I Find Someone Better...,"Durjoy Datta , Maanvi Ahuja",3.23,"['Romance', 'Fiction', 'Indian Literature', 'Love', 'Romantic', 'Novels', 'Contemporary', 'Love Story', 'Young Adult', 'Chick Lit']",English,unknown;unknown
Z,"Vassilis Vassilikos, Βασίλης Βασιλικός",4.03,"['Fiction', 'Greece', 'Politics', 'Historical Fiction', 'Literature', 'Classics', 'Crime', 'Novels', '20th Century', 'Roman']","Greek, Modern (1453-)",unknown;unknown
The X-Files: Fight the Future,"Elizabeth Hand, Chris Carter",3.76,"['Science Fiction', 'Fiction', 'Paranormal', 'Novels', 'Thriller', 'Tv', 'Adventure', 'Horror', 'The United States Of America', 'Media Tie In']",English,w;mostly_male
"The White Rose: Munich, 1942-1943","Inge Scholl, Dorothee Sölle, Inge Aicher-Scholl",3.93,"['Nonfiction', 'History', 'World War II', 'Germany', 'German Literature', 'Biography', 'Holocaust', 'School', 'Historical', 'War']",,w;w;w
Two and Twenty Dark Tales: Dark Retellings of Mother Goose Rhymes,"Nina Berry , Sarwat Chadda , Shannon Delany , Max Scialdone, Karen Mahoney , Lisa Mantchev, Georgia McBride , C. Lee McKenzie , more…",3.64,"['Young Adult', 'Fantasy', 'Short Stories', 'Anthologies', 'Retellings', 'Fairy Tales', 'Fiction', 'Horror', 'Paranormal', 'Fairy Tale Retellings']",English,w;unknown;mostly_female;m;w;w;w;unknown;unknown
Tubo de Ensaio,"Bruno Nogueira, João Quadros",3.38,"['Humor', 'Comedy']",Portuguese,m;mostly_male
"Ние, врабчетата","Yordan Radichkov, Йордан Радичков",4.25,"['Bulgarian Literature', 'Childrens', 'Fiction', 'School', 'Classics', 'Magical Realism', 'Short Stories', 'Bulgaria']",Bulgarian,m;unknown
Archie: The Married Life Book 1,"Archie Comics, Michael E. Uslan, Paul Kupperberg",4.16,"['Comics', 'Graphic Novels', 'Humor', 'Fiction', 'Graphic Novels Comics', 'Young Adult', 'Romance', 'Teen', 'Contemporary', 'Fantasy']",English,m;m;m
The Mystery of Humanity,"Sadegh Angha, Salaheddin Ali Nader Shah Angha",4.67,[],English,unknown;unknown
حديقة الغروب,"Ghazi A. Algosaibi, غازي عبد الرحمن القصيبي",3.66,"['Poetry', 'Literature']",Arabic,m;unknown
Living in Light of Eternity: How to base your life on what really matters (The Christian Character Library),"Stacy Rinehart, Paula Rinehart",4.12,"['Christian Living', 'Christian']",,mostly_female;w
Rapture (A Been So Long Prequel),"Adrienne Thompson, Alyndria Mooney",4.57,[],,w;unknown
Eternal Island,"K.S. Haigwood , Ella Medler",3.94,"['Paranormal', 'Paranormal Romance', 'Vampires', 'Romance', 'Witches', 'Fiction', 'Suspense', 'Magic', 'Supernatural', 'Chick Lit']",English,unknown;w
Kopassus untuk Indonesia,"Iwan Santosa, E.A. Natanegara",4.3,"['Military Fiction', 'Nonfiction']",Indonesian,m;unknown
Baghdad Burning: Girl Blog from Iraq,"Riverbend, Alia Mamdouh",4.09,"['Nonfiction', 'Memoir', 'History', 'War', 'Politics', 'Biography', 'Islam', 'Biography Memoir', 'Autobiography', 'Womens']",English,unknown;w
Whole: Rethinking the Science of Nutrition,"T. Colin Campbell, Howard Jacobson",3.92,"['Health', 'Nonfiction', 'Nutrition', 'Food', 'Science', 'Vegan', 'Audiobook', 'Self Help', 'Reference', 'Diets']",English,unknown;m
When Honey Got Married,"Kimberly Lang , Anna Cleary , Kelly Hunter , Ally Blake",3.89,"['Anthologies', 'Romance', 'Contemporary', 'Contemporary Romance']",,mostly_female;w;mostly_female;w
الشرق الأقصى: الصين,"Will Durant, Ariel Durant",3.92,"['History', 'Nonfiction']",Arabic,mostly_male;m
Sinful Dreams,"Susan Johnson , C.C. Gibbs",3.93,"['Historical Romance', 'Romance', 'Historical', 'Erotica', 'Erotic Romance', 'Historical Fiction', 'Regency', 'Adult', 'British Literature', 'Georgian']",English,w;unknown
The Magnificence of Quran,"Darussalam (Editor), Faisal bin Muhammad Shafeeq",4.34,['Islam'],English,unknown;m
The Color Purple: Piano/Vocal Selections,"Brenda Russell, Allee Willis, Stephen Bray",4.22,[],English,w;unknown;m
Old Hickory Lane,"E.J. Ruek , D.L. Keur",3.75,[],English,unknown;unknown
Persona 3,"Atlus, Shuji Sogabe",3.63,"['Manga', 'Mystery']",English,unknown;m
வந்தார்கள் வென்றார்கள் [Vandhargal Vendrargal],"Madhan, மதன்",4.23,"['History', 'Nonfiction', 'India', 'Classics', 'Historical']",Tamil,unknown;unknown
A Study in Sherlock,"Laurie R. King , Leslie S. Klinger",3.76,"['Mystery', 'Short Stories', 'Fiction', 'Anthologies', 'Crime', 'Historical Fiction', 'Detective', 'Historical', 'Adult', 'Mystery Thriller']",English,w;mostly_female
The Alchemy Press Book of Pulp Heroes 3,"Mike Chinn  (Editor), more…",4.43,"['Short Stories', 'Pulp']",English,m;unknown
500 Great Books By Women,"Erica Bauermeister , Holly Smith, Jesse Larsen",3.88,"['Books About Books', 'Nonfiction', 'Reference', 'Feminism', 'Womens', 'Anthologies', 'Writing', 'Literature', 'Literary Criticism', 'Essays']",English,w;w;m
Life Application Study Bible: NIV,"Anonymous, Ronald A. Beers",4.68,"['Christian', 'Religion', 'Nonfiction', 'Christianity', 'Reference', 'Spirituality', 'Faith', 'Christian Non Fiction', 'Classics', 'History']",English,unknown;m
ಪರ್ವ [Parva],"S.L. Bhyrappa, ಎಸ್.ಎಲ್. ಭೈರಪ್ಪ",4.43,"['Mythology', 'India', 'Fiction', 'Marathi', 'Philosophy', 'Indian Literature', 'Historical Fiction', 'Epic', 'Religion', 'Hinduism']",Kannada,unknown;unknown
Marked / Betrayed / Chosen / Untamed,"P.C. Cast , Kristin Cast",4.38,"['Young Adult', 'Fantasy', 'Vampires', 'Paranormal', 'Romance', 'Paranormal Romance', 'Supernatural', 'Fiction', 'Urban Fantasy', 'Young Adult Paranormal']",English,unknown;w
დათა თუთაშხია,"Chabua Amirejibi, ჭაბუა ამირეჯიბი",4.57,"['Georgian', 'Classics', 'Fiction', 'Novels']",Georgian,unknown;unknown
The Death of Captain Marvel,"Jim Starlin, Chris Claremont, James Shooter, Jim Shooter, David Michelinie, John Byrne, Bill Mantlo, Bob Layton, more…",4.21,"['Comics', 'Graphic Novels', 'Marvel', 'Comic Book', 'Superheroes', 'Graphic Novels Comics', 'Fiction', 'Science Fiction', 'Death', 'Fantasy']",English,m;mostly_male;m;m;m;m;m;m;unknown
Zhou Enlai: The Last Perfect Revolutionary,"Wenqian Gao, Wenqian Gao",3.9,"['History', 'China', 'Biography', 'Nonfiction', 'Politics', 'Asia', 'World History']",English,unknown;unknown
البدائع والطرائف,"Kahlil Gibran, جبران خليل جبران",3.81,"['Literature', 'Poetry', 'Essays', 'Philosophy', 'Nonfiction']",Arabic,unknown;unknown
"Grit to Great: How Perseverance, Passion, and Pluck Take You from Ordinary to Extraordinary","Linda Kaplan Thaler , Robin Koval",3.64,"['Nonfiction', 'Business', 'Self Help', 'Psychology', 'Productivity', 'Management', 'Leadership', 'Personal Development', 'Inspirational', 'Adult']",,w;mostly_male
AlterWorld,"D. Rus , Дмитрий Рус",4.15,"['Fantasy', 'Science Fiction', 'Fiction', 'Magic', 'Cyberpunk', 'Virtual Reality', 'Audiobook', 'Adventure', 'Russia', 'Gaming']",English,unknown;unknown
Дъблинчани/ Портрет на художника като млад,"James Joyce, Джеймс Джойс",3.94,"['Classics', 'Fiction', 'Literature', 'Irish Literature', 'Short Stories', 'Ireland', 'Classic Literature', 'Novels', 'Literary Fiction', 'Historical Fiction']",Bulgarian,m;unknown
Running for My Life: One Lost Boy's Journey from the Killing Fields of Sudan to the Olympic Games,"Lopez Lomong, Mark A. Tabb",4.34,"['Nonfiction', 'Biography', 'Memoir', 'Sports', 'Africa', 'Autobiography', 'Audiobook', 'Christian', 'War', 'History']",English,unknown;m
"Middle School: How I Survived Bullies, Broccoli, and Snake Hill [Excerpt]","James Patterson , Chris Tebbetts",4.2,"['Realistic Fiction', 'Middle Grade']",,m;mostly_male
The Sibley Guide to Birds,"David Allen Sibley, National Audubon Society",4.67,"['Reference', 'Birds', 'Nature', 'Nonfiction', 'Science', 'Field Guides', 'Animals', 'Ornithology', 'Biology', 'Outdoors']",English,m;unknown
The Twelve Kingdoms: Sea of Shadow,"Fuyumi Ono, 小野 不由美",4.2,"['Fantasy', 'Young Adult', 'Manga', 'Fiction', 'Light Novel', 'Japan', 'Japanese Literature', 'Adventure', 'Young Adult Fantasy', 'Asian Literature']",English,unknown;unknown
Dangerous Marine Animals,"Matthias Bergbauer, Robert F. Myers, Manuela Kirschner",4.75,[],English,m;m;w
A Little Love Incident: ...And Accidently A Love Story,"Nikhil Mahajan, Aakhyaa Pandey",3.11,[],English,m;unknown
Νεοελληνικά διηγήματα,"Georgios Vizyinos, Γεώργιος Βιζυηνός",4.49,"['Classics', 'Short Stories']","Greek, Modern (1453-)",m;unknown
A Hand Full of Stars,"Rafik Schami, رفيق شامي",4.03,"['Fiction', 'Young Adult', 'German Literature', 'Historical Fiction', 'Novels', 'Contemporary', 'Multicultural Literature']",English,m;unknown
"Wherever I Wind Up: My Quest for Truth, Authenticity and the Perfect Knuckleball","R.A. Dickey, Wayne Coffey",3.97,"['Sports', 'Baseball', 'Biography', 'Nonfiction', 'Memoir', 'Autobiography', 'Biography Memoir', 'Religion', 'Audiobook', 'Christianity']",English,unknown;m
Το νούμερο 31328: Το βιβλίο της σκλαβιάς,"Ilias Venezis, Ηλίας Βενέζης",4.39,"['Classics', 'Literature', 'Historical Fiction', 'Fiction', 'War', 'Historical', 'Novels']","Greek, Modern (1453-)",m;unknown
Destined for Doon,"Carey Corp , Lorie Langdon",4.16,"['Fantasy', 'Young Adult', 'Romance', 'Magic', 'Time Travel', 'Young Adult Fantasy', 'Teen', 'Scotland', 'Historical Fiction', 'Fairy Tales']",English,andy;w
四畳半神話大系 [Yojōhan Shinwa Taikei],"Tomihiko Morimi, 森見 登美彦",4.22,"['Japanese Literature', 'Light Novel', 'Fantasy', 'Fiction', 'Humor', 'Romance', 'Japan', 'Novels']",Japanese,unknown;unknown
"Holding Out for a Superhero, A Multi-Author Box Set","Nana Malone , June Gray , Joni Hahn, V.J. Chambers",4.36,[],,w;w;w;unknown
The Valiant,"Jeff Lemire (Writer, Artist)",3.8,"['Comics', 'Graphic Novels', 'Superheroes', 'Fantasy', 'Graphic Novels Comics', 'Fiction', 'Comic Book', 'Science Fiction', 'Adventure', 'Time Travel']",English,m;unknown
Mississippi Nights,"D.M. Webb, Daphne Self",4.44,"['Christian', 'Fiction']",English,unknown;w
Enthralled: Paranormal Diversions,"Melissa Marr  (editor), Rachel Vincent , Sarah Rees Brennan , Jeri Smith-Ready , Mary E. Pearson , Jennifer Lynn Barnes , Jessica Verday, more…",3.79,"['Young Adult', 'Paranormal', 'Fantasy', 'Anthologies', 'Short Stories', 'Urban Fantasy', 'Vampires', 'Romance', 'Supernatural', 'Paranormal Romance']",English,w;w;w;w;mostly_female;w;w;unknown
The World of Ice and Fire: The Untold History of Westeros and the Game of Thrones,"George R.R. Martin, Elio M. García Jr., Linda Antonsson",4.26,"['Fantasy', 'Fiction', 'Epic Fantasy', 'High Fantasy', 'Reference', 'Dragons', 'Science Fiction Fantasy', 'Adult', 'Audiobook', 'Historical Fiction']",English,m;m;w
Reena's Bollywood Dream: A Story about Sexual Abuse,"Jewel Kats , Richa Kinra",4.5,[],English,mostly_female;w
The Moth,"Catherine Burns (Editor), more…",4.36,"['Nonfiction', 'Short Stories', 'Essays', 'Memoir', 'Biography', 'Humor', 'Biography Memoir', 'Anthologies', 'Autobiography', 'American']",English,w;unknown
A Half Baked Love Story,"Anurag Garg , Gunjan Narang",3.6,"['Romance', 'Romantic', 'Love Story', 'Love', 'Contemporary', 'Young Adult', 'Fiction']",English,unknown;mostly_female
電影少女 1,"Masakazu Katsura, 桂 正和",3.71,"['Manga', 'Comics', 'Romance', 'Graphic Novels', 'Science Fiction', 'Japan', 'Shonen', 'Fantasy', 'Comics Manga', 'Fiction']",Japanese,m;unknown
Orange 1,"Ichigo Takano, 高野苺",4.3,"['Manga', 'Romance', 'Young Adult', 'Graphic Novels', 'Comics', 'Shojo', 'Contemporary', 'Time Travel', 'Science Fiction', 'Fiction']",Japanese,unknown;unknown
Emergency Sex (And Other Desperate Measures): True Stories from a War Zone,"Kenneth Cain, Andrew Thomson, Heidi Postlewait",4.06,"['Nonfiction', 'Memoir', 'Africa', 'Travel', 'Politics', 'War', 'Biography', 'History', 'Asia', 'Rwanda']",English,m;m;w
Епопея на забравените,"Ivan Vazov, Иван Вазов",4.44,"['Bulgarian Literature', 'Poetry', 'Classics', 'School', 'Bulgaria', 'Read For School', 'Historical Fiction']",Bulgarian,m;unknown
مجموعه آثار نمایشی ویلیام شکسپیر,"William Shakespeare, علاءالدین پازارگادی",4.52,"['Classics', 'Plays', 'Fiction', 'Drama', 'Poetry', 'Historical', 'Anthologies', 'Collections', 'Historical Fiction']",Persian,m;unknown
Je viens d'Alep: Itinéraire d'un réfugié ordinaire,"Joude Jassouma, Laurence de Cambronne",3.97,[],French,unknown;w
Gefallene Mädchen,"Lexy V. Golden, D.C. Odesza",3.99,"['Fantasy', 'Vampires']",German,unknown;unknown
Hunter's Run,"George R.R. Martin, Gardner Dozois, Daniel Abraham",3.63,"['Science Fiction', 'Fiction', 'Fantasy', 'Space', 'Aliens', 'Thriller', 'Adventure', 'Novels', 'Science Fiction Fantasy', 'American']",English,m;unknown;m
Burnt Tongues,"Chuck Palahniuk  (Editor), Amanda Gowin , Matt Egan, Fred Venturini , Brandon Tietz , Adam Skorupskas , more…",3.69,"['Short Stories', 'Fiction', 'Horror', 'Anthologies', 'Dark', 'Collections', 'Adult', 'Cult Classics', 'Literature', 'Novels']",English,m;w;m;m;m;m;unknown
キノの旅 I,"時雨沢 恵一 (作者), Keiichi Sigsawa",4.27,"['Light Novel', 'Fantasy', 'Fiction', 'Manga', 'Japanese Literature', 'Young Adult', 'Japan', 'Short Stories', 'Adventure', 'Graphic Novels']",Japanese,unknown;m
Pretty Broken Dolls,"Ker Dukey , K. Webster",4.28,"['Dark', 'Menage', 'Abuse', 'Romance', 'Erotica', 'M M Romance', 'Suspense', 'Thriller', 'Horror', 'Crime']",English,unknown;unknown
Ян Бибиян. Невероятните приключения на едно хлапе,"Elin Pelin, Елин Пелин",4.18,['Bulgarian Literature'],Bulgarian,w;unknown
"Nudge: Improving Decisions About Health, Wealth, and Happiness","Richard H. Thaler, Cass R. Sunstein",3.84,"['Nonfiction', 'Psychology', 'Economics', 'Business', 'Self Help', 'Science', 'Politics', 'Personal Development', 'Sociology', 'Social Science']",English,m;mostly_female
The Long Mars,"Terry Pratchett, Stephen Baxter",3.74,"['Science Fiction', 'Fiction', 'Fantasy', 'Audiobook', 'Adventure', 'Science Fiction Fantasy', 'Alternate History', 'Speculative Fiction', 'Dystopia', 'British Literature']",English,mostly_male;m
The Fall of the House of Usher/Usher II,"Ray Bradbury, Edgar Allan Poe",4.33,['Classics'],English,mostly_male;m
The Decision to Use the Atomic Bomb,"Gar Alperovitz , Sanho Tree",4.01,"['History', 'Japan', 'Nonfiction', 'Politics', 'World War II', 'War', 'American History', 'Military Fiction', 'World History', 'American']",,m;unknown
جمهورية فرحات وقصص أخرى,"Yusuf Idris, يوسف إدريس",3.52,[],Arabic,m;unknown
Iron Wolves,"Jonathan Yanez , Jason Anspach , Nick Cole",4.42,['Science Fiction'],English,m;m;m
Voices of a Distant Star: Words of Love/ Across the Stars,"Arata Kanoh, Makoto Shinkai",4.0,['Fiction'],,mostly_female;mostly_male
الأيدي الناعمة,"Tawfiq Al-Hakim, توفيق الحكيم",3.66,"['Plays', 'Media Tie In', 'Literature', 'Fiction', 'Drama', 'Novels', 'Classics', 'Comedy', 'Theatre', 'Egyptian Literature']",Arabic,m;unknown
مقاومة,"Souha Béchara, سهى بشارة",4.11,"['History', 'Nonfiction', 'Lebanon', 'Biography', 'War', 'Politics', 'Biography Memoir', 'Autobiography', 'Memoir']",Arabic,w;unknown
Πέτρες - Επαναλήψεις - Κιγκλίδωμα,"Yiannis Ritsos, Γιάννης Ρίτσος",4.5,['Poetry'],"Greek, Modern (1453-)",unknown;unknown
Value Proposition Design: How to Create Products and Services Customers Want,"Alexander Osterwalder , Yves Pigneur, Patricia Papadakos, Gregory Bernarda, Alan Smith",4.27,"['Business', 'Design', 'Entrepreneurship', 'Nonfiction', 'Buisness', 'Management', 'Leadership', 'Reference', 'Collections', 'Research']",,m;m;w;m;m
ذاكرة للنسيان,"Mahmoud Darwish, محمود درويش",4.12,"['Poetry', 'Nonfiction', 'Lebanon', 'Literature', 'Politics', 'War', 'Memoir', 'International', 'Philosophy', 'History']",Arabic,m;unknown
"The Faith Club: A Muslim, A Christian, A Jew--Three Women Search for Understanding","Suzanne Oliver, Priscilla Warner , Ranya Tabari Idliby",3.77,"['Religion', 'Nonfiction', 'Memoir', 'Spirituality', 'Faith', 'Islam', 'Christian', 'Book Club', 'Judaism', 'Christianity']",English,w;w;w
Nourishing Traditions: The Cookbook That Challenges Politically Correct Nutrition and the Diet Dictocrats,"Sally Fallon, Mary G. Enig",4.17,"['Cookbooks', 'Food', 'Health', 'Nonfiction', 'Cooking', 'Nutrition', 'Reference', 'Foodie', 'Diets', 'Science']",English,w;mostly_female
Open Secret: Versions of Rumi,"Rumi, Coleman Barks, John Moyne",4.47,"['Poetry', 'Spirituality', 'Religion', 'Classics']",English,w;m;m
"Yotsuba&!, Vol. 2","Kiyohiko Azuma, あずま きよひこ",4.5,"['Manga', 'Graphic Novels', 'Comics', 'Humor', 'Fiction', 'Slice Of Life', 'Comedy', 'Japanese Literature', 'Young Adult', 'Japan']",English,m;unknown
Under the Fang,"Robert R. McCammon (Editor), more…",3.93,"['Horror', 'Vampires', 'Anthologies', 'Fiction', 'Short Stories', 'Fantasy', 'Science Fiction', 'Dystopia', 'Post Apocalyptic', 'Urban Fantasy']",English,m;unknown
Red Asphalt,"Scott Cherney , Cherney, Scott",3.25,[],English,m;unknown;m
The Eternal Highlander,"Hannah Howell , Lynsay Sands",4.05,"['Romance', 'Historical Romance', 'Paranormal Romance', 'Vampires', 'Paranormal', 'Historical', 'Anthologies', 'Fantasy', 'Historical Fiction', 'Fiction']",English,w;unknown
"Tie Me Up, Tie Me Down","Sherrilyn Kenyon , Jaid Black, Melanie George",3.95,"['Romance', 'Anthologies', 'Erotica', 'Contemporary Romance', 'Paranormal Romance', 'Contemporary', 'Paranormal', 'Erotic Romance', 'Romantic Suspense', 'Fiction']",English,unknown;unknown;w
Tight Spaces,"Kesho Scott, Cherry Muhanji, Egyirba High",3.86,[],English,unknown;w;unknown
All We Are Saying: The Last Major Interview with John Lennon and Yoko Ono,"David Sheff  (Creator), John Lennon, Yoko Ono",4.27,"['Music', 'Nonfiction', 'Biography', 'Biography Memoir', 'History', 'Pop Culture', 'Memoir']",English,m;m;w
Rest in Pieces,"Rita Mae Brown, Sneaky Pie Brown",3.96,"['Mystery', 'Fiction', 'Cozy Mystery', 'Cats', 'Animals', 'Crime', 'Mystery Thriller', 'Adult Fiction', 'Audiobook', 'Dogs']",English,w;unknown
"And Their Children After Them: The Legacy of Let Us Now Praise Famous Men: James Agee, Walker Evans, and the Rise and Fall of Cotton in the South","Dale Maharidge , Michael S. Williamson",4.0,"['History', 'Nonfiction', 'Biography', 'American History', 'Photography', 'Journalism', 'Art', 'The United States Of America', 'Sociology', 'Society']",English,mostly_male;m
Haunted by Your Touch Anthology,"Jeaniene Frost , Jeaniene Frost , Sharie Kohler",4.04,"['Paranormal Romance', 'Paranormal', 'Anthologies', 'Romance', 'Fantasy', 'Demons', 'Urban Fantasy', 'Vampires', 'Adult', 'Short Stories']",English,unknown;unknown;w
عبث الأقدار,"Naguib Mahfouz, نجيب محفوظ",3.79,"['Fiction', 'Novels', 'Historical Fiction', 'Egypt', 'Literature', 'Nobel Prize', 'Africa', 'Classics', 'Historical', 'Egyptian Literature']",Arabic,unknown;unknown
NurtureShock: New Thinking About Children,"Po Bronson, Ashley Merryman",4.02,"['Parenting', 'Nonfiction', 'Psychology', 'Education', 'Science', 'Childrens', 'Sociology', 'Audiobook', 'Adult', 'Self Help']",English,andy;mostly_female
The Dictionary of Accepted Ideas,"Gustave Flaubert, Jaques Barzun",3.87,"['France', 'Nonfiction', 'Classics', 'Humor', 'French Literature', 'Literature', 'Philosophy', '19th Century', 'Reference', 'Essays']",English,m;unknown
Chicken Soup for the Soul: Just for Teenagers: 101 Stories of Inspiration and Support for Teens,"Jack Canfield, Mark Victor Hansen, Amy Newmark",4.15,"['Nonfiction', 'Inspirational', 'Self Help']",English,m;m;w
The Garden of The Prophet,"Kahlil Gibran, جبران خليل جبران",3.83,"['Poetry', 'Philosophy', 'Fiction', 'Classics', 'Spirituality', 'Literature', 'Religion', 'Novels', 'Lebanon']",English,unknown;unknown
The Further Adventures of Sherlock Holmes: After Sir Arthur Conan Doyle (Classic Crime),"Richard Lancelyn Green (Editor), Ronald Knox, Julian Symons, F.P. Cillié, D.O. Smith, Arthur Whitaker, Vincent Starrett, Stuart Palmer, more…",4.41,"['Mystery', 'Classics', 'Fiction', 'Crime', 'Short Stories', 'Detective', 'Mystery Thriller', 'Literature', 'Adventure', 'Historical']",English,m;m;m;unknown;unknown;m;m;m;unknown
Soe Hok-Gie...Sekali Lagi: Buku Pesta dan Cinta di Alam Bangsanya,"Rudy Badil (Editor), Soe Hok Gie",4.23,"['Biography', 'Indonesian Literature', 'Nonfiction', 'History', 'Memoir']",Indonesian,m;unknown
Αιολική γη,"Ilias Venezis, Ηλίας Βενέζης",4.28,"['Classics', 'Fiction', 'Literature', 'Historical', 'Greece', 'Novels', 'Historical Fiction', 'War']","Greek, Modern (1453-)",m;unknown
A Sword in Her Hand,"Jean-Claude van Rijckeghem, Pat van Beirs",3.59,"['Historical Fiction', 'Young Adult', 'Historical', 'School', 'Medieval', 'Fiction', 'Roman', 'War', 'Adventure']",English,m;andy
الروح,"Ibn Qayyim al-Jawziyya, ابن قيم الجوزية, صالح أحمد الشامي",4.14,"['Religion', 'Islam', 'Nonfiction', 'Philosophy', 'Spirituality', 'Science', 'Unfinished']",Arabic,unknown;unknown;unknown
With Great Power,"Rick L. Phillips , Tyrone Tony Reed Jr. , Brian Reaves , Zac Pensol, Brian K. Morris , Dan Johnson, Joshua T. Hall, John A. Gleckler, more…",4.25,[],English,m;m;m;unknown;m;m;m;m;unknown
Church Leavers: Faith Journeys Five Years On,"Adrienne Thompson, Alan Jamieson, Jenny McIntosh",3.5,[],English,w;m;w
"Verlorene Bilder, verlorene Leben: Jüdische Sammler und was aus ihren Kunstwerken wurde","Melissa Müller, Monika Tatzkow, Thomas Blubacher, Gunnar Schnabel",4.13,"['Art', 'History', 'Nonfiction', 'World War II', 'Crime', 'Art History', 'Holocaust', 'War', 'Biography', 'Historical']",German,w;w;m;m
The Wicker Man,"Robin Hardy, Anthony Shaffer",3.85,"['Horror', 'Fiction', 'Mystery', 'Novels', 'Classics', 'Paganism', 'Thriller', 'Fantasy', 'Media Tie In', 'British Literature']",English,mostly_male;m
براكسا أو مشكلة الحكم,"توفيق الحكيم, Tawfiq Al-Hakim",3.97,"['Plays', 'Fiction', 'Politics', 'Theatre', 'Philosophy', 'Classics', 'Novels', 'Drama']",Arabic,unknown;m
World War II Chronicle,"Gerhard L. Weinberg (Contributor), Richard Overy, Mark R. Peattie",4.15,"['Reference', 'World War II']",English,m;m;m
الشرق الأقصى: اليابان,"Will Durant, Ariel Durant",4.0,['History'],Arabic,mostly_male;m
Images from the Holocaust: A Literature Anthology,"Jean E. Brown, Elaine C. Stephens, Janet E. Rubin",4.33,"['Holocaust', 'History']",English,m;w;w
Night Witches,"L.J. Adlington, Lucy Adlington",3.74,"['Young Adult', 'Fantasy', 'Witches', 'Paranormal', 'Dystopia', 'Magic', 'Romance', 'Adventure', 'Fiction', 'Mythology']",English,unknown;w
A Seductive Flame,"Susan Johnson , C.C. Gibbs",4.01,"['Historical Romance', 'Romance', 'Historical', 'Western Romance', 'Westerns', 'Historical Fiction', 'Erotic Romance', 'Fiction', 'Erotica']",English,w;unknown
لماذا أعدموني؟,"Sayed Qutb, سيد قطب",3.56,"['Politics', 'Islam', 'Biography', 'Religion']",Arabic,m;unknown
"Chicken Soup for the Nurse's Soul: 101 Stories to Celebrate, Honor, and Inspire the Nursing Profession (Chicken Soup for the Soul)","Mark Victor Hansen, Nancy Mitchell-Autio, LeAnn Thieman, Jack Canfield",4.17,"['Nonfiction', 'Nursing', 'Medical', 'Inspirational', 'Health', 'Short Stories']",English,m;w;w;m
The Legislated Types of Jihaad and the Deviation of the Extremists,"Shaykh Salih Ibn Fawzan Al-Fawzan, صالح فوزان الفوزان",5.0,[],English,unknown;unknown
"Blood Borne (Cathedral Chronicles, #1)","Elizabeth Wixley, E.M.G. Wixley",4.46,"['Fantasy', 'Science Fiction', 'Horror', 'Dystopia', 'Fiction', 'Paranormal']",,w;unknown
Twist and Shout,"Gabriel (AO3), Standbyme",4.67,"['Fan Fiction', 'Romance', 'LGBT', 'Supernatural', 'M M Romance', 'Fiction', 'Historical Fiction', 'Historical', 'Queer', 'Erotica']",English,m;unknown
The Good New Stuff: Adventure SF in the Grand Tradition,"Gardner Dozois (Editor), more…",3.86,"['Science Fiction', 'Anthologies', 'Adventure', 'Short Stories', 'Fiction', 'Fantasy']",English,unknown;unknown
Bringing Adam Home: The Abduction That Changed America,"Les Standiford, Joe Matthews",3.9,"['True Crime', 'Nonfiction', 'Crime', 'Biography', 'History', 'Mystery', 'Audiobook', 'Memoir', 'Adult', 'Biography Memoir']",English,mostly_male;m
Pulsaciones,"Javier Ruescas , Francesc Miralles",3.58,"['Romance', 'Young Adult', 'Contemporary', 'Spanish Literature', 'Fiction', 'Love', 'Erotic Romance', 'Contemporary Romance', 'Romantic', 'Young Adult Contemporary']",Spanish,mostly_male;m
Submission,"Chris Owen , Jodi Payne",4.0,"['BDSM', 'M M Romance', 'Erotica', 'Romance', 'Contemporary', 'LGBT', 'Gay', 'Adult', 'Fiction', 'Contemporary Romance']",,mostly_male;w
Autonauts of the Cosmoroute,"Julio Cortázar, Carol Dunlop",4.04,"['Travel', 'Nonfiction', 'Memoir', 'Literature', 'Adventure', 'Spanish Literature', 'Collections', 'France', '20th Century', 'Book Club']",English,m;mostly_female
Robbins & Cotran Pathologic Basis of Disease,"Vinay Kumar, Abul K. Abbas, Nelson Fausto",4.28,"['Medicine', 'Medical', 'Reference', 'Science', 'Textbooks', 'School', 'Nonfiction', 'Biology', 'Health']",English,m;unknown;m
"Hamlet, Prince of Denmark","A.J. Hartley , David Hewson",4.12,"['Fiction', 'Audiobook', 'Classics', 'Historical Fiction', 'Historical', 'Retellings', 'Literature', 'British Literature', 'Drama', 'Adult Fiction']",English,unknown;m
The Life of π,"Jason Shaverin, Archimedes",3.9,['Fiction'],English,m;unknown
قالت ضحى,"Bahaa Taher, بهاء طاهر",3.62,"['Novels', 'Fiction', 'Literature', 'Inspirational', 'Historical Fiction', 'Egypt']",Arabic,unknown;unknown
The Paranormal 13,"C.J. Archer , Stacy Claflin , Cate Dean , J.J. DiBendetto, C. Gockel , Kyoko M. , Becca Mills , K.A. Poe , more…",3.73,"['Paranormal', 'Fantasy', 'Anthologies', 'Amazon', 'Urban Fantasy', 'Fiction', 'Vampires', 'Romance', 'Paranormal Romance', 'Collections']",English,unknown;mostly_female;w;unknown;unknown;w;w;unknown;unknown
Narrative of Sojourner Truth,"Sojourner Truth, Olive Gilbert",4.12,"['History', 'Nonfiction', 'Biography', 'Classics', 'Memoir', 'Feminism', 'African American', 'Autobiography', 'Biography Memoir', 'American History']",,unknown;w
عصر القرود,"مصطفى محمود, مصطفى محمود",3.8,"['Nonfiction', 'Philosophy', 'Literature', 'Egypt', 'Religion', 'Social']",Arabic,unknown;unknown
التنوير في إسقاط التدبير,"أحمد بن عطاء الله السكندري, Ibn ʻAta' Allah al-Iskandari",4.36,"['Islam', 'Religion', 'Nonfiction', 'Spirituality']",Arabic,unknown;unknown
Just My Rotten Luck,"James Patterson , Chris Tebbetts",4.43,"['Middle Grade', 'Realistic Fiction', 'Fiction', 'Childrens', 'Young Adult', 'Humor', 'School', 'Juvenile', 'Sports']",,m;mostly_male
Forever Night Stand,"Ysa Arcangel , _silverdoe_",4.47,"['Romance', 'Contemporary']",English,unknown;unknown
Η Πάπισσα Ιωάννα,"Emmanuel Rhoides, Εμμανουήλ Ροΐδης",3.93,"['Fiction', 'Historical Fiction', 'Classics', 'Literature', '19th Century', 'Novels', 'Religion', 'Historical', 'Humor', 'Greece']","Greek, Modern (1453-)",m;unknown
فيتيا مالييف في المدرسة والبيت,"Nikolay Nosov, نيقولاي نوسوف",4.31,"['Russia', 'Childrens', 'Russian Literature', 'Fiction', 'Young Readers', 'Young Adult']",Arabic,m;unknown
"Mistakes Were Made (But Not by Me): Why We Justify Foolish Beliefs, Bad Decisions, and Hurtful Acts","Carol Tavris, Elliot Aronson",4.03,"['Psychology', 'Nonfiction', 'Science', 'Self Help', 'Sociology', 'Business', 'Personal Development', 'Philosophy', 'Leadership', 'Social Science']",English,mostly_female;m
أخوية اليقظانين,"Jacques Attali, جاك أتالي",3.96,"['Historical Fiction', 'Novels', 'Philosophy', 'France', 'French Literature']",Arabic,m;unknown
The Path of the Spiritual Sun: Celebrating the Solstices and Equinoxes,"Belsebuub , Belsebuub",4.71,"['Spirituality', 'Nonfiction']",English,unknown;unknown
Evenfall: Volume 2: Director's Cut,"Ais , Santino Hassell",4.32,"['M M Romance', 'Romance', 'Dystopia', 'LGBT', 'Science Fiction', 'Dark', 'Military Fiction', 'Adult', 'Fiction', 'Action']",English,unknown;m
Trump 101: The Way to Success,"Donald J. Trump, Meredith McIver",3.86,"['Business', 'Self Help', 'Nonfiction', 'Leadership', 'Personal Development', 'Management', 'Entrepreneurship', 'Finance']",English,m;mostly_female
Zoe the Skating Fairy,"Daisy Meadows, Georgie Ripper",3.94,"['Childrens', 'Fairies', 'Fantasy', 'Sports', 'Magic', '2nd Grade', 'Chapter Books', 'Adventure']",English,w;andy
The Malefactors,"Anne Haw Holt, Richardson Wallace Haw Jr.",4.75,[],English,w;unknown
NARUTO -ナルト- イタチ真伝 光明篇 [Naruto: Itachi Shinden — Kōmyō-hen],"Masashi Kishimoto (Original Creator, Illustrator)",4.5,"['Manga', 'Light Novel', 'Fantasy', 'Fiction', 'Anime', 'Young Adult', 'Comics Manga', 'War', 'High Fantasy', 'Comics']",Japanese,m;unknown
"Krazy and Ignatz, 1925-1926: There is a Heppy Land Furfur A-waay","George Herriman, Chris Ware",4.43,"['Comics', 'Graphic Novels', 'Comic Strips', 'Humor', 'Comix', 'Sequential Art', 'Graphic Novels Comics', 'Fiction', 'Classics']",English,m;mostly_male
Москва 2042,"Vladimir Voinovich, Владимир Войнович",3.91,"['Fiction', 'Russia', 'Science Fiction', 'Dystopia', 'Russian Literature', 'Humor', 'Literature', 'Time Travel', 'Audiobook', 'Novels']",Russian,m;unknown
Blake Hunter: Under the veil of darkness,"Austin Star , María Caneiro",4.63,[],,m;mostly_female
ألغاز إدجار آلان بو,"Marjorie P. Katz (Adapter), Edgar Allan Poe, إدجار آلان بو",3.73,"['Horror', 'Classics', 'Fiction', 'Short Stories', 'Mystery', 'Childrens', 'Thriller', 'American', 'Literature']",Arabic,w;m;unknown
The Dictionary of Cultural Literacy,"E.D. Hirsch Jr., Joseph F. Kett, James S. Trefil",4.11,"['Reference', 'Nonfiction', 'History', 'Education', 'Cultural', 'Dictionaries', 'Philosophy', 'Social Science', 'Trivia', 'Essays']",English,unknown;m;m
The Girl Who Smiled Beads: A Story of War and What Comes After,"Clemantine Wamariya , Elizabeth Weil",4.2,"['Nonfiction', 'Memoir', 'Africa', 'Biography', 'War', 'Audiobook', 'Biography Memoir', 'History', 'Rwanda', 'Autobiography']",English,unknown;w
كشكول الرسام,"محيي الدين اللباد, Mohieddin Ellabbad",4.06,"['Art', 'Picture Books', 'Childrens', 'Nonfiction', 'Biography', 'Africa', 'Poetry', 'Biography Memoir', 'Comics', 'Egypt']",Arabic,unknown;unknown
بلد العميان,"H.G. Wells, هربرت جورج ويلز",3.87,"['Short Stories', 'Classics', 'Fiction', 'Science Fiction', 'Fantasy', 'Novels', 'Literature', 'British Literature', 'Philosophy', 'Science Fiction Fantasy']",Arabic,unknown;unknown
"Play Bigger: How Pirates, Dreamers, and Innovators Create and Dominate Markets","Al Ramadan, Dave Peterson, Christopher Lochhead, Kevin Maney",3.91,"['Business', 'Entrepreneurship', 'Nonfiction', 'Buisness', 'Technology', 'Leadership', 'Design', 'Management', 'Audiobook']",,m;m;m;m
حضرة المحترم,"Naguib Mahfouz, نجيب محفوظ",3.97,"['Novels', 'Fiction', 'Literature', 'Egypt', 'Egyptian Literature', 'Classics', 'Nobel Prize', '20th Century', 'Roman', 'African Literature']",Arabic,unknown;unknown
"Punisher Max: The Complete Collection, Vol. 1","Garth Ennis (Writer), Mike Benson, Duane Swierczynski",4.24,"['Comics', 'Graphic Novels', 'Marvel', 'Crime', 'Fiction', 'Comic Book', 'War', 'Graphic Novels Comics', 'Action', 'Superheroes']",English,m;m;m
"Astro City, Vol. 4: The Tarnished Angel","Kurt Busiek, Alex Ross, Brent Anderson",4.26,"['Comics', 'Graphic Novels', 'Superheroes', 'Fiction', 'Comic Book', 'Graphic Novels Comics', 'Mystery', 'Crime', 'Fantasy', 'Science Fiction']",English,m;m;m
Kybalion: A Study of the Hermetic Philosophy of Ancient Egypt and Greece,"Three Initiates, William Walker Atkinson",4.21,"['Philosophy', 'Occult', 'Spirituality', 'Nonfiction', 'Religion', 'History', 'Mysticism', 'Classics', 'Alchemy', 'Metaphysics']",English,unknown;m
Bed Number Ten,"Sue Baier, Mary Zimmeth Schomaker",4.05,"['Nursing', 'Nonfiction', 'Medical', 'Memoir', 'Medicine', 'Read For School', 'Biography Memoir']",English,w;mostly_female
Elven Star,"Margaret Weis , Tracy Hickman",3.99,"['Fantasy', 'Fiction', 'Epic Fantasy', 'Science Fiction Fantasy', 'High Fantasy', 'Dragons', 'Science Fiction', 'Epic', 'Adult', 'Adventure']",English,w;mostly_female
The New Answers Book 1: Over 25 Questions on Creation/Evolution and the Bible,"Ken Ham (Editor), David Menton, Georgia Purdom, Tommy Mitchell, Jason Lisle, Terry Mortenson, Monty White, Paul Taylor",4.19,"['Christian', 'Science', 'Nonfiction', 'Religion', 'Theology', 'Christianity', 'Reference', 'Creation Science', 'Christian Non Fiction', 'School']",English,m;m;w;m;m;mostly_male;m;m
Difficult Conversations: How to Discuss What Matters Most,"Douglas Stone, Bruce Patton, Sheila Heen",4.1,"['Nonfiction', 'Business', 'Self Help', 'Psychology', 'Communication', 'Leadership', 'Personal Development', 'Relationships', 'Management', 'Buisness']",English,m;m;w
Shrub: The Short but Happy Political Life of George W. Bush,"Molly Ivins, Lou Dubose",4.09,"['Politics', 'Nonfiction', 'Biography', 'Humor', 'History', 'Essays', 'Government', 'Journalism', 'American History', '20th Century']",English,w;mostly_male
Dublin Noir,"Ken Bruen (Editor, Contributor), more…",3.48,"['Short Stories', 'Mystery', 'Ireland', 'Noir', 'Fiction', 'Crime', 'Anthologies', 'Irish Literature']",English,m;unknown;unknown
Diamond Playgirls,"Daaimah S. Poole, Miasha , Deja King, T. Styles , King Deja",4.09,['African American'],English,unknown;unknown;w;unknown;m
The Power of Two,"H.B. Gilmour, Randi Reisfeld",3.6,"['Fantasy', 'Young Adult', 'Witches', 'Paranormal', 'Magic', 'Urban Fantasy', 'Childrens', 'Fiction', 'Supernatural', 'Middle Grade']",English,unknown;w
"Yotsuba&!, Vol. 03","Kiyohiko Azuma, あずま きよひこ",4.52,"['Manga', 'Comics', 'Graphic Novels', 'Fiction', 'Humor', 'Slice Of Life', 'Japanese Literature', 'Comedy', 'Young Adult', 'Japan']",English,m;unknown
Over The Moon,"Angela Knight, MaryJanice Davidson , Virginia Kantra , Sunny",3.9,"['Anthologies', 'Paranormal Romance', 'Paranormal', 'Romance', 'Fantasy', 'Urban Fantasy', 'Vampires', 'Fiction', 'Short Stories', 'Erotica']",English,w;unknown;w;m
Thin,"Lauren Greenfield, David B. Herzog, Michael Strober",4.01,"['Nonfiction', 'Psychology', 'Mental Health', 'Mental Illness', 'Photography', 'Memoir', 'Art', 'Sociology', 'Feminism', 'Health']",English,mostly_female;m;m
Love Is Never Painless,"Zane , Eileen M. Johnson, V. Anthony Rivers",4.22,"['Erotica', 'African American', 'Drama', 'Romance', 'Fiction']",English,w;w;unknown
"Scott Pilgrim, Volume 6: Scott Pilgrim's Finest Hour","Bryan Lee O'Malley (Writer, Artist)",4.42,"['Graphic Novels', 'Comics', 'Fiction', 'Manga', 'Young Adult', 'Graphic Novels Comics', 'Humor', 'Fantasy', 'Romance', 'Comic Book']",English,m;unknown
Perfect for the Beach,"Lori Foster , Kayla Perrin , Janelle Denison , MaryJanice Davidson , Erin McCarthy , Morgan Leigh",3.82,"['Romance', 'Anthologies', 'Contemporary Romance', 'Contemporary', 'Chick Lit', 'Short Stories', 'Erotica', 'Fiction', 'Adult', 'Humor']",English,w;w;w;unknown;mostly_female;mostly_male
Eureka Seven: Manga Collection 1,"Jinsei Kataoka, Kazuma Kondou",4.27,"['Manga', 'Science Fiction', 'Comics', 'Romance']",English,unknown;m
المياه كلها بلون الغرق,"Emil M. Cioran, إميل سيوران",3.75,"['Philosophy', 'Nonfiction', 'Romanian Literature', 'Poetry', 'Literature', 'France', 'Romania', 'Essays', 'French Literature', '20th Century']",Arabic,m;unknown
"Island of Hope, Island of Tears","David M. Brownstone, Irene M. Franck, Douglass Brownstone",3.8,"['History', 'Nonfiction', 'New York', 'Reference', 'Research', 'Historical']",,m;w;m
Small Business Management: Launching and Growing Entrepreneurial Ventures (with Online Premium Site Printed Access Card),"Justin G. Longenecker, J. William Petty II, Leslie Palich, Carlos W. Moore",3.76,"['Textbooks', 'Business']",English,m;unknown;mostly_female;m
"Pessi Und Illusia: Die Elfe, Die Ihre Flügel Verlor: Eine Vom Autor Gekürzte Fassung Für Kinder","Yrjö Kokko, Tuuli Mahringer, Gudrun Hommers",3.77,"['Fantasy', 'Finnish Literature', 'Classics', 'Childrens', 'Fiction']",German,m;w;w
Aphrodite the Diva,"Joan Holub , Suzanne Williams, Glen Hanson",4.28,"['Mythology', 'Fantasy', 'Middle Grade', 'Childrens', 'Fiction', 'Greek Mythology', 'Young Adult', 'Retellings', 'Romance', 'Juvenile']",English,w;w;m
LEGENDS - Short Novels by the Masters of Modern Fantasy,"Robert Silverberg (Editor), Stephen King , Terry Pratchett, Terry Goodkind, Orson Scott Card, Ursula K. Le Guin, Tad Williams , George R.R. Martin, more…",3.92,"['Fantasy', 'Short Stories', 'Fiction', 'Anthologies', 'Science Fiction', 'Science Fiction Fantasy', 'Dragons', 'Collections', 'Epic Fantasy', 'Speculative Fiction']",English,m;m;mostly_male;mostly_male;m;w;m;m;unknown
Beowulf's Children,"Larry Niven, Jerry Pournelle, Steven Barnes",3.77,"['Science Fiction', 'Fiction', 'Fantasy', 'Science Fiction Fantasy', 'Horror', 'Adventure', 'Novels', 'Hard Science Fiction', 'Speculative Fiction', 'Space Opera']",English,m;m;m
The Gladiator's Master,"Fae Sutherland , Marguerite Labbe",3.9,"['M M Romance', 'Historical', 'Romance', 'Historical Romance', 'Historical Fiction', 'BDSM', 'Erotica', 'LGBT', 'M M Historical Romance', 'Gay']",English,unknown;w
One Direction: Forever Young: Our Official X Factor Story,"One Direction, Harry Styles, Liam Payne, Louis Tomlinson, Niall Horan, Zayn Malik",4.66,"['Nonfiction', 'Biography', 'Music', 'Autobiography', 'Love']",English,w;m;m;m;m;m
Frammenti di pensiero tradizionale ne Il signore degli Anelli,"E. Berolotti, A. Capone",4.0,[],Italian,unknown;unknown
The Baker's Daughter,"Sarah McCoy , Сара Маккой",3.96,"['Historical Fiction', 'Fiction', 'World War II', 'Historical', 'Holocaust', 'War', 'Germany', 'Romance', 'Contemporary', 'Adult']",English,w;unknown
Living Deeply: The Art Science of Transformation in Everyday Life,"Marilyn Mandala Schlitz , Cassandra Vieten, Tina Amorok",3.99,"['Spirituality', 'Self Help', 'Psychology', 'Nonfiction', 'Metaphysics']",English,w;w;w
"Some Sing, Some Cry","Ntozake Shange, Ifa Bayeza",3.85,"['Historical Fiction', 'Fiction', 'African American', 'Race', 'Historical', 'Adult Fiction', 'Audiobook', 'American', 'African American Literature', 'Womens']",English,unknown;unknown
Le Petit Nicolas a des Ennuis,"René Goscinny, Jean-Jacques Sempé",4.25,"['Childrens', 'France', 'Fiction', 'Humor', 'Short Stories', 'French Literature', 'Classics', 'Young Adult', 'Comedy', 'Literature']",French,m;unknown
Παραμύθι χωρίς όνομα,"Penelope Delta, Πηνελόπη Δέλτα",4.14,"['Fiction', 'Fantasy', 'Classics', 'Childrens', 'Literature', 'Greece', '20th Century', 'Young Adult', 'Classic Literature', 'Audiobook']","Greek, Modern (1453-)",w;unknown
Conan the Adventurer,"Robert E. Howard, L. Sprague de Camp",4.07,"['Fantasy', 'Fiction', 'Sword and Sorcery', 'Adventure', 'Pulp', 'Short Stories', 'Science Fiction Fantasy', 'Science Fiction', 'High Fantasy', 'Action']",English,m;unknown
قد نلتقي,"جهاد عبد الحميد, جهاد عبدالحميد , جهاد",3.53,"['Poetry', 'Love']",Arabic,unknown;unknown;unknown
Vampires Don't Sparkle!,"Michael West  (Editor), J.F. Gonzalez, Gregory L. Hall, Lucy A. Snyder , Maurice Broaddus , Douglas F. Warrick , Jerry Gordon , Gary A. Braunbeck, more…",4.02,"['Horror', 'Vampires', 'Short Stories', 'Anthologies', 'Fiction', 'Fantasy', 'Paranormal']",English,m;unknown;m;w;m;m;m;m;unknown
My Life as Writer,"Haqi Achmad , Ribka Anastasia",3.63,"['Nonfiction', 'Biography', 'Indonesian Literature']",Indonesian,unknown;unknown
Interview with the Vampire: Claudia's Story,"Ashley Marie Witter (Adaptor/Illustrator), Anne Rice",4.41,"['Graphic Novels', 'Vampires', 'Horror', 'Fantasy', 'Comics', 'Fiction', 'Paranormal', 'Gothic', 'Supernatural', 'Historical Fiction']",English,mostly_female;w
10 Sexy Stories Thank You Our Readers Erotica Bundle,"Candy Young, V.R. Dunlap , Lolli Love, Sara Sweet, Wanda Blackwood, Jessie Carson, Kitty Sexton, J.C. Wilde, more…",3.3,"['Erotica', 'Romance', 'Contemporary', 'BDSM', 'Short Stories', 'Amazon', 'Adult', 'Adult Fiction']",English,w;unknown;unknown;w;w;w;w;unknown;unknown
За спасяването на света,"Kalin M. Nenov  (Anthologist, Intro, Contributor), more…",4.81,[],Bulgarian,m;unknown;unknown;unknown
"Chicken Soup for the Soul: From Lemons to Lemonade: 101 Positive, Practical, and Powerful Stories about Making the Best of a Bad Situation","Jack Canfield, Mark Victor Hansen, Amy Newmark",3.97,"['Inspirational', 'Nonfiction']",English,m;m;w
حياة اليونان 1,"Will Durant, Ariel Durant",3.89,['History'],Arabic,mostly_male;m
You Can't Take it With You,"Moss Hart, George S. Kaufman",3.98,"['Plays', 'Drama', 'Theatre', 'Classics', 'Humor', 'Fiction', 'Comedy', 'School', 'American', '20th Century']",English,unknown;m
コンビニくん。[Konbini-kun],"Junko, ぢゅん子",4.24,"['Manga', 'Yaoi', 'Boys Love', 'Romance', 'LGBT', 'Comics', 'M M Romance', 'Contemporary', 'Shounen Ai', 'Graphic Novels']",Japanese,w;unknown
حوار الإيمان والإلحاد,"محمد عمارة (إعداد و تمهيد), أحمد زكي أبو شادي, إسماعيل أدهم, محمد فريد وجدي",2.74,"['Islam', 'Religion', 'Philosophy']",Arabic,unknown;unknown;unknown;unknown
Lucid Exposition of the Middle Way: The Essential Chapters from the Prasannapada of Candrakirti,"Candrakīrti, Nāgārjuna, Sprung Mervyn",4.0,['Buddhism'],English,unknown;unknown;unknown
"Doctor Who: Eleven Doctors, Eleven Stories","Eoin Colfer, Michael Scott , Marcus Sedgwick , Philip Reeve , Patrick Ness, Richelle Mead , Malorie Blackman , Alex Scarrow , more…",4.11,"['Doctor Who', 'Science Fiction', 'Short Stories', 'Fiction', 'Fantasy', 'Time Travel', 'Adventure', 'Anthologies', 'Science Fiction Fantasy', 'Media Tie In']",English,m;m;m;m;m;w;w;m;unknown
Mahallo Kokila [మహల్లో కోకిల],"Vamsi, వంశీ",4.18,[],Telugu,unknown;unknown
The Batman Adventures: Mad Love and Other Stories,"Paul Dini, Bruce Timm, Glen Murakami",4.28,"['Comics', 'Graphic Novels', 'Batman', 'Dc Comics', 'Fiction', 'Graphic Novels Comics', 'Comic Book', 'Superheroes', 'Short Stories', 'Sequential Art']",English,m;m;m
The Divine Secrets of the Whoopie Pie Sisters 2,"Sarah Price , ""Whoopie Pie"" Pam Jarrell",4.38,"['Amish', 'Amish Fiction', 'Christian Fiction', 'Christian']",English,w;unknown
Warrior Police: Rolling with America's Military Police in the World's Trouble Spots,"Gordon Cucullu, Chris Fontana",3.81,"['Military Fiction', 'Nonfiction']",English,m;mostly_male
Forging the Darksword,"Margaret Weis , Tracy Hickman",3.68,"['Fantasy', 'Fiction', 'Science Fiction Fantasy', 'High Fantasy', 'Magic', 'Dragonlance', 'Epic Fantasy', 'Adventure', 'Science Fiction', 'American']",English,w;mostly_female
Fort Freak,"George R.R. Martin (Editor), more…",3.86,"['Fantasy', 'Science Fiction', 'Superheroes', 'Fiction', 'Anthologies', 'Urban Fantasy', 'Short Stories', 'Mystery', 'Crime', 'Alternate History']",English,m;unknown
"The Dark-Hunters, Vol. 1","Joshua Hale Fialkov  (adaptor), Sherrilyn Kenyon",4.21,"['Manga', 'Graphic Novels', 'Vampires', 'Paranormal Romance', 'Romance', 'Paranormal', 'Fantasy', 'Urban Fantasy', 'Fiction', 'Mythology']",English,m;unknown
فرانكشتاين في بغداد,"Ahmed Saadawi, أحمد سعداوي",3.54,"['Fiction', 'Horror', 'Fantasy', 'Novels', 'Literary Fiction', 'War', 'Science Fiction', 'Literature', 'Contemporary', 'Magical Realism']",Arabic,m;unknown
Restricted Nations: North Korea,"The Voice of the Martyrs, P. Todd Nettleton",4.19,"['Christianity', 'History']",,mostly_female;unknown
Отново и отново,"Clifford D. Simak, Клифърд Д. Саймък",3.9,"['Science Fiction', 'Time Travel', 'Fiction', 'Fantasy', 'Science Fiction Fantasy', 'Classics', 'Novels', 'Space', 'Adventure', 'Space Opera']",Bulgarian,m;unknown
Demons in Disguise,"A. Kirk , E. Kirk",4.32,"['Paranormal', 'Young Adult', 'Fantasy', 'Demons', 'Romance', 'Urban Fantasy', 'Magic', 'New Adult', 'Paranormal Romance', 'Reverse Harem']",English,unknown;unknown
Thor's Serpents,"K.L. Armstrong, M.A. Marr",4.15,"['Fantasy', 'Mythology', 'Middle Grade', 'Young Adult', 'Adventure', 'Fiction', 'Magic', 'Childrens', 'Urban Fantasy', 'Juvenile']",English,unknown;unknown
Cruel and Beautiful,"A.M. Hargrove , Terri E. Laine",4.25,"['Romance', 'New Adult', 'Contemporary', 'Contemporary Romance', 'College', 'Sports', 'Adult', 'Death', 'New Adult Romance', 'Doctors']",English,unknown;w
"HeartWorks: Eight Stories of Love, Passion, and Romance","Charmaine Gordon , Paul Zunckel , Chelle Cordero , Neva Squires-Rodriguez , Lauren Shiro, Tamara Philip , Gwendolyn Jensen-Woodard, Angela Kay Austin",5.0,[],English,w;m;unknown;w;mostly_female;w;w;w
عرائس المروج,"Kahlil Gibran, جبران خليل جبران",3.73,"['Fiction', 'Short Stories', 'Philosophy', 'Classics', 'Poetry', 'Novels', 'Literature', 'Spirituality', 'Lebanon', '20th Century']",Arabic,unknown;unknown
I Am Jackie Chan: My Life in Action,"Jackie Chan, Long Cheng",4.2,"['Biography', 'Nonfiction', 'Autobiography', 'Memoir', 'Martial Arts', 'Film', 'Biography Memoir', 'China', 'Audiobook', 'Media Tie In']",English,andy;mostly_male
The Lightless Sky: My Journey to Safety as a Child Refugee,"Gulwali Passarlay, Nadene Ghouri",4.46,"['Nonfiction', 'Memoir', 'Biography', 'Biography Memoir', 'Autobiography', 'History', 'Audiobook', 'Politics', 'War', 'Book Club']",English,unknown;unknown
Если бы ты знал...,"Elchin Safarli, Эльчин Сафарли",3.73,"['Contemporary', 'Romance']",Russian,m;unknown
Серпико,"Peter Maas, Питър Маас",3.99,"['Biography', 'Nonfiction', 'True Crime', 'Crime', 'History', 'New York', 'Biography Memoir', 'Media Tie In', 'Memoir', 'American History']",Bulgarian,m;unknown
"Dear Bridget, I Want You","Penelope Ward , Vi Keeland",4.13,"['Romance', 'Contemporary Romance', 'Contemporary', 'New Adult', 'Humor', 'Audiobook', 'Adult', 'Doctors', 'Fiction', 'Erotica']",English,w;unknown
NARUTO -ナルト- イタチ真伝 暗夜篇 [Naruto: Itachi Shinden — An'ya-hen],"Masashi Kishimoto (Original Creator, Illustrator)",4.56,"['Manga', 'Fantasy', 'Light Novel', 'Fiction', 'Anime', 'Young Adult', 'Comics Manga', 'War', 'Japanese Literature', 'Novels']",Japanese,m;unknown
Never Split the Difference,"Chris Voss , Tahl Raz",4.4,"['Business', 'Nonfiction', 'Psychology', 'Self Help', 'Personal Development', 'Leadership', 'Communication', 'Audiobook', 'Management', 'Buisness']",English,mostly_male;unknown
Від Боккаччо до Аполлінера,"Микола Лукаш (Translator), Anonymous, Heinrich Heine, Adam Mickiewicz, Victor Hugo, Karel Havlíček Borovský, Imre Madách, Lewis Carroll, more…",5.0,['Poetry'],Ukrainian,unknown;unknown;m;m;m;m;m;m;unknown
Lenz,"Georg Büchner, Johann Friedrich Oberlin, Johann Wolfgang von Goethe",3.6,"['Classics', 'German Literature', 'Fiction', 'School', 'Germany', '19th Century', 'Literature', 'Read For School', 'Mental Illness', 'Drama']",German,m;m;m
"Black Panther, Vol. 1: A Nation Under Our Feet, Book 1","Ta-Nehisi Coates (Writer), Laura Martin",3.76,"['Comics', 'Graphic Novels', 'Fiction', 'Marvel', 'Superheroes', 'Graphic Novels Comics', 'Fantasy', 'Comic Book', 'Science Fiction', 'Africa']",English,unknown;w
Forgotten God: Reversing Our Tragic Neglect of the Holy Spirit,"Francis Chan, Danae Yankoski",4.1,"['Christian', 'Nonfiction', 'Theology', 'Christianity', 'Faith', 'Christian Living', 'Religion', 'Spirituality', 'Christian Non Fiction', 'Discipleship']",English,m;unknown
Different Loving: A Complete Exploration of the World of Sexual Dominance and Submission,"Gloria G. Brame , Jon Jacobs, William D. Brame",3.93,"['BDSM', 'Nonfiction', 'Sexuality', 'Erotica', 'Adult', 'Reference', 'Gender and Sexuality', 'How To', 'Self Help', 'Womens']",English,w;m;m
حبي الأول,"Sahar Khalifeh, سحر خليفة",3.98,['Novels'],Arabic,w;unknown
Последний адмирал Заграты,"Vadim Panov, Вадим Панов",4.19,"['Fantasy', 'Russia', 'Fiction', 'Science Fiction', 'Steampunk']",Russian,m;unknown
Pearl of Great Price,"Joseph Smith Jr. (Translator), The Church of Jesus Christ of Latter-day Saints",4.59,"['Religion', 'Lds', 'Nonfiction', 'Church', 'Scripture', 'Spirituality', 'Christian', 'Mormonism', 'Faith', 'Lds Non Fiction']",English,m;mostly_female
はぴまり~Happy Marriage!?~ （６）,"Maki Enjōji, 円城寺マキ",4.07,"['Manga', 'Romance', 'Josei', 'Adult', 'Contemporary', 'Graphic Novels', 'Komik', 'Manga Romance', 'Comics Manga', 'Japan']",Japanese,w;unknown
دمشق يا بسمة الحزن,"Ulfat Idilbi, ألفة عمر باشا الإدلبي",4.12,"['Fiction', 'Historical Fiction', 'Feminism', 'Novels', '20th Century', 'Literature']",Arabic,w;unknown
وحدها شجرة الرمان,"Sinan Antoon , سنان أنطون",4.01,"['Fiction', 'Novels', 'Literature', 'War', 'Historical Fiction', 'Art', 'School', 'Islam', 'Death', 'Religion']",Arabic,m;unknown
صورة دوريان جراى وسبع قصص قصيرة,"Oscar Wilde, أوسكار وايلد",3.86,[],Arabic,m;unknown
إذا ما استمرت الحرب,"Hermann Hesse, هرمان هيسه",3.93,"['Nonfiction', 'Politics', 'Essays', 'Philosophy', 'German Literature', 'Literature', 'History', 'Classics', 'Short Stories', 'World War II']",Arabic,m;unknown
وأنا أحبك يا سليمة,"Sherief Said, شريف سعيد",3.76,[],Arabic,unknown;unknown
Capitalism: The Unknown Ideal,"Ayn Rand, Nathaniel Branden, Alan Greenspan, Robert Hessen",3.89,"['Philosophy', 'Economics', 'Nonfiction', 'Politics', 'Business', 'Classics', 'History', 'Essays', 'Finance', 'Science']",English,w;m;m;m
Charlie the Caterpillar,"Dom Deluise, Christopher Santoro",4.11,"['Picture Books', 'Animals', 'Childrens', 'Fiction', 'School', 'Kids']",English,unknown;m
The Necronomicon,"Simon, Peter Levenda , Abdul Alhazred",3.17,"['Horror', 'Occult', 'Fiction', 'Fantasy', 'Religion', 'Reference', 'Mythology', 'Esoterica', 'Magick', 'Magic']",English,m;m;m
Adventures of Huckleberry Finn: A musical play,"John Charlesworth, Mark Twain, Tony Brown",4.0,[],,m;m;m
Once Upon a Pillow,"Christina Dodd , Connie Brockway",3.73,"['Romance', 'Historical Romance', 'Anthologies', 'Historical', 'Contemporary Romance', 'Fiction', 'Contemporary', 'Regency', 'Time Travel', 'Medieval']",English,w;mostly_female
أصداء السيرة الذاتية,"Naguib Mahfouz, نجيب محفوظ",3.91,"['Biography', 'Short Stories', 'Literature', 'Egypt', 'Nonfiction', 'Philosophy', 'Memoir', 'Autobiography', 'Nobel Prize', 'Essays']",Arabic,unknown;unknown
Holidays Are Hell,"Kim Harrison , Lynsay Sands , Marjorie M. Liu , Vicki Pettersson",3.83,"['Urban Fantasy', 'Paranormal', 'Anthologies', 'Fantasy', 'Paranormal Romance', 'Romance', 'Vampires', 'Short Stories', 'Fiction', 'Magic']",English,mostly_female;unknown;w;w
Good Luck: Creating the Conditions for Success in Life and Business,"Álex Rovira Celma, Fernando Trías de Bes",4.05,"['Self Help', 'Business', 'Nonfiction', 'Philosophy', 'How To', 'Management', 'Spirituality', 'Audiobook']",English,unknown;m
الخبز الحافي,"محمد شكري, Mohamed Choukri",3.54,"['Novels', 'Morocco', 'Africa', 'Literature', 'Fiction', 'Moroccan', '20th Century', 'Roman', 'France', 'Classics']",Arabic,unknown;m
I Kissed a Girl II,"Regina Perry (Editor), more…",3.66,"['Erotica', 'Lesbian', 'LGBT']",English,w;unknown
Rising Stars,"J. Michael Straczynski, Brent Anderson, Keu Cha",4.33,"['Comics', 'Graphic Novels', 'Fiction', 'Graphic Novels Comics', 'Fantasy', 'Science Fiction Fantasy', 'Science Fiction', 'Comic Book']",English,unknown;m;unknown
Imagine: John Lennon,"Andrew Solt, Yoko Ono, Sam Egan",4.18,"['Music', 'Biography', 'Nonfiction', 'History']",English,m;w;mostly_male
سلسلة الأحاديث الصحيحة وشيء من فقهها وفوائدها - المجلد الاول,"محمد ناصر الدين الألباني, محمد ناصر الدين الألباني",4.26,[],Arabic,unknown;unknown
Le catene di Gorée,"NDongo Diop, Giuseppe Cecconi",3.79,[],Italian,unknown;m
The Complete Works of Charles Dickens,"Charles Dickens, Golgotha Press",4.42,"['Classics', 'Fiction', 'Literature', 'Collections', 'Classic Literature', 'Reference', 'Novels', 'Historical Fiction', 'Historical', 'English Literature']",English,m;unknown
Όταν ο ήλιος...,"George Sari, Ζωρζ Σαρή",4.18,"['Fiction', 'War', 'Childrens', 'Historical Fiction', 'Young Adult', 'Greece', 'Literature']","Greek, Modern (1453-)",m;unknown
State by State: A Panoramic Portrait of America,"Matt Weiland (Editor), more…",3.75,"['Nonfiction', 'Essays', 'History', 'Travel', 'Short Stories', 'American History', 'Americana', 'American', 'Anthologies', 'The United States Of America']",English,m;unknown
Talking Straight,"Lee Iacocca, N.R. Kleinfield",3.64,"['Business', 'Biography', 'Nonfiction', 'Management', 'Leadership', 'Autobiography', 'Politics', 'Memoir']",English,mostly_male;unknown
The Story of the Titanic As Told by Its Survivors,"Jack Winocour (Editor), Lawrence Beesley, Archibald Gracie",4.17,"['History', 'Nonfiction', 'Historical', 'Biography', 'Memoir', 'Survival', 'Biography Memoir']",English,m;m;m
Tiger Prince,"Erin St. Claire, Sandra Brown",3.78,"['Romance', 'Contemporary Romance', 'Contemporary', 'Harlequin', 'Fiction', 'Chick Lit', 'Indonesian Literature', 'Adult', 'M F Romance', 'Silhouette']",English,mostly_female;w
ヨコハマ買い出し紀行 1 [Yokohama Kaidashi Kikou 1],"Hitoshi Ashinano, 芦奈野 ひとし",4.35,"['Manga', 'Comics', 'Science Fiction', 'Slice Of Life', 'Fiction', 'Graphic Novels', 'Dystopia', 'Japan', 'Fantasy', 'Comics Manga']",Japanese,m;unknown
حياة اليونان 2,"Will Durant, Ariel Durant, زكي نجيب محمود",4.13,"['History', 'Philosophy']",Arabic,mostly_male;m;unknown
The Divine and the Defeated,"Chris Campbell, Anthony Pryor , Miranda Horner , Jeanée M. Ledoux",4.0,"['Role Playing Games', 'Fantasy', 'Gaming']",English,mostly_male;m;w;unknown
الذباب,"Jean-Paul Sartre, جان بول سارتر",3.91,"['Plays', 'France', 'Fiction', 'Philosophy', 'Drama', 'French Literature', '20th Century', 'Literature', 'Theatre', 'Classics']",Arabic,m;unknown
قوس قزح,"أحمد خالد توفيق, تامر إبراهيم",3.42,"['Short Stories', 'Horror', 'Fiction', 'Novels', 'Egypt', 'Literature']",Arabic,unknown;unknown
在這裡,"Eiichiro Oda, 尾田榮一郎",4.46,"['Manga', 'Fantasy', 'Adventure', 'Comics', 'Shonen', 'Pirates', 'Comics Manga', 'Action', 'Humor', 'Young Adult']",Chinese,m;unknown
デート・ア・ライブ - 十香デッドエンド / Date A Live - Dead End Tohka,"Koushi Tachibana, 橘 公司",4.37,"['Light Novel', 'Fantasy', 'Manga']",Japanese,andy;unknown
Ik feliciteer je!,"Dorina Voorhaar (bewerker), Koen Vlaeminck, Jeannette Jansen-Kim, Inge Hulsker , Ninja Paap-Luijten, Fatima Zahra Lachhab, Katia Hoppenbrouwers, more…",3.8,[],Dutch,w;m;w;w;w;w;w;unknown
Dark Inheritance,"W. Michael Gear, Kathleen O'Neal Gear",3.85,"['Fiction', 'Thriller', 'Science Fiction', 'Africa', 'Mystery', 'Science Fiction Fantasy']",English,unknown;w
Dragons of the Hourglass Mage,"Margaret Weis , Tracy Hickman",4.21,"['Fantasy', 'Dragonlance', 'Fiction', 'High Fantasy', 'Dragons', 'Science Fiction Fantasy', 'Dungeons and Dragons', 'Epic Fantasy', 'Adventure', 'Sword and Sorcery']",English,w;mostly_female
The Babel Codex,"Alex Archer (pseudonym), Mel Odom",3.96,"['Fantasy', 'Urban Fantasy', 'Adventure', 'Action']",English,m;mostly_female
Menuju(h),"Aan Syafrani, Iru Irawan, Mahir Pradana , Maradilla Syachridar , Sundea, Theoresia Rumthe, Valiant Budi",3.53,"['Romance', 'Indonesian Literature', 'Short Stories', 'Fiction', 'Novels', 'Young Adult']",Indonesian,unknown;unknown;m;unknown;unknown;unknown;unknown
Minimalism: Live a Meaningful Life,"Joshua Fields Millburn , Ryan Nicodemus",3.7,"['Nonfiction', 'Self Help', 'Personal Development', 'Philosophy', 'Audiobook', 'Psychology', 'Memoir', 'Spirituality', 'Biography', 'Productivity']",English,m;mostly_male
"Deadman Wonderland, Vol. 6","Jinsei Kataoka, Kazuma Kondou",4.23,"['Manga', 'Horror', 'Graphic Novels', 'Science Fiction', 'Dystopia', 'Comics', 'Fantasy', 'Action', 'Shonen', 'Fiction']",English,unknown;m
20 Cerpen Indonesia Terbaik 2009: Anugerah Sastra Pena Kencana,"Agus Noor (Contributor), Linda Christanty, M. Iksaka Banu, Naomi Srikandi, Nukila Amal, more…",3.57,"['Short Stories', 'Indonesian Literature']",Indonesian,unknown;w;unknown;w;unknown;unknown
"How to Be Parisian Wherever You Are: Love, Style, and Bad Habits","Anne Berest, Audrey Diwan, Caroline de Maigret, Sophie Mas",3.62,"['Nonfiction', 'Fashion', 'France', 'Travel', 'Self Help', 'Humor', 'Chick Lit', 'Cultural', 'Contemporary', 'Essays']",,w;w;w;w
الحب فوق هضبة الهرم,"Naguib Mahfouz, نجيب محفوظ",3.89,"['Short Stories', 'Media Tie In', 'Novels', 'Fiction', 'Literature']",Arabic,unknown;unknown
سجين المرايا,"Saud Alsanousi, سعود السنعوسي",3.19,"['Novels', 'Fiction', 'Contemporary', 'Literature', 'Romance', 'Unfinished']",Arabic,unknown;unknown
God's Call to Young People: A Call to the Rising Generation to Know and Serve God While They Are Still Young (Family Titles),"Cotton Mather, William Cooper",2.8,[],,unknown;m
Pride and Prejudice: The Wild and Wanton Edition,"Annabella Bloom, Michelle M. Pillow , Jane Austen",3.12,"['Romance', 'Historical Fiction', 'Historical', 'Erotica', 'Fiction', 'Historical Romance', 'Retellings', 'Adult', 'British Literature', 'Classics']",English,w;w;w
"Pika Ichi, Vol. 01","Yōko Maki (Illustrator), Mochida Aki",3.92,"['Manga', 'Romance', 'Shojo', 'Drama']",Japanese,unknown;unknown
Little Boys Come from the Stars,"Emmanuel Dongala, Val Vinokurov, Joel Rejouis",3.87,"['Africa', 'Fiction', 'Republic Of The Congo', 'Contemporary', 'African Literature', 'Novels']",English,m;mostly_female;m
Odin's Ravens,"K.L. Armstrong, M.A. Marr",4.15,"['Fantasy', 'Mythology', 'Middle Grade', 'Young Adult', 'Adventure', 'Fiction', 'Urban Fantasy', 'Magic', 'Childrens', 'Juvenile']",English,unknown;unknown
Le Livre de la sagesse orientale,"Shihâboddîn Yahya Sohravardî, Henry Corbin",5.0,[],French,unknown;m
The Soulless,"Shawn Davis , Mark Mackey",5.0,[],English,mostly_male;m
"Living the Farm Sanctuary Life: How to Eat Healthier, Live Longer, and Feel Better Every Day by Bringing Home the Happiest Place on Earth","Gene Baur , Gene Stone",4.22,"['Nonfiction', 'Food', 'Vegan', 'Cookbooks', 'Animals', 'Health', 'Cooking', 'Environment', 'American', 'Sustainability']",English,mostly_male;mostly_male
"Trump: Think Like a Billionaire: Everything You Need to Know About Success, Real Estate, and Life","Donald J. Trump, Meredith McIver",3.65,"['Business', 'Nonfiction', 'Finance', 'Self Help', 'Biography', 'Personal Development', 'Money', 'Entrepreneurship', 'Education', 'Buisness']",English,m;mostly_female
Born,"Tara Brown, A.E. Watson",4.05,"['Dystopia', 'Young Adult', 'Zombies', 'Romance', 'Post Apocalyptic', 'Fantasy', 'Science Fiction', 'Paranormal', 'Fiction', 'New Adult']",,w;unknown
Weight of the World,"Riley Hart , Devon McCormack",4.13,"['M M Romance', 'Romance', 'Contemporary', 'LGBT', 'Adult', 'Gay', 'Abuse', 'Contemporary Romance', 'M M Contemporary', 'New Adult']",English,mostly_male;mostly_male
"Showcase Presents: Bat Lash, Vol. 1","Nick Cardy, Sergio Aragonés, Dennis O'Neil, Len Wein, Cary Bates",3.89,"['Comics', 'Westerns', 'Graphic Novels', 'Fiction', 'Dc Comics']",English,m;m;m;m;mostly_male
"Doctor Strange, Doctor Doom: Triumph and Torment","Roger Stern, Mike Mignola, Mark Badger",4.1,"['Comics', 'Marvel', 'Graphic Novels', 'Fantasy', 'Comic Book', 'Superheroes', 'Fiction', 'Graphic Novels Comics', 'Magic', 'Science Fiction']",English,m;m;m
Arte poética,"Horatius, Horácio",3.63,"['Poetry', 'Classics', 'Nonfiction', 'Philosophy', 'Roman', 'Literary Criticism', 'Writing', 'Literature', 'Adult', 'Language']",Spanish,unknown;m
NARUTO -ナルト- サスケ真伝 来光篇 [Naruto: Sasuke Shinden — An'ya-hen],"Masashi Kishimoto (Original Creator, Illustrator)",4.07,"['Manga', 'Light Novel', 'Fantasy', 'Fiction', 'Young Adult', 'Graphic Novels', 'Shonen', 'Anime', 'Japanese Literature']",Japanese,m;unknown
Bierz mnie,"Dawid Juraszek, Istvan Vizvary, K.A. Kowalewska, Stanisław Truchan, Katarzyna Uznańska, E.M. Thorhall, Grzegorz Piórkowski, Joanna Maciejewska , more…",3.33,[],Polish,m;unknown;unknown;m;w;unknown;m;w;unknown
His Last Bow (single story),"Arthur Conan Doyle, Frederic Dorr Steele, Arthur Twidle, Sidney Paget",4.04,"['Mystery', 'Classics', 'Fiction', 'Short Stories', 'Crime', 'Detective', 'Audiobook', 'British Literature', 'Thriller', 'Classic Literature']",English,m;m;m;mostly_male
ذبابة في الحساء,"Charles Simic, تشارلز سيميك",4.01,"['Biography', 'Poetry', 'Nonfiction', 'Memoir']",Arabic,m;unknown
Flaggermusmannen,"Don Bartlett (Translator), Jo Nesbø",3.56,"['Mystery', 'Crime', 'Fiction', 'Thriller', 'Mystery Thriller', 'Detective', 'Audiobook', 'Scandinavian Literature', 'Australia', 'Nordic Noir']","Bokmål, Norwegian; Norwegian Bokmål",m;andy
深夜食堂 1 [Shinʼya shokudō 1],"Yaro Abe, 安倍 夜郎",4.38,"['Manga', 'Comics', 'Japan', 'Bande Dessinée', 'Graphic Novels', 'France', 'China', 'Slice Of Life', 'Japanese Literature', 'Food']",Japanese,unknown;unknown
Олень на заводской территории,"Kurt Vonnegut Jr., Курт Воннегут",4.2,[],Russian,m;unknown
The Blackwell Companion to Natural Theology,"William Lane Craig (Editor), J.P. Moreland",4.46,"['Philosophy', 'Theology', 'Religion', 'Reference', 'Christianity', 'Christian', 'Science', 'Atheism', 'Faith', 'Nonfiction']",English,m;unknown
تاسو,"Johann Wolfgang von Goethe, يوهان فولفغانغ فون غوته",3.29,"['Plays', 'Classics', 'German Literature', 'Drama', 'Fiction', 'Poetry', 'Literature', 'Germany', 'Theatre']",Arabic,m;unknown
وازن الأرواح,"André Maurois, أندريه موروا",3.72,['Literature'],Arabic,m;unknown
কিশোর উপন্যাস সমগ্র ১,"Muhammed Zafar Iqbal, মুহম্মদ জাফর ইকবাল",4.56,"['Fiction', 'Adventure', 'Childrens']",Bengali,m;unknown
"Reader's Digest Condensed Books, 1993 #1, Volume #205","Reader's Digest Association (Editor), James Herriot, Mary Higgins Clark, Anne Rivers Siddons, William J. Coughlin",3.67,[],English,unknown;m;mostly_female;w;m
The Somebodies,"N.E. Bode, Julianna Baggott",4.07,"['Fantasy', 'Childrens', 'Fiction', 'Mystery', 'Middle Grade', 'Juvenile', 'Magic', 'Adventure', 'Young Adult', 'Books About Books']",English,unknown;w
The Sagas of Icelanders,"Jane Smiley  (Preface), more…",4.3,"['History', 'Mythology', 'Classics', 'Medieval', 'Nonfiction', 'Literature', 'Poetry', 'Folklore', 'Historical', 'Scandinavian Literature']",English,w;unknown
Tibetan Book of the Dead,"Padmasambhava, Huston Smith",3.9,"['Buddhism', 'Religion', 'Philosophy', 'Spirituality', 'Nonfiction', 'Classics', 'Mythology', 'History', 'Death', 'Reference']",English,unknown;unknown
The Europeans,"Henry James, Patricia Crick, Tony Tanner",3.61,"['Classics', 'Fiction', 'American', '19th Century', 'Novels', 'Literature', 'Historical Fiction', 'The United States Of America', 'American Classics', 'Classic Literature']",English,m;w;m
The Words of My Perfect Teacher,"Patrul Rinpoche, Jigme Lingpa",4.39,"['Buddhism', 'Spirituality', 'Religion', 'Nonfiction', 'Philosophy', 'Theology', 'Death', 'Psychology', 'Reference', 'Eastern Philosophy']",English,unknown;unknown
A Thousand Shall Fall,"Bodie Thoene , Brock Thoene",4.31,"['Historical Fiction', 'Christian Fiction', 'Christian', 'Fiction', 'Historical', 'Romance', 'Adult Fiction', 'Christian Romance', 'Christian Historical Fiction', 'Inspirational']",English,unknown;m
Love Poems from God: Twelve Sacred Voices from the East and West,"Daniel Ladinsky (Compiler, Translator)",4.19,"['Poetry', 'Spirituality', 'Religion', 'Theology', 'Philosophy', 'Classics', 'Nonfiction', 'Love', 'Faith', 'Christianity']",English,m;unknown
Construing Experience Through Meaning: A Language-Based Approach to Cognition,"M.A.K. Halliday, Christian M.I.M. Matthiessen",4.67,[],English,unknown;m
The Making of Rapper Dirty Ryse,"Carol Denise Mitchell , Gregg Banks",5.0,[],English,mostly_female;m
Jilbab Pertamaku,"Asma Nadia , Femmy Syahrani , Helvy Tiana Rosa , Nadhira Khalid",3.81,"['Islam', 'Nonfiction', 'True Story']",Indonesian,w;w;unknown;unknown
Tim LaHaye Prophecy Study Bible –New King James Version,"Anonymous, Tim LaHaye",4.3,[],,unknown;m
Damascus Road,"Ellen C. Maze , Elizabeth E. Little , Luke Gee",4.61,['Paranormal'],,w;w;m
Fairytale: A True Story,"Monica Kulling , Tom McLoughlin, Ernie Contreras",3.2,"['Fantasy', 'Childrens', 'Young Adult']",,w;m;m
Families and How to Survive Them,"Robin Skynner, John Cleese",3.96,"['Psychology', 'Nonfiction', 'Self Help', 'Parenting', 'Relationships', 'Health', 'Family', 'Humor', 'Counselling', 'Comedy']",English,mostly_male;m
Dark World: Into the Shadows with the Lead Investigator of The Ghost Adventures Crew,"Zak Bagans, Kelly Crigger",3.94,"['Paranormal', 'Nonfiction', 'Ghosts', 'Memoir', 'Supernatural', 'Autobiography', 'Horror', 'Biography', 'Ghost Stories', 'Demons']",English,m;mostly_female
"The English Teacher's Companion: A Complete Guide to Classroom, Curriculum, and the Profession","Jim Burke, Sam M. Intrator",4.18,"['Teaching', 'Education', 'Nonfiction', 'Textbooks', 'School', 'Reference', 'Read For School', 'Teachers', 'Adult']",English,m;mostly_male
The Mighty Book of Boosh,"Noel Fielding, Julian Barratt, Rich Fulcher, Dave Brown, Richard Ayoade, Michael Fielding",4.18,"['Nonfiction', 'Art', 'Humor', 'Comedy', 'Graphic Novels', 'Tv', 'Music', 'Graphic Novels Comics', 'Film']",English,m;m;mostly_male;m;m;m
Обитаемый остров. Жук в муравейнике. Волны гасят ветер,"Arkady Strugatsky, Boris Strugatsky, Аркадий Стругацкий, Борис Стругацкий",4.49,"['Science Fiction', 'Fiction', 'Russia', 'Fantasy']",Russian,m;m;unknown;unknown
Iacocca: An Autobiography,"Lee Iacocca, William Novak",3.98,"['Biography', 'Business', 'Nonfiction', 'Autobiography', 'Management', 'Leadership', 'Memoir', 'History', 'Buisness', 'Biography Memoir']",English,mostly_male;m
माधवी [Madhabi],"Madan Mani Dixit, मदनमणि दीक्षित",4.23,[],Nepali,unknown;unknown
Vai Uma Rapidinha?,"Maria de Vasconcelos, Pedro Ribeiro, Nuno Markl",2.81,['Humor'],Portuguese,w;m;m
А зори здесь тихие... / Завтра была война,"Boris Vasilyev, Борис Васильев",4.55,"['Russia', 'Classics', 'School', 'Fiction', 'War']",Russian,m;unknown
A Tear and a Smile,"Kahlil Gibran, جبران خليل جبران",4.0,"['Poetry', 'Philosophy', 'Fiction', 'Classics', 'Literature', 'Spirituality', 'Short Stories', 'Lebanon', 'Religion', '20th Century']",English,unknown;unknown
American Gun: A History of the U.S. in Ten Firearms,"Chris Kyle, William Doyle",4.02,"['History', 'Nonfiction', 'Military Fiction', 'American History', 'Military History', 'Historical', 'Audiobook', 'War', 'Unfinished', 'Politics']",English,mostly_male;m
"Chicken Soup for the Christian Soul II: Stories of Faith, Hope and Healing (Chicken Soup for the Soul)","Jack Canfield, Mark Victor Hansen, LeAnn Thieman",4.29,"['Inspirational', 'Christian', 'Nonfiction', 'True Story']",English,m;m;w
Simposio/Apologia di Socrate/Critone/Fedone,"Plato, Plato",3.98,"['Philosophy', 'Classics', 'Nonfiction']",Italian,unknown;unknown
حياة اليونان 3,"Will Durant, Ariel Durant",4.07,"['History', 'Philosophy']",Arabic,mostly_male;m
Η αρχαία ελληνική δημοκρατία και η σημασία της για μας σήμερα,"Cornelius Castoriadis, Κορνήλιος Καστοριάδης",4.48,"['Philosophy', 'Nonfiction', 'Politics', 'History', 'Essays']","Greek, Modern (1453-)",m;unknown
Herobrine Rises: Season One - Episode 0,"S.D. Stuart, Steve DeWinter",4.13,['Fiction'],English,unknown;m
حياة الرجاء,"البابا شنودة الثالث, Pope Shenouda III",4.26,['Christianity'],Arabic,unknown;unknown
Life in Motion: An Unlikely Ballerina,"Misty Copeland, Charisse Jones",3.88,"['Nonfiction', 'Memoir', 'Biography', 'Audiobook', 'Adult', 'Biography Memoir', 'Sports', 'Autobiography', 'Contemporary', 'Art']",English,mostly_female;w
Angel Beats! -Heaven's Door- 1,"Jun Maeda, 麻枝 准, Na-Ga, 浅見 百合子",4.39,"['Manga', 'Fantasy', 'Action', 'Fiction', 'Anime', 'Supernatural', 'Drama', 'Graphic Novels', 'Humor', 'Seinen']",Japanese,mostly_male;unknown;unknown;unknown
Brokeback Mountain: Story to Screenplay,"Annie Proulx, Larry McMurtry, Diana Ossana",4.13,"['Fiction', 'Short Stories', 'LGBT', 'Film', 'Romance', 'Queer', 'Gay', 'Plays', 'Drama', 'School']",English,w;m;w
Η τελευταία μαύρη γάτα,"Eugene Trivizas, Ευγένιος Τριβιζάς",4.36,"['Fiction', 'Childrens', 'Fantasy', 'Cats', 'Animals', 'Young Adult', 'Greece', 'Middle Grade', 'Literature', 'Novels']","Greek, Modern (1453-)",m;unknown
Kneeling in the Silver Light: Stories from the Great War,"Dean M. Drinkel (Editor), more…",4.71,"['Horror', 'Short Stories', 'History']",,m;unknown
The Holy Books of Thelema,"Aleister Crowley, Ordo Templi Orientis",4.17,"['Occult', 'Thelema', 'Magick', 'Esoterica', 'Religion', 'Spirituality', 'Nonfiction', 'Magic', 'Reference', 'Philosophy']",English,unknown;unknown
Practical Programming for Strength Training,"Mark Rippetoe, Lon Kilgore",4.32,"['Fitness', 'Health', 'Nonfiction', 'Sports', 'Reference', 'Self Help', 'Martial Arts', 'Programming', 'Unfinished', 'Technical']",English,m;mostly_female
Kiss Me Deadly: 13 Tales of Paranormal Love,"Trisha Telep (Editor), Maggie Stiefvater , Becca Fitzpatrick , Rachel Vincent , Karen Mahoney , Diana Peterfreund , Daniel Waters , Carrie Ryan , more…",3.56,"['Paranormal', 'Young Adult', 'Anthologies', 'Romance', 'Fantasy', 'Short Stories', 'Paranormal Romance', 'Vampires', 'Fiction', 'Supernatural']",English,w;w;w;w;w;w;m;w;unknown
Kardeşimin Hikâyesi,"O.Z. Livaneli, Zülfü Livaneli",4.17,"['Turkish Literature', 'Turkish', 'Fiction', 'Roman', 'Novels', 'Literature', 'Audiobook', 'Contemporary', 'Asia', 'Mystery']",Turkish,unknown;m
What the Dog Said,"Randi Reisfeld , H.B. Gilmour",4.09,"['Dogs', 'Young Adult', 'Animals', 'Middle Grade', 'Fiction', 'Family', 'Realistic Fiction', 'Death', 'Fantasy', 'Contemporary']",English,w;unknown
The Trophy Wife,"Ashley Antoinette , JaQuavis Coleman",4.45,"['Urban', 'African American', 'Fiction', 'Adult', 'Romance', 'Drama', 'Crime']",English,mostly_female;unknown
Breaking the Mirror,"Nilah E. Rose, AMV",3.64,"['M M Romance', 'Abuse', 'Dark', 'Contemporary', 'Romance', 'Drama', 'LGBT', 'Slash Fiction', 'M M Contemporary', 'Queer']",English,unknown;unknown
Loki's Wolves,"K.L. Armstrong, M.A. Marr",3.86,"['Fantasy', 'Mythology', 'Middle Grade', 'Young Adult', 'Adventure', 'Fiction', 'Childrens', 'Urban Fantasy', 'Magic', 'Juvenile']",English,unknown;unknown
De erfenis,"Henriette Lazaridis Power, Henriette Power, Henriette Lazaridis",3.2,"['Historical Fiction', 'Fiction', 'World War II', 'Greece', 'Historical', 'War', 'Adult Fiction', 'Contemporary', 'Travel', 'Family']",Dutch,w;w;w
من هو الإنسان؟,"البابا شنودة الثالث, Pope Shenouda III",3.77,['Religion'],Arabic,unknown;unknown
التصوير الفني في القرآن,"Sayed Qutb, سيد قطب",4.22,"['Islam', 'Religion', 'Nonfiction', 'Literature', 'Philosophy']",Arabic,m;unknown
Argus Books Online Magazine Antologija: Reči U Vremenu,"Stevan Šarčević , Lazar Janic , Nenad Pavlović , Miloš Živanović, Angelina Dimitrijević, Miloš Petronijević, Lažni pekmez Stanoje, Predrag Lasica, more…",5.0,[],Serbian,m;m;m;m;w;m;unknown;m;unknown
"The End of Jobs: by Taylor Pearson (Money, Meaning and Freedom Without the 9-to-5) A 41-Minutes summary","Bern Bolo , The End of Jobs",4.11,[],English,unknown;mostly_female
"Livin' la Vida Boba: You Are Born, You Grow Up, You Try to Reproduce, You Get Cheated On, You Reproduce (With Another Partner), and You Die","Lucano Divina , Juan Pablo Bustamante",5.0,[],English,unknown;m
Divine Governance of the Human Kingdom: Including What the Seeker Needs and The One Alone,"Ibn Arabi, Tosun Bayrak",4.36,"['Islam', 'Religion', 'Philosophy']",English,unknown;m
Waltz With A Rogue,"Mona K. Gedney, Lisa Noeli, Kathleen Baldwin",3.96,['Regency'],English,w;w;w
Forever Doon,"Carey Corp , Lorie Langdon",4.14,"['Fantasy', 'Young Adult', 'Romance', 'Scotland', 'Young Adult Fantasy', 'Historical Fiction', 'Time Travel', 'Teen', 'Retellings', 'Magic']",English,andy;w
The Only Rule Is It Has to Work: Our Wild Experiment Building a New Kind of Baseball Team,"Ben Lindbergh , Sam Miller",4.23,"['Baseball', 'Sports', 'Nonfiction', 'Business', 'Audiobook', 'Memoir', 'Biography', 'Biography Memoir', 'American', 'Mathematics']",English,m;mostly_male
Our Dumb Century: The Onion Presents 100 Years of Headlines from America's Finest News Source,"Scott Dikkers  (Editor), The Onion, more…",4.18,"['Humor', 'History', 'Comedy', 'Nonfiction', 'Politics', 'Reference', 'Journalism', 'Pop Culture', 'American', 'American History']",English,m;mostly_female;unknown
Born to Fight,"Tara Brown, A.E. Watson",4.12,"['Dystopia', 'Zombies', 'Young Adult', 'Post Apocalyptic', 'Romance', 'Fantasy', 'Science Fiction', 'Paranormal', 'Fiction', 'Love']",,w;unknown
Never Never: Part Three,"Colleen Hoover , Tarryn Fisher",3.49,"['Romance', 'Young Adult', 'Contemporary', 'Mystery', 'New Adult', 'Paranormal', 'Fantasy', 'Fiction', 'Novella', 'Contemporary Romance']",English,w;unknown
साये में धूप [Saaye mein Dhoop],"Dushyant Kumar, दुष्यन्त कुमार",4.42,"['Poetry', 'India', 'Fiction', 'Indian Literature']",Hindi,unknown;unknown
Van den vos Reynaerde,"Unknown, Willem die Madocke maecte",3.29,"['Classics', 'Fiction', 'School', 'Dutch Literature', 'Literature', 'Poetry', 'Fantasy', 'Medieval', 'Read For School', 'French Literature']","Dutch, Middle (ca.1050-1350)",unknown;m
Twisted Pop: ANIME Short-Story for Tweens (How to Book),"Mia Simone Smith, LaTonya Page-Balkcom",5.0,[],,w;unknown
சங்கச்சித்திரங்கள்,"Jeyamohan, Jeyamohan",4.45,[],Tamil,unknown;unknown
La torre y la isla,"Ana Alonso , Javier Pelegrín",4.03,"['Fantasy', 'Spanish Literature', 'Young Adult', 'Science Fiction', 'Dystopia']",Spanish,w;mostly_male
The Good Immigrant,"Nikesh Shukla  (Editor), Varaidzo, Chimene Suleyman, Vera Chok, Daniel York Loh, Himesh Patel, Nish Kumar, Reni Eddo-Lodge, more…",4.34,"['Nonfiction', 'Essays', 'Race', 'Politics', 'Short Stories', 'Anti Racist', 'Social Justice', 'Memoir', 'Contemporary', 'Anthologies']",English,unknown;unknown;unknown;w;m;unknown;unknown;w;unknown
المرايا,"Naguib Mahfouz, نجيب محفوظ",3.84,"['Novels', 'Literature', 'Fiction', 'Egypt', 'Classics']",Arabic,unknown;unknown
Patricia Briggs' Mercy Thompson: Moon Called,"Patricia Briggs, Clint Hilinski, Derek Ruiz",4.39,"['Urban Fantasy', 'Graphic Novels', 'Fantasy', 'Paranormal', 'Comics', 'Paranormal Romance', 'Shapeshifters', 'Vampires', 'Fiction', 'Werewolves']",English,w;m;m
কিশোর উপন্যাস সমগ্র ২,"Muhammed Zafar Iqbal, মুহম্মদ জাফর ইকবাল",4.42,['Fiction'],Bengali,m;unknown
BEASTARS 2,"Paru Itagaki, 板垣巴留",4.32,"['Manga', 'Comics', 'Graphic Novels', 'Fantasy', 'Fiction', 'Romance', 'Animals', 'Drama', 'Seinen', 'Young Adult']",Japanese,unknown;unknown
O Grande Livro do Ho'oponopono - Sabedoria Havaiana de Cura,"Jean Graciet, Luc Bodin, Nathalie Bodin",4.06,[],Portuguese,m;m;w
The Slippery Map,"N.E. Bode, Julianna Baggott",3.79,"['Fantasy', 'Humor', 'Fiction', 'Childrens']",English,unknown;w
حديث مع الكوكب,"Tawfiq Al-Hakim, توفيق الحكيم",3.93,"['Philosophy', 'Fiction']",Arabic,m;unknown
They Knew the Prophet: Personal Accounts From Over 100 People Who Knew Joseph Smith,"Hyrum L. Andrus, Helen Mae Andrus",4.21,"['Lds', 'Religion', 'Nonfiction', 'Church', 'Biography', 'Historical', 'History', 'Spirituality']",English,unknown;w
"Yotsuba&!, Vol. 7","Kiyohiko Azuma, あずま きよひこ",4.55,"['Manga', 'Comics', 'Fiction', 'Graphic Novels', 'Humor', 'Slice Of Life', 'Comedy', 'Japanese Literature', 'Graphic Novels Manga', 'Japan']",English,m;unknown
"""There Are Things I Want You to Know"" about Stieg Larsson and Me","Eva Gabrielsson, Marie-Françoise Colombani",3.47,"['Nonfiction', 'Biography', 'Memoir', 'Biography Memoir', 'Sweden', 'Autobiography', 'Politics', 'Swedish Literature', 'Scandinavian Literature', 'Audiobook']",English,w;unknown
Uniform Behaviour,"Lucy Felthouse  (Editor), more…",4.11,"['Anthologies', 'Erotica', 'Erotic Romance', 'Contemporary Romance', 'Military Fiction', 'Romance', 'Contemporary']",English,w;unknown
Танатонавты [Tanatonavty],"Bernard Werber, Бернар Вербер",4.04,"['Science Fiction', 'Fiction', 'France', 'Fantasy', 'Roman', 'Novels', 'French Literature', 'Contemporary', 'Religion', 'Spirituality']",Russian,m;unknown
الطعام لكل فم,"توفيق الحكيم, Tawfiq Al-Hakim",3.89,"['Plays', 'Fiction']",Arabic,unknown;m
سلسلة الأحاديث الضعيفة والموضوعة #1,"محمد ناصر الدين الألباني, محمد ناصر الدين الألباني",4.55,[],Arabic,unknown;unknown
Pier 21: The Gateway That Changed Canada,"Trudy Mitic, J.P. Leblanc",3.95,"['History', 'Nonfiction']",English,w;unknown
I Have America Surrounded: A Biography of Timothy Leary,"J.M.R. Higgs , John Higgs",4.15,"['Biography', 'Nonfiction', 'History', 'Psychology', 'Philosophy', 'Biography Memoir']",English,unknown;m
Gato Fedorento: o Blog,"Miguel Góis, Ricardo Araújo Pereira, Tiago Dores, Zé Diogo Quintela",3.63,"['Humor', 'Portuguese Literature']",Portuguese,m;m;m;unknown
Γαλήνη,"Ilias Venezis, Ηλίας Βενέζης",3.99,"['Fiction', 'Greece', 'Literature', 'Classics', 'Novels']","Greek, Modern (1453-)",m;unknown
Journey to the Heart: Discoures on the Sufi Way,"Soho, Soho",4.33,['Nonfiction'],English,unknown;unknown
Лучший экипаж Солнечной,"Oleg Divov, Олег Дивов",4.08,"['Russia', 'Fiction', 'Science Fiction']",Russian,m;unknown
100 Kata: Kumpulan Cerita 100 Kata,"Andi F. Yahya , Nita Sellya , Nurkastelia A. , Laila Achmad, Hotma Juniarti, Jamaluddin Ahmad, Jessy Faiz, Krisna Adityawan",3.58,"['Indonesian Literature', 'Fiction', 'Short Stories', 'Novels']",Indonesian,m;w;unknown;w;unknown;unknown;mostly_male;unknown
الحريم السياسي - النبي والنساء,"فاطمة المرنيسي, Fatema Mernissi",3.99,"['Islam', 'Feminism', 'Religion', 'Nonfiction', 'History', 'Gender', 'Womens', 'Sociology', 'Politics', 'Academic']",Arabic,unknown;w
Armageddon,"James Patterson , Chris Grabenstein",4.02,"['Young Adult', 'Science Fiction', 'Fantasy', 'Fiction', 'Aliens', 'Adventure', 'Paranormal', 'Action', 'Teen', 'Supernatural']",English,m;mostly_male
"Until Death Do Us Part Omnibus (2-in-1 Edition), Vol. 1: Includes Vol. 1 & 2","Hiroshi Takashige, たかしげ 宙",3.97,"['Manga', 'Science Fiction', 'Graphic Novels', 'Comics', 'Romance', 'Fiction', 'Thriller', 'Comics Manga', 'Action']",English,m;unknown
ملك وامرأة وإله,"Nawal El Saadawi, نوال السعداوي",3.63,"['Feminism', 'Nonfiction', 'Politics', 'Essays']",Arabic,w;unknown
The Favored Daughter: One Woman's Fight to Lead Afghanistan into the Future,"Fawzia Koofi , Nadene Ghouri",4.12,"['Nonfiction', 'Memoir', 'Biography', 'Politics', 'History', 'Feminism', 'Autobiography', 'Womens', 'Biography Memoir', 'Adult']",English,w;unknown
1/27: An ICoS Anthology,"Ais , Santino Hassell",4.38,"['M M Romance', 'Dystopia', 'Romance', 'Science Fiction', 'Short Stories', 'Dark', 'LGBT', 'Adult', 'Military Fiction', 'Action']",English,unknown;m
After Moonrise,"P.C. Cast , Gena Showalter",3.66,"['Paranormal', 'Paranormal Romance', 'Romance', 'Fantasy', 'Anthologies', 'Adult', 'Fiction', 'Ghosts', 'Short Stories', 'Urban Fantasy']",English,unknown;w
House of Robots,"James Patterson , Chris Grabenstein",4.24,"['Middle Grade', 'Science Fiction', 'Childrens', 'Fiction', 'Humor', 'Audiobook', 'Robots', 'Young Adult', 'Juvenile', 'Chapter Books']",,m;mostly_male
قشتمر,"Naguib Mahfouz, نجيب محفوظ",3.82,"['Novels', 'Fiction', 'Literature', 'Egyptian Literature', 'Egypt', 'Classics']",Arabic,unknown;unknown
People of the Morning Star,"W. Michael Gear, Kathleen O'Neal Gear",4.31,"['Historical Fiction', 'Fiction', 'Historical', 'Adventure', 'Native Americans', 'Historical Fantasy']",English,unknown;w
Pediatria,"Mehmedali Azemi, Mujë Shala",4.73,[],,unknown;unknown
Uriel: The Price,"Aaron M. Patterson , Chris White",3.91,"['Young Adult', 'Fantasy']",English,m;mostly_male
Волшебник Изумрудного города,"Alexander Volkov, Александр Волков",4.3,"['Fantasy', 'Russia', 'Childrens', 'Fiction', 'Russian Literature', 'Classics', 'Adventure', 'Fairy Tales', 'Middle Grade', 'Magic']",Russian,m;unknown
Manual do Perfeito Idiota Latino-Americano,"Plinio Apuleyo Mendoza, Carlos Alberto Montaner, Alvaro Vargas Losa",3.8,"['Politics', 'Nonfiction', 'History']",Portuguese,m;m;m
The Sky Village,"Chris Rettstatt , Nigel Ashland",3.89,"['Fantasy', 'Steampunk', 'Science Fiction', 'Middle Grade', 'Young Adult', 'Adventure', 'Childrens', 'Dystopia', 'Young Adult Fantasy', 'Coming Of Age']",English,mostly_male;m
الشيء الآخر,"Ghassan Kanafani, غسان كنفاني",3.7,"['Novels', 'Fiction', 'Literature']",Arabic,m;unknown
Decolonize Your Diet: Plant-Based Mexican-American Recipes for Health and Healing,"Luz Calvo, Catriona Rueda Esquibel",4.5,"['Cookbooks', 'Food', 'Nonfiction', 'Cooking', 'History', 'Self Help', 'Food and Drink', 'Race', 'Reference', 'Health']",English,mostly_female;w
Shades of Doon,"Carey Corp , Lorie Langdon",4.17,"['Fantasy', 'Young Adult', 'Romance', 'Magic', 'Time Travel', 'Scotland', 'Young Adult Fantasy', 'Historical Fiction', 'Teen', 'Christian Fiction']",English,andy;w
Vølvens Datter,"Saga Borg, Carola Jonsson, Jesper Svensson",3.7,"['Fantasy', 'Historical', 'Romance', 'Scandinavian Literature', 'Magic', 'Fiction', 'Historical Fiction', 'Young Adult', 'Swedish Literature']",Danish,w;w;m
"Thunderbolts, Volume 1: No Quarter","Daniel Way (Writer), Charles Soule , Ben Acker, Ben Blacker, more…",3.1,"['Comics', 'Graphic Novels', 'Marvel', 'Superheroes', 'Comic Book', 'Graphic Novels Comics', 'Fiction', 'Thriller', 'Action', 'Comix']",English,m;m;m;m;unknown
Мне тебя обещали,"Elchin Safarli, Эльчин Сафарли",3.61,"['Romance', 'Contemporary', 'Russia', 'Romantic', 'Love Story', 'Modern']",Russian,m;unknown
Crucial Conversations: Tools for Talking When Stakes Are High,"Kerry Patterson, Joseph Grenny, Ron McMillan, Al Switzler",4.04,"['Business', 'Nonfiction', 'Leadership', 'Self Help', 'Communication', 'Psychology', 'Personal Development', 'Management', 'Relationships', 'Buisness']",English,mostly_female;m;m;m
The Hooker and the Hermit,"L.H. Cosway , Penny Reid",3.92,"['Romance', 'Sports', 'Contemporary', 'Contemporary Romance', 'Sports Romance', 'Humor', 'New Adult', 'Chick Lit', 'Adult', 'Fiction']",English,unknown;w
Three Poets: Voices from the West Coast,"Koon Woon , Joneve McCormick, Changming Yuan",0.0,[],English,unknown;unknown;unknown
Moth Flight's Vision,"Erin Hunter, Dan Jolley , Lillian Diaz-Przybyl",4.56,"['Fantasy', 'Animals', 'Middle Grade', 'Fiction', 'Cats', 'Young Adult', 'Childrens', 'Animal Fiction', 'Adventure', 'Young Readers']",,mostly_female;m;w
La esfera de Medusa,"Ana Alonso , Javier Pelegrín",4.09,"['Spanish Literature', 'Science Fiction']",Spanish,w;mostly_male
The Book of the Law,"Aleister Crowley, Rose Edith Crowley",3.85,"['Occult', 'Philosophy', 'Nonfiction', 'Religion', 'Thelema', 'Spirituality', 'Magick', 'Magic', 'Esoterica', 'Classics']",English,unknown;w
"Invincible: Ultimate Collection, Vol. 1","Robert Kirkman, more…",4.27,"['Comics', 'Graphic Novels', 'Superheroes', 'Comic Book', 'Graphic Novels Comics', 'Fiction', 'Fantasy', 'Science Fiction', 'Young Adult', 'Sequential Art']",English,m;unknown
صورة الآخر في الخيال الأدبي,"Toni Morrison, توني موريسون",4.26,"['Nonfiction', 'Race', 'Essays', 'Literary Criticism', 'African American', 'Feminism', 'Criticism', 'Theory', 'Writing', 'Anti Racist']",Arabic,m;unknown
Αυτό το αστέρι είναι για όλους μας,"Tasos Livaditis, Τάσος Λειβαδίτης",4.71,"['Poetry', 'Romance', 'Greece']","Greek, Modern (1453-)",unknown;unknown
"Kilala Princess, Vol. 05","Rika Tanaka, Nao Kodaka, Walt Disney Company",4.17,"['Manga', 'Fantasy', 'Romance', 'Graphic Novels', 'Shojo', 'Adventure']",Japanese,w;w;m
الشيخوخة وقصص أخرى,"لطيفة الزيات, Latifa Zayyat",3.51,[],Arabic,unknown;w
الحداثة السائلة,"Zygmunt Bauman, زيجمونت باومان",4.13,"['Sociology', 'Philosophy', 'Nonfiction', 'Politics', 'Theory', 'History', 'Psychology', 'Social Science', 'Academic', 'Cultural Studies']",Arabic,m;unknown
ثقافة الإستهلاك : الإستهلاك والحضارة والسعي وراء السعادة,"Roger Rosenblatt , روجر روزنبلات",3.25,"['Nonfiction', 'Economics', 'Sociology']",Arabic,m;unknown
Parenting With Purpose: Winning the Heart of Your Child,"Paul Tsika, Billie Kaye Tsika",4.19,"['Parenting', 'Self Help', 'Nonfiction', 'Spirituality', 'Christian']",,m;mostly_female
The Difficult Child,"Stanley Turecki, Leslie Tonner",3.94,"['Parenting', 'Nonfiction', 'Psychology']",English,m;mostly_female
سباق المسافات الطويلة,"Abdul Rahman Munif, عبد الرحمن منيف",3.58,"['Novels', 'Literature']",Arabic,m;unknown
Не время для драконов,"Sergei Lukyanenko, Nick Perumov, Ник Перумов",3.7,"['Fantasy', 'Fiction', 'Russia', 'Science Fiction', 'Russian Literature', 'Science Fiction Fantasy', 'Dragons', 'Steampunk', 'High Fantasy', 'Literature']",Russian,m;m;unknown
The House: The History of the House of Representatives,"Robert V. Remini, Library of Congress",3.9,"['History', 'American History', 'Politics', 'Nonfiction']",English,m;unknown
The Restorer's Journey,"Sharon Hinck , Student Life",4.33,"['Fantasy', 'Christian Fiction', 'Christian', 'Christian Fantasy', 'Fiction', 'Adventure', 'Epic', 'Spirituality', 'Time Travel', 'Adult']",English,w;unknown
Nature's End,"Whitley Strieber , James W. Kunetka",3.87,"['Science Fiction', 'Fiction', 'Apocalyptic', 'Post Apocalyptic', 'Dystopia', 'Environment', 'Fantasy', 'Horror', 'Science Fiction Fantasy', 'Thriller']",English,unknown;m
I Kissed a Girl,"Regina Perry (Editor), more…",3.5,"['Erotica', 'Anthologies', 'Lesbian']",English,w;unknown
The Interrogators: Inside the Secret War Against Al Qaeda,"Chris Mackey, Greg Miller",3.6,"['Military Fiction', 'Nonfiction', 'War', 'History', 'Military History', 'Memoir', 'Politics', 'Terrorism']",English,mostly_male;m
راقصة المعبد,"Tawfiq Al-Hakim, توفيق الحكيم",3.37,['Novels'],Arabic,m;unknown
"Life Remembering Martin Luther King, Jr.: His Life and Crusade in Pictures","Editorial Department, Bob Adelman",4.0,['Biography'],English,unknown;m
النبطي,"يوسف زيدان , Youssef Ziedan",3.43,"['Novels', 'Historical Fiction', 'Fiction', 'Literature', 'Egyptian Literature', 'Religion', 'Historical', 'Philosophy', 'Egypt', 'Unfinished']",Arabic,unknown;m
Value Investing: From Graham to Buffett and Beyond,"Bruce C.N. Greenwald, Judd Kahn, Paul D. Sonkin , Michael van Biema",4.21,"['Finance', 'Business', 'Nonfiction', 'Money', 'Economics', 'Personal Finance']",English,m;m;m;m
Τα ψάθινα καπέλα,"Margarita Liberaki, Μαργαρίτα Λυμπεράκη",3.72,"['Fiction', 'Greece', 'Classics', 'Historical Fiction', 'Romance', 'Coming Of Age', '20th Century', 'Young Adult', 'Family', 'Teen']","Greek, Modern (1453-)",w;unknown
The Departure,"K.A. Applegate, Katherine Applegate",3.89,"['Science Fiction', 'Young Adult', 'Fiction', 'Fantasy', 'Aliens', 'Childrens', 'Middle Grade', 'Animals', 'Adventure', 'War']",,unknown;w
قيصر و المسيح 2,"Will Durant, Ariel Durant",4.07,['History'],Arabic,mostly_male;m
The Woman,"Jack Ketchum, Lucky McKee",3.9,"['Horror', 'Fiction', 'Thriller', 'Splatterpunk', 'Crime']",,m;andy
世界一初恋 ~小野寺律の場合4~,"Shungiku Nakamura, 中村春菊",4.44,"['Manga', 'Yaoi', 'Romance', 'Boys Love', 'LGBT', 'M M Romance', 'Graphic Novels', 'Fiction', 'Comics Manga', 'Humor']",Japanese,unknown;unknown
Fiddler on the Roof,"Joseph Stein, Jerry Bock, Sheldon Harnick",4.22,"['Plays', 'Classics', 'Theatre', 'Drama', 'Fiction', 'Historical Fiction', 'Musicals', 'Music', 'Humor', 'Historical']",English,m;m;m
The Pretender's Gambit,"Alex Archer (pseudonym), Mel Odom",3.9,"['Fantasy', 'Mystery', 'Adventure', 'Urban Fantasy']",English,m;mostly_female
عناق عند جسر بروكلين,"عزالدين شكري فشير , Ezzedine C. Fishere",3.43,"['Novels', 'Fiction', 'Literature', 'Romance', 'Egypt', 'Egyptian Literature', 'Drama', 'Unfinished', 'Contemporary', 'Literary Fiction']",Arabic,unknown;unknown
Tempting the Player,"J. Lynn, Jennifer L. Armentrout",4.05,"['Romance', 'Contemporary', 'Contemporary Romance', 'Adult', 'New Adult', 'Sports', 'Erotica', 'Sports Romance', 'Chick Lit', 'Fiction']",,unknown;w
قواعد التصوف و شواهد التعرف,"أحمد زروق, نزار حمادي",3.96,"['Islam', 'Religion']",Arabic,unknown;unknown
"Death Note: Black Edition, Vol. 6","Tsugumi Ohba, Takeshi Obata",4.42,"['Graphic Novels', 'Comics', 'Fantasy', 'Manga', 'Fiction', 'Mystery', 'Horror', 'Thriller', 'Young Adult', 'Crime']",German,unknown;m
2004 - Thanks for the Vodka,"Harpie, Karl Wiggins",4.66,[],English,unknown;m
Ondskabens Tegn,"Saga Borg, Carola Jonsson, Jesper Svensson",3.64,"['Fantasy', 'Historical', 'Romance', 'Fiction', 'Historical Fiction', 'Young Adult']",Swedish,w;w;m
Delta Green,"Dennis Detwiller, Adam Scott Glancy, John Tynes",4.42,"['Role Playing Games', 'Horror', 'Gaming', 'Cthulhu Mythos', 'Science Fiction', 'Games', 'Fantasy', 'Lovecraftian', 'Fiction', 'Reference']",English,m;m;m
Роксолана,"Pavlo Zahrebelnyi, Павло Загребелни",4.14,"['Historical', 'Fiction', 'Ukrainian Literature', 'Classics', 'Historical Fiction', 'School']",Bulgarian,m;unknown
The Blue Island,"William T. Stead, Estelle Wilson Stead, Pardoe Woodman",4.09,[],English,m;w;unknown
Ce que le jour doit à la nuit,"Yasmina Khadra, ياسمينة خضرا",4.19,"['Fiction', 'Algeria', 'France', 'Africa', 'Historical Fiction', 'Romance', 'Roman', 'Novels', 'War', 'Contemporary']",French,w;unknown
The Supernatural Ways of Royalty: Discovering Your Rights and Privileges of Being a Son or Daughter of God,"Kris Vallotton, Bill Johnson",4.47,"['Christian', 'Faith', 'Nonfiction', 'Spirituality', 'Prayer', 'Christian Living', 'Christianity', 'Religion', 'Christian Non Fiction', 'Supernatural']",English,mostly_male;m
Empower Now: True Stories from 14 Young Minority Professionals,"Amber Robins, Melvin Jackson, Ariel Johnson, Michael Seaberry, Donielle Williams, Armond Collins, Jessica Peterkin, Kevin Wright, more…",4.75,[],,w;m;m;m;w;m;w;m;unknown
The Motorbike Book : The Definitive Visual History,"Phil Hunt, Malcolm McKay, Hugo Wilson, James Robinson",4.71,['Nonfiction'],English,m;m;m;m
Wastelands: Stories of the Apocalypse,"John Joseph Adams  (Editor), more…",3.77,"['Short Stories', 'Science Fiction', 'Post Apocalyptic', 'Fiction', 'Horror', 'Anthologies', 'Dystopia', 'Apocalyptic', 'Fantasy', 'Speculative Fiction']",English,m;unknown
الحب هو,"أحمد رجب, مصطفى حسين",3.6,"['Comics', 'Humor', 'Literature']",Arabic,unknown;unknown
Τα ποιήματα Β': 1919-1933,"Constantinos P. Cavafy, Κ.Π. Καβάφης",4.69,['Poetry'],"Greek, Modern (1453-)",unknown;unknown
The Journals of Rachel Scott: A Journey of Faith at Columbine High,"Beth Nimmo (Adapter), Debra Klingsporn, Dana Scott",4.2,"['Christian', 'Nonfiction', 'Biography', 'Memoir', 'Spirituality', 'Christianity', 'Autobiography']",English,w;w;w
Phantoms in the Brain: Probing the Mysteries of the Human Mind,"V.S. Ramachandran, Sandra Blakeslee",4.26,"['Science', 'Psychology', 'Nonfiction', 'Neuroscience', 'Medicine', 'Brain', 'Medical', 'Biology', 'Philosophy', 'Popular Science']",English,unknown;w
Le Petit Nicolas et Les Copains,"René Goscinny, Jean-Jacques Sempé",4.24,"['France', 'Fiction', 'Childrens', 'Humor', 'Short Stories', 'Classics', 'French Literature', 'Literature', 'Novels', 'School']",French,m;unknown
"07-Ghost, Volume 02","Yuki Amemiya (Creator), Yukino Ichihara",4.24,"['Manga', 'Fantasy', 'Graphic Novels', 'Action', 'Young Adult', 'Shojo', 'Josei', 'Drama', 'Magic', 'Demons']",English,mostly_female;w
Girl v. Boy,"Yvonne Collins, Sandy Rideout",3.75,"['Young Adult', 'Realistic Fiction', 'Chick Lit', 'Teen', 'Humor', 'Young Adult Romance', 'Young Adult Contemporary', 'Mystery', 'Contemporary Romance', 'High School']",English,w;mostly_female
The Shepherd's Tale,"Joss Whedon, Zack Whedon, Chris Samnee",4.09,"['Graphic Novels', 'Comics', 'Science Fiction', 'Fiction', 'Graphic Novels Comics', 'Fantasy', 'Comic Book', 'Adventure', 'Science Fiction Fantasy', 'Media Tie In']",English,m;m;mostly_male
Psique,"Carolina Lehman, Sergio Alejandro Amira , Dan Guajars",3.04,[],Spanish,w;m;m
الصفقة,"Tawfiq Al-Hakim, توفيق الحكيم",3.49,"['Literature', 'Plays', 'Novels', 'Drama', 'Fiction']",Arabic,m;unknown
عبق أرضنا: أصوات من فلسطين وإسرائيل,"Kenizé Mourad, كينيزي مراد",4.21,"['Politics', 'Nonfiction', 'Israel']",Arabic,unknown;unknown
Aliens,"Whitley Strieber  (editor), Gary A. Braunbeck, Nina Kiriki Hoffman, Esther M. Friesner, James Robert Smith, John B. Rosenman , Christie Golden, Lois Tilton, more…",3.63,[],English,unknown;m;w;w;m;m;mostly_female;w;unknown
The Man Who Came to Dinner,"Moss Hart, George S. Kaufman",4.05,"['Plays', 'Drama', 'Theatre', 'Humor', 'Fiction', 'Comedy', 'Classics', 'Film', 'Historical Fiction', 'School']",English,unknown;m
Alice in Wonderland: Based on the Motion Picture Directed by Tim Burton,"Tui T. Sutherland (Adapted By), Lewis Carroll",4.21,"['Fantasy', 'Classics', 'Young Adult', 'Fiction', 'Adventure', 'Fairy Tales', 'Childrens', 'Media Tie In', 'Middle Grade', 'Novels']",English,unknown;m
Το μεγάλο μας τσίρκο. Ο εχθρός λαός: Τόμος αναδρομικός,"Iakovos Kambanellis, Ιάκωβος Καμπανέλλης",4.67,[],"Greek, Modern (1453-)",m;unknown
Алые паруса,"Alexander Grin, Александр Степанович Грин",3.9,"['Classics', 'Russia', 'Fiction', 'Romance', 'Russian Literature', 'Childrens', 'Fantasy', 'Young Adult', 'Fairy Tales', 'School']",Russian,m;unknown
Virgin,"Mary Elizabeth Murphy, F. Paul Wilson",3.8,"['Thriller', 'Fiction', 'Fantasy', 'Horror', 'Religion', 'Paranormal', 'Mystery Thriller', 'Science Fiction']",English,mostly_female;unknown
قيصر و المسيح 3,"Will Durant, Ariel Durant",4.21,['History'],Arabic,mostly_male;m
200 Golden Hadith,"Abdul Malik Mujahid, Darussalam",4.41,"['Islam', 'Religion', 'Nonfiction']",English,m;unknown
世界一初恋 ～小野寺律の場合5～プレミアムアニメDVD付き限定版,"Shungiku Nakamura, 中村春菊",4.41,"['Manga', 'Yaoi', 'Romance', 'Boys Love', 'LGBT', 'M M Romance', 'Fiction', 'Graphic Novels', 'Humor', 'Gay']",Japanese,unknown;unknown
People of the Owl,"Kathleen O'Neal Gear , W. Michael Gear",4.29,"['Historical Fiction', 'Fiction', 'Historical', 'Fantasy', 'Prehistoric', 'Native Americans', 'Prehistory', 'Canon', 'Adult', 'Historical Romance']",English,w;unknown
Johnny Mnemonic,"William Gibson, Terry Bisson",3.77,"['Science Fiction', 'Cyberpunk', 'Fiction', 'Short Stories', 'Film', 'Media Tie In', 'Picture Books', 'Plays', 'Tv', 'Drama']",English,m;mostly_male
Ангелите ще заплачат,"Ryszard Kłyś, Ришард Клиш",4.0,[],Bulgarian,m;unknown
The Silent History,"Eli Horowitz, Kevin Moffett, Matthew Derby",3.6,"['Fiction', 'Science Fiction', 'Dystopia', 'Adult', 'Novels', 'Mystery', 'Unfinished', 'Fantasy', 'Science Fiction Fantasy', 'Speculative Fiction']",English,w;m;m
The Children of Old Leech: A Tribute to the Carnivorous Cosmos of Laird Barron,"Ross E. Lockhart  (Editor), more…",4.12,"['Horror', 'Short Stories', 'Anthologies', 'Weird Fiction', 'Lovecraftian', 'Fantasy', 'Supernatural', 'Thriller', 'Dark']",English,m;unknown
Magic Beginnings,"Kayla Bashe , Ennis Rook Bashe",3.66,"['LGBT', 'Fantasy', 'Young Adult', 'Fiction', 'Lesbian', 'Choose Your Own Adventure', 'Queer']",English,w;mostly_male
طشاري,"Inaam Kachachi, إنعام كجه جي",3.75,"['Novels', 'Fiction', 'Literature']",Arabic,unknown;unknown
"For Colored Boys Who Have Considered Suicide When the Rainbow is Still Not Enough: Coming of Age, Coming Out, and Coming Home","Keith Boykin (Editor), more…",4.28,"['Nonfiction', 'LGBT', 'Queer', 'Race', 'Poetry', 'Anthologies', 'Essays', 'Social Justice', 'Queer Studies', 'Biography Memoir']",English,m;unknown
The Golden Key,"Melanie Rawn, Jennifer Roberson , Kate Elliott",3.82,"['Fantasy', 'Fiction', 'Magic', 'High Fantasy', 'Epic Fantasy', 'Science Fiction Fantasy', 'Art', 'Romance', 'Alternate History', 'Historical']",English,w;w;w
Love Part 2,"Jasmine Rose, Lauren Jackson, TM Mendes",5.0,[],English,w;mostly_female;unknown
Last Tango in Paris,"David Thompson, Bernando Bertolucci",3.3,['Film'],English,m;unknown
Under My Hat: Tales from the Cauldron,"Jonathan Strahan  (Editor), Neil Gaiman , Holly Black , Garth Nix",3.9,"['Short Stories', 'Urban Fantasy', 'Anthologies', 'Fantasy', 'Young Adult', 'Witches', 'Magic', 'Paranormal', 'Supernatural', 'Fiction']",English,m;m;w;m
"In Defense of Socialism: Four Speeches on the 30th Anniversary of the Cuban Revolution. Speeches, Vol. 4, '01/01/1988-89","Fidel Castro, Mary-Alice Waters",3.92,"['Politics', 'History']",English,m;unknown
Ghost in the Wires: My Adventures as the World's Most Wanted Hacker,"Kevin D. Mitnick, William L. Simon, Steve Wozniak",3.95,"['Nonfiction', 'Biography', 'Technology', 'Memoir', 'Audiobook', 'Computers', 'Crime', 'Autobiography', 'Science', 'Hackers']",English,m;m;m
Vertical Thoughts: Morton Feldman and the Visual Arts,"Morton Feldman (Contributor), Juan Manuel Bonet, Francesco Pellizzi, Bunita Marcus, Kevin Volans, Barbara Monk Feldman, Brian O'Doherty, Dore Ashton, more…",4.58,"['Art', 'Music', 'Essays', 'Nonfiction']",English,m;m;m;unknown;m;w;m;w;unknown
How Not to Die: Discover the Foods Scientifically Proven to Prevent and Reverse Disease,"Michael Greger , Gene Stone",4.5,"['Health', 'Nonfiction', 'Nutrition', 'Food', 'Science', 'Self Help', 'Vegan', 'Diets', 'Audiobook', 'Medicine']",English,m;mostly_male
شرق المتوسط,"عبد الرحمن منيف, Abdul Rahman Munif",4.14,"['Novels', 'Fiction', 'Literature', 'Politics', '20th Century', 'Historical Fiction', 'Love']",Arabic,unknown;m
"Batwoman, Volume 1: Hydrology","J.H. Williams III (Writer, Illustrator)",4.06,"['Comics', 'Graphic Novels', 'Dc Comics', 'Superheroes', 'LGBT', 'Graphic Novels Comics', 'Comic Book', 'Fiction', 'Batman', 'Queer']",English,unknown;unknown
La fille dans l'écran,"Manon Desveaux, Lou Lubie",4.53,"['Bande Dessinée', 'LGBT', 'Graphic Novels', 'Romance', 'Contemporary', 'Comics', 'France', 'Queer', 'Fiction', 'Mental Health']",French,w;mostly_male
Can You See Me?,"LibScott, Rebecca Westcott",4.42,"['Middle Grade', 'Realistic Fiction', 'Contemporary', 'Fiction', 'School', 'Disability', 'Childrens', 'Family', 'Young Adult', 'Audiobook']",English,unknown;w
Chhotu: A Tale of Partition and Love,"Varud Gupta , Ayushi Rastogi",3.59,['Graphic Novels'],,unknown;unknown
Must Love Hellhounds,"Charlaine Harris , Nalini Singh , Ilona Andrews , Meljean Brook",3.91,"['Urban Fantasy', 'Paranormal', 'Anthologies', 'Fantasy', 'Paranormal Romance', 'Romance', 'Vampires', 'Short Stories', 'Magic', 'Angels']",English,w;w;w;unknown
"07-Ghost, Volume 01","Yuki Amemiya, Yukino Ichihara",4.14,"['Manga', 'Fantasy', 'Graphic Novels', 'Action', 'Comics', 'Adventure', 'Comics Manga', 'Supernatural', 'Anime', 'Josei']",English,mostly_female;w
Wolfsbane and Mistletoe,"Charlaine Harris  (Editor), more…",3.74,"['Urban Fantasy', 'Fantasy', 'Paranormal', 'Anthologies', 'Short Stories', 'Vampires', 'Werewolves', 'Fiction', 'Paranormal Romance', 'Christmas']",English,w;unknown
"Crossed, Vol. 1","Garth Ennis, Jacen Burrows",3.66,"['Comics', 'Graphic Novels', 'Horror', 'Graphic Novels Comics', 'Post Apocalyptic', 'Fiction', 'Zombies', 'Comic Book', 'Sequential Art', 'Comix']",English,m;unknown
Lambert's Pride,"Lynn A. Coleman, Rachel Hauck",4.0,"['Christian Fiction', 'Christian Romance']",English,mostly_female;w
Fang Bangers,"Lori Perkins  (Editor), more…",4.03,['Vampires'],English,w;unknown
Home Girls: A Black Feminist Anthology,"Barbara Smith (Editor), more…",4.32,"['Feminism', 'Nonfiction', 'Race', 'African American', 'LGBT', 'Social Justice', 'Gender', 'Anthologies', 'Essays', 'Theory']",English,w;unknown
صاحبة الجلالة,"Tawfiq Al-Hakim, توفيق الحكيم",3.55,['Plays'],Arabic,m;unknown
Sidney Sheldon's After the Darkness,"Tilly Bagshawe, Sidney Sheldon",3.89,"['Fiction', 'Mystery', 'Thriller', 'Suspense', 'Romance', 'Mystery Thriller', 'Crime', 'Drama', 'Chick Lit', 'Novels']",English,w;mostly_male
Ελληνική μυθολογία (μέρος α'),"Nikos Tsiforos, Νίκος Τσιφόρος",4.4,['History'],"Greek, Modern (1453-)",m;unknown
Η νυχτερίδα,"Στρατής Τσίρκας, Stratis Tsirkas",4.46,"['Fiction', 'Literature', 'Historical Fiction', 'Classics']","Greek, Modern (1453-)",unknown;unknown
Bluesday,"Adrienne Thompson , Alyndria Mooney",4.39,[],English,w;unknown
آپارتمان,"Billy Wilder, آي.اي.ال.دايموند",4.25,"['Drama', 'Comedy', 'American', 'Media Tie In', 'Plays', 'Novels', 'Film']",Persian,m;unknown
Satin Merah,"Brahmanto Anindito, Rie Yanti",3.79,"['Novels', 'Thriller', 'Mystery', 'Indonesian Literature']",Indonesian,unknown;w
عصر الايمان 1,"Will Durant, Ariel Durant",4.0,['History'],Arabic,mostly_male;m
"Nura: Rise of the Yokai Clan, Vol. 01","Hiroshi Shiibashi, 椎橋 寛",4.1,"['Manga', 'Fantasy', 'Graphic Novels', 'Shonen', 'Demons', 'Supernatural', 'Comics', 'Comics Manga', 'Fiction', 'Paranormal']",English,m;unknown
世界一初恋 ～小野寺律の場合6～ [Sekaiichi Hatsukoi - Onodera Ritsu no Baai 6],"Shungiku Nakamura, 中村春菊",4.46,"['Manga', 'Yaoi', 'Romance', 'Boys Love', 'LGBT', 'M M Romance', 'Fiction', 'Humor', 'Gay', 'Shounen Ai']",Japanese,unknown;unknown
People of the Sea,"W. Michael Gear, Kathleen O'Neal Gear",4.18,"['Historical Fiction', 'Fiction', 'Historical', 'Fantasy', 'Prehistoric', 'Native Americans', 'Adult', 'Anthropology', 'Prehistory', 'Adventure']",English,unknown;w
The Art of Howl's Moving Castle,"Hayao Miyazaki, Joe Hisaishi",4.52,"['Art', 'Nonfiction', 'Manga', 'Film', 'Reference', 'Japan', 'Design', 'Anime', 'Asia', 'Steampunk']",English,unknown;m
The Andy Warhol Diaries,"Andy Warhol, Pat Hackett",3.89,"['Art', 'Nonfiction', 'Biography', 'Memoir', 'Diary', 'Pop Culture', 'History', 'Art History', 'New York', 'Biography Memoir']",English,m;andy
Fate／Zero（4）散りゆく者たち [Chiriyukumonotachi],"Gen Urobuchi, 武内 崇",4.32,"['Light Novel', 'Fantasy', 'Manga', 'Japan', 'Japanese Literature']",Japanese,andy;unknown
نيتشه و إرادة القوة,"Pierre Montebello, بيير مونتيبيلو",3.27,['Philosophy'],Arabic,m;unknown
Gender Outlaws: The Next Generation,"Kate Bornstein, S. Bear Bergman",4.08,"['Nonfiction', 'Queer', 'LGBT', 'Gender', 'Feminism', 'Transgender', 'Essays', 'Gender Studies', 'Gender and Sexuality', 'Anthologies']",English,w;unknown
"The Science Fiction Hall of Fame, Volume One, 1929-1964","Robert Silverberg (Editor), more…",4.34,"['Science Fiction', 'Short Stories', 'Fiction', 'Anthologies', 'Science Fiction Fantasy', 'Classics', 'Audiobook', 'Collections', 'Short Story Collection', 'Fantasy']",English,m;unknown
美少女戦士セーラームーン新装版 12 [Bishōjo Senshi Sailor Moon Shinsōban 12],"Naoko Takeuchi, 武内 直子",4.51,"['Manga', 'Fantasy', 'Graphic Novels', 'Romance', 'Comics', 'Young Adult', 'Fiction', 'Shojo', 'Magic', 'Graphic Novels Manga']",Japanese,w;unknown
Love Part 1,"Jasmine Rose, TM Mendes, Lauren Jackson",5.0,[],English,w;unknown;mostly_female
2006 - Thanks for the Vodka,"Harpie, Karl Wiggins",4.69,[],English,unknown;m
A kőszivű ember fiai,"Mór Jókai, Percy Favor Bicknell",3.66,"['Hungarian Literature', 'Classics', 'Fiction', 'Literature', 'Historical', 'Historical Fiction', 'Hungary', 'School', 'Read For School', 'Novels']",Hungarian,unknown;m
Nursery Rhyme Comics: 50 Timeless Rhymes from 50 Celebrated Cartoonists,"Chris Duffy (Editor), more…",4.06,"['Graphic Novels', 'Comics', 'Poetry', 'Childrens', 'Picture Books', 'Nursery Rhymes', 'Humor', 'Fiction', 'Middle Grade', 'Classics']",English,mostly_male;unknown
"Nestor Burma: 120, rue de la gare","Jacques Tardi, Léo Malet",4.2,"['Bande Dessinée', 'Comics', 'Graphic Novels', 'Crime', 'Comix', 'Thriller']",French,m;mostly_male
Labyrinth: A Novel Based on the Jim Henson Film,"A.C.H. Smith, Terry Jones",4.2,"['Fantasy', 'Young Adult', 'Fiction', 'Adventure', 'Magic', 'Fairy Tales', 'Science Fiction Fantasy', 'Classics', 'Novels', 'Childrens']",English,unknown;mostly_male
"Invincible: Ultimate Collection, Vol. 4","Robert Kirkman, Ryan Ottley, Bill Crabtree",4.36,"['Comics', 'Graphic Novels', 'Comic Book', 'Superheroes', 'Graphic Novels Comics', 'Science Fiction', 'Fantasy', 'Young Adult', 'Fiction', 'Coming Of Age']",English,m;mostly_male;m
Their Story,"Tan Jiu, 坛九",4.5,"['Manga', 'LGBT', 'Romance', 'Comics', 'Webcomic', 'Contemporary', 'Yuri', 'Graphic Novels', 'Young Adult', 'Queer']",,mostly_male;unknown
Τα ποιήματα Β΄ (1979-1991),"Nikos Karouzos, Νίκος Καρούζος",4.71,['Poetry'],"Greek, Modern (1453-)",m;unknown
Bubble Gum,"Lolita Pille, GaWurster",3.42,"['Fiction', 'Contemporary', 'France', 'French Literature', 'Chick Lit', 'Adolescence', 'Roman', 'Adult']",German,w;unknown
秦腔,"Jia Pingwa, 贾平凹",4.4,[],Chinese,andy;unknown
Windswept Weddings: A Grim Weather Forecast Could Create Four Wedding Day Disasters,"Lena Nelson Dooley , Pamela Griffin, Rachel Hauck , Lynette Sowell",3.7,['Christian Fiction'],English,w;w;w;w
Mirrorshades: The Cyberpunk Anthology,"Bruce Sterling (Editor), William Gibson, Paul Di Filippo, Lewis Shiner, Tom Maddox, Pat Cadigan , Rudy Rucker, Marc Laidlaw , more…",3.96,"['Cyberpunk', 'Science Fiction', 'Fiction', 'Short Stories', 'Anthologies', 'Science Fiction Fantasy', 'Speculative Fiction', 'Fantasy', 'Collections', 'Dystopia']",English,m;m;m;m;m;andy;m;m;unknown
When the Hero Comes Home,"Gabrielle Harbowy  (Co-Editor), Marie Bilodeau , Steve Bornstein , Xander Briggs , Erik Buchanan , Brian Cortijo, Erik Scott de Bie, more…",4.06,"['Fantasy', 'Short Stories', 'Anthologies', 'Science Fiction', 'Urban Fantasy', 'Dragons', 'War', 'Fiction']",English,w;w;m;m;m;m;m;unknown
Kisses from Hell,"Kristin Cast , Kelley Armstrong , Richelle Mead , Francesca Lia Block , Alyson Noel",3.62,"['Young Adult', 'Vampires', 'Paranormal', 'Romance', 'Fantasy', 'Anthologies', 'Short Stories', 'Paranormal Romance', 'Urban Fantasy', 'Supernatural']",English,w;mostly_female;w;w;w
Fables: 1001 Nights of Snowfall,"Bill Willingham  (Writer), more…",4.14,"['Graphic Novels', 'Comics', 'Fantasy', 'Fairy Tales', 'Fiction', 'Graphic Novels Comics', 'Fables', 'Comic Book', 'Urban Fantasy', 'Adult']",English,m;unknown
"Healing Pain: The Innovative, Breakthrough Plan to Overcome Your Physical Pain and Emotional Suffering","Ann M. Berger, C.B. deSwaan",4.57,[],English,w;unknown
Poema del Cante Jondo / Romancero Gitano,"Federico García Lorca, Allen Josephs, Juan Caballero",4.17,"['Poetry', 'Spanish Literature', 'Spain']",Spanish,m;m;m
بنك القلق,"Tawfiq Al-Hakim, توفيق الحكيم",3.49,"['Fiction', 'Plays', 'Novels']",Arabic,m;unknown
Boondock Saints Volume 1: In Nomine Patris,"Chris Brunner, Troy Duffy, J.B. Love",3.84,"['Graphic Novels', 'Comics']",English,mostly_male;m;unknown
صفة صلاة النبي صلى الله عليه وسلم من التكبير إلى التسليم كأنك تراها,"محمد ناصر الدين الألباني, محمد ناصر الدين الألباني",4.48,"['Islam', 'Religion', 'Nonfiction']",Arabic,unknown;unknown
The Medieval Health Handbook - Tacuinum Sanitatis,"Luisa Cogliati Arano, Oscar Ratti, Adele Westbrook",4.48,"['Nonfiction', 'History', 'Reference', 'Medicine', 'Medieval']",English,w;m;w
The Hood Life,"Meesha Mink , De'nesha Diamond",4.38,['Urban'],English,unknown;unknown
Mao: The Unknown Story,"Jung Chang, Jon Halliday",3.8,"['History', 'Biography', 'China', 'Nonfiction', 'Politics', 'Asia', 'Biography Memoir', 'Historical', 'World History', 'War']",English,andy;m
"School Rumble, Vol. 1","Jin Kobayashi, 小林尽",3.85,"['Manga', 'Romance', 'Humor', 'Graphic Novels', 'Comics', 'Comedy', 'Young Adult', 'Slice Of Life', 'Shojo', 'Fiction']",English,w;unknown
"The Five Books of Moses: Genesis, Exodus, Leviticus, Numbers, Deuteronomy: Genesis, Exodus, Leviticus, Numbers, Deuteronomy : A New Translation with Introductions, Commentary: 1","Everett Fox (Translator, Editor)",4.41,"['Religion', 'Judaism', 'Reference', 'Jewish', 'Philosophy', 'Nonfiction', 'Christian', 'Spirituality', 'Scripture', 'Old Testament']",English,m;unknown
Θυμωμένα στάχυα,"Menelaos Lountemis, Mενέλαος Λουντέμης",4.1,['Audiobook'],"Greek, Modern (1453-)",m;unknown
Τρελαντώνης,"Penelope Delta, Πηνελόπη Δέλτα",3.92,"['Childrens', 'Fiction', 'Classics', 'Literature', 'Greece']","Greek, Modern (1453-)",w;unknown
涼宮ハルヒの暴走 [Suzumiya Haruhi no Bōsō],"Nagaru Tanigawa, Nagaru Tanigawa",3.94,"['Light Novel', 'Fantasy', 'Science Fiction', 'Young Adult', 'Manga', 'Fiction', 'Japanese Literature', 'Humor', 'Japan', 'Comedy']",Japanese,unknown;unknown
Howard the Duck Omnibus,"Steve Gerber (Text), Gene Colan, Val Mayerik",4.25,"['Comics', 'Graphic Novels', 'Marvel', 'Collections', 'Humor', 'Superheroes', 'Graphic Novels Comics', 'Fiction']",English,m;mostly_male;mostly_female
المنقذ من الضلال والمفصح بالأحوال,"Abu Hamid al-Ghazali, أبو حامد الغزالي",4.02,"['Philosophy', 'Islam', 'Religion', 'Nonfiction', 'Biography', 'Spirituality', 'Theology', 'Classics', 'Mysticism', 'Autobiography']",Arabic,m;unknown
Remembering Walt: Favorite Memories of Walt Disney,"Howard E. Green, Amy Boothe, Amy Boothe Green, Ray Bradbury",4.43,"['Nonfiction', 'Biography']",English,m;w;w;mostly_male
الجنس و الشباب الذكي,"Colin Wilson, كولن ولسون",3.28,"['Psychology', 'Philosophy', 'Nonfiction', 'Sexuality']",Arabic,m;unknown
Killer Year: A Criminal Anthology,"Lee Child  (Editor), more…",3.58,"['Mystery', 'Short Stories', 'Thriller', 'Anthologies', 'Fiction', 'Crime', 'Mystery Thriller', 'Suspense', 'True Crime', 'Collections']",English,mostly_male;unknown
عصر الايمان 2,"Will Durant, Ariel Durant",3.87,['History'],Arabic,mostly_male;m
The Light within Islam,"Darussalam (Editor), Basel Muhammad Al-Mahayni",4.66,['Islam'],English,unknown;m
ハイキュー!! 1 日向と影山 [Haikyū!! 1 Hinata to Kageyama],"Haruichi Furudate, 古舘 春一",4.61,"['Manga', 'Sports', 'Comics', 'Graphic Novels', 'Shonen', 'Young Adult', 'Fiction', 'Contemporary', 'Anime', 'Comics Manga']",Japanese,unknown;unknown
Tawassul: Its Types And Its Rulings,"محمد ناصر الدين الألباني, محمد ناصر الدين الألباني",4.25,['Islam'],English,unknown;unknown
世界一初恋 ~小野寺律の場合7~ [Sekaiichi Hatsukoi - Onodera Ritsu no Baai 7],"Shungiku Nakamura, 中村春菊",4.38,"['Manga', 'Yaoi', 'Romance', 'Boys Love', 'LGBT', 'M M Romance', 'Fiction', 'Humor', 'Graphic Novels', 'Adult']",Japanese,unknown;unknown
The Godfather Doctrine: A Foreign Policy Parable,"John C. Hulsman, A. Wess Mitchell",3.83,['Nonfiction'],English,m;unknown
The Alchemy Press Book of Ancient Wonders,"Jan Edwards  (Editor), Adrian Tchaikovsky , Peter Crowther",3.86,[],English,m;m;m
Classics of Horror: Frankenstein Dr. Jekyll & Mr. Hyde Dracula,"Mary Wollstonecraft Shelley, Bram Stoker, Robert Louis Stevenson",4.29,"['Classics', 'Horror', 'Fiction', 'Fantasy', 'Literature', 'Gothic', 'Vampires', 'Science Fiction', 'Paranormal', 'Novels']",English,mostly_female;m;m
Fate／Zero（3）王たちの狂宴 [Outachi no Kyouen],"Gen Urobuchi, 武内 崇",4.24,"['Light Novel', 'Fantasy', 'Manga', 'Japan', 'Japanese Literature']",Japanese,andy;unknown
They Poured Fire on Us from the Sky: The True Story of Three Lost Boys from Sudan,"Benson Deng, Alephonsion Deng, Benjamin Ajak, Judy A. Bernstein",4.18,"['Nonfiction', 'Africa', 'Memoir', 'History', 'War', 'Sudan', 'Biography', 'Biography Memoir', 'School', 'Autobiography']",English,unknown;unknown;m;w
أن ترحل,"Tahar Ben Jelloun, الطاهر بن جلون",3.38,"['Fiction', 'Morocco', 'Africa', 'Novels', 'France', 'Contemporary', 'Literature', 'Queer', '21st Century', 'Read For School']",Arabic,m;unknown
I Funny TV: A Middle School Story,"James Patterson , Chris Grabenstein",4.35,"['Fiction', 'Realistic Fiction', 'Humor', 'Middle Grade', 'Childrens', 'Comedy', 'Young Adult', 'Juvenile', 'Audiobook']",,m;mostly_male
Jacky Ha-Ha,"James Patterson , Chris Grabenstein",4.31,"['Realistic Fiction', 'Middle Grade', 'Humor', 'Fiction', 'Family', 'Childrens', 'Young Adult', 'Juvenile', 'Comedy', 'Audiobook']",,m;mostly_male
Writing About Movies,"Karen M. Gocsik, Dave Monahan, Richard Barsam",3.6,"['Film', 'Nonfiction', 'College']",English,w;m;m
Play Hard,"V.K. Sykes, Juliana Stone , Jennifer Lyon",3.84,"['Romance', 'Contemporary Romance', 'Sports', 'Anthologies', 'Amazon', 'Sports Romance', 'Erotica', 'Erotic Romance', 'Contemporary']",English,unknown;w;w
"Bir Kedi, Bir Adam, Bir Ölüm","O.Z. Livaneli, O.Z. Livaneli",3.99,"['Turkish Literature', 'Fiction', 'Turkish', 'Roman', 'Novels']",Turkish,unknown;unknown
Comics Squad: Recess!,"Jennifer L. Holm , Matthew Holm, Jarrett J. Krosoczka , Dan Santat , Raina Telgemeier , more…",4.17,"['Graphic Novels', 'Humor', 'Middle Grade', 'Comics', 'Short Stories', 'Childrens', 'School', 'Fiction', 'Juvenile', 'Graphic Novels Comics']",English,w;m;m;m;w;unknown
The Mixed World in a Kingdom,"Philomene Koya, Henriette Ngardena, Justin Mongosso",4.67,[],,unknown;w;m
My Plain Jane,"Cynthia Hand , Jodi Meadows , Brodi Ashton",3.78,"['Young Adult', 'Historical Fiction', 'Fantasy', 'Retellings', 'Historical', 'Romance', 'Paranormal', 'Audiobook', 'Fiction', 'Humor']",English,w;w;unknown
"Invincible: Ultimate Collection, Vol. 5","Robert Kirkman, Ryan Ottley",4.37,"['Comics', 'Graphic Novels', 'Comic Book', 'Superheroes', 'Graphic Novels Comics', 'Science Fiction', 'Fantasy', 'Coming Of Age']",English,m;mostly_male
Hiking the Grand Mesa: A Clementine the Rescue Dog Story,"Kyle Torke, Barbara Torke",4.8,[],,mostly_female;w
Ανθρωποφύλακες,"Periklis Korovesis, Περικλής Κοροβέσης",4.7,"['Politics', 'History', 'Biography', 'Nonfiction', 'Greece', '20th Century']","Greek, Modern (1453-)",m;unknown
Buck Rogers in the 25th Century (Fotonovel),"Glen A. Larson, Leslie Stevens",3.5,[],English,m;mostly_female
Many Bloody Returns,"Charlaine Harris  (Editor/Contributor), Christopher Golden , Bill Crider, Kelley Armstrong , Jim Butcher , P.N. Elrod, Rachel Caine , more…",3.73,"['Vampires', 'Urban Fantasy', 'Fantasy', 'Paranormal', 'Anthologies', 'Short Stories', 'Fiction', 'Paranormal Romance', 'Supernatural', 'Romance']",English,w;m;m;mostly_female;m;unknown;w;unknown
Хайка за вълци,"Ivailo Petrov, Ивайло Петров",4.51,"['Bulgarian Literature', 'Fiction', 'Bulgaria', 'Novels']",Bulgarian,m;unknown
The 12 Dancing Princesses,"Suçie Stevenson, Jacob Grimm, Wilhelm Grimm",3.82,['Childrens'],English,unknown;m;m
Not Left Behind: Rescuing the Pets of New Orleans,"Best Friends Animal Society, Bob Somerville",4.46,"['Nonfiction', 'Animals', 'Dogs', 'Historical']",English,unknown;m
The New Penguin History of the World,"J.M. Roberts, Odd Arne Westad",4.01,"['History', 'Nonfiction', 'World History', 'Reference', 'The World', 'Unfinished', 'Historical', 'Ancient History', 'Social Science', 'Travel']",English,unknown;m
Peripheral Neuropathies in Clinical Practice,"Steven Herskovitz, Stephen Scelsa, Herbert Schaumburg",4.0,[],English,m;m;m
Hell's Horizon,"D.B. Shan, Darren Shan",4.11,"['Fantasy', 'Horror', 'Mystery', 'Fiction', 'Crime', 'Thriller', 'Young Adult', 'Adult Fiction', 'Urban Fantasy', 'Paranormal']",English,unknown;m
Shameless Hoodwives,"Meesha Mink , De'nesha Diamond",4.47,"['Urban', 'Fiction']",English,unknown;unknown
Ottolenghi: The Cookbook,"Yotam Ottolenghi , Sami Tamimi",4.3,"['Cookbooks', 'Cooking', 'Food', 'Nonfiction', 'Reference', 'Food and Drink', 'Israel', 'How To', 'Culinary', 'Foodie']",English,unknown;m
"Maximum Ride, Vol. 4","NaRae Lee (adapter/Illustrator), James Patterson",4.39,"['Manga', 'Graphic Novels', 'Young Adult', 'Fantasy', 'Science Fiction', 'Comics', 'Adventure', 'Fiction', 'Romance', 'Action']",English,unknown;m
الوابل الصيب من الكلم الطيب,"Ibn Qayyim al-Jawziyya, ابن قيم الجوزية",4.55,"['Islam', 'Religion']",Arabic,unknown;unknown
The Madman's Middle Way: Reflections on Reality of the Tibetan Monk Gendun Chopel,"Donald S. Lopez Jr., Gendün Chöphel",4.42,"['Buddhism', 'Spirituality', 'Philosophy', 'Biography', 'Nonfiction']",English,m;unknown
عصر الايمان 3,"Will Durant, Ariel Durant",4.0,['History'],Arabic,mostly_male;m
Therapy from the Quran and Hadith,"ابن كثير, Ibn Kathir",4.48,"['Islam', 'Psychology']",English,unknown;unknown
"Batman: Under the Hood, Volume 1","Judd Winick, more…",4.19,"['Comics', 'Graphic Novels', 'Batman', 'Dc Comics', 'Comic Book', 'Graphic Novels Comics', 'Superheroes', 'Fiction', 'Mystery', 'Comics Manga']",English,m;unknown
The Perfect Pair: The Enchanted Mirror,"David C. Holroyd , Tracy J. Holroyd",4.72,[],English,m;mostly_female
"The Walking Dead, Compendium 2","Robert Kirkman, Charlie Adlard",4.52,"['Graphic Novels', 'Comics', 'Horror', 'Zombies', 'Fiction', 'Post Apocalyptic', 'Graphic Novels Comics', 'Fantasy', 'Dystopia', 'Comic Book']",English,m;mostly_male
世界一初恋 ~小野寺律の場合8~ [Sekaiichi Hatsukoi - Onodera Ritsu no Baai 8],"Shungiku Nakamura, 中村春菊",4.34,"['Manga', 'Yaoi', 'Romance', 'Boys Love', 'LGBT', 'M M Romance', 'Gay', 'Fiction', 'Adult', 'Graphic Novels']",Japanese,unknown;unknown
People of the Lightning,"Kathleen O'Neal Gear , W. Michael Gear, Kathleen O'Neal Gear",4.22,"['Historical Fiction', 'Fiction', 'Historical', 'Prehistoric', 'Native Americans', 'Anthropology', 'Fantasy', 'Adult', 'Mystery', 'Mythology']",English,w;unknown;w
The Alchemy Press Book of Urban Mythic,"Jan Edwards  (editor), Joyce Chng, more…",4.12,"['Fantasy', 'Short Stories', 'Anthologies']",English,m;w;unknown
Clockwork Doomsday,"Alex Archer (pseudonym), Mel Odom",3.97,"['Fantasy', 'Urban Fantasy', 'Adventure', 'Mystery', 'Fiction', 'Action']",English,m;mostly_female
Truth Matters: Confident Faith in a Confusing World,"Andreas J. Köstenberger , Darrell L. Bock, Joshua D. Chatraw",4.07,"['Theology', 'Christian', 'Nonfiction', 'Christianity', 'Christian Living', 'Religion', 'Reference', 'Teen']",,m;m;m
Fate／Zero（2）英霊参集 [Eirei Sanshuu],"Gen Urobuchi, 武内 崇",4.23,"['Light Novel', 'Fantasy', 'Manga', 'Japan', 'Japanese Literature']",Japanese,andy;unknown
Click,"Eoin Colfer, Linda Sue Park, Ruth Ozeki , Nick Hornby, Tim Wynne-Jones, David Almond, Gregory Maguire, Deborah Ellis, more…",3.54,"['Young Adult', 'Fiction', 'Short Stories', 'Mystery', 'Photography', 'Science Fiction', 'Realistic Fiction', 'Contemporary', 'Adventure', 'Middle Grade']",English,m;w;w;m;m;m;m;w;unknown
"Death Note: Black Edition, Vol. 2","Tsugumi Ohba, Takeshi Obata",4.48,"['Graphic Novels', 'Comics', 'Fantasy', 'Manga', 'Young Adult', 'Horror', 'Fiction', 'Mystery', 'Thriller', 'Crime']",German,unknown;m
لا سكاكين في مطابخ هذه المدينة,"خالد خليفة, Khaled Khalifa",2.91,"['Fiction', 'Novels', 'Historical Fiction', 'Literature', 'Contemporary', 'Literary Fiction', 'War', 'Politics']",Arabic,unknown;m
The Planet Pirates,"Anne McCaffrey, Elizabeth Moon, Jody Lynn Nye",4.09,"['Science Fiction', 'Fantasy', 'Fiction', 'Space Opera', 'Science Fiction Fantasy', 'Space', 'Military Fiction', 'Military Science Fiction', 'War', 'Speculative Fiction']",English,w;w;mostly_female
アオハライド 1,"Io Sakisaka, 咲坂伊緒",4.33,"['Manga', 'Romance', 'Young Adult', 'Shojo', 'Graphic Novels', 'Comics', 'Contemporary', 'Comics Manga', 'Slice Of Life', 'Fiction']",Japanese,unknown;unknown
Azumanga Daioh: The Omnibus,"Kiyohiko Azuma, あずま きよひこ",4.45,"['Manga', 'Comics', 'Graphic Novels', 'Humor', 'Fiction', 'Comedy', 'Young Adult', 'Slice Of Life', 'Japanese Literature', 'Japan']",English,m;unknown
Here and Now: Letters (2008-2011),"Paul Auster, J.M. Coetzee",3.76,"['Nonfiction', 'Biography', 'Essays', 'Memoir', 'Writing', 'American', 'Philosophy', 'Literature', 'Literary Criticism', 'The United States Of America']",English,m;unknown
राधा [Radha],"Krishna Dharabasi, कृष्ण धरावासी",4.16,['Fiction'],Nepali,andy;unknown
The Hero and the Outlaw: Building Extraordinary Brands Through the Power of Archetypes,"Margaret Mark, Carol S. Pearson",4.08,"['Business', 'Nonfiction', 'Psychology', 'Design', 'Writing', 'Communication', 'Art Design', 'Entrepreneurship', 'Reference']",English,w;mostly_female
Нощем с белите коне,"Pavel Vezhinov, Павел Вежинов",4.25,"['Bulgarian Literature', 'Classics', '20th Century', 'Drama', 'Modern Classics', 'Fiction', 'Bulgaria']",Bulgarian,m;unknown
Le notti bianche - La cronaca di Pietroburgo,"Fyodor Dostoyevsky, Fëdor Dostoevskij",4.03,"['Classics', 'Russian Literature', 'Fiction', 'Russia', 'Short Stories', 'Novels']",Italian,m;unknown
Shameless,"M. Malone , Nana Malone",3.99,"['Romance', 'Suspense', 'Contemporary Romance', 'Contemporary', 'Romantic Suspense', 'Dark', 'Amazon', 'Erotica', 'Humor', 'Fiction']",English,unknown;w
"Invincible: Ultimate Collection, Vol. 6","Robert Kirkman, Ryan Ottley",4.39,"['Comics', 'Graphic Novels', 'Superheroes', 'Graphic Novels Comics', 'Comic Book', 'Science Fiction', 'Fantasy', 'Coming Of Age']",English,m;mostly_male
Как стать авантюристом? Размышления миллионера,"Геннадий Балашов, Полина Кудиевская",4.12,['Business'],Russian,unknown;unknown
Τα χειρόγραφα του φθινοπώρου,"Tasos Livaditis, Τάσος Λειβαδίτης",4.64,['Poetry'],"Greek, Modern (1453-)",unknown;unknown
Физика на тъгата,"Georgi Gospodinov, Георги Господинов",4.07,"['Bulgarian Literature', 'Fiction', 'Bulgaria', 'Contemporary', 'Literature', 'Novels', 'Unfinished', 'Literary Fiction', '21st Century', 'European Literature']",Bulgarian,m;unknown
The Dream Cycle of H.P. Lovecraft: Dreams of Terror and Death,"H.P. Lovecraft, E. Hoffmann Price",4.23,"['Horror', 'Fiction', 'Fantasy', 'Short Stories', 'Classics', 'Lovecraftian', 'Science Fiction', 'Anthologies', 'Weird Fiction', 'Cthulhu Mythos']",English,unknown;unknown
Where's My Hero?,"Lisa Kleypas , Julia Quinn , Kinley MacGregor",3.84,"['Historical Romance', 'Romance', 'Historical', 'Anthologies', 'Historical Fiction', 'Regency', 'Short Stories', 'Fiction', 'Adult', 'Novella']",English,w;w;unknown
"Reframing Organizations: Artistry, Choice, and Leadership","Lee G. Bolman, Terrence E. Deal",3.89,"['Leadership', 'Business', 'Nonfiction', 'Education', 'School', 'Grad School', 'Management', 'Textbooks', 'Academic', 'Psychology']",English,mostly_male;m
مواجهة الصحراء / الصحراء تحترق,"Knud Holmboe, كنود هولمبو",4.4,"['History', 'Travel', 'Nonfiction', 'Africa', 'Libya', 'Biography', 'Politics']",Arabic,m;unknown
The Poems of Dylan Thomas,"Dylan Thomas, Daniel Jones",4.3,"['Poetry', 'Classics', 'Literature', 'Nonfiction', 'Anthologies', 'English Literature', 'Collections', 'Modern Classics', 'Literary Fiction']",English,mostly_male;m
Avatar: The Last Airbender: The Lost Adventures,"Bryan Konietzko (Creator), more…",4.39,"['Graphic Novels', 'Comics', 'Fantasy', 'Manga', 'Graphic Novels Comics', 'Fiction', 'Young Adult', 'Adventure', 'Childrens', 'Middle Grade']",English,m;unknown
Desperate Hoodwives,"Meesha Mink , De'nesha Diamond",4.41,"['Urban', 'African American', 'Fiction', 'Romance']",English,unknown;unknown
"Rotten: No Irish, No Blacks, No Dogs","John Lydon, Keith Zimmerman, Kent Zimmerman",3.94,"['Biography', 'Nonfiction', 'Music', 'Memoir', 'Punk', 'Autobiography', 'History', 'Biography Memoir', 'Rock N Roll', 'British Literature']",English,m;m;m
Ξυπνάς μέσα μου το ζώο,"Arkas, Αρκάς",4.12,['Comics'],"Greek, Modern (1453-)",unknown;unknown
Uncle Piper of Piper's Hill,"Tasma, Jessie Couvreur",3.25,[],English,unknown;w
Second Chance,"Heather Brewer , Z Brewer",4.2,"['Young Adult', 'Vampires', 'Fantasy', 'Paranormal', 'Horror', 'Fiction', 'Supernatural', 'Teen', 'Urban Fantasy', 'School']",English,w;unknown
Omega the Unknown Classic,"Steve Gerber, Jim Mooney, Mary Skrenes, Steven Grant, Mark Gruenwald, Scott Edelman, Ed Hannigan, more…",3.44,"['Comics', 'Graphic Novels', 'Marvel', 'Superheroes', 'Fiction', 'Comic Book', 'Science Fiction', 'Fantasy', 'Comix']",English,m;m;mostly_female;m;m;m;m;unknown
زاد المعاد في هدي خير العباد,"Ibn Qayyim al-Jawziyya, ابن قيم الجوزية",4.58,"['Religion', 'Islam', 'Nonfiction', 'History', 'Spirituality']",Arabic,unknown;unknown
عصر الايمان 4,"Will Durant, Ariel Durant",4.07,['History'],Arabic,mostly_male;m
Precious Pearls,"Darussalam (Editor), Darussalam",4.6,"['Islam', 'Biography']",English,unknown;unknown
"The Batman Chronicles, Vol. 1","Bill Finger, Gardner F. Fox",4.08,"['Comics', 'Graphic Novels', 'Batman', 'Dc Comics', 'Graphic Novels Comics', 'Fiction', 'Comic Book', 'Superheroes', 'Classics', 'Adventure']",English,m;unknown
The Hand of Chaos,"Margaret Weis , Tracy Hickman",4.07,"['Fantasy', 'Fiction', 'Science Fiction Fantasy', 'Epic Fantasy', 'High Fantasy', 'Dragons', 'Science Fiction', 'Magic', 'Adult', 'Epic']",English,w;mostly_female
The Ex Games,"J.S. Cooper , Helen Cooper",3.7,"['Romance', 'Erotica', 'Contemporary Romance', 'New Adult', 'Adult', 'Contemporary', 'Erotic Romance', 'Novella', 'Short Stories', 'College']",English,unknown;w
Panchatantra,"Pandit Vishnusharma, Vishnu Sharma",4.26,"['India', 'Classics', 'Fiction', 'Mythology', 'Short Stories', 'Philosophy', 'Fantasy', 'Folklore', 'Indian Literature', 'Childrens']",English,unknown;unknown
People of the Mist,"Kathleen O'Neal Gear , W. Michael Gear",4.26,"['Historical Fiction', 'Fiction', 'Historical', 'Mystery', 'Prehistoric', 'Anthropology', 'Native Americans', 'American History', 'Literature', 'Adult']",English,w;unknown
Astrologica: Stories of the Zodiac,"Allen Ashley (Editor), more…",4.0,[],English,m;unknown
The Return of Martin Guerre,"Natalie Zemon Davis, Jean-Claude Carrière, Daniel Vigne",3.71,"['History', 'Nonfiction', 'France', 'School', 'Historical', 'European History', 'Medieval', 'Biography', 'Microhistory', 'Academic']",English,w;m;m
When Passion Lies,"J.K. Beck, J. Kenner",4.08,"['Paranormal Romance', 'Vampires', 'Paranormal', 'Romance', 'Shapeshifters', 'Urban Fantasy', 'Contemporary', 'Werewolves', 'Fantasy', 'Adult']",English,unknown;unknown
The World Treasury of Science Fiction,"David G. Hartwell (Editor, Contributor), more…",4.11,"['Science Fiction', 'Short Stories', 'Anthologies', 'Fiction', 'Collections', 'Science Fiction Fantasy', 'Literature', 'Fantasy']",English,m;unknown;unknown
सेतो बाघ [Seto Bagh],"Diamond Shumsher Rana, डायमनशमशेर राणा",3.99,"['History', 'Historical']",Nepali,w;unknown
Satan Is Real: The Ballad of the Louvin Brothers,"Charlie Louvin, Benjamin Whitmer",4.22,"['Music', 'Biography', 'Nonfiction', 'Memoir', 'Autobiography', 'History', 'Biography Memoir', 'Southern', 'Music Biography', 'Musicians']",English,mostly_male;m
من قاتل پسرتان هستم,"احمد دهقان, Ahmad Dehghan",3.26,"['Short Stories', 'Novels', 'Literature']",Persian,unknown;m
"Invincible: Ultimate Collection, Vol. 7","Robert Kirkman, Ryan Ottley",4.39,"['Graphic Novels', 'Comics', 'Superheroes', 'Graphic Novels Comics', 'Comic Book', 'Fantasy', 'Science Fiction', 'Fiction', 'War', 'Robots']",English,m;mostly_male
Флейта-позвоночник,"Vladimir Mayakovsky, Владимир Владимирович Маяковский",4.6,"['Poetry', 'Russia']",Russian,m;unknown
The Zoo,"Ronald Destra , Juanita Destra, Renald Destra",4.83,[],,m;w;m
الشيخ الأبيض,"سلطان بن محمد القاسمي, Sultan bin Muhammad al-Qasimi",3.77,"['History', 'Nonfiction']",Arabic,unknown;m
Art of Teaching Children,"Daryl Hoole, Donette V. Ockey",3.95,"['Nonfiction', 'Parenting']",English,mostly_male;w
فن الأدب,"Tawfiq Al-Hakim, توفيق الحكيم",4.01,"['Literature', 'Nonfiction']",Arabic,m;unknown
"The Sinatra Treasures: Intimate Photos, Mementos, and Music from the Sinatra Family Collection","Charles Pignone, Quincy Jones, Frank Sinatra",4.29,"['Biography', 'Music', 'Nonfiction', 'Reference', 'History']",English,m;m;m
What We Say Goes: Conversations on U.S. Power in a Changing World,"Noam Chomsky, David Barsamian",4.02,"['Politics', 'Nonfiction', 'History', 'Audiobook', 'Sociology', 'International Relations', 'Political Science', 'Economics', 'History and Politics', 'The United States Of America']",English,mostly_male;m
Full Figured,"Brenda Hampton, La Jill Hunt",4.15,"['African American', 'Romance', 'Fiction']",,w;unknown
Tales of the Slayers,"Joss Whedon (Story), Jane Espenson, David Fury, Doug Petrie, more…",3.99,"['Graphic Novels', 'Comics', 'Fantasy', 'Vampires', 'Horror', 'Fiction', 'Buffy The Vampire Slayer', 'Graphic Novels Comics', 'Urban Fantasy', 'Paranormal']",English,m;w;m;m;unknown
Krazy Kat: The Comic Art of George Herriman,"George Herriman, Patrick McDonnell , Karen O'Connell, Georgia Riley de Havenon",4.38,"['Comics', 'Humor', 'Art', 'Graphic Novels', 'Nonfiction', 'Comix', 'History', 'Comedy', 'Classics', 'Comic Strips']",English,m;m;w;w
Χαμηλές Πτήσεις,"Arkas, Αρκάς",4.61,"['Comics', 'Humor', 'Graphic Novels', 'Graphic Novels Comics']","Greek, Modern (1453-)",unknown;unknown
Esther the Queen,"H.B. Moore , Heather B. Moore",4.24,"['Historical Fiction', 'Fiction', 'Religion', 'Christian Fiction', 'Romance', 'Historical', 'Lds', 'Biblical', 'Clean Romance', 'Lds Fiction']",English,unknown;w
حادي الأرواح إلى بلاد الأفراح,"Ibn Qayyim al-Jawziyya, ابن قيم الجوزية",4.3,"['Religion', 'Islam', 'Spirituality', 'Unfinished']",Arabic,unknown;unknown
عصر الايمان 5,"Will Durant, Ariel Durant, زكي نجيب محمود",3.93,['History'],Arabic,mostly_male;m;unknown
Salman Al-Farsi May Allah be Pleased with Him,"Darussalam (Editor), Abdul Basit Ahmed",4.67,"['Islam', 'Biography']",English,unknown;m
दुनियादारी [Duniyadari],"Suhas Shirvalkar, सुहास शिरवळकर",4.22,"['Marathi', 'Fiction', 'Literature']",Marathi,unknown;unknown
Moonlight Becomes You,"Piper Vaughn , M.J. O'Shea",3.89,"['M M Romance', 'Romance', 'Contemporary', 'Musicians', 'Music', 'Contemporary Romance', 'LGBT', 'Erotica', 'M M Contemporary', 'Gay']",English,w;unknown
"Thor: God of Thunder, Volume 1: The God Butcher","Jason Aaron (Writer), more…",4.23,"['Comics', 'Graphic Novels', 'Marvel', 'Fantasy', 'Superheroes', 'Comic Book', 'Fiction', 'Graphic Novels Comics', 'Mythology', 'Action']",English,m;unknown
People of the Silence,"Kathleen O'Neal Gear , W. Michael Gear",4.23,"['Historical Fiction', 'Fiction', 'Historical', 'Native Americans', 'Prehistoric', 'Anthropology', 'Prehistory', 'Mystery', 'Magic', 'Book Club']",English,w;unknown
The Sea of Monsters: The Graphic Novel,"Robert Venditti  (adaptor), Rick Riordan , Attila Futaki, Tamas Gaspar",4.25,"['Graphic Novels', 'Fantasy', 'Mythology', 'Young Adult', 'Middle Grade', 'Comics', 'Fiction', 'Graphic Novels Comics', 'Adventure', 'Urban Fantasy']",English,m;m;m;m
The Da Vinci Code / Up And Down In The Dales / The Return Of The Dancing Master / A Gathering Light,"Reader's Digest Association, Dan Brown , Jennifer Donnelly , Henning Mankell, Gervase Phinn",4.15,"['Fiction', 'Mystery']",English,unknown;m;w;m;unknown
Tomo: Friendship Through Fiction: An Anthology of Japan Teen Stories,"Holly Thompson  (Editor), more…",4.08,"['Japan', 'Short Stories', 'Young Adult', 'Fiction', 'Contemporary', 'Japanese Literature', 'Asian Literature']",English,w;unknown
رأيهم في الإسلام,"فيليب كاردينال, لوك باربولسكو",3.25,[],English,unknown;unknown
The Science Fiction Century,"David G. Hartwell (Editor, Contributor), more…",3.94,"['Science Fiction', 'Fiction', 'Anthologies', 'Short Stories', 'Science Fiction Fantasy', 'Classics', 'Unfinished', 'Speculative Fiction']",English,m;unknown;unknown
পথের কবি,"Kishalay Thakur, কিশলয় ঠাকুর",4.0,[],Bengali,unknown;unknown
The Power of Nice: How to Negotiate So Everyone Wins-Especially You!,"Ronald M. Shapiro, Mark A. Jankowski, James Dale",4.02,"['Business', 'Leadership', 'Nonfiction', 'Self Help']",English,m;m;m
Das Ikarus-Projekt - Im Zwielicht,"Jackie Kessler , Caitlin Kittredge",3.95,"['Fantasy', 'Superheroes', 'Urban Fantasy', 'Science Fiction', 'Young Adult', 'Fiction', 'Science Fiction Fantasy', 'Contemporary']",German,andy;w
The Odd Flower,"Elaine Rand, Cameron Jones",4.5,[],English,w;mostly_male
Better Than Revenge,"TheFlamingPopsicle, Alexandria Michelle",4.1,"['Romance', 'Young Adult', 'Contemporary', 'Teen', 'Humor']",English,unknown;w
Satan's Harvest,"Ed Warren, Lorraine Warren, Michael Lasalandra, Mark Merenda",4.1,"['Horror', 'Paranormal', 'Nonfiction', 'True Crime', 'Ghosts', 'Supernatural', 'Spirituality', 'American', 'Biography', 'Demons']",,m;w;m;m
قواعد الحياة,"Richard Templar, ريتشارد تمبلر",3.74,"['Self Help', 'Nonfiction', 'Psychology', 'Personal Development', 'Philosophy', 'Reference', 'Business', 'Health', 'Inspirational', 'How To']",Arabic,m;unknown
يا مريم,"Sinan Antoon , سنان أنطون",3.7,"['Novels', 'Fiction', 'Literature', 'Religion', 'War', 'Christianity', 'Historical Fiction', 'Politics', 'Contemporary', 'Sociology']",Arabic,m;unknown
Dear Evan Hansen,"Val Emmich , Steven Levenson, Benj Pasek, Justin Paul",4.01,"['Young Adult', 'Contemporary', 'Fiction', 'Realistic Fiction', 'Mental Health', 'Audiobook', 'LGBT', 'Mental Illness', 'Young Adult Contemporary', 'Teen']",,mostly_female;m;unknown;m
Klíč k času,"Наталья Щерба, Natalja Ščerba",4.18,"['Fantasy', 'Young Adult', 'Childrens', 'Fiction', 'Magic', 'Middle Grade', 'Russia', 'Adventure', 'Russian Literature']",Czech,unknown;w
How Shall I Live My Life?: On Liberating the Earth from Civilization,"Derrick Jensen, more…",4.22,"['Nonfiction', 'Environment', 'Politics', 'Philosophy', 'Ecology', 'Activism', 'Nature']",English,m;unknown
Sanditon: Jane Austen's Last Novel Completed,"Jane Austen, Another Lady, Anne Telscombe, Marie Dobbs",3.72,"['Classics', 'Fiction', 'Historical Fiction', 'Romance', 'Regency', 'Historical', 'British Literature', 'Historical Romance', 'Literature', '19th Century']",English,w;unknown;w;w
Batman: Joker's Asylum,"Jason Aaron, Joe Harris , David Hine",3.9,"['Comics', 'Graphic Novels', 'Batman', 'Dc Comics', 'Superheroes', 'Graphic Novels Comics', 'Fantasy', 'Fiction', 'Anthologies', 'Comic Book']",English,m;m;m
Life@work: Marketplace Success for People of Faith,"John C. Maxwell, Stephen R. Graves , Thomas G. Addington",3.84,"['Business', 'Leadership']",English,m;m;m
Magic Graves,"Jeaniene Frost , Ilona Andrews",4.15,"['Urban Fantasy', 'Paranormal', 'Vampires', 'Fantasy', 'Paranormal Romance', 'Romance', 'Anthologies', 'Short Stories', 'Novella', 'Adult']",English,unknown;w
Guards! Guards!: The Play,"Stephen Briggs (Adaptor), Terry Pratchett",4.38,"['Fantasy', 'Fiction', 'Humor', 'Comedy', 'Plays', 'Science Fiction Fantasy', 'Audiobook', 'Drama', 'High Fantasy', 'Comic Fantasy']",English,m;mostly_male
Νυχτερινά επεισόδια,"Arkas, Αρκάς",4.14,"['Comics', 'Humor', 'Graphic Novels', 'Comedy']","Greek, Modern (1453-)",unknown;unknown
Carniepunk,"Rachel Caine , Rob Thurman , Delilah S. Dawson , Kevin Hearne , Mark Henry , Jaye Wells , Allison Pang , Hillary Jacques , more…",3.65,"['Urban Fantasy', 'Fantasy', 'Anthologies', 'Short Stories', 'Horror', 'Steampunk', 'Fiction', 'Paranormal', 'Vampires', 'Magic']",English,w;m;w;m;m;unknown;w;w;unknown
The Far Side Gallery 4,"Gary Larson, Robin Williams",4.45,"['Comics', 'Humor', 'Fiction', 'Graphic Novels', 'Comedy', 'Comic Strips', 'Cartoon', 'Graphic Novels Comics', 'Comic Book', 'Childrens']",English,m;mostly_male
Love Sonnets,"Mirza Asadullah Khan Ghalib, Sarafaraz Niazi",4.36,"['Poetry', 'India']",English,m;unknown
Twilight of Courage,"Bodie Thoene , Brock Thoene",4.24,"['Historical Fiction', 'Christian Fiction', 'Fiction', 'Christian', 'Historical', 'World War II', 'War', 'Inspirational', 'Adult Fiction', 'Romance']",English,unknown;m
Land of Inheritance,"H.B. Moore , Heather B. Moore",4.24,"['Lds', 'Historical Fiction', 'Lds Fiction', 'Religion', 'Fiction', 'Historical', 'Green']",English,unknown;w
The Haunted House,"Charles Dickens, Hesba Stretton, George Augustus Sala, Adelaide Anne Procter, Wilkie Collins, Elizabeth Gaskell",3.1,"['Classics', 'Fiction', 'Horror', 'Short Stories', 'Gothic', 'Mystery', 'Victorian', 'Classic Literature', 'Literature', 'Historical Fiction']",English,m;unknown;m;w;unknown;w
Wicked: The Grimmerie,"David Cote , Stephen Schwartz, Joan Marcus, Winnie Holzman",4.18,"['Fantasy', 'Fiction', 'Plays', 'Theatre', 'Musicals', 'Witches', 'Music', 'Drama', 'Science Fiction Fantasy', 'Fairy Tales']",English,m;m;w;mostly_female
عصر الايمان 6,"Will Durant, Ariel Durant, زكي نجيب محمود",4.0,['History'],Arabic,mostly_male;m;unknown
In Defence of the True Faith,"ابن كثير, Ibn Kathir",4.32,[],English,unknown;unknown
恋だの愛だの 1 [Koi Dano Ai Dano 1],"Ririko Tsujita, 辻田りり子",4.15,"['Manga', 'Romance', 'Shojo', 'Comics', 'Comics Manga', 'Manga Romance', 'Japanese Literature']",Japanese,unknown;unknown
انطلاق الروح,"البابا شنودة الثالث, Pope Shenouda III",4.58,"['Christianity', 'Spirituality', 'Religion']",Arabic,unknown;unknown
People of the Lakes,"Kathleen O'Neal Gear , W. Michael Gear",4.28,"['Historical Fiction', 'Fiction', 'Historical', 'Native Americans', 'Prehistoric', 'Fantasy', 'Anthropology', 'Adventure', 'Historical Fantasy', 'Adult']",English,w;unknown
How I Write: Secrets of a Bestselling Author,"Janet Evanovich , Ina Yalof , Alex Evanovich",3.77,"['Writing', 'Nonfiction', 'Reference', 'Audiobook', 'Biography', 'Humor', 'Memoir', 'How To', 'Self Help', 'Adult']",English,w;w;m
Iron Scouts of the Confederacy,"Lee McGiffin, Michael McHugh",4.3,"['Historical Fiction', 'Fiction', 'Civil War', 'Childrens', 'American']",English,mostly_male;m
Mary Bunyan: A Tale of Religious Persecution and Heroic Faith,"Sallie, Rochester Ford",3.5,[],English,w;unknown
I Totally Funniest: A Middle School Story,"James Patterson , Chris Grabenstein",4.38,"['Realistic Fiction', 'Humor', 'Middle Grade', 'Childrens', 'Fiction', 'Young Adult', 'Comedy', 'Audiobook', 'Juvenile', 'Family']",English,m;mostly_male
Das Ikarus-Projekt - Schatten und Licht,"Jackie Kessler , Caitlin Kittredge",3.77,"['Fantasy', 'Urban Fantasy', 'Superheroes', 'Science Fiction', 'Fiction', 'Young Adult', 'Contemporary', 'Adventure', 'Thriller', 'Paranormal']",,andy;w
Supreme Clientele,"Ashley Antoinette , JaQuavis Coleman",4.65,"['Urban', 'African American']",English,mostly_female;unknown
Adventures of Superboy Vol. 1,"Don Cameron, Jerry Siegel, Bill Finger, more…",3.71,"['Comic Book', 'Comics', 'Dc Comics', 'Graphic Novels']",English,m;m;m;unknown
আমি তপু,"Muhammed Zafar Iqbal, মুহম্মদ জাফর ইকবাল",4.39,"['Fiction', 'Young Adult', 'Novels', 'Childrens', 'Drama', 'Adventure', 'Classics', 'Contemporary', 'Juvenile']",Bengali,m;unknown
Godspeed: The Kurt Cobain Graphic,"James McCarthy, Jim McCarthy, BarnaLegg",3.67,"['Graphic Novels', 'Music', 'Comics', 'Biography', 'Nonfiction', 'Graphic Novels Comics', 'Bande Dessinée']",English,m;m;unknown
Death to Spies,"Quinn Fawcett, Chelsea Quinn Yarbro",3.58,"['Mystery', 'Espionage', 'Adventure']",English,mostly_male;w
Sastun: One Woman's Apprenticeship with a Maya Healer and Their Efforts to Save the Vani,"Rosita Arvigo, Nadine Epstein , Marilyn Yaquinto",4.35,"['Nonfiction', 'Memoir', 'Anthropology', 'Spirituality', 'Biography', 'Health', 'Travel']",English,w;w;w
Poliedro 4,"Luis Saavedra Vargas , Pablo Castro Hermosilla, Francisco Ortega, J.L. Flores , Sebastián Gumera, Patricio Alfonso, Soledad Véliz, Rodrigo Juri , more…",2.76,[],Spanish,m;m;m;unknown;m;m;w;m;unknown
The Many Adventures of Winnie the Pooh,"Jamie Simons, Walt Disney Company",3.95,"['Childrens', 'Animals']",English,mostly_female;m
The Letters of Vita Sackville-West and Virginia Woolf,"Louise DeSalvo (Editor), Vita Sackville-West, Virginia Woolf",4.28,"['Nonfiction', 'LGBT', 'Biography', 'Queer', 'History', 'Feminism', 'Lesbian', 'Womens', 'Historical', 'Female Authors']",English,w;w;w
Κορίτσια μας βιάζουνε!,"Arkas, Αρκάς",3.91,"['Comics', 'Graphic Novels', 'Humor', 'Graphic Novels Comics', 'Comedy']","Greek, Modern (1453-)",unknown;unknown
Shadowhunters and Downworlders: A Mortal Instruments Reader,"Cassandra Clare  (Editor), Holly Black , Kate Milford , Diana Peterfreund , Sara Ryan , Scott Tracey , Robin Wasserman , Kendare Blake , more…",3.7,"['Fantasy', 'Young Adult', 'Paranormal', 'Urban Fantasy', 'Vampires', 'Angels', 'Demons', 'Fiction', 'Supernatural', 'Werewolves']",English,w;w;w;w;w;m;mostly_male;unknown;unknown
Keeper of the King,"Nigel Bennett, P.N. Elrod",3.73,"['Vampires', 'Fantasy', 'Paranormal', 'Urban Fantasy', 'Horror', 'Fiction', 'Supernatural']",English,m;unknown
Towards the Promised Land,"H.B. Moore , Heather B. Moore",4.18,"['Historical Fiction', 'Lds Fiction', 'Religion', 'Lds', 'Fiction', 'Historical']",English,unknown;w
Survival in the Killing Fields,"Haing Ngor, Roger Warner",4.51,"['History', 'Nonfiction', 'Biography', 'War', 'Asia', 'Memoir', 'Autobiography', 'Historical', 'Survival', 'Asian Literature']",English,unknown;m
النهضة 1,"Will Durant, Ariel Durant",3.94,['History'],Arabic,mostly_male;m
O My Son,"Darussalam (Editor), Darussalam",4.47,['Islam'],English,unknown;unknown
Serenity Falls,"Tiffany Aleman , Ashley Poch",3.88,"['New Adult', 'Romance', 'Westerns', 'College', 'Contemporary', 'New Adult Romance']",English,w;mostly_female
"警視庁特犯課007 [Keishichou Tokuhanka 007], Volume 1","Eiri Kaji, 舵 英里",4.42,"['Manga', 'Shojo', 'Romance', 'Comics Manga', 'Paranormal', 'Mystery', 'Graphic Novels', 'Fantasy', 'Supernatural', 'Manga Romance']",Japanese,unknown;unknown
شمس النهار,"Tawfiq Al-Hakim, توفيق الحكيم",3.65,['Fiction'],Arabic,m;unknown
Музиката край леглото ми,"Kürşat Başar, Кюршат Башар",3.84,"['Turkish Literature', 'Turkish', 'Fiction', 'Roman', 'Romance', 'Literature']",Bulgarian,m;unknown
The Amish Seamstress,"Mindy Starns Clark , Leslie Gould",4.25,"['Amish', 'Amish Fiction', 'Romance', 'Christian Fiction', 'Fiction', 'Christian', 'Adult', 'Contemporary', 'Inspirational', 'Christian Romance']",English,w;mostly_female
Why Loiter?: Women and Risk on Mumbai Streets,"Shilpa Phadke, Sameera Khan, Shilpa Ranade",4.14,"['Nonfiction', 'Feminism', 'India', 'Gender', 'Womens', 'Urban Studies']",,w;unknown;w
Seven Days: Monday → Thursday,"Rihito Takarai (Illustrator), Rihito Takarai, Venio Tachibana",4.19,"['Manga', 'Yaoi', 'Romance', 'LGBT', 'Boys Love', 'M M Romance', 'Shounen Ai', 'Graphic Novels', 'Comics', 'Young Adult']",English,unknown;unknown;m
Doona,"Anne McCaffrey, Jody Lynn Nye",4.09,"['Fantasy', 'Science Fiction', 'Aliens', 'Space', 'Science Fiction Fantasy']",English,w;mostly_female
"Again, Dangerous Visions","Harlan Ellison (Editor, Contributor), more…",4.18,"['Science Fiction', 'Short Stories', 'Fiction', 'Anthologies', 'Fantasy', 'Speculative Fiction', 'Horror', 'Science Fiction Fantasy', 'Classics', 'Literature']",English,m;unknown;unknown
Violence of the Mountain Man,"William W. Johnstone, J.A. Johnstone",4.31,"['Westerns', 'Fiction']",English,m;unknown
"Astounding Science-Fiction, October 1941","John W. Campbell Jr. (Editor), more…",4.0,"['Science Fiction', 'Time Travel', 'Short Stories', 'Fiction', 'Classics', 'Audiobook', 'Science Fiction Fantasy', 'Fantasy']",English,m;unknown
"Girl, Interrupted: Screenplay based on the book","James Mangold, Anna Hamilton Phelan, Lisa Loomer",4.03,"['Psychology', 'Fiction']",English,m;w;w
The Menagerie,"Tui T. Sutherland, Kari Sutherland",4.27,"['Fantasy', 'Middle Grade', 'Childrens', 'Adventure', 'Mystery', 'Fiction', 'Young Adult', 'Juvenile', 'Magic', 'Urban Fantasy']",English,unknown;w
The Ship Who Won,"Anne McCaffrey, Jody Lynn Nye",3.95,"['Science Fiction', 'Fantasy', 'Fiction', 'Science Fiction Fantasy', 'Space Opera', 'Space', 'Adventure', 'Adult', 'Novels', 'Romance']",English,w;mostly_female
Μυθιστόρημα,"Yorgos Seferis, Γιώργος Σεφέρης",4.58,['Poetry'],"Greek, Modern (1453-)",unknown;unknown
The Further Adventures of The Joker,"Martin H. Greenberg (Editor), more…",3.86,"['Batman', 'Fiction', 'Fantasy', 'Superheroes', 'Anthologies', 'Short Stories', 'Crime', 'Science Fiction', 'Dc Comics', 'Horror']",English,m;unknown
Bored of the Rings: A Parody of J.R.R. Tolkien's Lord of the Rings,"The Harvard Lampoon, Henry N. Beard, Douglas C. Kenney",3.13,"['Fantasy', 'Humor', 'Fiction', 'Comedy', 'Science Fiction Fantasy', 'Adventure', 'Science Fiction', 'Novels', 'Magic', 'High Fantasy']",English,mostly_female;m;m
The Filth,"Grant Morrison, Chris Weston",3.75,"['Comics', 'Graphic Novels', 'Science Fiction', 'Fiction', 'Graphic Novels Comics', 'Comic Book', 'Comix', 'Horror', 'Fantasy', 'Sequential Art']",English,m;mostly_male
Lexicon Devil: The Fast Times and Short Life of Darby Crash and The Germs,"Brendan Mullen (Editor), Don Bolles, Adam Parfrey",4.05,"['Music', 'Nonfiction', 'Biography', 'Punk', 'Biography Memoir', 'History', 'LGBT', 'Oral History', 'Memoir']",English,m;m;m
Lady in Waiting: Becoming God's Best While Waiting for Mr. Right,"Jackie Kendall, DebJones",4.04,"['Christian', 'Nonfiction', 'Christianity', 'Christian Living', 'Relationships', 'Christian Non Fiction', 'Faith', 'Spirituality', 'Marriage', 'Religion']",English,andy;unknown
Husband-Coached Childbirth: The Bradley Method of Natural Childbirth,"Robert A. Bradley, Ashley Montagu",3.63,"['Parenting', 'Nonfiction', 'Health', 'Self Help', 'Family', 'Reference', 'Science', 'Childrens', 'Adult', 'How To']",English,m;mostly_female
Tom Brown's Guide to Wilderness Survival,"Tom Brown Jr., Brandt Morgan",4.24,"['Survival', 'Nonfiction', 'Reference', 'Nature', 'Outdoors', 'How To', 'Field Guides', 'Environment', 'Self Help', 'Wilderness']",English,m;unknown
Rabbit-Proof Fence: The True Story of One of the Greatest Escapes of All Time,"Doris Pilkington, Nugi Garimara",3.69,"['Nonfiction', 'Australia', 'History', 'Biography', 'Memoir', 'Historical', 'Biography Memoir', 'School', 'Survival', 'Adult']",English,w;unknown
Η ζωή μετά,"Arkas, Αρκάς",4.67,"['Comics', 'Graphic Novels', 'Humor', 'Graphic Novels Comics']",,unknown;unknown
The Hunger But Mainly Death Games: A Parody,"Bratniss Everclean (Pseudonym), John Bailey Owen, Aaron Geary",3.79,"['Humor', 'Young Adult', 'Dystopia', 'Fiction', 'Futuristic']",English,unknown;m;m
शतरंज के खिलाड़ी [Shatranj ke Khiladi],"Munshi Premchand, मुंशी प्रेमचंद",4.12,"['Short Stories', 'Fiction', 'India', 'Indian Literature', 'Literature', 'Asian Literature', 'Classics', 'Society']",Hindi,unknown;unknown
Aunt Jane's Nieces,"Edith Van Dyne (Pseudonym), L. Frank Baum",3.68,"['Young Adult', 'Fiction', 'Classics', 'Historical Fiction', 'Childrens', 'Family', 'Novels']",English,w;unknown
A Light in the Wilderness,"H.B. Moore , Heather B. Moore",4.16,"['Lds', 'Historical Fiction', 'Lds Fiction', 'Religion', 'Fiction', 'Historical']",English,unknown;w
الأخدود,"Abdul Rahman Munif, عبد الرحمن منيف",4.16,"['Fiction', 'Novels', 'Literature', 'Historical Fiction', 'Politics', 'Cultural']",Arabic,m;unknown
空ろの箱と零のマリア 2,"Eiji Mikage, 御影 瑛路",3.87,"['Light Novel', 'Mystery', 'Fantasy', 'Japanese Literature', 'Fiction', 'Manga', 'Drama', 'Thriller', 'Romance', 'Japan']",Japanese,m;unknown
النهضة 2,"Will Durant, Ariel Durant",3.79,['History'],Arabic,mostly_male;m
"JOHN DONNE COMPLETE WORKS ULTIMATE COLLECTION – All Poems, Love Poetry, Holy Sonnets, Devotions, Meditations, English Poems, Sermons PLUS BIOGRAPHIES and ANNOTATIONS [Annotated]","John Donne, Izaak Walton, Augustus Jessopp, Henry Alford",4.13,[],English,m;m;m;m
Ce Que L'image Nous Ditentretiens Sur L'art Et La Science,"E.H. Gombrich, Didier Eribon",4.3,['Nonfiction'],French,unknown;m
The Baby Book: Everything You Need to Know About Your Baby from Birth to Age Two,"William Sears, Martha Sears, Robert W. Sears, James M. Sears",4.17,"['Parenting', 'Nonfiction', 'Reference', 'Health', 'Family', 'Childrens', 'Self Help', 'Education', 'Psychology', 'Medical']",English,m;w;m;m
The Third Caliph,"Alex Archer (pseudonym), Mel Odom",3.83,"['Fantasy', 'Urban Fantasy', 'Adventure', 'Action', 'Fiction', 'Thriller']",English,m;mostly_female
حی بن یقظان,"Avicenna, Ibn Tufail, Shahab al-Din Suhrawardi, بدیع‌الزمان فروزانفر",4.04,"['Philosophy', 'Novels', 'Literature', 'Fiction']",Persian,unknown;unknown;m;unknown
"Air Gear, Vol. 1","Oh! Great, 大暮 維人",3.93,"['Manga', 'Comics', 'Shonen', 'Sports', 'Action', 'Science Fiction', 'Graphic Novels', 'Humor', 'Comics Manga', 'Young Adult']",English,unknown;unknown
Oz: Dorothy and the Wizard in Oz,"Eric Shanower  (Adapter), L. Frank Baum",4.03,"['Graphic Novels', 'Comics', 'Fantasy', 'Childrens', 'Fiction', 'Classics', 'Marvel', 'Young Adult', 'Adventure', 'Graphic Novels Comics']",English,m;unknown
ჯინსების თაობა,"Dato Turashvili, დათო ტურაშვილი",3.74,"['Georgian', 'Fiction', 'Historical Fiction', 'Contemporary', 'Childrens']",Georgian,m;unknown
Fate／Zero（1）第四次聖杯戦争秘話 [Dai Yonji Seihai Sensou Hiwa],"Gen Urobuchi, 武内 崇",4.15,"['Light Novel', 'Manga', 'Fantasy', 'Fiction', 'Japanese Literature', 'Urban Fantasy', 'Japan', 'Action', 'Young Adult', 'Magic']",Japanese,andy;unknown
"Batman, Volume 2: The City of Owls","Scott Snyder  (Writer), more…",4.27,"['Comics', 'Graphic Novels', 'Batman', 'Dc Comics', 'Comic Book', 'Superheroes', 'Graphic Novels Comics', 'Fiction', 'Mystery', 'Comics Manga']",English,m;unknown
مديح الكراهية,"خالد خليفة, Khaled Khalifa",3.55,"['Fiction', 'Novels', 'Historical Fiction', 'Religion', 'Politics', 'Asia', 'Literature', 'War', 'Literary Fiction', 'Islam']",Arabic,unknown;m
I Even Funnier,"James Patterson , Chris Grabenstein",4.31,"['Humor', 'Realistic Fiction', 'Fiction', 'Young Adult', 'Childrens', 'Middle Grade', 'Comedy', 'Audiobook', 'School', 'Juvenile']",English,m;mostly_male
Rules of Murder,"Julianna Deering (pen name), DeAnna Julie Dodson",3.7,"['Mystery', 'Historical Fiction', 'Christian Fiction', 'Christian', 'Historical', 'Historical Mystery', 'Fiction', 'Romance', 'Cozy Mystery', 'Mystery Thriller']",English,w;unknown
I'd Rather Be Single,"Lashonda Devaughn, Tysha, Kaie Golson, Mimi Renee",4.16,[],English,w;unknown;w;w
Η Ελένη,"Yiannis Ritsos, Γιάννης Ρίτσος",4.5,['Poetry'],"Greek, Modern (1453-)",unknown;unknown
The Lost Causes of Bleak Creek,"Rhett McLaughlin , Link Neal , Lance Rubin",3.7,"['Horror', 'Fiction', 'Mystery', 'Thriller', 'Young Adult', 'Fantasy', 'Mystery Thriller', 'Audiobook', 'Humor', 'Adult']",English,m;unknown;m
86 ―エイティシックス― [Light Novel],"Asato Asato, 安里 アサト",4.45,"['Light Novel', 'Science Fiction', 'War', 'Military Fiction', 'Dystopia', 'Young Adult', 'Fiction', 'Fantasy', 'Seinen', 'Drama']",Japanese,unknown;unknown
Antología Poética de la Generación del 27,"Manuel Cifo González (Editor), Pedro Salinas, Emilio Prados, Luis Cernuda, Rafael Alberti, José María Hinojosa, Manuel Altolaguirre, Jorge Guillén, more…",3.67,"['Poetry', 'Classics']",Spanish,m;m;m;m;m;m;m;m;unknown
The Beatles Anthology,"The Beatles, John Lennon, Paul McCartney, Ringo Starr, George Harrison",4.37,"['Music', 'Nonfiction', 'Biography', 'History', 'Autobiography', 'Memoir', 'Reference', 'Pop Culture', 'Art', 'Rock N Roll']",English,mostly_female;m;m;m;m
An Irresistible Bachelor,"Jessica Bird, J.R. Ward",3.91,"['Romance', 'Contemporary Romance', 'Contemporary', 'Chick Lit', 'Adult', 'Fiction', 'Suspense', 'Harlequin', 'M F Romance', 'Mystery']",English,w;unknown
Ultimate Wolverine Vs. Hulk,"Damon Lindelof, Leinil Francis Yu",3.82,"['Comics', 'Graphic Novels', 'Marvel', 'Superheroes', 'Comic Book', 'Graphic Novels Comics', 'X Men', 'Fiction', 'Comix']",English,m;unknown
Αν πετάξει το πουλί,"Arkas, Αρκάς",4.53,"['Comics', 'Humor', 'Graphic Novels Comics', 'Graphic Novels', 'Comix', 'Comic Book']","Greek, Modern (1453-)",unknown;unknown
Boob Tube,"Mark Coker , Lesleyann Coker",2.85,"['Fiction', 'Contemporary', 'Novels']",English,m;unknown
कफ़न,"Munshi Premchand, मुंशी प्रेमचंद",4.19,"['Short Stories', 'Fiction', 'India', 'Classics', 'Indian Literature', 'Society']",Hindi,unknown;unknown
空ろの箱と零のマリア 3,"Eiji Mikage, 御影 瑛路",4.25,"['Light Novel', 'Mystery', 'Japanese Literature', 'Fantasy', 'Fiction', 'Romance', 'Manga', 'Supernatural', 'Drama', 'Science Fiction']",Japanese,m;unknown
Beautiful Creatures: The Manga,"Kami Garcia , Margaret Stohl",4.0,"['Graphic Novels', 'Manga', 'Young Adult', 'Fantasy', 'Paranormal', 'Romance', 'Comics', 'Fiction', 'Magic', 'Supernatural']",English,mostly_female;w
The Cross Centered Life: Keeping the Gospel the Main Thing,"C.J. Mahaney, Kevin Meath",4.28,"['Christian', 'Christian Living', 'Theology', 'Nonfiction', 'Christianity', 'Faith', 'Christian Non Fiction', 'Spirituality', 'Discipleship', 'Religion']",English,unknown;m
النهضة 3,"Will Durant, Ariel Durant",3.89,['History'],Arabic,mostly_male;m
Пандем,"Marina Dyachenko, Sergey Dyachenko, Марина Дяченко, Сергей Дяченко",4.07,"['Fantasy', 'Fiction', 'Science Fiction', 'Russia', 'Dystopia', 'Science Fiction Fantasy']",Russian,w;m;unknown;unknown
The Amish Bride,"Mindy Starns Clark , Leslie Gould",4.27,"['Amish', 'Amish Fiction', 'Fiction', 'Christian', 'Christian Fiction', 'Romance', 'Christian Romance', 'Adult', 'Contemporary', 'Relationships']",English,w;mostly_female
Oz. The Marvelous Land of Oz,"Eric Shanower , L. Frank Baum",4.18,"['Graphic Novels', 'Comics', 'Fantasy', 'Fiction', 'Classics', 'Childrens', 'Marvel', 'Comic Book', 'Middle Grade', 'Graphic Novels Comics']",English,m;unknown
ტყეების მეფე (ლეგენდები დავით აღმაშენებელზე),"Dato Turashvili, დათო ტურაშვილი",3.9,"['Georgian', 'Historical Fiction', 'Fiction']",Georgian,m;unknown
محمد صلى الله عليه وسلم: سيرة حوارية,"توفيق الحكيم, Tawfiq Al-Hakim",4.06,"['Biography', 'Religion', 'Nonfiction', 'Plays']",Arabic,unknown;m
Bad : Six Sexy Gents Unmasked,"Elle Brace , Letty Scott , Alexandria Ayers , Mel Ryle , Kimber Lee , Synne Jakobsen",4.08,[],English,w;w;w;mostly_female;unknown;w
O Livro da Economia,"Niall Kishtainy , D.K. Publishing",4.05,"['Economics', 'Nonfiction', 'Business', 'Reference', 'History', 'Finance', 'Politics', 'Science', 'Social Science', 'Education']",Portuguese,m;unknown
The 13 Crimes of Science Fiction,"Isaac Asimov (Editor), Charles V. de Vet, Philip K. Dick, Randall Garrett, Tom Reamy, Katherine Anne MacLean, Clifford D. Simak, more…",3.8,"['Science Fiction', 'Mystery', 'Short Stories', 'Anthologies', 'Crime', 'Science Fiction Fantasy']",English,m;m;m;m;m;w;m;unknown
"Gravitation, Volume 03","Maki Murakami, Jamie S. Rich",3.96,"['Manga', 'Yaoi', 'Romance', 'Comics', 'LGBT', 'Graphic Novels', 'Music', 'Humor', 'Fiction', 'Comics Manga']",English,w;mostly_female
Crystal's Heart,"B.L. Miller , Verda Foster",4.0,"['Lesbian', 'LGBT', 'Lesbian Romance', 'Romance', 'Drama', 'Lesbian Fiction', 'Contemporary']",English,unknown;w
The Meeting Place,"Janette Oke, T. Davis Bunn",4.09,"['Christian Fiction', 'Historical Fiction', 'Christian', 'Fiction', 'Romance', 'Historical', 'Christian Romance', 'Inspirational', 'Christian Historical Fiction', 'Historical Romance']",English,w;unknown
Το έξυπνο πουλί...,"Arkas, Αρκάς",4.55,"['Comics', 'Humor', 'Graphic Novels', 'Graphic Novels Comics', 'Comic Book', 'Comix', 'Comics Manga']","Greek, Modern (1453-)",unknown;unknown
Jessica Plays Cupid,"Francine Pascal , Molly Mia Stewart, Ying-Hwa Hu",3.64,['Childrens'],English,w;w;unknown
空ろの箱と零のマリア 4 [Utsuro No Hako To Zero No Maria 4],"Eiji Mikage, 御影 瑛路",4.27,"['Light Novel', 'Mystery', 'Fantasy', 'Japanese Literature', 'Fiction', 'Romance', 'Drama', 'Manga', 'Science Fiction', 'Thriller']",Japanese,m;unknown
النهضة 4,"Will Durant, Ariel Durant",3.89,['History'],Arabic,mostly_male;m
People of the Black Sun,"Kathleen O'Neal Gear , W. Michael Gear",4.4,"['Historical Fiction', 'Fiction', 'Historical', 'Native Americans', 'American History']",English,w;unknown
कर्नाली ब्लुज [Karnali Blues],"Buddhisagar , बुद्धिसागर",4.16,['Fiction'],Nepali,unknown;unknown
The Art of the Adventures of Tintin,"Chris Guise (Creator), Weta Workshop",4.26,"['Art', 'Nonfiction', 'Media Tie In']",English,mostly_male;unknown
Ο Μέγας Ανατολικός: Τόμος Α',"Andreas Embirikos, Ανδρέας Εμπειρίκος",3.75,"['Fiction', 'Classics', 'Literature']","Greek, Modern (1453-)",m;unknown
The Invisibles Book One Deluxe Edition,"Grant Morrison, more…",3.99,"['Comics', 'Graphic Novels', 'Fantasy', 'Fiction', 'Science Fiction', 'Graphic Novels Comics', 'Comic Book', 'Comix', 'Urban Fantasy', 'Horror']",English,m;unknown
Chris Van Allsburg's Polar Express,"Robert Kapilow, Chris Van Allsburg",4.38,"['Christmas', 'Picture Books', 'Childrens', 'Holiday', 'Classics']",English,m;mostly_male
In Focus: National Geographic Greatest Photographs,"Leah Bendavid-Val, National Geographic Society",4.24,"['Photography', 'Art', 'Nonfiction', 'Reference', 'History']",English,w;unknown
٧,"Ghazi A. Algosaibi, غازي عبد الرحمن القصيبي",3.84,"['Novels', 'Fiction', 'Unfinished']",Arabic,m;unknown
"Forgive Me, I Meant to Do It: False Apology Poems","Gail Carson Levine , Matthew Cordell",3.81,"['Poetry', 'Humor', 'Childrens', 'Picture Books', 'Middle Grade', 'Nonfiction', 'Fairy Tales', 'Juvenile', 'Read For School', 'Writing']",English,mostly_female;m
Αιωνιότητα είναι θα περάσει,"Arkas, Αρκάς",4.48,"['Comics', 'Graphic Novels Comics', 'Humor', 'Graphic Novels', 'Comic Book', 'Comix', 'Greece', 'Comedy']","Greek, Modern (1453-)",unknown;unknown
Mirza Ghalib: Selected Lyrics and Letters,"Mirza Asadullah Khan Ghalib, K.C. Kanda",4.3,['Poetry'],English,m;unknown
空ろの箱と零のマリア 5 [Utsuro No Hako To Zero No Maria 5],"Eiji Mikage, 御影 瑛路",4.27,"['Light Novel', 'Mystery', 'Fantasy', 'Japanese Literature', 'Fiction', 'Supernatural', 'Drama', 'Romance', 'Thriller', 'Japan']",Japanese,m;unknown
The Eternal Kiss: 13 Vampire Tales of Blood and Desire,"Trisha Telep (Editor), Rachel Caine , Cecil Castellucci , Cassandra Clare , Melissa de la Cruz , Karen Mahoney , Maria V. Snyder , Holly Black , more…",3.82,"['Vampires', 'Young Adult', 'Paranormal', 'Anthologies', 'Fantasy', 'Short Stories', 'Romance', 'Urban Fantasy', 'Paranormal Romance', 'Supernatural']",English,w;w;m;w;w;w;w;w;unknown
الإصلاح الدينى 1,"Will Durant, Ariel Durant, زكي نجيب محمود",3.9,['History'],Arabic,mostly_male;m;unknown
Golden Stories of Accepted Prayers,"Darussalam (Editor), Abdul Malik Mujahid",4.62,['Islam'],English,unknown;m
The Broken Land,"Kathleen O'Neal Gear , W. Michael Gear",4.41,"['Historical Fiction', 'Fiction', 'Historical', 'Native Americans', 'Prehistoric']",English,w;unknown
The Amish Midwife,"Mindy Starns Clark , Leslie Gould",4.14,"['Amish', 'Christian Fiction', 'Amish Fiction', 'Fiction', 'Christian', 'Romance', 'Adoption', 'Christian Romance', 'Adult', 'Mystery']",English,w;mostly_female
"Girl Friends [ガールフレンズ], Volume 1","Milk Morinaga, 森永 みるく",4.17,"['Manga', 'Yuri', 'LGBT', 'Romance', 'Comics', 'Fiction', 'Graphic Novels', 'Young Adult', 'Comics Manga', 'Lesbian']",Japanese,unknown;unknown
Oz: Ozma of Oz,"Eric Shanower , L. Frank Baum",4.21,"['Graphic Novels', 'Comics', 'Fantasy', 'Classics', 'Marvel', 'Childrens', 'Graphic Novels Comics', 'Young Adult', 'Comic Book', 'Adventure']",English,m;unknown
Selected Poems and Four Plays,"W.B. Yeats, Macha Louis Rosenthal",4.36,"['Poetry', 'Plays', 'Drama', 'Classics', 'Irish Literature', 'College', 'Ireland', 'Literature', 'Fiction', 'Theatre']",English,unknown;unknown
सेतो धरती [Seto Dharati],"Amar Neupane, अमर न्यौपाने",4.1,"['Fiction', 'Novels']",Nepali,m;unknown
Five Enchanted Roses,"Anne Elisabeth Stengl  (Editor), Kaycee Browning , Savannah Jezowski , Jenelle Leanne Schmidt , Dorian Tsukioka , Hayden Wand",4.07,"['Fantasy', 'Fairy Tales', 'Retellings', 'Romance', 'Fairy Tale Retellings', 'Short Stories', 'Beauty and The Beast', 'Fiction', 'Historical Fiction', 'Anthologies']",English,w;w;w;w;m;mostly_male
"Roman Lives: A Selection of Eight Lives (Aemilius Paulus, Tiberius Gracchus and Gaius Grachus, Marius, Sulla, Pompey, Caesar, Marc Anthony)","Plutarch, Robin Waterfield, Philip A. Stadter",4.06,"['History', 'Classics', 'Nonfiction', 'Biography', 'Ancient History', 'Ancient', 'Philosophy', 'Roman', 'Literature', 'Classical Studies']",English,unknown;mostly_male;m
Επιτάφιος,"Yiannis Ritsos, Γιάννης Ρίτσος",4.61,['Poetry'],"Greek, Modern (1453-)",unknown;unknown
Triple Threat Trouble,"Clair Bee, Cynthia Bee Farley, Randall K. Farley",4.34,"['Sports', 'Football']",English,mostly_male;w;m
"Gravitation, Volume 01","Maki Murakami, Jamie S. Rich , Ray Yoshimoto, Jake T. Forbes",3.77,"['Manga', 'Yaoi', 'Romance', 'LGBT', 'Comics', 'Graphic Novels', 'Fiction', 'Shounen Ai', 'M M Romance', 'Boys Love']",English,w;mostly_female;mostly_male;m
Affluenza: The All-Consuming Epidemic,"John De Graaf, David Wann, Thomas H. Naylor",3.76,"['Nonfiction', 'Sociology', 'Economics', 'Politics', 'Sustainability', 'Cultural', 'Psychology', 'Science', 'Social Science', 'Finance']",English,m;m;m
Can't Stop Won't Stop: A History of the Hip-Hop Generation,"Jeff Chang , D.J. Kool Herc",4.15,"['Music', 'Nonfiction', 'History', 'Hip Hop', 'Cultural', 'Pop Culture', 'Art', 'Race', 'New York', 'Cultural Studies']",English,m;unknown
شقة الحرية,"Ghazi A. Algosaibi, غازي عبد الرحمن القصيبي",4.08,"['Novels', 'Fiction', 'Literature', 'Egypt']",Arabic,m;unknown
Snow White & the Huntsman,"Evan Daugherty, Lily Blake, John Lee Hancock, Hossein Amini",3.34,"['Fantasy', 'Young Adult', 'Fairy Tales', 'Romance', 'Retellings', 'Fiction', 'Adventure', 'Magic', 'Fairy Tale Retellings', 'Media Tie In']",English,m;w;m;m
"The Communist Manifesto and Other Revolutionary Writings: Marx, Marat, Paine, Mao, Gandhi, and Others","Bob Blaisdell (Editor), Karl Marx, Jean-Paul Marat, Tom Paine, Mao Zedong, Mahatma Gandhi",3.85,"['Philosophy', 'Nonfiction', 'Politics', 'History', 'Reference', 'Sociology', 'Classics', 'European History', 'Political Science', 'World History']",English,m;m;m;m;andy;unknown
Κάνε πουλί να δεις καλό,"Arkas, Αρκάς",4.56,"['Comics', 'Graphic Novels Comics', 'Humor', 'Comic Book', 'Graphic Novels', 'Comix', 'Sequential Art', 'Comedy']","Greek, Modern (1453-)",unknown;unknown
Mirza Ghalib,"Frederic P. Miller, Agnes F. Vandome, John McBrewster",4.78,[],English,m;w;m
الأعمال المختارة - المجلد الثاني - الروايات القصيرة,"Anton Chekhov, أنطون تشيخوف",4.21,"['Russian Literature', 'Novels', 'Literature', 'Short Stories', 'Russia', 'Fiction', 'Classics']",Arabic,m;unknown
Alfred Hitchcock Presents: More Stories Not for the Nervous,"Alfred Hitchcock (Editor), Ellis Peters, Allan Ullman, Margaret St. Clair, Miriam Allen deFord, Jack Ritchie, Lucille Fletcher, Robert Arthur, more…",3.93,"['Mystery', 'Short Stories', 'Fiction', 'Horror']",English,m;m;m;w;w;m;w;m;unknown
The Laramie Project: Ten Years Later,"Moisés Kaufman, Leigh Fondakowski, Greg Pierotti, Andy Paris, Stephen Belber",3.94,"['Plays', 'LGBT', 'Nonfiction', 'History', 'Drama', 'Theatre']",English,m;mostly_female;m;m;m
الإصلاح الدينى 2,"Will Durant, Ariel Durant, زكي نجيب محمود",3.75,['History'],Arabic,mostly_male;m;unknown
People of the Longhouse,"W. Michael Gear, Kathleen O'Neal Gear",4.18,"['Historical Fiction', 'Fiction', 'Historical', 'Native Americans', 'Magic', 'Audiobook', 'Adult', 'Prehistoric', 'American History']",English,unknown;w
Sidney Sheldon's Angel of the Dark,"Tilly Bagshawe, Sidney Sheldon",3.77,"['Fiction', 'Mystery', 'Thriller', 'Crime', 'Suspense', 'Mystery Thriller', 'Romance', 'Adult', 'Contemporary', 'Novels']",English,w;mostly_male
Vremena goda,"Анна Борисова, Boris Akunin",4.14,"['Russia', 'Modern', 'Russian Literature', 'History']",Russian,unknown;m
"Folklore and Fable: Aesop, Grimm, Andersen (Harvard Classics, #17)","Charles William Eliot (Editor), Aesop, Jacob Grimm, Wilhelm Grimm, Hans Christian Andersen",4.19,"['Classics', 'Fantasy', 'Fiction', 'Poetry']",English,m;unknown;m;m;m
The Monkey's Paw (Oxford Bookworms),"Diane Mowat (Adapted by), W.W. Jacobs",3.87,"['Horror', 'Short Stories', 'Classics', 'Fiction', 'Fantasy', 'School', 'Mystery', 'Read For School', 'Literature', 'Supernatural']",English,w;unknown
Spider-Man: Blue,"Jeph Loeb, Tim Sale",4.15,"['Comics', 'Graphic Novels', 'Marvel', 'Spider Man', 'Fiction', 'Comic Book', 'Superheroes', 'Graphic Novels Comics', 'Romance', 'Comics Manga']",English,unknown;m
Herbs: The Magic Healers,"Paul Twitchell, A. Stuart Wheelwright",3.97,[],English,m;unknown
"बाबु, आमा र छोरा [Babu, Aama ra Chora]","Bishweshwar Prasad Koirala, विश्वेश्वरप्रसाद कोइराला",3.95,[],Nepali,unknown;unknown
Medicine Cards: The Discovery of Power Through the Ways of Animals,"Jamie Sams, David Carson",4.52,"['Spirituality', 'Tarot', 'Reference', 'Nonfiction', 'Animals', 'Self Help', 'Divination', 'Religion', 'Occult', 'Mysticism']",English,mostly_female;m
الصوت والحجر: أنطولوجيا,"Yves Bonnefoy, إيف بونفوا",3.33,[],,m;unknown
Autobiography of Parley P. Pratt (Revised and Enhanced),"Parley P. Pratt, Maurine Jensen Proctor, Scot Facer Proctor",4.35,"['Biography', 'Religion', 'Lds', 'Nonfiction', 'History', 'Church', 'Autobiography', 'Biography Memoir', 'Church History', 'Inspirational']",,unknown;w;m
Κατά Σαδδουκαίων,"Μιχάλης Κατσαρός, Mihalis Katsaros",4.58,[],"Greek, Modern (1453-)",unknown;unknown
Pay-Off Pitch,"Clair Bee, Cynthia Bee Farley, Randall K. Farley",4.14,['Sports'],English,mostly_male;w;m
Романи за деца,"Erich Kästner, Ерих Кестнер",4.65,['Childrens'],Bulgarian,m;unknown
On Charisma and Institution Building: Selected Writings,"Max Weber, S.N. Eisenstadt",4.19,"['Sociology', 'Philosophy', 'Politics', 'Nonfiction']",English,m;unknown
Όσο πατάει η γάτα,"Αρκάς, Arkas",4.43,"['Comics', 'Graphic Novels Comics', 'Humor', 'Comix', 'Comic Book', 'Graphic Novels']","Greek, Modern (1453-)",unknown;unknown
Livro da Treta,"Filipe Homem Fonseca, Eduardo Madeira, Rui Cardoso Martins, Rui Cardoso Martins",3.21,[],Portuguese,m;m;m;m
الروايات,"Anton Chekhov, أنطون تشيخوف",4.21,"['Russian Literature', 'Novels', 'Russia', 'Literature', 'Fiction', 'Short Stories', 'Classics']",Arabic,m;unknown
The Man-Thing Omnibus,"Steve Gerber (Writer), more…",4.17,"['Comics', 'Marvel', 'Horror', 'Comic Book', 'Fiction']",English,m;unknown
الإصلاح الدينى 3,"Will Durant, Ariel Durant",3.91,['History'],Arabic,mostly_male;m
From What I Remember...,"Stacy Kramer, Valerie Thomas",3.96,"['Contemporary', 'Romance', 'Young Adult', 'High School', 'Road Trip', 'Realistic Fiction', 'Chick Lit', 'Young Adult Contemporary', 'Humor', 'Young Adult Romance']",English,mostly_female;w
People of the Thunder,"W. Michael Gear, Kathleen O'Neal Gear",4.37,"['Historical Fiction', 'Fiction', 'Historical', 'Native Americans', 'Prehistoric', 'Prehistory']",English,unknown;w
Wolves at Our Door: The Extraordinary Story of the Couple Who Lived with Wolves,"Jim Dutcher , James Manfull, Jamie Dutcher",4.33,"['Animals', 'Nonfiction', 'Wolves', 'Nature', 'Biography', 'Natural History', 'Science', 'Dogs', 'Memoir', 'Biography Memoir']",English,m;m;mostly_female
The Lost Herondale,"Cassandra Clare , Robin Wasserman",4.13,"['Fantasy', 'Young Adult', 'Short Stories', 'Paranormal', 'Urban Fantasy', 'Novella', 'Vampires', 'Angels', 'Magic', 'Supernatural']",English,w;mostly_male
كان صرحا من خيال,"سليم نصيب, Sélim Nassib",3.75,"['Historical Fiction', 'Music', 'Egypt', 'Novels', 'Fiction', 'Poetry', 'France']",Arabic,unknown;unknown
Justified,"Aurora Rose Reynolds , C.A Rose",3.58,"['Romance', 'Contemporary Romance', 'Contemporary', 'Erotica', 'Novella', 'Adult', 'Erotic Romance', 'BDSM', 'Short Stories', 'New Adult']",English,w;unknown
Veiled Freedom,"J.M. Windle, Jeanette Windle",3.92,"['Christian Fiction', 'Fiction', 'Christian', 'Contemporary', 'Religion', 'War', 'Mystery', 'Cultural', 'Mystery Thriller', 'Inspirational']",English,unknown;w
Лекции по русской литературе [Lektsii po russkoi literatury],"Vladimir Nabokov, Владимир Набоков",4.28,"['Nonfiction', 'Literary Criticism', 'Russia', 'Russian Literature', 'Essays', 'Literature', 'Criticism', 'Writing', 'Books About Books', '20th Century']",Russian,m;unknown
Vampire: The Masquerade Revised,"Mark Rein-Hagen (Creator), Phil Brucato, Andrew Bates",4.05,"['Role Playing Games', 'Gaming', 'Horror', 'Fantasy', 'Vampires', 'World Of Darkness', 'Games', 'Reference', 'Urban Fantasy', 'Fiction']",English,m;m;m
Your Favorite Seuss,"Dr. Seuss, Cathy Goldsmith",4.45,"['Childrens', 'Picture Books', 'Classics', 'Fiction', 'Anthologies', 'Fantasy', 'Kids', 'Humor', 'Short Stories', 'Young Adult']",English,unknown;w
Tournament Crisis,"Clair Bee, Cynthia Bee Farley, Randall K. Farley",4.45,['Sports'],English,mostly_male;w;m
I Love You This Much: A Song of God's Love [With CD],"Lynn Hodges, Sue Buchanan",4.37,"['Childrens', 'Picture Books', 'Christian', 'Fiction', 'Love', 'Faith', 'Religion']",English,mostly_female;w
Another Homecoming,"Janette Oke, T. Davis Bunn",3.88,"['Christian Fiction', 'Christian', 'Historical Fiction', 'Fiction', 'Romance', 'Historical', 'Inspirational', 'Christian Romance', 'Adult Fiction', 'Faith']",English,w;unknown
Патиланско царство,"Ran Bosilek, Ран Босилек",4.4,"['Bulgarian Literature', 'Childrens', 'Classics', 'Fiction', 'School', 'Bulgaria', 'Read For School']",Bulgarian,mostly_female;unknown
A History of Japan,"R.H.P. Mason, J.G. Caiger",3.47,"['History', 'Japan', 'Nonfiction', 'Japanese History', 'Asia', 'Japanese Literature', 'Historical', 'World History', 'Read For School', 'Academic']",English,unknown;unknown
Μπαμπά πετάω,"Arkas, Αρκάς",4.51,"['Comics', 'Graphic Novels Comics', 'Humor', 'Comic Book', 'Graphic Novels', 'Comix', 'Sequential Art', 'Greece', 'Comics Manga', 'Comedy']","Greek, Modern (1453-)",unknown;unknown
1001 Movies You Must See Before You Die,"Steven Jay Schneider, Geoff Andrew, Linda Badley, Kathryn Bergeron, Tom Gunning, Ernest Hardy , Aniko Imre, Kyung Hyun Kim, more…",4.06,"['Nonfiction', 'Film', 'Reference', 'Media Tie In', 'Art', 'History', 'Pop Culture', '21st Century', 'Cultural', 'Collections']",English,m;m;w;w;m;m;unknown;mostly_female;unknown
The Devil's Elixirs,"E.T.A. Hoffmann, Ian Sumter",3.83,"['Classics', 'Fiction', 'German Literature', 'Horror', 'Gothic', 'Germany', '19th Century', 'Fantasy', 'Novels', 'Romanticism']",English,unknown;m
The Laramie Project,"Moisés Kaufman, Tectonic Theater Project",4.18,"['Plays', 'Nonfiction', 'Drama', 'Theatre', 'LGBT', 'Queer', 'School', 'History', 'Gay', 'College']",English,m;unknown
الإصلاح الدينى 4,"Will Durant, Ariel Durant",4.1,['History'],Arabic,mostly_male;m
Abu Bakar as-Siddiq (R.A),"Darussalam (Editor), Molvi Abdul Aziz",4.45,"['Biography', 'Islam', 'Nonfiction']",English,unknown;unknown
Circle of Redemption,"Shauna Allen , Susan C. Muller , Janet Nash",4.57,"['Romance', 'Contemporary Romance']",English,w;w;w
People of the Moon,"W. Michael Gear, Kathleen O'Neal Gear",4.26,"['Historical Fiction', 'Fiction', 'Historical', 'Prehistoric', 'Native Americans', 'Historical Fantasy', 'Westerns']",English,unknown;w
Rain & Fire: A Guide to the Last Dragon Chronicles,"Chris d'Lacey, Jay d'Lacey",3.99,"['Dragons', 'Fantasy', 'Fiction', 'Young Adult', 'Middle Grade', 'Childrens']",English,mostly_male;m
La Bella Mafia,"Ashley Antoinette , JaQuavis Coleman",4.57,"['Urban', 'African American', 'Fiction', 'Drama', 'Crime', 'Suspense']",English,mostly_female;unknown
Rehat Bersama Geng Santri Kocak,"Abdul Mutaqin, Kickers Arsyad",3.33,[],Indonesian,m;unknown
"Essential Amazing Spider-Man, Vol. 6","Gerry Conway, Stan Lee",4.32,"['Comics', 'Graphic Novels', 'Spider Man', 'Marvel', 'Comic Book', 'Superheroes', 'Fiction', 'Crime', 'Fantasy', 'Science Fiction']",English,mostly_male;m
Three Days,"J.S. Cooper , Helen Cooper",3.75,"['Romance', 'BDSM', 'Erotica', 'Short Stories', 'Contemporary', 'Adult', 'Mystery', 'Novella', 'Contemporary Romance', 'Suspense']",English,unknown;w
George Washington: The Life of an American Patriot,"Jackie Gaff, Ross Watton",3.38,['History'],English,andy;m
Liability,"C.A Rose, Aurora Rose Reynolds",3.8,"['Romance', 'Erotica', 'Contemporary', 'Contemporary Romance', 'Novella', 'Short Stories', 'Erotic Romance', 'New Adult', 'Adult', 'High School']",English,unknown;w
एब्स्ट्राक्ट चिन्तन: प्याज [Abstract Chintan: Pyaj],"Shankar Lamichhane, शङ्कर लामिछाने",4.37,[],Nepali,m;unknown
El Senor De Los Anillos Las Dos Torres: Guia De Fotos,"Various, Minotauro",4.1,[],,unknown;unknown
Super Sons #1,"Peter J. Tomasi, Chris Burnham, Dennis Culver",4.3,"['Comics', 'Dc Comics', 'Graphic Novels', 'Fiction', 'Graphic Novels Comics', 'Fantasy', 'Comics Manga', 'Comic Book', 'Batman', 'Superman']",,m;mostly_male;m
Μαραμπού,"Nikos Kavvadias, Νίκος Καββαδίας",4.61,"['Poetry', '20th Century', 'Greece']","Greek, Modern (1453-)",m;unknown
Possessive Playboy,"Sloane Howell , Alex Wolf",4.36,"['Romance', 'Contemporary Romance', 'Contemporary', 'Adult Fiction', 'Fiction', 'Football', 'Humor', 'Erotica']",English,mostly_female;m
Pitchers' Duel,"Clair Bee, Cynthia Bee Farley, Randall K. Farley",4.07,"['Sports', 'Fiction', 'Baseball']",English,mostly_male;w;m
Weapon of Choice: ARSOF in Afghanistan,"Charles H. Briscoe, Richard L. Kiper, James A. Schroder, Kalev I. Sepp",4.08,['Military Fiction'],English,m;m;m;m
Deep Kiss of Winter,"Kresley Cole , Gena Showalter",4.22,"['Paranormal Romance', 'Paranormal', 'Romance', 'Vampires', 'Fantasy', 'Anthologies', 'Urban Fantasy', 'Adult', 'Supernatural', 'Demons']",English,unknown;w
سفينة نوح,"Khaled Al Khamissi, خالد الخميسي",3.29,"['Novels', 'Fiction', 'Egypt', 'Art', 'Literature']",Arabic,m;unknown
Of Goodly Parents,"H.B. Moore , Heather B. Moore",4.04,"['Religion', 'Historical Fiction', 'Lds Fiction', 'Fiction', 'Lds', 'Christian', 'Historical', 'Christian Fiction', 'Mormonism', 'Romance']",,unknown;w
الإصلاح الدينى 5,"Will Durant, Ariel Durant",3.97,['History'],Arabic,mostly_male;m
The Water Of Life: A Tale From The Brothers Grimm,"Jacob Grimm, Wilhelm Grimm, Barbara Rogasky",4.11,"['Picture Books', 'Fairy Tales', 'Fantasy', 'Childrens', 'Fiction', 'Classics', 'Adventure', 'Short Stories', 'Medieval', 'Fairy Tale Retellings']",English,m;m;w
People of the Nightland,"W. Michael Gear, Kathleen O'Neal Gear",4.26,"['Historical Fiction', 'Fiction', 'Historical', 'Prehistoric', 'Native Americans', 'Prehistory', 'Anthropology', 'Adult']",English,unknown;w
The Ethical Slut: A Guide to Infinite Sexual Possibilities,"Dossie Easton, Catherine A. Liszt",3.9,"['Nonfiction', 'Sexuality', 'Relationships', 'Feminism', 'Polyamory', 'Self Help', 'Queer', 'Psychology', 'Philosophy', 'LGBT']",English,unknown;w
The Indie Band Survival Guide: The Complete Manual for the Do-It-Yourself Musician,"Randy Chertkow, Jason Feehan",3.89,"['Music', 'Nonfiction', 'Reference']",English,mostly_male;m
Everywhere We Go,"Dougie Brimson , Eddy Brimson",3.19,"['Football', 'Soccer', 'Nonfiction']",English,unknown;m
Manga Classics: The Count of Monte Cristo,"Stacy King  (Story Adaptation), Alexandre Dumas",4.29,"['Manga', 'Classics', 'Graphic Novels', 'Historical Fiction', 'Romance', 'Adventure', 'Historical', 'Fiction', 'Mystery', 'Comics']",English,mostly_female;m
لست ذا شأن,"Fernando Pessoa, إسكندر حبش",3.34,"['Poetry', 'Portuguese Literature', 'Portugal', 'Literature', 'Philosophy']",Arabic,m;unknown
Βιολέτες για μια εποχή,"Tasos Livaditis, Τάσος Λειβαδίτης",4.58,['Poetry'],"Greek, Modern (1453-)",unknown;unknown
Chinese Lives: An Oral History of Contemporary China,"Zhang Xinxin, Sang Ye",3.9,"['China', 'Nonfiction', 'Biography', 'Anthologies', 'Asian Literature']",,andy;andy
Nanny Ogg's Cookbook,"Terry Pratchett, Stephen Briggs, Tina Hannan",4.01,"['Fantasy', 'Humor', 'Cookbooks', 'Cooking', 'Fiction', 'Food', 'Comedy', 'Reference', 'Science Fiction Fantasy', 'Comic Fantasy']",English,mostly_male;m;w
"New X-Men by Grant Morrison: Ultimate Collection, Book 1","Grant Morrison, Ethan Van Sciver, Frank Quitely",4.14,"['Comics', 'Graphic Novels', 'Marvel', 'X Men', 'Superheroes', 'Fiction', 'Graphic Novels Comics', 'Comic Book', 'Comix', 'Sequential Art']",English,m;m;m
Концерт в памет на един ангел,"Éric-Emmanuel Schmitt, Ерик-Еманюел Шмит",3.9,"['Short Stories', 'France', 'Fiction', 'Literature', 'Contemporary', 'French Literature', 'Novels', '21st Century', 'Roman', 'Drama']",Bulgarian,unknown;unknown
الإصلاح الدينى 6,"Will Durant, Ariel Durant",4.04,['History'],Arabic,mostly_male;m
Herzog & De Meuron: Natural History,"Jacques Herzog (Photographs), Pierre de Meuron, Philip Herzog",4.23,['Architecture'],English,m;m;m
People of the Weeping Eye,"W. Michael Gear, Kathleen O'Neal Gear",4.31,"['Historical Fiction', 'Fiction', 'Historical', 'Native Americans', 'Prehistoric', 'American History', 'Prehistory']",English,unknown;w
sweet guilty love bites (百合姫コミックス) (Japanese Edition),"天野しゅにんた, Amano Shuninta",3.89,"['Manga', 'Yuri']",English,unknown;unknown
دروز بلغراد: حكاية حنا يعقوب,"Rabie Jaber , ربيع جابر",3.87,"['Novels', 'Fiction', 'Historical Fiction', 'Literature', 'Lebanon', 'Unfinished', 'Politics']",Arabic,m;unknown
Disabling Professions,"Ivan Illich, Irving Kenneth Zola, John McKnight, Jonathan Caplan, Harley Shaiken",4.24,"['Philosophy', 'Nonfiction', 'Sociology', 'Politics', 'Theory']",English,m;m;m;m;mostly_male
The Associate,"John Grisham , Джон Гришам",3.67,"['Fiction', 'Thriller', 'Mystery', 'Legal Thriller', 'Crime', 'Suspense', 'Law', 'Mystery Thriller', 'Novels', 'Audiobook']",English,m;unknown
Naturalis Historia / Naturgeschichte,"Pliny the Elder, Marion Giebel",4.0,"['History', 'Classics', 'Science', 'Nonfiction', 'Philosophy', 'Ancient History', 'Ancient', 'Roman', 'Art', 'Biology']",,unknown;w
"Wonder Woman, Vol. 1: Gods and Mortals","George Pérez (Writer and Penciller), Walter Simonson, Phil Jimenez, more…",4.12,"['Comics', 'Graphic Novels', 'Dc Comics', 'Wonder Woman', 'Superheroes', 'Graphic Novels Comics', 'Fantasy', 'Fiction', 'Comic Book', 'Mythology']",English,m;m;m;unknown
بداية عصر العقل 1,"Will Durant, Ariel Durant",4.25,['History'],Arabic,mostly_male;m
How to make most of Ramadan,"Darussalam (Editor), Darussalam",4.63,['Islam'],Spanish,unknown;unknown
Peter Pan & Alice in Wonderland,"Josette Frank, J.M. Barrie, Lewis Carroll",3.68,['Childrens'],English,w;unknown;m
खेकडा [Khekda],"Ratnakar Matkari, रत्नाकर मतकरी",3.93,"['Marathi', 'Horror']",Marathi,unknown;unknown
People of the Raven,"W. Michael Gear, Kathleen O'Neal Gear",4.24,"['Historical Fiction', 'Fiction', 'Historical', 'Prehistoric', 'Native Americans', 'Fantasy', 'Historical Fantasy']",English,unknown;w
Rehat Bersama Kyai Kocak,"Abdul Mutaqin, Sayyidah Djauhar Murtafiah",4.25,[],Indonesian,m;unknown
Gals! Vol. 1,"Mihona Fujii, Sheldon Drzka",3.87,"['Manga', 'Komik', 'Comics', 'Romance', 'Shojo', 'Fiction', 'Comedy', 'Graphic Novels', 'Japanese Literature', 'Comics Manga']",English,unknown;m
Tennessee Williams: Eight Plays (Book Club Edition),"Tennessee Williams, Harold Clurman",4.42,"['Drama', 'Plays', 'Theatre']",,unknown;m
Essays & Poems (Library of America College Editions),"Ralph Waldo Emerson, Joel Porte, Harold Bloom",4.0,"['Poetry', 'Classics', 'Philosophy', 'Essays', 'Nonfiction', 'Literature', 'American', 'Nature', 'Classic Literature', 'Literary Fiction']",English,m;m;m
"England, My England","Dougie Brimson , Eddy Brimson",3.58,['Football'],English,unknown;m
Dee Snider's Teenage Survival Guide,"Dee Snider, Philip Bashe",4.2,"['Self Help', 'Music', 'Nonfiction']",English,mostly_female;m
Mysteria,"MaryJanice Davidson , Susan Grant , P.C. Cast , Gena Showalter",3.73,"['Paranormal', 'Romance', 'Paranormal Romance', 'Anthologies', 'Fantasy', 'Vampires', 'Short Stories', 'Fiction', 'Magic', 'Urban Fantasy']",English,unknown;w;unknown;w
The Stoning of Soraya M.,"Freidoune Sahebjam, Richard Seaver",3.94,"['Nonfiction', 'Iran', 'Religion', 'Biography', 'Islam', 'History', 'Feminism', 'Media Tie In', 'Biography Memoir', 'Cultural']",English,unknown;m
Distant Shores,"Marco Palmieri (Editor), more…",3.91,"['Star Trek', 'Science Fiction', 'Star Trek Voyager', 'Fiction', 'Short Stories', 'Science Fiction Fantasy', 'Anthologies']",English,m;unknown
طوق الحمامة في الألفة والألاف,"Abu Muhammad Ali ibn Hazm, ابن حزم الأندلسي",3.9,"['Philosophy', 'Nonfiction', 'Poetry', 'Classics', 'Islam', 'Literature', 'History', 'Religion', 'Romance', 'Unfinished']",Arabic,m;unknown
DC Universe: The Stories of Alan Moore,"Alan Moore , more…",4.09,"['Comics', 'Graphic Novels', 'Dc Comics', 'Fiction', 'Superheroes', 'Comic Book', 'Batman', 'Graphic Novels Comics', 'Short Stories', 'Superman']",English,m;unknown
بداية عصر العقل 2,"Will Durant, Ariel Durant",4.14,['History'],Arabic,mostly_male;m
Be Steadfast,"Darussalam (Editor), Darussalam",4.43,['Islam'],English,unknown;unknown
Clouds,"Aristophanes, K.J. Dover, W.J. Hickie, Wilhelm Siegmund Teuffel",3.75,"['Classics', 'Plays', 'Drama', 'Fiction', 'Philosophy', 'Literature', 'Humor', 'Theatre', 'Comedy', 'Ancient']",English,unknown;unknown;unknown;m
"The Fellowship: The Literary Lives of the Inklings: J.R.R. Tolkien, C.S. Lewis, Owen Barfield, Charles Williams","Philip Zaleski , Carol Zaleski",4.1,"['Biography', 'Nonfiction', 'History', 'Books About Books', 'Literature', 'Literary Criticism', 'Biography Memoir', 'Religion', 'Writing', 'Christian']",English,m;mostly_female
Capital Punishment,"Dougie Brimson , Eddy Brimson",3.62,"['Nonfiction', 'Soccer', 'Football']",English,unknown;m
الجنية,"Ghazi A. Algosaibi, غازي عبد الرحمن القصيبي",3.62,"['Novels', 'Fiction', 'Literature', 'Fantasy', 'Humor', 'Romance']",Arabic,m;unknown
It's a Long Story: My Life,"Willie Nelson, David Ritz",4.08,"['Biography', 'Nonfiction', 'Music', 'Memoir', 'Autobiography', 'Audiobook', 'Biography Memoir', 'History', 'Humor', 'Adult']",English,mostly_male;m
Ελεγεία και σάτιρες,"Kostas Karyotakis, Κώστας Καρυωτάκης",4.58,['Poetry'],"Greek, Modern (1453-)",m;unknown
Lyg degtų namai: mūsų kova su klimato kaita,"Greta Thunberg, Svante Thunberg, Beata Ernman, Malena Ernman",3.79,"['Nonfiction', 'Biography', 'Environment', 'Memoir', 'Audiobook', 'Climate Change', 'Sweden', 'Science', 'Mental Health', 'Sustainability']",Lithuanian,w;m;w;w
The Myst Reader: Three Books in One Volume,"Rand Miller, Robyn Miller, David Wingrove",4.31,"['Fantasy', 'Fiction', 'Science Fiction', 'Gaming', 'Adventure', 'Anthologies', 'Novels', 'Science Fiction Fantasy', 'Young Adult', 'Video Games']",English,w;w;m
Fanny's Dream,"Caralyn Buehner, Mark Buehner",4.28,"['Picture Books', 'Childrens', 'Fiction', 'Fantasy', 'Fairy Tales', 'Family', 'Cinderella', 'Fractured Fairy Tales', 'Romance', 'Humor']",English,unknown;m
Zoya's Story: An Afghan Woman's Struggle for Freedom,"Zoya, John Follain, Rita Cristofari",3.95,"['Nonfiction', 'Memoir', 'Biography', 'Biography Memoir', 'Islam', 'History', 'Womens', 'Autobiography', 'Religion', 'War']",English,w;m;w
Love Is Hell,"Melissa Marr , Scott Westerfeld , Justine Larbalestier, Gabrielle Zevin , Laurie Faria Stolarz",3.64,"['Young Adult', 'Fantasy', 'Romance', 'Short Stories', 'Paranormal', 'Anthologies', 'Fiction', 'Urban Fantasy', 'Paranormal Romance', 'Supernatural']",English,w;m;w;w;w
Back To Eden,"Jethro Kloss, Promise K. Moffet",4.22,"['Health', 'Nonfiction', 'Reference', 'Herbs', 'Food', 'Medicine', 'Gardening', 'Self Help', 'Naturopathy', 'Nutrition']",English,unknown;unknown
"The Walking Dead, Vol. 9: Here We Remain","Robert Kirkman, Charlie Adlard, Cliff Rathburn",4.24,"['Graphic Novels', 'Comics', 'Horror', 'Zombies', 'Fiction', 'Graphic Novels Comics', 'Post Apocalyptic', 'Comic Book', 'Dystopia', 'Science Fiction']",English,m;mostly_male;m
Only Child: How to Survive Being One,"Jill Pitkeathly, David Emerson, Jill Pitkeathly",3.84,['Psychology'],English,w;m;w
بداية عصر العقل 3,"Will Durant, Ariel Durant",4.0,['History'],Arabic,mostly_male;m
دیوان عطار نیشابوری,"Attar of Nishapur, عطار نیشابوری, محمدرضا شفیعی کدکنی",4.36,['Poetry'],Persian,unknown;unknown;unknown
The Ending of Time,"Jiddu Krishnamurti, David Bohm",4.23,"['Philosophy', 'Spirituality', 'Nonfiction', 'Science', 'Psychology', 'Physics', 'Metaphysics', 'Popular Science']",English,unknown;m
People of the Masks,"Kathleen O'Neal Gear , W. Michael Gear",4.26,"['Historical Fiction', 'Fiction', 'Historical', 'Prehistoric', 'Anthropology', 'Native Americans', 'Historical Fantasy', 'Adult', 'Prehistory', 'Young Adult']",English,w;unknown
The Spider Stone,"Alex Archer (pseudonym), Mel Odom",3.76,"['Fantasy', 'Adventure', 'Urban Fantasy', 'Fiction', 'Paranormal', 'Action', 'Mystery', 'Audiobook', 'Supernatural', 'Adult']",English,m;mostly_female
Birds,"Aristophanes, Nan Dunbar",3.88,"['Plays', 'Classics', 'Drama', 'Fiction', 'Theatre', 'Humor', 'Literature', 'Comedy', 'Ancient', 'Greece']","Greek, Ancient (to 1453)",unknown;mostly_female
Verse for Ages,"Colleen Thatcher, Bernie Morris , Martin Newell",4.72,['Poetry'],English,w;mostly_female;m
Cyanide and Happiness,"Kris Wilson, Matt Melvin, Rob DenBleyker, Dave McElfatrick",4.18,"['Comics', 'Humor', 'Graphic Novels', 'Fiction', 'Comedy', 'Graphic Novels Comics', 'Webcomic', 'Comic Strips', 'Comic Book', 'Adult']",English,mostly_male;m;m;m
Защита Лужина,"Vladimir Nabokov, Владимир Набоков",3.95,"['Fiction', 'Russia', 'Classics', 'Russian Literature', 'Chess', 'Literature', 'Novels', '20th Century', 'Literary Fiction', 'Drama']",Russian,m;unknown
Gestalt Therapy: Excitement and Growth in the Human Personality,"Frederick Salomon Perls, Ralph F. Hefferline, Paul Goodman",4.09,"['Psychology', 'Nonfiction', 'Counselling', 'Psychiatry', 'Psychoanalysis', 'Science']",English,m;m;m
Nynnes Dagbog,"Henriette Lind, Lotte Thorsen, Anette Vestergaard",3.45,"['Chick Lit', 'Danish', 'Humor', 'Fiction', 'Scandinavian Literature', 'Contemporary', 'Denmark', 'Romance']",Danish,w;w;w
Πούσι,"Nikos Kavvadias, Νίκος Καββαδίας",4.56,"['Poetry', 'Greece', 'Classics', '20th Century']","Greek, Modern (1453-)",m;unknown
The Girl Who Survived: A True Story of the Holocaust,"Bronia Brandman, Carol Bierman",3.98,"['Holocaust', 'Nonfiction', 'Biography', 'History', 'World War II', 'Childrens', 'War', 'Memoir']",English,unknown;mostly_female
"The Race Beat: The Press, the Civil Rights Struggle, and the Awakening of a Nation","Gene Roberts, Hank Klibanoff",4.21,"['History', 'Nonfiction', 'Journalism', 'Race', 'American History', 'Politics', 'African American', 'Historical', 'Social Justice', 'American']",English,mostly_male;m
Requiem: New Collected Works by Robert A. Heinlein and Tributes to the Grand Master,"Robert A. Heinlein, Larry Niven, Tom Clancy, Spider Robinson",3.91,"['Science Fiction', 'Fiction', 'Short Stories', 'Science Fiction Fantasy', 'Speculative Fiction', 'Anthologies', 'Collections', 'Philosophy', 'Essays']",English,m;m;m;unknown
Последна любов,"William Wharton, Уилям Уортън",3.79,"['Fiction', 'Romance', 'Contemporary', 'Novels', 'American', 'Literary Fiction']",Bulgarian,m;unknown
عصر لويس الرابع عشر 1,"Will Durant, Ariel Durant",4.13,['History'],Arabic,mostly_male;m
A Shropshire Lad and Last Poems: For the Love of Moses,"A.E. Housman, Keith Hale",4.29,"['Poetry', 'Classics']",English,unknown;m
Womanthology: Heroic,"Bonnie Burton  (Editor), Barbara Randall Kesel, Anya Martin , more…",3.81,"['Comics', 'Graphic Novels', 'Anthologies', 'Feminism', 'Short Stories', 'Graphic Novels Comics', 'Fiction', 'Fantasy', 'Art', 'Science Fiction']",English,mostly_female;w;w;unknown
Toss,"Boomer Esiason, Lowell Cauffiel",3.27,"['Fiction', 'Sports', 'Football']",,unknown;m
The Wheel of Time Companion,"Robert Jordan, Harriet McDougal, Alan Romanczuk, Maria Simons",4.15,"['Fantasy', 'Reference', 'Fiction', 'Epic Fantasy', 'Science Fiction Fantasy', 'Epic', 'Unfinished']",English,m;w;m;w
Ρωμιοσύνη,"Yiannis Ritsos, Γιάννης Ρίτσος",4.54,['Poetry'],"Greek, Modern (1453-)",unknown;unknown
When Wicked Craves,"J.K. Beck, J. Kenner",4.07,"['Paranormal Romance', 'Paranormal', 'Vampires', 'Romance', 'Demons', 'Werewolves', 'Urban Fantasy', 'Shapeshifters', 'Fantasy', 'Adult']",English,unknown;unknown
A Dollar And A Dream,"Carl Weber , Angel M. Hunter, Dwayne S. Joseph, Angel Hunter, La Jill Hunter",3.98,"['Fiction', 'Drama', 'Romance', 'African American']",English,m;m;m;m;unknown
"Daredevil, Volume 1","Mark Waid (Writer), Greg Rucka, more…",4.16,"['Comics', 'Graphic Novels', 'Marvel', 'Superheroes', 'Graphic Novels Comics', 'Comic Book', 'Fiction', 'Comix', 'Young Adult', 'Crime']",English,m;m;unknown
Terrorism: Theirs & Ours,"Eqbal Ahmad, David Barsamian",4.15,"['Politics', 'History', 'Nonfiction', 'War', 'Pakistan', 'Terrorism', 'International Relations']",English,unknown;m
Jumanji,"Chris Van Allsburg (author, illustrator)",4.04,"['Picture Books', 'Childrens', 'Fantasy', 'Fiction', 'Adventure', 'Classics', 'Animals', 'Media Tie In', 'Magic', 'Young Adult']",English,mostly_male;unknown
أوبرا سنيه ولعه,"محمد سامي , محمد فتحي, ياسمين شفيق, محمد علاء الدين , تامر إبراهيم",3.9,[],Arabic,unknown;unknown;unknown;unknown;unknown
عصر لويس الرابع عشر 2,"Will Durant, Ariel Durant",3.96,['History'],Arabic,mostly_male;m
I Want to Eat My Food,"Darussalam, Shazia Nazlee",4.26,[],English,unknown;w
Тёмные аллеи,"Ivan Alekseyevich Bunin, Иван Бунин",4.16,"['Russia', 'Classics', 'Short Stories', 'Russian Literature', 'Fiction', 'Nobel Prize', 'Literature', 'School', 'Romance', 'Love']",Russian,m;unknown
All About the D,"Lex Martin , Leslie McAdam",4.13,"['Romance', 'Contemporary Romance', 'Contemporary', 'New Adult', 'Humor', 'Erotica', 'Adult', 'Audiobook', 'Fiction', 'Chick Lit']",English,m;mostly_female
Patrick O'Brian's Navy,"Richard O'Neill, David Miller, Christopher Chant, Clive Wilkinson",4.24,"['History', 'Nonfiction', 'Reference', 'Military Fiction', 'Historical', 'Maritime', 'Naval History', 'Military History', '19th Century']",English,m;m;m;m
When Pleasure Rules,"J.K. Beck, J. Kenner",3.97,"['Paranormal Romance', 'Paranormal', 'Romance', 'Vampires', 'Werewolves', 'Shapeshifters', 'Demons', 'Urban Fantasy', 'Fantasy', 'Adult']",English,unknown;unknown
The Great Brain Does it Again,"John D. Fitzgerald, Mercer Mayer",4.25,"['Childrens', 'Fiction', 'Historical Fiction', 'Young Adult', 'Historical', 'Humor', 'Middle Grade', 'Classics', 'Adventure', 'Juvenile']",English,m;unknown
2011 Christmas Collection Anthology: Sensual/Spicy,"Cheryl Pierson , Kit Prate, Sarah J. McNeal, Christine E. Schulze , Stephanie Burkhart",4.47,['Romance'],English,w;mostly_male;w;w;w
The Civil War Trilogy: Gods and Generals / The Killer Angels / The Last Full Measure,"Michael Shaara, Jeff Shaara, Michael Shaara",4.54,"['Historical Fiction', 'Fiction', 'Civil War', 'American History', 'Historical', 'War', 'Military Fiction', 'Classics', 'American Civil War', 'The United States Of America']",English,m;m;m
Lucy: The Beginnings of Humankind,"Donald C. Johanson, Maitland Armstrong Edey",4.13,"['Science', 'Anthropology', 'Nonfiction', 'History', 'Evolution', 'Archaeology', 'Biology', 'Natural History', 'Palaeontology', 'Africa']",English,m;unknown
One Real Thing,"Anah Crow , Dianne Fox",3.77,"['M M Romance', 'BDSM', 'Contemporary', 'Romance', 'Gay For You', 'Erotica', 'Contemporary Romance', 'Gay', 'LGBT', 'Erotic Romance']",English,unknown;w
"Justice League, Volume 1: Origin","Geoff Johns (Writer), more…",3.98,"['Comics', 'Graphic Novels', 'Dc Comics', 'Comic Book', 'Superheroes', 'Graphic Novels Comics', 'Fiction', 'Batman', 'Fantasy', 'Superman']",English,m;unknown
Bobby Fischer Teaches Chess,"BobFischer, Stuart Margulies, Don Mosenfelder",4.01,"['Chess', 'Nonfiction', 'Games', 'Reference', 'How To', 'Sports', 'Self Help', 'Gaming', 'Education', 'Puzzles']",,unknown;m;m
Words of Silk,"Erin St. Claire, Sandra Brown",3.57,"['Romance', 'Contemporary Romance', 'Contemporary', 'Fiction', 'Harlequin', 'Chick Lit', 'Novels', 'Roman', 'Adult Fiction', 'Silhouette']",English,mostly_female;w
عودة الابن الضال,"محمد علاء الدين , وسيم بديع, محمد فتحي, أحمد العايدي, محمد سامي",4.03,[],Arabic,unknown;unknown;unknown;unknown;unknown
The Apple and the Arrow,"Mary Buff, Conrad Buff",3.91,"['Historical Fiction', 'Childrens', 'Medieval', 'School', 'Fiction', 'Classics', 'Juvenile', 'Historical', 'Chapter Books', 'Picture Books']",English,mostly_female;m
سلّة الفاكهة - جنى الثمار,"Rabindranath Tagore, رابندرانات طاغور",3.95,"['Poetry', 'Classics', 'Literature', 'India', 'Indian Literature', '20th Century', 'Fiction']",Arabic,unknown;unknown
Team Player,"Adriana Locke , Charleigh Rose , Ella Fox , Emma Scott , Kate Stewart , Kennedy Ryan , L.J. Shen , Mandi Beck , more…",4.22,"['Anthologies', 'Romance', 'Sports', 'Sports Romance', 'New Adult', 'Contemporary', 'Contemporary Romance', 'Novella', 'Short Stories', 'Adult']",English,w;unknown;w;w;w;mostly_female;unknown;w;unknown
رود آرام و کنفوسیوس,"Confucius, پرستو ابراهیمی",3.43,[],Persian,unknown;unknown
A Ética da Crença,"William Kingdon Clifford, Desidério Murcho , Alvin Plantinga, William James",4.13,"['Philosophy', 'Nonfiction', 'Religion', 'Classics']",Portuguese,m;m;m;m
Second Person Queer: Who You Are (So Far),"Richard Labonté (Editor), more…",3.7,"['Queer', 'LGBT', 'Nonfiction', 'Essays']",English,m;unknown
When Blood Calls,"J.K. Beck, Julie Kenner",3.71,"['Paranormal Romance', 'Paranormal', 'Vampires', 'Romance', 'Urban Fantasy', 'Fantasy', 'Werewolves', 'Shapeshifters', 'Adult', 'Fiction']",English,unknown;w
عصر لويس الرابع عشر 4,"Will Durant, Ariel Durant",4.19,['History'],Arabic,mostly_male;m
Joke,"Elvire Murail, Marie-Aude Murail, Lorris Murail",3.83,"['Science Fiction', 'Fiction', 'Fantasy', 'Young Adult', 'Childrens', 'Roman']",French,w;unknown;m
Τα ποιήματα 1941-1956,"Μανόλης Αναγνωστάκης, Manolis Anagnostakis",4.56,['Poetry'],"Greek, Modern (1453-)",unknown;m
The Warning,"K.A. Applegate, Katherine Applegate",3.76,"['Science Fiction', 'Young Adult', 'Fiction', 'Fantasy', 'Childrens', 'Aliens', 'Middle Grade', 'Animals', 'Adventure', 'Shapeshifters']",English,unknown;w
Stories from the Life of Joseph Smith,"Richard E. Turley Jr., Lael Littke",4.5,"['Religion', 'Church', 'Nonfiction', 'Biography']",,m;unknown
The Improvement of Human Reason (Illustrated Edition),"Ibn Tufail, Ibn Tufail",3.81,"['Philosophy', 'Fiction', 'Novels', 'Literature', 'Religion', 'Classics', 'Islam', 'Medieval', 'Spirituality', 'Theology']",English,unknown;unknown
Never After,"Laurell K. Hamilton , Yasmine Galenorn , Marjorie M. Liu , Sharon Shinn",3.86,"['Fantasy', 'Romance', 'Anthologies', 'Paranormal', 'Paranormal Romance', 'Urban Fantasy', 'Short Stories', 'Fiction', 'Magic', 'Vampires']",English,unknown;w;w;w
New X-Men: Omnibus,"Grant Morrison (Writer), more…",4.23,"['Comics', 'Graphic Novels', 'Marvel', 'X Men', 'Comic Book', 'Graphic Novels Comics', 'Superheroes', 'Fiction', 'Science Fiction', 'Comics Manga']",English,m;unknown
Οι μάγισσες της Σμύρνης,"Μάρα Μεϊμαρίδη, Mara Meimaridi",3.51,"['Historical Fiction', 'Fiction', 'Fantasy', 'Novels', 'Romance', 'Turkish', 'Historical', 'Roman', 'Literature', 'Chick Lit']","Greek, Modern (1453-)",unknown;w
عصر فولتير 1,"Will Durant, Ariel Durant",4.18,['History'],Arabic,mostly_male;m
Roots of Failure: United States Policy in the Third World,"Melvin Gurtov, Ray Maghroori",5.0,[],English,m;mostly_male
Introduction to Tantra: The Transformation of Desire,"Thubten Yeshe, Philip Glass",4.1,"['Buddhism', 'Spirituality', 'Nonfiction', 'Religion', 'Sexuality', 'Philosophy']",English,unknown;m
God of Thunder,"Alex Archer (pseudonym), Mel Odom",3.8,"['Fantasy', 'Adventure', 'Urban Fantasy', 'Fiction', 'Paranormal', 'Action', 'Thriller', 'Supernatural', 'Mystery', 'Archaeology']",English,m;mostly_female
The Last Stand of the New York Institute,"Cassandra Clare , Sarah Rees Brennan , Maureen Johnson",4.24,"['Fantasy', 'Young Adult', 'Short Stories', 'Paranormal', 'Urban Fantasy', 'Magic', 'Novella', 'Vampires', 'Supernatural', 'Werewolves']",English,w;w;w
The Day the Leader Was Killed,"Naguib Mahfouz, Naguib Mahfouz",3.63,"['Fiction', 'Novels', 'Egypt', 'Literature', 'Historical Fiction', 'Africa', 'Classics', 'Nobel Prize', 'Egyptian Literature', 'Romance']",English,unknown;unknown
The Monk and the Philosopher: A Father and Son Discuss the Meaning of Life,"Jean-François Revel, Matthieu Ricard",4.13,"['Philosophy', 'Buddhism', 'Nonfiction', 'Religion', 'Spirituality', 'Psychology', 'France', 'Self Help', 'Unfinished', 'Science']",,unknown;m
Trustful Surrender to Divine Providence: The Secret of Peace and Happiness,"Jean Baptiste Saint-Jure, Claude de la Colombière",4.62,"['Catholic', 'Spirituality', 'Religion', 'Theology', 'Nonfiction', 'Prayer', 'Christianity', 'Christian', 'Inspirational', 'Classics']",English,m;mostly_male
The Holocaust Chronicle,"John K. Roth (Editor), Dieter Kuntz, Russel Lemmons, Robert Ashley Michael, K. Rickus",4.26,"['Holocaust', 'History', 'Nonfiction', 'World War II', 'Reference', 'Historical', 'European History', 'War', 'Biography', 'World History']",English,m;m;m;m;unknown
Theologus Autodidactus,"ابن النفيس, Ibn Al-Nafis",3.84,"['Philosophy', 'Religion', 'Science Fiction', 'Classics', 'Islam', 'Fiction']",English,unknown;unknown
The Great Brain Reforms,"John D. Fitzgerald, Mercer Mayer",4.22,"['Childrens', 'Fiction', 'Historical Fiction', 'Young Adult', 'Historical', 'Humor', 'Middle Grade', 'Adventure', 'Juvenile', 'Comedy']",English,m;unknown
The Daughters of Juárez: A True Story of Serial Murder South of the Border,"Teresa Rodriguez, Diana Montané, Lisa Pulitzer",3.8,"['True Crime', 'Nonfiction', 'Crime', 'History', 'Mystery', 'Social Issues', 'Latin American', 'Gender', 'Politics', 'Death']",English,w;w;w
عصر فولتير 2,"Will Durant, Ariel Durant",4.0,['History'],Arabic,mostly_male;m
Golden Stories of Umar Ibn Al-Khatab,"Abdul Malik Mujahid, Darussalam",4.69,"['Islam', 'Biography', 'Religion']",English,m;unknown
Because You Love to Hate Me: 13 Tales of Villainy,"Amerie  (Editor), Renée Ahdieh , Soman Chainani , Susan Dennard , Sarah Enni , Marissa Meyer , Cindy Pon , Victoria Schwab , more…",3.5,"['Fantasy', 'Young Adult', 'Short Stories', 'Anthologies', 'Retellings', 'Fiction', 'Fairy Tales', 'Young Adult Fantasy', 'Romance', 'Contemporary']",English,unknown;w;unknown;w;w;w;w;w;unknown
The Works of the Brontë Sisters,"Anne Brontë (Contributor), Emily Brontë, Charlotte Brontë",4.33,"['Poetry', 'Fiction', 'Classics']",English,w;w;w
أوروبا الوسطى 1,"Will Durant, Ariel Durant",4.12,['History'],Arabic,mostly_male;m
History of Makkah,"Safiur Rahman Mubarakpuri, Darussalam",4.26,"['Islam', 'History', 'Religion']",English,unknown;unknown
People of the River,"W. Michael Gear, Kathleen O'Neal Gear",4.11,"['Historical Fiction', 'Fiction', 'Historical', 'Prehistoric', 'Fantasy', 'Native Americans', 'Prehistory', 'Anthropology', 'Adult', 'Historical Fantasy']",English,unknown;w
"Blown to Bits: Your Life, Liberty, and Happiness After the Digital Explosion","Hal Abelson, Harry Lewis, Ken Ledeen",3.61,"['Nonfiction', 'Technology', 'Computer Science', 'Sociology', 'Cultural', 'School', 'Reference', 'Education', 'Grad School', 'College']",English,m;m;m
Unnatural Creatures,"Neil Gaiman  (Editor, Contributor), more…",3.88,"['Fantasy', 'Short Stories', 'Fiction', 'Horror', 'Young Adult', 'Anthologies', 'Paranormal', 'Supernatural', 'Science Fiction', 'Science Fiction Fantasy']",English,m;unknown;unknown
Der Incal Bd. 5: In weiter Ferne,"Alejandro Jodorowsky, Mœbius",4.04,"['Comics', 'Bande Dessinée', 'Graphic Novels', 'Science Fiction', 'Graphic Novels Comics', 'Space Opera', 'Comics Bd', 'Comix', 'Comics Manga']",German,m;unknown
Shatter,"Jocelynn Drake , Rinda Elliott",4.38,"['M M Romance', 'Romance', 'Contemporary', 'Suspense', 'Crime', 'LGBT', 'Mystery', 'Romantic Suspense', 'Gay', 'Action']",English,unknown;unknown
Dirk Braeckman,"Dirk Lauwaert, Martin German, Dirk Braeckman, Martin Germann",4.18,"['Photography', 'Art']",,m;m;m;m
The Chomsky-Foucault Debate: On Human Nature,"Noam Chomsky, Michel Foucault",3.94,"['Philosophy', 'Nonfiction', 'Politics', 'Psychology', 'Sociology', 'Science', 'Theory', 'Linguistics', 'Political Science', 'Language']",English,mostly_male;m
"Operations Management: With ""Essentials Of Management And Organisational Behaviour"" And ""Accounting And Finance For Non Specialists""","Nigel Slack, Robert Johnston, Stuart Chambers, Laurie J. Mullins, Peter Atrill, Stephen Pettitt, Frances Brassington, Eddie McLaney",4.13,[],,m;m;m;w;m;m;w;m
"My Mother She Killed Me, My Father He Ate Me: Forty New Fairy Tales","Kate Bernheimer (Editor), Carmen Giménez Smith, more…",3.61,"['Short Stories', 'Fantasy', 'Fiction', 'Fairy Tales', 'Anthologies', 'Horror', 'Retellings', 'Magical Realism', 'Mythology', 'Unfinished']",English,w;w;unknown
أوروبا الوسطى 2,"Will Durant, Ariel Durant",4.15,['History'],Arabic,mostly_male;m
LOVING OUR PARENTS,"Abdul Malik Mujahid, Darussalam",4.45,"['Islam', 'Religion']",English,m;unknown
"Les soirées de Médan (Zola, Maupassant, Hennique, ...)","Émile Zola, Guy de Maupassant, Joris-Karl Huysmans, Henry CÃ©ard, LÃ©on Hennique, Paul Alexis",3.34,"['Short Stories', 'Classics']",English,unknown;m;unknown;m;unknown;m
John Difool 6. In nächster Nähe,"Alejandro Jodorowsky, Moebius.",4.12,"['Comics', 'Bande Dessinée', 'Graphic Novels', 'Science Fiction', 'Graphic Novels Comics', 'Space Opera', 'Comix', 'Comic Book', 'Comics Manga']",,m;unknown
"Τα ποιήματα, 1941-1971","Manolis Anagnostakis, Μανόλης Αναγνωστάκης",4.51,"['Poetry', 'Greece']","Greek, Modern (1453-)",m;unknown
An Introduction to the Old Testament,"Tremper Longman III, Raymond B. Dillard",4.04,"['Theology', 'Old Testament', 'Reference', 'Christianity', 'Christian', 'Nonfiction', 'History', 'Spirituality', 'Religion', 'Textbooks']",English,unknown;m
Bowling for Dummies,"A.J. Forrest, Lisa Iannucci",4.0,['Sports'],English,unknown;w
nightrise,"Nell Stark , Trinity Tam",3.96,"['Lesbian', 'Paranormal', 'Fantasy', 'LGBT', 'Lesbian Fiction', 'Vampires', 'Urban Fantasy', 'Romance', 'Shapeshifters', 'Lesbian Romance']",English,w;mostly_female
Hair,"Gerome Ragni, James Rado",3.75,"['Plays', 'Music', 'Musicals', 'Theatre', 'Fiction', 'Drama', 'American', 'Art']",English,unknown;m
The Word of Promise Complete Audio Bible: NKJV,"Anonymous, more…",4.55,"['Religion', 'Nonfiction', 'Audiobook', 'Christian', 'History', 'Spirituality', 'Classics', 'Reference', 'Theology', 'Inspirational']",English,unknown;unknown
Как да нарисуваш птица,"Jacques Prévert, Жак Превер",4.49,"['Poetry', 'France']",Multiple languages,m;unknown
Management and Organisational Behaviour,"Karen Meudell, Tony. Callen",3.0,[],English,w;unknown
Τα Διηγήματα,"Stratis Tsirkas, Στρατής Τσίρκας",4.15,['Short Stories'],"Greek, Modern (1453-)",unknown;unknown
روسو والثورة 1,"Will Durant, Ariel Durant",3.86,['History'],Arabic,mostly_male;m
Sun Chief: The Autobiography of a Hopi Indian,"Don C. Talayesva, Robert V. Hine, Leo W. Simmons",3.78,"['History', 'Memoir', 'Nonfiction', 'Anthropology', 'Biography']",English,m;m;m
The Hunter and the Quail,"Trudy Crofts, Nazli Gellek",3.0,[],English,w;unknown
Hugo Pepper,"Paul Stewart , Chris Riddell",4.07,"['Fantasy', 'Childrens', 'Fiction', 'Adventure', 'Middle Grade', 'Chapter Books', 'Young Adult', 'Juvenile', 'Humor', 'Novels']",English,m;mostly_male
Der Incal Bd. 4: In höchsten Höhen,"Alejandro Jodorowsky, Mœbius",4.12,"['Comics', 'Bande Dessinée', 'Graphic Novels', 'Science Fiction', 'Graphic Novels Comics', 'Comics Bd', 'Space Opera', 'France', 'Comix', 'Comics Manga']",German,m;unknown
Contes Du Pelech (1884),"Carmen Sylva, Louis Salles, Felix Salles",4.13,[],French,w;m;m
UnBound,"Neal Shusterman , Michelle Knowlden, Jarrod Shusterman, Terry Black , Brendan Shusterman",4.25,"['Young Adult', 'Dystopia', 'Science Fiction', 'Short Stories', 'Fiction', 'Fantasy', 'Anthologies', 'Teen', 'Horror', 'Survival']",English,m;w;m;mostly_male;m
everafter,"Nell Stark , Trinity Tam",3.82,"['Lesbian', 'Paranormal', 'Romance', 'Urban Fantasy', 'Vampires', 'LGBT', 'Fantasy', 'Lesbian Fiction', 'Queer', 'Fiction']",English,w;mostly_female
Η τιμή και το χρήμα,"Konstantinos Theotokis, Κωνσταντίνος Θεοτόκης",3.94,"['Classics', 'Fiction']","Greek, Modern (1453-)",m;unknown
The Children's Homer: The Adventures of Odysseus and the Tale of Troy,"Padraic Colum, Homer",3.89,"['Classics', 'Mythology', 'History', 'Childrens', 'Literature', 'School', 'Adventure', 'Audiobook', 'Middle Grade', 'Greece']",English,unknown;m
الجنوب الكاثوليكى,"Will Durant, Ariel Durant",3.91,['History'],Arabic,mostly_male;m
Islamic medicine,"Yusuf Al-Hajj Ahmad, Darussalam",4.25,"['Islam', 'Religion', 'Health', 'Medicine', 'Nonfiction']",English,m;unknown
Gabriel's Horn,"Alex Archer (pseudonym), Mel Odom",3.85,"['Fantasy', 'Urban Fantasy', 'Adventure', 'Fiction', 'Action', 'Paranormal', 'Mystery', 'Supernatural', 'Thriller', 'Womens']",English,m;mostly_female
Der Incal Bd. 3: In tiefsten Tiefen,"Alejandro Jodorowsky, Mœbius",4.02,"['Comics', 'Bande Dessinée', 'Graphic Novels', 'Science Fiction', 'Comics Bd', 'Graphic Novels Comics', 'Space Opera', 'Comics Manga']",German,m;unknown
Why I'm Yours,"S. Moose , C.A. Harms",4.19,"['Romance', 'Contemporary Romance', 'Abuse', 'Contemporary']",English,unknown;unknown
Kiki de Montparnasse,"Catel, José-Louis Bocquet",3.89,"['Graphic Novels', 'Comics', 'Biography', 'Nonfiction', 'Bande Dessinée', 'Art', 'France', 'History', 'Graphic Novels Comics', 'Feminism']",French,unknown;unknown
"Astro City, Vol. 2: Confession","Kurt Busiek, Alex Ross, Brent Anderson",4.32,"['Comics', 'Graphic Novels', 'Superheroes', 'Comic Book', 'Fiction', 'Graphic Novels Comics', 'Fantasy', 'Science Fiction', 'Mystery', 'Vampires']",English,m;m;m
"Vatican Council II: Constitutions, Decrees, Declarations","Second Vatican Council, Pope Paul VI",4.23,"['Theology', 'Catholic', 'Religion', 'Reference', 'Nonfiction', 'Education', 'Christian', 'Spirituality', 'Church']",English,unknown;unknown
nevermore,"Nell Stark , Trinity Tam",4.02,"['Lesbian', 'Paranormal', 'Fantasy', 'LGBT', 'Urban Fantasy', 'Vampires', 'Romance', 'Lesbian Fiction', 'Shapeshifters', 'Lesbian Romance']",English,w;mostly_female
"The Absolute Sandman, Volume Five","Neil Gaiman  (Writer), more…",4.67,"['Comics', 'Graphic Novels', 'Fantasy', 'Fiction', 'Horror', 'Graphic Novels Comics', 'Comix', 'Comic Book', 'Mythology', 'Dc Comics']",English,m;unknown
The Watchtower,"Lee Carroll, Carol Goodman",3.29,"['Fantasy', 'Urban Fantasy', 'Paranormal', 'Romance', 'Young Adult', 'Vampires', 'Fiction', 'Magic', 'Supernatural', 'Fae']",English,mostly_male;mostly_female
The Dreaming: Beyond the Shores of Night,"Terry LaBan , Alisa Kwitney , Peter Hogan",4.12,"['Comics', 'Graphic Novels', 'Fantasy', 'Graphic Novels Comics', 'Comic Book', 'Science Fiction Fantasy', 'Adult', 'Dark Fantasy', 'Fiction']",English,mostly_male;w;m
Ο Εχθρικός Πλανήτης,"Freddy Germanos, Φρέντυ Γερμανός",3.93,[],"Greek, Modern (1453-)",m;unknown
Αριάγνη,"Στρατής Τσίρκας, Stratis Tsirkas",4.33,"['Fiction', 'Literature', 'Historical Fiction', 'Classics']","Greek, Modern (1453-)",unknown;unknown
أثر الفراشة,"Mahmoud Darwish, محمود درويش",4.05,"['Poetry', 'Literature', 'Classics', 'Philosophy']",Arabic,m;unknown
الإسلام والشرق السلافي/الشمال البروتستنتي,"Will Durant, Ariel Durant",3.88,['History'],Arabic,mostly_male;m
Memoir of the repentant people,"محمد عبدالرحمن العريفي, Darussalam",4.43,['Islam'],English,unknown;unknown
La Mort du Vazir-Moukhtar,"Yury Tynyanov, Iouri Tyniavov",4.22,"['Russian Literature', 'Fiction']",French,m;unknown
L'Incal Lumière,"Alejandro Jodorowsky, Mœbius",4.1,"['Comics', 'Bande Dessinée', 'Graphic Novels', 'Science Fiction', 'Comics Bd', 'Graphic Novels Comics', 'Space Opera', 'Comics Manga']",French,m;unknown
A Day of Fire: A Novel of Pompeii,"Stephanie Dray , Ben Kane, E. Knight , Sophie Perinot , Kate Quinn , Vicky Alvear Shecter",4.14,"['Historical Fiction', 'Italy', 'Short Stories', 'Historical', 'Fiction', 'Anthologies', 'Adult', 'Roman', 'Ancient', 'Historical Romance']",English,w;m;unknown;w;w;w
The Revolution Starts at Home: Confronting Intimate Violence Within Activist Communities,"Ching-In Chen  (Editor), more…",4.37,"['Feminism', 'Nonfiction', 'Activism', 'Queer', 'Social Justice', 'Essays', 'LGBT', 'Politics', 'Anthologies', 'Gender']",English,unknown;unknown
Nativity Poems,"Joseph Brodsky, more…",4.15,"['Poetry', 'Russia', 'Russian Literature']",English,m;unknown
The Climb: Tragic Ambitions on Everest,"Anatoli Boukreev, G. Weston DeWalt",3.95,"['Nonfiction', 'Adventure', 'Mountaineering', 'Travel', 'Memoir', 'Climbing', 'Survival', 'Biography', 'History', 'Outdoors']",English,m;unknown
The Princess in Black and the Hungry Bunny Horde,"Shannon Hale , Dean Hale",4.19,"['Fantasy', 'Childrens', 'Chapter Books', 'Humor', 'Fiction', 'Adventure', 'Juvenile', 'Middle Grade', 'Princesses', 'Superheroes']",English,mostly_female;m
Lettres d'amour: Les Héroïdes,"Ovid, Ovide",4.12,"['Poetry', 'Classics', 'Mythology', 'Fiction', 'Roman', 'Literature', 'Ancient History', 'Ancient', 'Romance', 'Fantasy']",French,unknown;unknown
"The Lost World of the Flood: Mythology, Theology, and the Deluge Debate","Tremper Longman III, John H. Walton",4.13,"['Theology', 'Christian', 'Religion', 'Old Testament', 'History', 'Nonfiction', 'Science', 'Christianity']",,unknown;m
L'an 2440,"Louis-Sébastien Mercier, Christine Marcandier-Colard",2.92,"['Fiction', 'Science Fiction', 'France', 'Utopia']",,unknown;w
The Thief and the Dogs,"Naguib Mahfouz, Naguib Mahfouz",3.64,"['Fiction', 'Novels', 'Egypt', 'Literature', 'Classics', 'Egyptian Literature', 'Nobel Prize', 'Historical Fiction', 'Africa', '20th Century']",English,unknown;unknown
Άπαντα,"Maria Polydouri, Μαρία Πολυδούρη",4.1,['Poetry'],"Greek, Modern (1453-)",w;unknown
The Borley Rectory Companion: The Complete Guide to 'The Most Haunted House in England',"Paul Adams, Peter Underwood, Eddie Brazil",3.69,[],English,m;m;m
روسو و الثورة 2,"Will Durant, Ariel Durant",4.05,['History'],Arabic,mostly_male;m
Miracles & Merits of Allah's Messenger - Al Bidayah VI,"ابن كثير, Ibn Kathir",4.59,['Islam'],English,unknown;unknown
Tales of the Bounty Hunters,"Kevin J. Anderson  (Editor), Dave Wolverton, Kathy Tyers , M. Shayne Bell, Daniel Keys Moran",3.78,"['Star Wars', 'Science Fiction', 'Fiction', 'Short Stories', 'Anthologies', 'Fantasy', 'Science Fiction Fantasy', 'Space', 'Space Opera', 'Adventure']",English,m;m;w;unknown;m
Записки врача,"V.V. Veresaev, Викентий Вересаев",4.53,"['Russia', 'Medicine', 'Biography']",Russian,unknown;unknown
Князь Серебряный,"Aleksey Konstantinovich Tolstoy, Алексей Константинович Толстой",4.31,"['Russia', 'Russian Literature', 'Classics']",Russian,m;unknown
The Princess in Black,"Shannon Hale , Dean Hale",4.08,"['Fantasy', 'Childrens', 'Adventure', 'Fiction', 'Chapter Books', 'Middle Grade', 'Humor', 'Juvenile', 'Picture Books', 'Princesses']",English,mostly_female;m
Max Einstein: The Genius Experiment,"James Patterson , Chris Grabenstein",4.19,"['Middle Grade', 'Childrens', 'Fiction', 'Science Fiction', 'Adventure', 'Young Adult', 'Chapter Books', 'Action', 'Humor', 'Audiobook']",English,m;mostly_male
Soldier Boys,"Dean Hughes, Kim McGillivray",4.04,"['Historical Fiction', 'Young Adult', 'War', 'World War II', 'Historical', 'Fiction', 'Military Fiction', 'Holocaust', 'Coming Of Age', 'Action']",English,m;mostly_female
"Κώστας Καρυωτάκης, Μαρία Πολυδούρη και η αρχή της αμφισβήτησης","Λιλή Ζωγράφου, Λιλή Ζωγράφου",3.86,[],"Greek, Modern (1453-)",unknown;unknown
قصة الحضارة: عصر نابوليون #1,"Will Durant, Ariel Durant",3.79,['History'],Arabic,mostly_male;m
Kicking It,"Faith Hunter  (Editor), more…",3.83,"['Vampires', 'Paranormal', 'Fantasy', 'Anthologies', 'Paranormal Romance', 'Romance', 'Urban Fantasy', 'Short Stories', 'Magic', 'Supernatural']",English,w;unknown
Fast According to Sunna,"Muhammad Zulfiqar, Darussalam",4.6,['Islam'],English,m;unknown
Sweet Nothing,"Jamie McGuire , Teresa Mummert",3.91,"['Romance', 'New Adult', 'Contemporary', 'Contemporary Romance', 'Audiobook', 'Young Adult', 'Fiction', 'Adult', 'Fantasy', 'Chick Lit']",English,mostly_female;w
The Leaning Girl,"François Schuiten, Benoît Peeters, Marie-Françoise Plissart",3.94,"['Comics', 'Graphic Novels', 'Fantasy', 'Bande Dessinée', 'Science Fiction', 'Art', 'Graphic Novels Comics', 'Fiction', 'Comics Bd', 'Comix']",English,m;m;unknown
Ιδιώνυμο,"Katerina Gogou, Κατερίνα Γώγου",4.5,"['Poetry', 'Greece']","Greek, Modern (1453-)",w;unknown
+Anima 2,"Natsumi Mukai, 迎夏生",4.25,"['Manga', 'Fantasy', 'Graphic Novels', 'Comics', 'Fiction', 'Adventure', 'Young Adult', 'Animals', 'Shonen', 'Comics Manga']",English,w;unknown
Shinto: The Kami Way,"Sokyo Ono, William P. Woodard",3.74,"['Religion', 'Japan', 'Nonfiction', 'Spirituality', 'Philosophy', 'Japanese Literature', 'Anthropology', 'History', 'Paganism', 'Japanese History']",English,unknown;m
قصة الحضارة: عصر نابوليون #2,"Will Durant, Ariel Durant",3.77,['History'],Arabic,mostly_male;m
O Young Man,"Darussalam, Darussalam",4.43,['Islam'],English,unknown;unknown
Ask Me Why I Hurt: The Kids Nobody Wants and the Doctor Who Heals Them,"Randy Christensen, Rene Denfeld",4.28,"['Nonfiction', 'Memoir', 'Medical', 'Medicine', 'Biography', 'Biography Memoir', 'Social Justice', 'Health', 'Science', 'Autobiography']",English,mostly_male;m
Double Fault,"Lionel Shriver , Barrington Saddler Llc",3.2,"['Fiction', 'Contemporary', 'Sports', 'Relationships', 'Marriage', 'Modern', 'Novels', 'Family', 'Adult Fiction', 'Literary Fiction']",English,m;unknown
"Queen and Country: The Definitive Edition, Vol. 1","Greg Rucka, Steve Rolston, Brian Hurtt",4.02,"['Comics', 'Graphic Novels', 'Fiction', 'Graphic Novels Comics', 'Espionage', 'Thriller', 'Comic Book', 'War', 'Crime', 'Adventure']",English,m;m;m
Νεφέλες - Πλούτος,"Aristophanes, Αριστοφάνης",4.44,['Classics'],"Greek, Ancient (to 1453)",unknown;unknown
Cravings,"Laurell K. Hamilton , MaryJanice Davidson , Eileen Wilks , Rebecca York",3.82,"['Paranormal', 'Urban Fantasy', 'Paranormal Romance', 'Anthologies', 'Romance', 'Fantasy', 'Vampires', 'Fiction', 'Short Stories', 'Supernatural']",English,unknown;unknown;w;w
"The Essential Haiku: Versions of Basho, Buson, and Issa","Robert Hass (Editor, Translator), Matsuo Bashō, Yosa Buson, Kobayashi Issa",4.34,"['Poetry', 'Japan', 'Japanese Literature', 'Nonfiction', 'Classics', 'Anthologies', 'History', 'Historical', 'Essays', 'Literature']",English,m;unknown;unknown;unknown;unknown
قصة الحضارة: عصر نابوليون #3,"Will Durant, Ariel Durant",3.77,['History'],Arabic,mostly_male;m
How to invite people to Allah,"محمد عبدالرحمن العريفي, Darussalam",4.41,"['Islam', 'Religion']",English,unknown;unknown
الآخرون,"Siba Al-Harez, صبا الحرز",3.03,"['Fiction', 'Novels', 'LGBT', 'Queer', 'Sexuality']",Arabic,unknown;unknown
Денискины рассказы,"Victor Dragunsky, Виктор Драгунский",4.53,"['Russia', 'Childrens', 'Short Stories', 'Fiction', 'Russian Literature', 'Adventure', 'Humor']",Russian,m;unknown
"The New Teen Titans Omnibus, Vol. 1","Marv Wolfman, Various",4.34,"['Comics', 'Graphic Novels', 'Dc Comics', 'Comic Book', 'Superheroes', 'Graphic Novels Comics', 'American']",English,m;unknown
"The Boys, Volume 1: The Name of the Game","Garth Ennis, Darick Robertson",4.0,"['Comics', 'Graphic Novels', 'Fiction', 'Superheroes', 'Graphic Novels Comics', 'Comic Book', 'Fantasy', 'Science Fiction', 'Humor', 'Comix']",English,m;unknown
Catch 22 by Joseph Heller (Teacher Guide),"Novel Units, Inc.",3.86,['Fiction'],,m;unknown
Word of Mouse,"James Patterson , Chris Grabenstein",4.11,"['Middle Grade', 'Fantasy', 'Animals', 'Childrens', 'Fiction', 'Adventure', 'Juvenile', 'Humor', 'Audiobook', 'Family']",,m;mostly_male
John Deakin: Photographs,"John Deakin, Robin Muir",5.0,[],English,m;mostly_male
Disney's Pooh's Grand Adventure The Search for Christopher Robin (A Little Golden Book),"Justine Korman (Adapted By), Karl Geurs, Carter Crocker",4.08,"['Childrens', 'Picture Books', 'Fiction', 'Animals', 'Adventure']",English,w;m;m
Shadows in the Nave: A Guide to the Haunted Churches of England,"Paul Adams, Eddie Brazil, Peter Underwood",3.88,['Paranormal'],English,m;m;m
قصة الحضارة: عصر نابوليون #4,"Will Durant, Ariel Durant",3.93,['History'],Arabic,mostly_male;m
Dear Bully: Seventy Authors Tell Their Stories,"Megan Kelley Hall  (Editor), more…",4.06,"['Nonfiction', 'Short Stories', 'Anthologies', 'Memoir', 'Biography', 'Contemporary', 'Realistic Fiction', 'Essays', 'Teen', 'School']",English,w;unknown
السابق,"Kahlil Gibran, جبران خليل جبران",3.76,"['Poetry', 'Philosophy', 'Fiction', 'Short Stories', 'Spirituality', 'Religion', 'Literature', 'Classics', 'Novels']",Arabic,unknown;unknown
A People's History of American Empire,"Howard Zinn, Paul M. Buhle, Mike Konopacki",4.14,"['History', 'Graphic Novels', 'Nonfiction', 'Politics', 'Comics', 'American History', 'War', 'Historical', 'American', 'Bande Dessinée']",English,m;m;m
The Cardboard Kingdom,"Chad Sell, more…",4.17,"['Graphic Novels', 'Middle Grade', 'Comics', 'Childrens', 'LGBT', 'Fantasy', 'Fiction', 'Adventure', 'Juvenile', 'Realistic Fiction']",,m;unknown
Still Woman Enough: A Memoir,"Loretta Lynn, Patsi Bale Cox",4.2,"['Biography', 'Memoir', 'Music', 'Nonfiction', 'Autobiography', 'Biography Memoir']",English,w;unknown
Evenings with Idries Shah,"R. Easterling, Kamil Hanafy",4.65,[],English,unknown;m
One Blood: The Biblical Answer to Racism,"Ken Ham, Don Batten, Carl Wieland",4.23,"['Nonfiction', 'Christian', 'Science', 'Theology', 'Christian Non Fiction', 'Christianity', 'Christian Living', 'Evolution', 'Spirituality', 'Religion']",English,m;m;m
Τα Ποιήματα 1897-1933,"Constantinos P. Cavafy, Κ.Π. Καβάφης",4.63,"['Poetry', 'Classics', 'LGBT', 'Politics']",,unknown;unknown
قصة الحضارة: عصر نابوليون #5,"Will Durant, Ariel Durant",4.27,['History'],Arabic,mostly_male;m
The Essential Neruda: Selected Poems,"Pablo Neruda, more…",4.46,"['Poetry', 'Classics', 'Spanish Literature', 'Fiction', 'Literature', 'Latin American', 'Nobel Prize', 'Romance', '20th Century', 'Latin American Literature']",English,m;unknown
Death's Excellent Vacation,"Charlaine Harris  (Editor), more…",3.71,"['Paranormal', 'Fantasy', 'Urban Fantasy', 'Vampires', 'Anthologies', 'Short Stories', 'Paranormal Romance', 'Fiction', 'Romance', 'Supernatural']",English,w;unknown
Against the Wind,"Bodie Thoene , Brock Thoene",4.24,"['Historical Fiction', 'Christian Fiction', 'Fiction', 'World War II', 'Historical', 'Christian', 'War', 'Holocaust', 'Christian Romance', 'Christian Historical Fiction']",English,unknown;m
Το εργοστάσιο των μολυβιών,"Soti Triantafillou, Σώτη Τριανταφύλλου",3.75,"['Fiction', 'Historical Fiction', 'Greece']","Greek, Modern (1453-)",unknown;unknown
Guards! Guards!: The Graphic Novel,"Stephen Briggs (Adapted by), Terry Pratchett",4.35,"['Fantasy', 'Comics', 'Graphic Novels', 'Humor', 'Comedy', 'Graphic Novels Comics', 'Fiction', 'Dragons', 'Comic Book', 'Science Fiction']",English,m;mostly_male
اسكندريتي,"Edwar al-Kharrat, إدوار الخراط",2.67,[],Arabic,unknown;unknown
Le meraviglie del possibile: Antologia della Fantascienza,"Carlo Fruttero (Editor), Philip K. Dick, Katherine Anne MacLean, Walter M. Miller Jr., Isaac Asimov, Richard Matheson, Lion Miller, more…",4.36,"['Science Fiction', 'Fiction', 'Short Stories']",Italian,m;m;w;m;m;m;m;unknown
Krylov's Fables (Classics of Russian literature),"Ivan Krylov, Иван Андреевич Крылов",4.11,"['Russia', 'Classics', 'Poetry', 'Russian Literature', 'Fiction', 'Short Stories', 'Childrens', 'Fairy Tales']",English,m;unknown
Ερωτόκριτος,"Vitsentzos Kornaros, Βιτσέντζος Κορνάρος",4.46,"['Poetry', '17th Century', 'Classics', 'Romance', 'Theatre']","Greek, Modern (1453-)",unknown;unknown
Charlie's Victory: An Autobiography,"Charlie Wedemeyer, Gregg Lewis",4.27,['Memoir'],English,mostly_male;m
"The Royal Diaries : Elizabeth I, Isabel Jewel of Castilla, Cleopatra VII, Marie Antoinette - Boxed set of 4","Kathryn Lasky, Kristiana Gregory , Carolyn Meyer",4.15,"['Historical Fiction', 'Fiction', 'Historical', 'Childrens', 'Princesses', 'Marriage', 'Diary']",,w;w;w
Μαρία Νεφέλη,"Odysseus Elytis, Οδυσσέας Ελύτης",4.54,['Poetry'],"Greek, Modern (1453-)",unknown;unknown
Scientific Wonders on Earth & in Space,"Yusuf Al-Hajj Ahmad, Darussalam",4.37,[],English,m;unknown
"Home Comfort: Stories and Scenes of Life on Total Loss Farm,","Richard Wizansky (Editor and author), Marty Jezer, Raymond Mungo, Jeanne Pepper, Ellen Snyder, more…",4.0,[],English,m;mostly_male;m;w;w;unknown
Το αμάρτημα της μητρός μου,"Georgios Vizyinos, Γεώργιος Βιζυηνός",4.24,"['Classics', 'Short Stories', 'Fiction', 'Literature', 'Novels', 'Realistic Fiction', '19th Century']","Greek, Modern (1453-)",m;unknown
Spain. Illustrated by Gustave Dor�. Translated by J. Thomson,"Jean Charles Davillier, Gustave Doré, John Thomson",4.0,[],,m;m;m
The Lost World of Scripture: Ancient Literary Culture and Biblical Authority,"John H. Walton, D. Brent Sandy",4.26,"['Theology', 'Religion', 'History', 'Christian', 'Christianity', 'Old Testament', 'Nonfiction', 'Scripture', 'Science', 'New Testament']",English,m;unknown
Games of Strategy,"Avinash K. Dixit, Susan Skeath, David H. Reiley Jr.",3.97,"['Economics', 'Nonfiction', 'Business', 'Textbooks', 'Mathematics', 'Science', 'School', 'Psychology', 'Popular Science', 'Games']",English,m;w;m
Brother in the Shadow,"Patrick Branwell Brontë, Mary Butterfield",4.2,[],English,m;mostly_female
Hesiod and Theognis,"Hesiod, Theognis",3.69,"['Poetry', 'Classics', 'Mythology', 'Fiction', 'Philosophy', 'Literature', 'Greece', 'Historical', 'Epic Poetry', 'School']",English,unknown;unknown
Προσανατολισμοί,"Odysseus Elytis, Οδυσσέας Ελύτης",4.46,['Poetry'],"Greek, Modern (1453-)",unknown;unknown
Scientific Miracles in Ocean and Animals,"Yusuf Al-Hajj Ahmad, Darussalam",4.36,['Islam'],English,m;unknown
Όνειρο στο κύμα και άλλα διηγήματα,"Alexandros Papadiamantis, Αλέξανδρος Παπαδιαμάντης",3.97,"['Classics', 'Fiction', 'Short Stories', 'Literature']","Greek, Modern (1453-)",m;unknown
Tigerstern und Sasha,"Erin Hunter, James L. Barry",4.31,"['Manga', 'Fantasy', 'Cats', 'Graphic Novels', 'Childrens']",German,mostly_female;m
"História da Vida Privada, Vol. 5: Da Primeira Guerra a nossos dias","Philippe Ariès, Antoine Prost, Gerard Vincent",3.9,"['History', 'Nonfiction', 'European History', 'France', 'Art', 'Reference', '20th Century', 'Politics', 'Cultural']",Portuguese,m;m;m
The Tibetan Book of the Dead,"Padmasambhava, Karma-glin-pa",4.14,"['Philosophy', 'Religion', 'Buddhism', 'Nonfiction', 'Spirituality', 'Classics', 'Death', 'Mythology', 'History', 'Eastern Philosophy']",English,unknown;unknown
The Seventh Gate,"Margaret Weis , Tracy Hickman",4.11,"['Fantasy', 'Fiction', 'Epic Fantasy', 'Science Fiction Fantasy', 'High Fantasy', 'Dragons', 'Science Fiction', 'Magic', 'Adventure', 'Dragonlance']",English,w;mostly_female
Early Days,"Ibn Kathir, Darussalam",4.39,"['Islam', 'History', 'Religion']",English,unknown;unknown
Οι έμποροι των εθνών,"Alexandros Papadiamantis, Αλέξανδρος Παπαδιαμάντης",4.08,"['Historical Fiction', 'Historical', 'Classics', 'Literature']","Greek, Modern (1453-)",m;unknown
"I Have the Right to: A High School Survivor's Story of Sexual Assault, Justice, and Hope","Chessy Prout, Jenn Abelson",4.41,"['Nonfiction', 'Memoir', 'Feminism', 'Biography', 'Biography Memoir', 'Teen', 'Social Justice', 'Audiobook', 'High School', 'Social Issues']",,unknown;w
"Golden Buddha / Sacred Stone (The Oregon Files, #1-2)","Clive Cussler, Craig Dirgo , Jack Du Brul, Boyd Morrison",4.28,"['Adventure', 'Thriller', 'Fiction', 'Action']",English,m;m;m;m
Description of Paradise in the Glorious Qur'an,"Abdul Halim Ibn Muhammad Nassae As-Salafi, Darussalam",4.48,['Islam'],English,m;unknown
Magic Lantern,"Alex Archer (pseudonym), Mel Odom",3.91,"['Fantasy', 'Urban Fantasy', 'Adventure', 'Fiction', 'Action']",English,m;mostly_female
Immortal Dreams,"C.M. Owens , Chrissy Peebles",3.94,"['Paranormal', 'Vampires', 'Fantasy', 'Paranormal Romance', 'Romance', 'Anthologies', 'Amazon']",English,unknown;w
"Contos Humorísticos (Biblioteca de Verão JN 2011, #16)","William Saroyan, V.S. Pritchett, Thomas Wolfe, F. Scott Fitzgerald",2.89,['Short Stories'],Portuguese,m;unknown;m;unknown
DSM,"M.J. Winn , Michael Winn",3.25,"['Horror', 'Mystery', 'Thriller']",English,unknown;m
After the Flood,"Erin Hunter, Dan Jolley",4.34,"['Manga', 'Fantasy', 'Graphic Novels', 'Animals', 'Comics', 'Cats', 'Fiction', 'Middle Grade', 'Adventure', 'Childrens']",English,mostly_female;m
Our Riches in Christ: Discovering the Believer's Inheritance in Ephesians,"Ray C. Stedman, James D. Denney",4.75,[],English,mostly_male;m
Και με το φως του λύκου επανέρχονται,"Zyranna Zateli, Ζυράννα Ζατέλη",4.24,"['Fiction', 'Greece', 'Magical Realism', 'Classics', 'Literature', 'Novels']","Greek, Modern (1453-)",unknown;unknown
Winning the Hearts & Souls,"ابن كثير, Ibn Kathir",4.43,['Islam'],English,unknown;unknown
Death by the Book,"Julianna Deering (pen name), DeAnna Julie Dodson",4.09,"['Mystery', 'Historical Fiction', 'Christian Fiction', 'Christian', 'Historical Mystery', 'Historical', 'Cozy Mystery', 'Romance', 'Mystery Thriller', 'Adult Fiction']",English,w;unknown
The Heavenly Man: The Remarkable True Story of Chinese Christian Brother Yun,"Paul Hattaway, Brother Yun",4.29,"['Biography', 'Christian', 'Nonfiction', 'China', 'Christianity', 'Faith', 'Religion', 'Christian Non Fiction', 'Memoir', 'Spirituality']",English,m;unknown
Death Tide,"A.C. Crispin, Deborah A. Marshall",3.36,"['Science Fiction', 'Media Tie In', 'Dystopia', 'Fiction']",English,unknown;w
Where There Is No Doctor: A Village Health Care Handbook,"David Werner, Carol Thuman, Jane Maxwell",4.35,"['Nonfiction', 'Reference', 'Health', 'Survival', 'Medical', 'Medicine', 'Science', 'Health Care', 'Travel', 'Sustainability']",English,m;mostly_female;w
Oriental Magic,"Idries Shah, Louis Marin",4.22,"['Occult', 'Magic', 'Esoterica', 'Islam', 'Mythology', 'Alchemy', 'Nonfiction']",English,unknown;m
Το πάθος χιλιάδες φορές,"Zyranna Zateli, Ζυράννα Ζατέλη",4.19,['Fiction'],"Greek, Modern (1453-)",unknown;unknown
"Tubo de Ensaio, Parte III","Bruno Nogueira, João Quadros",3.5,['Humor'],Portuguese,m;mostly_male
The Valley Came Alive - Al Bidayah - Vol III,"ابن كثير, Ibn Kathir",4.42,[],English,unknown;unknown
Supernatural,"Larissa Ione , Alexandra Ivy , Jacquelyn Frank , G.A. Aiken",4.12,"['Paranormal Romance', 'Paranormal', 'Anthologies', 'Romance', 'Fantasy', 'Vampires', 'Dragons', 'Demons', 'Shapeshifters', 'Urban Fantasy']",English,w;w;w;unknown
Beyond the Code,"Erin Hunter, Dan Jolley",4.27,"['Manga', 'Fantasy', 'Graphic Novels', 'Animals', 'Comics', 'Cats', 'Childrens', 'Middle Grade', 'Fiction', 'Young Adult']",English,mostly_female;m
The Hades Factor,"Robert Ludlum, Gayle Lynds",3.89,"['Thriller', 'Fiction', 'Mystery', 'Espionage', 'Suspense', 'Action', 'Adventure', 'Spy Thriller', 'Mystery Thriller', 'Crime']",English,m;mostly_female
Μαουτχάουζεν,"Iakovos Kambanellis, Ιάκωβος Καμπανέλλης",4.44,"['Nonfiction', 'Classics', 'World War II', 'History', 'Literature', 'Memoir']","Greek, Modern (1453-)",m;unknown
East Coast Crisis,"Howard Weinstein , A.C. Crispin",3.41,"['Science Fiction', 'Fiction', 'Media Tie In', 'Science Fiction Fantasy', 'War', 'Fantasy']",English,m;unknown
Final Crisis,"Grant Morrison (Writer), more…",3.41,"['Comics', 'Graphic Novels', 'Dc Comics', 'Batman', 'Comic Book', 'Superheroes', 'Fiction', 'Graphic Novels Comics', 'Fantasy', 'Superman']",English,m;unknown
Home Improvement: Undead Edition,"Charlaine Harris  (Editor), more…",3.65,"['Urban Fantasy', 'Fantasy', 'Paranormal', 'Anthologies', 'Short Stories', 'Vampires', 'Fiction', 'Supernatural', 'Horror', 'Mystery']",English,w;unknown
"The Melancholy of Haruhi Suzumiya, Vol. 12","Nagaru Tanigawa, Gaku Tsugano, Noizi Itou",4.09,"['Manga', 'Science Fiction', 'Light Novel']",English,unknown;unknown;unknown
Love Me If You Dare,"Kate Laurens, Lauren Hawkeye",3.72,"['Romance', 'New Adult', 'Drama', 'College', 'Contemporary Romance']",,w;mostly_female
"The Best Team Ever: A Novel of America, Chicago, and the 1907 Cubs","Alan Alop, Doc Noel",3.77,[],English,m;andy
Zoe the Earless Kitten: Zoe Meets the Family,"Melissa Webb , Lexy Webb",5.0,[],English,w;unknown
Francesca Woodman,"Corey Keller (Photographs), Jennifer Blessing",4.45,"['Photography', 'Art', 'Nonfiction', 'Art and Photography', 'History', 'Reference', 'Biography']",English,mostly_male;w
"New X-Men by Grant Morrison: Ultimate Collection, Book 3","Grant Morrison, Chris Bachalo, Phil Jimenez",4.09,"['Comics', 'Graphic Novels', 'Marvel', 'X Men', 'Superheroes', 'Comic Book', 'Fiction', 'Comix', 'Graphic Novels Comics', 'Bande Dessinée']",English,m;mostly_male;m
"The Melancholy of Haruhi Suzumiya, Vol. 11","Nagaru Tanigawa, Gaku Tsugano, Noizi Itou",4.2,"['Manga', 'Science Fiction', 'Paranormal', 'Light Novel', 'Fantasy', 'Comedy', 'Humor', 'Graphic Novels']",English,unknown;unknown;unknown
The Rose and the Yew Tree,"Mary Westmacott (Pseudonym), Agatha Christie",3.62,"['Fiction', 'Romance', 'Mystery', 'Classics', 'Drama', 'British Literature', '20th Century', 'Gothic', 'Literature', 'Novels']",English,mostly_female;w
"...καλά, εσύ σκοτώθηκες νωρίς","Χρόνης Μίσσιος, Chronis Missios",4.46,"['Politics', 'Literature', 'Nonfiction', 'Biography', 'Greece', 'History']","Greek, Modern (1453-)",unknown;unknown
On the Mountain Peak,"محمد عبدالرحمن العريفي, Darussalam",4.53,['Islam'],English,unknown;unknown
The Children of Captain Grant: A Play in Five Acts,"Jules Verne, Adolphe d'Ennery, Frank J. Morlock",3.94,"['Classics', 'Adventure', 'France', 'Fiction']",English,m;m;m
"愛しのチロ (Chiro, My Love)","Nobuyoshi Araki, 荒木 経惟",4.75,['Japan'],,m;unknown
"New X-Men by Grant Morrison: Ultimate Collection, Book 2","Grant Morrison, Igor Kordey, John Paul Leon",4.15,"['Comics', 'Graphic Novels', 'Marvel', 'X Men', 'Superheroes', 'Fiction', 'Comic Book', 'Graphic Novels Comics', 'Comix', 'Science Fiction']",English,m;m;m
I Wrote This for You and Only You,"pleasefindthis , Iain S. Thomas",4.17,"['Poetry', 'Fiction', 'Romance', 'Art', 'Young Adult', 'Love', 'Contemporary', 'Short Stories', 'Adult']",English,unknown;m
"THE TROUBLE BEGINS : A Box of Unfortunate Events, Books 1-3","Lemony Snicket , Brett Helquist",4.05,"['Fantasy', 'Fiction', 'Childrens', 'Young Adult', 'Humor', 'Mystery', 'Adventure', 'Middle Grade', 'Novels', 'Collections']",English,unknown;m
Stay Tuned,"Lauren Clark , Laura McNeill",3.52,"['Chick Lit', 'Mystery', 'Fiction', 'Adult', 'Romance', 'Contemporary Romance', 'Audiobook', 'Contemporary']",English,mostly_female;w
Divided in Death,"J.D. Robb , Nora Roberts",4.34,"['Mystery', 'Romance', 'Crime', 'Fiction', 'Romantic Suspense', 'Futuristic', 'Suspense', 'Science Fiction', 'Mystery Thriller', 'Thriller']",English,unknown;w
"Chicken Soup for the Teenage Soul IV: Stories of Life, Love and Learning","Jack Canfield, Mark Victor Hansen, Kimberly Kirberger, Mitch Claspy",4.05,"['Nonfiction', 'Inspirational', 'Short Stories', 'Self Help', 'Anthologies', 'Teen', 'Middle Grade', 'High School']",English,m;m;mostly_female;m
Η λέσχη,"Στρατής Τσίρκας, Stratis Tsirkas",4.13,"['Fiction', 'Historical Fiction', 'Literature', 'Classics', '20th Century', 'Novels']","Greek, Modern (1453-)",unknown;unknown
Jessica Takes Charge,"Francine Pascal , Jamie Suzanne",3.41,"['Young Adult', 'Childrens', 'Fiction']",English,w;mostly_female
Real Life Lesson From Quran,"Muhammad Bilal Lakhani, Darussalam",4.4,"['Islam', 'Religion']",English,m;unknown
عرس الزين,"الطيب صالح, Tayeb Salih",3.71,"['Fiction', 'Africa', 'Short Stories', 'Novels', 'Sudan', 'Literature', 'African Literature', 'Classics', 'Literary Fiction', '20th Century']",Arabic,unknown;unknown
A Lover's Lament,"K.L. Grayson , B.T. Urruela",4.31,"['Military Fiction', 'Romance', 'Contemporary Romance', 'Contemporary', 'New Adult', 'Military Romance', 'Drama', 'Adult', 'Soldiers', 'Audiobook']",English,unknown;unknown
Lietuva atsiskleidžia: 99 LGBT+ istorijos,"Romas Zabarauskas, Arcana Femina",4.43,"['Nonfiction', 'LGBT']",Lithuanian,m;unknown
Τρία κλικ αριστερά,"Katerina Gogou, Κατερίνα Γώγου",4.42,"['Poetry', 'Greece', 'Literature']","Greek, Modern (1453-)",w;unknown
My Big Fat Supernatural Honeymoon,"P.N. Elrod (Editor), more…",3.82,"['Urban Fantasy', 'Anthologies', 'Paranormal', 'Fantasy', 'Romance', 'Paranormal Romance', 'Short Stories', 'Vampires', 'Fiction', 'Supernatural']",English,unknown;unknown
The Ultimate Halloween,"Marvin Kaye  (Editor), more…",3.4,"['Halloween', 'Horror', 'Anthologies', 'Fiction', 'Short Stories', 'Fantasy']",English,m;unknown
Chicken Soup for the Teenage Soul on Tough Stuff: Stories of Tough Times and Lessons Learned (Chicken Soup for the Soul),"Jack Canfield, Mark Victor Hansen, Kimberly Kirberger",4.23,"['Nonfiction', 'Self Help', 'Short Stories', 'Inspirational', 'Anthologies', 'Childrens', 'Poetry', 'Psychology', 'Drama', 'Chick Lit']",English,m;m;mostly_female
Pearl Jam Twenty,"Pearl Jam, Cameron Crowe, Mark Wilkerson",4.58,"['Music', 'Nonfiction', 'Biography', 'Memoir', 'Canon']",English,w;mostly_male;m
"Sweet Valley Twins Collection: Jessica's No Angel, Happy Mother's Day, Lila, Jessica Takes Charge","Francine Pascal  (Creator), Jamie Suzanne",4.04,[],English,w;mostly_female
The Folklore of Discworld,"Terry Pratchett, Jacqueline Simpson",3.99,"['Fantasy', 'Fiction', 'Humor', 'Mythology', 'Folklore', 'Reference', 'Audiobook', 'Comedy', 'Science Fiction Fantasy', 'Literature']",English,mostly_male;w
ترمي بشرر,"عبده خال, Abdo Khal",3.54,"['Novels', 'Fiction', 'Literature', 'Unfinished']",Arabic,unknown;m
Νεολιθική νυχτωδία στην Κρονστάνδη,"Nikos Karouzos, Νίκος Καρούζος",4.2,['Poetry'],"Greek, Modern (1453-)",m;unknown
Beguiled,"Deeanne Gist , J. Mark Bertrand",3.83,"['Christian Fiction', 'Romance', 'Mystery', 'Fiction', 'Christian', 'Suspense', 'Contemporary', 'Christian Romance', 'Historical Fiction', 'Romantic Suspense']",English,unknown;unknown
Darwin's Watch,"Terry Pratchett, Ian Stewart, Jack Cohen",3.94,"['Fantasy', 'Fiction', 'Humor', 'Comedy', 'Popular Science', 'Science Fiction', 'Audiobook', 'Comic Fantasy', 'Science Fiction Fantasy', 'Evolution']",English,mostly_male;m;m
Το χαμένο νησί,"M. Karagatsis, Μ. Καραγάτσης",3.97,"['Fiction', 'Fantasy', 'Classics']","Greek, Modern (1453-)",unknown;unknown
"Deadpool, Volume 4: Deadpool vs. S.H.I.E.L.D.","Brian Posehn (Writer), Gerry Duggan",4.11,"['Comics', 'Graphic Novels', 'Marvel', 'Graphic Novels Comics', 'Comic Book', 'Superheroes', 'Fiction', 'Humor', 'Science Fiction', 'Comix']",English,m;mostly_male
After The Ending,"Lindsey Fairleigh , Lindsey Pogue",3.75,"['Dystopia', 'Romance', 'Science Fiction', 'Post Apocalyptic', 'Young Adult', 'Fiction', 'Apocalyptic', 'Fantasy', 'Paranormal', 'Adventure']",English,mostly_female;mostly_female
Mahabharata: The Greatest Spiritual Epic of All Time,"Krishna-Dwaipayana Vyasa, Krishna Dharma",4.42,"['Classics', 'Religion', 'Philosophy', 'Mythology', 'India', 'Spirituality', 'Epic', 'Hinduism', 'Fiction', 'Poetry']",English,unknown;andy
The Coming Fury,"Bruce Catton, E.B. Long",4.3,"['History', 'Civil War', 'Nonfiction', 'American Civil War', 'American History', 'Military History', 'War', 'Military Fiction', 'Historical', 'American']",English,m;unknown
"Chicken Soup for the Teenage Soul III: More Stories of Life, Love and Learning (Chicken Soup for the Soul)","Jack Canfield, Mark Victor Hansen, Kimberly Kirberger",4.01,"['Nonfiction', 'Short Stories', 'Self Help', 'Inspirational', 'Anthologies', 'Childrens', 'Teen', 'Poetry', 'Family', 'Romance']",English,m;m;mostly_female
The Burden,"Mary Westmacott (Pseudonym), Agatha Christie",3.86,"['Mystery', 'Fiction', 'Romance', 'Classics', 'Drama', 'Crime', 'Novels', 'British Literature', 'Gothic', 'Adult']",English,mostly_female;w
Be Patient and Paradise Will Be Yours,"Darussalam, Darussalam",4.53,['Islam'],English,unknown;unknown
The Globe,"Terry Pratchett, Ian Stewart, Jack Cohen",3.93,"['Fantasy', 'Fiction', 'Humor', 'Science Fiction', 'Popular Science', 'Comedy', 'Comic Fantasy', 'Audiobook', 'Philosophy', 'Science Fiction Fantasy']",,mostly_male;m;m
Where Two Seas Met,"Lynn Morris, Gilbert Morris",4.13,"['Christian Fiction', 'Historical Fiction', 'Christian', 'Fiction', 'Romance', 'Historical', 'Adult Fiction', 'Christian Romance', 'Historical Romance', 'Adventure']",English,mostly_female;m
The Mammoth Book of Haunted House Stories,"Peter Haining (Editor), Elizabeth Albright, Thorp McClusky, Basil Copper, Ray Bradbury, Fay Weldon, Richard Dehand, Herbert de Hamel, more…",3.89,"['Horror', 'Short Stories', 'Ghosts', 'Paranormal', 'Fiction', 'Anthologies', 'Ghost Stories', 'Supernatural', 'Fantasy', 'Halloween']",English,m;w;unknown;m;mostly_male;mostly_female;m;m;unknown
"The Melancholy of Haruhi Suzumiya, Vol. 5","Nagaru Tanigawa (Illustrator), Noizi Itou, Gaku Tsugano",4.08,"['Manga', 'Science Fiction', 'Fantasy', 'Humor', 'Graphic Novels', 'Anime', 'Supernatural', 'Young Adult', 'Shonen', 'Light Novel']",English,unknown;unknown;unknown
The Moon by Night,"Lynn Morris, Gilbert Morris",4.12,"['Christian Fiction', 'Historical Fiction', 'Christian', 'Fiction', 'Romance', 'Adult Fiction', 'Christian Romance', 'Historical']",English,mostly_female;m
"The Melancholy of Haruhi Suzumiya, Vol. 4","Nagaru Tanigawa, Noizi Itou, Gaku Tsugano",4.08,"['Manga', 'Science Fiction', 'Fantasy', 'Humor', 'Graphic Novels', 'Anime', 'Young Adult', 'Shonen', 'Supernatural', 'Light Novel']",English,unknown;unknown;unknown
The Science of Discworld,"Terry Pratchett, Ian Stewart, Jack Cohen",3.93,"['Fantasy', 'Fiction', 'Humor', 'Science Fiction', 'Comedy', 'Popular Science', 'Audiobook', 'Science Fiction Fantasy', 'Philosophy', 'High Fantasy']",English,mostly_male;m;m
There is a Season,"Lynn Morris, Gilbert Morris",4.08,"['Christian Fiction', 'Historical Fiction', 'Christian', 'Christian Romance', 'Fiction', 'Romance', 'Historical Romance', 'Historical']",English,mostly_female;m
The Murder at the Vicarage,"Norma (Adapter, Illustrator), Agatha Christie",3.57,"['Mystery', 'Graphic Novels', 'Crime', 'Fiction', 'Detective', 'Classics', 'Sequential Art', 'Audiobook']",English,w;unknown;w
Amor y cohetes,"Gilbert Hernández, Jaime Hernández, Mario Hernández",3.92,"['Comics', 'Graphic Novels', 'Fiction', 'Comix', 'Graphic Novels Comics']",Spanish,m;m;m
The Red Pyramid: The Graphic Novel,"Orpheus Collar (Adapter), Rick Riordan",4.27,"['Graphic Novels', 'Fantasy', 'Mythology', 'Young Adult', 'Middle Grade', 'Comics', 'Fiction', 'Adventure', 'Magic', 'Graphic Novels Comics']",English,unknown;m
"Notes from My Travels: Visits with Refugees in Africa, Cambodia, Pakistan and Ecuador","Angelina Jolie, Caspian Tredwell-Owen",3.96,"['Nonfiction', 'Travel', 'Memoir', 'Biography', 'Africa', 'Biography Memoir', 'War', 'Politics', 'Asia', 'International']",English,w;unknown
Beyond Opinion: Living the Faith We Defend,"Ravi Zacharias, more…",4.22,"['Christianity', 'Faith', 'Nonfiction', 'Religion', 'Theology', 'Philosophy', 'Christian Living', 'Christian', 'Spirituality', 'Church']",English,mostly_male;unknown
Paris Out of Hand: A Wayward Guide,"Karen Elizabeth Gordon, Barbara Hodgson, Nick Bantock",3.94,"['Travel', 'Fiction', 'Humor', 'France', 'Art', 'Fantasy', 'Reference', 'Graphic Novels', 'Cartography']",English,w;w;m
Strategies of Prophet Muhammad,"Omar Khayyám, Darussalam",4.38,"['Islam', 'Religion', 'Spirituality', 'Leadership']",English,m;unknown
Driven With the Wind,"Lynn Morris, Gilbert Morris",4.27,"['Christian Fiction', 'Historical Fiction', 'Christian', 'Romance', 'Historical', 'Fiction', 'Adult Fiction', 'Christian Romance', 'Historical Romance', 'Mystery']",English,mostly_female;m
みさおとふくまる [Misao to fukumaru],"Miyoko Ihara (Photographer, author)",4.7,"['Nonfiction', 'Cats', 'Animals']",Japanese,w;unknown
12 Days of Christmas: Naughty or Nice?,"Eva Simone , Lilliana Anderson , Lucian Bane , Tommy Crown , Ella Dominguez , Megan Fields , Danielle Jamie , Brandace Morrow , more…",4.2,"['Christmas', 'Holiday', 'Erotica', 'Anthologies', 'Romance', 'Contemporary Romance']",English,w;w;m;m;w;w;w;unknown;unknown
Η Θάλασσα με τα 150 Επίπεδα,"Φάνης Παπαγεωργίου, Fanis Papageorgiou",4.4,['Poetry'],"Greek, Modern (1453-)",unknown;unknown
The Lords of Salem,"Rob Zombie, B.K. Evenson",3.31,"['Horror', 'Fiction', 'Paranormal', 'Fantasy', 'Witches', 'Thriller', 'Novels', 'Media Tie In', 'Dark', 'Mystery Thriller']",English,m;unknown
Island of the Innocent,"Lynn Morris, Gilbert Morris",4.34,"['Christian Fiction', 'Historical Fiction', 'Christian', 'Romance', 'Historical', 'Fiction', 'Adult Fiction', 'Christian Romance', 'Historical Romance', 'Christian Historical Fiction']",English,mostly_female;m
Interpretation of Dreams,"Omar Khayyám, Darussalam",4.48,"['Religion', 'Islam', 'Philosophy']",English,m;unknown
"Hot, Sexy & Bad: A Holiday Novella Collection","Judy Angelo, Melody Anne , Kathleen Brooks , Ruth Cardello , Lynn Raye Harris , Shadonna Richards , Sandra Marton , Danielle Stewart",4.22,"['Romance', 'Anthologies', 'Christmas', 'Holiday', 'Contemporary', 'Novella', 'Collections']",English,w;w;w;w;mostly_female;unknown;w;w
Legends of Liberty: Timeless Stories of Courageous Champions,"Rick Green, David Barton, Cliff Graham , Gary Newell, Brad Stine, Krish Dhanam, Tim Barton, Kamryn Green, more…",4.8,[],,m;m;m;m;m;unknown;m;w;unknown
Y: The Last Man - The Deluxe Edition Book Two,"Brian K. Vaughan  (Writer), more…",4.37,"['Graphic Novels', 'Comics', 'Science Fiction', 'Fiction', 'Dystopia', 'Graphic Novels Comics', 'Post Apocalyptic', 'Comic Book', 'Adult', 'Adventure']",English,m;unknown
The Unbroken Chain: Apogee Books Space Series 20,"Guenter Wendt, Russell Still",4.36,"['Biography', 'Space', 'History', 'Science', 'Nonfiction']",English,unknown;m
Зияющие высоты,"Aleksandr Zinoviev, Александр Зиновьев",4.15,"['Fiction', 'Russia', 'Russian Literature', 'Humor', 'Classics', '20th Century']",Russian,m;unknown
The Photographer,"Emmanuel Guibert, Didier Lefèvre, Fréderic Lemercier",4.27,"['Graphic Novels', 'Nonfiction', 'Comics', 'History', 'Photography', 'Memoir', 'War', 'Bande Dessinée', 'Graphic Novels Comics', 'Travel']",English,m;m;unknown
Modern Ukrainian Short Stories (Revised),"George S.N. Luckyj (Translator), Василь Стефаник, Микола Вінграновський, Валерій Шевчук, Mykhaylo Kotsyubynsky, Volodymyr Vynnychenko, Mykhaylo Yatskiv, Valeriyan Pidmohylny, more…",4.0,[],English,m;unknown;unknown;unknown;m;m;m;m;unknown
"The Women of the Cousins' War: The Duchess, the Queen and the King's Mother","Philippa Gregory , David Baldwin, Michael Jones",3.8,"['History', 'Nonfiction', 'Biography', 'Historical', 'British Literature', 'Tudor Period', 'Medieval', '15th Century', 'Womens', 'European History']",English,w;m;m
Funny Bones,"Kate Temple, Jol Temple, Oliver Phommavanh",4.56,[],,w;unknown;m
Options: The Secret Life of Steve Jobs,"Fake Steve Jobs, Daniel Lyons",3.79,"['Fiction', 'Humor', 'Technology', 'Apple', 'Comedy', 'Unfinished']",English,unknown;m
Henri Matisse: Cut-Outs - Drawing with Scissors,"Gilles Néret, Xavier-Gilles Neret",4.3,"['Art', 'Nonfiction', 'Art History', 'Picture Books']",English,m;unknown
The Blue Enchantress,"M.L. Tyndall, MaryLu Tyndall",4.19,"['Romance', 'Christian Fiction', 'Historical Fiction', 'Christian', 'Historical', 'Christian Romance', 'Fiction', 'Historical Romance', 'Pirates', 'Inspirational']",English,unknown;unknown
A Guide To The Louvre,"Anne Sefrioui, Bérénice Geoffroy-Schneiter, Manuel Jover",3.99,"['Art', 'Reference', 'Nonfiction', 'History', 'France', 'Travel', 'Art History']",English,w;w;m
Family Story Collection,"Sheryl Kahn, Walt Disney Company, Ann Braybrooks, Vanessa Elder, Rita Walsh-Balducci",4.26,"['Childrens', 'Picture Books', 'Fantasy']",English,w;m;w;w;w
Love Stage!! 1,"Eiki Eiki, Taishi Zaou, 蔵王 大志",4.22,"['Manga', 'Yaoi', 'Romance', 'Boys Love', 'LGBT', 'Graphic Novels', 'M M Romance', 'Comics', 'Comics Manga', 'Young Adult']",Japanese,unknown;unknown;unknown
Before the Storm: Soviet Ukrainian Fiction of the 1920s,"George S.N. Luckyj (Editor), Mykhailo Ivchenko, Yukhum Vukhnal, Ostap Vyshnia, Borys Antonenko-Davydovych, Mykola Khvylovy, Yuri Yanovsky, more…",4.0,[],English,m;m;unknown;unknown;m;m;m;unknown
Origin in Death,"J.D. Robb , Nora Roberts",4.37,"['Mystery', 'Romance', 'Crime', 'Fiction', 'Futuristic', 'Romantic Suspense', 'Suspense', 'Science Fiction', 'Thriller', 'Mystery Thriller']",English,unknown;w
The Raven Saint,"M.L. Tyndall, MaryLu Tyndall",4.27,"['Christian Fiction', 'Romance', 'Historical Fiction', 'Christian', 'Christian Romance', 'Historical', 'Fiction', 'Pirates', 'Historical Romance', 'Inspirational']",English,unknown;unknown
Dr. Seuss Goes to War: The World War II Editorial Cartoons of Theodor Seuss Geisel,"Richard H. Minear, Dr. Seuss",4.16,"['History', 'Nonfiction', 'Art', 'Comics', 'Humor', 'Politics', 'World War II', 'War', 'Cartoon', 'Comic Strips']",English,m;unknown
Mystère Marker - Pasajes en la obra de Chris Marker,"María Luisa Ortega, Antonio Weinrichter",4.5,[],Spanish,mostly_female;m
Visions in Death,"J.D. Robb , Nora Roberts",4.36,"['Mystery', 'Romance', 'Crime', 'Fiction', 'Romantic Suspense', 'Futuristic', 'Suspense', 'Science Fiction', 'Mystery Thriller', 'Thriller']",English,unknown;w
My Immortal Highlander,"Hannah Howell , Lynsay Sands",4.21,"['Paranormal Romance', 'Romance', 'Paranormal', 'Historical Romance', 'Historical', 'Vampires', 'Anthologies', 'Fantasy', 'Historical Fiction', 'Fiction']",English,w;unknown
The Redemption,"M.L. Tyndall, MaryLu Tyndall",4.14,"['Christian Fiction', 'Historical Fiction', 'Romance', 'Christian', 'Historical', 'Historical Romance', 'Pirates', 'Christian Romance', 'Adventure', 'Fiction']",English,unknown;unknown
The Chronicles of Harris Burdick: 14 Amazing Authors Tell the Tales,"Chris Van Allsburg (Illustrator / Contributor), more…",3.97,"['Short Stories', 'Fantasy', 'Fiction', 'Childrens', 'Picture Books', 'Young Adult', 'Middle Grade', 'Mystery', 'Anthologies', 'Writing']",English,mostly_male;unknown
Weird & Wonderful Wildlife,"Michael Marten, John May, Rosemary Taylor",4.71,[],English,m;m;w
Τα ποιήματα Α΄ (1961-1978),"Nikos Karouzos, Νίκος Καρούζος",4.41,['Poetry'],"Greek, Modern (1453-)",m;unknown
Chasing the Dragon: One Woman's Struggle Against the Darkness of Hong Kong's Drug Den,"Jackie Pullinger, Andrew Quicke",4.39,"['Christian', 'Biography', 'Nonfiction', 'Christianity', 'Faith', 'China', 'Biography Memoir', 'Memoir', 'Christian Non Fiction', 'Spirituality']",English,andy;m
"Hellboy, Vol. 7: The Troll Witch and Others","Mike Mignola, P. Craig Russell",4.21,"['Comics', 'Graphic Novels', 'Horror', 'Fantasy', 'Fiction', 'Comic Book', 'Graphic Novels Comics', 'Paranormal', 'Supernatural', 'Urban Fantasy']",English,m;unknown
Peter Pan: or The Boy Who Would Not Grow Up: A Fantasy in Five Acts,"J.M. Barrie, Trevor Nunn",4.01,"['Plays', 'Classics', 'Fantasy', 'Theatre', 'Fiction', 'Childrens', 'Read For School', 'Drama', 'Literature', 'Adventure']",English,unknown;m
Monty Python's Flying Circus: Just The Words - Volumes 1 & 2,"Graham Chapman, John Cleese, Terry Gilliam, Eric Idle, Terry Jones, Michael Palin",4.5,"['Humor', 'Fiction', 'Comedy', 'Drama', 'Tv', 'Film', 'Classics', 'Reference']",English,m;m;mostly_male;m;mostly_male;m
"The Incal, Book 2: John Difool, Class ""R"" Detective","Alejandro Jodorowsky, Mœbius",3.99,"['Comics', 'Graphic Novels', 'Dystopia', 'Science Fiction']",English,m;unknown
المجوس,"إبراهيم الكوني, Ibrahim al-Koni",4.0,"['Novels', 'Libya', 'Fiction', 'Literature']",Arabic,unknown;m
Alfred Hitchcock's Get Me to the Wake on Time,"Alfred Hitchcock (Editor), Gil Brewer, Arthur Porges, Donald Honig, Richard Hardwick, H.A. DeRosso, C.B. Gilford, Ray Russell, more…",3.58,"['Crime', 'Short Stories', 'Fiction']",English,m;m;m;m;m;unknown;unknown;mostly_male;unknown
Adopting the Hurt Child: Hope for Families With Special-Needs Kids : A Guide for Parents and Professionals,"Gregory C. Keck, Regina M. Kupecky, Jerusha Clark",4.13,"['Adoption', 'Parenting', 'Nonfiction']",English,m;w;unknown
Αμοργός,"Nikos Gatsos, Νίκος Γκάτσος",4.35,"['Poetry', 'Greece', '20th Century']","Greek, Modern (1453-)",m;unknown
Hendrix,"Chelsea Camaron , M.J. Fields",4.02,"['Romance', 'Contemporary Romance', 'Contemporary', 'New Adult', 'Erotica', 'Abuse', 'Erotic Romance', 'Adult', 'Audiobook', 'Drama']",English,w;unknown
Memory in Death,"J.D. Robb , Nora Roberts",4.33,"['Mystery', 'Romance', 'Crime', 'Fiction', 'Romantic Suspense', 'Futuristic', 'Suspense', 'Science Fiction', 'Thriller', 'Mystery Thriller']",English,unknown;w
"John Difool, Bd.7, Wie alles begann","Alejandro Jodorowsky, Mœbius, Zoran Janjetov",3.74,"['Comics', 'Graphic Novels', 'Bande Dessinée', 'Science Fiction', 'Graphic Novels Comics', 'Space Opera']",,m;unknown;m
"The Eye of the World: The Graphic Novel, Volume One","Chuck Dixon  (adapter), Robert Jordan, Chase Conley",4.37,"['Fantasy', 'Graphic Novels', 'Comics', 'Fiction', 'Graphic Novels Comics', 'Epic Fantasy', 'Adventure', 'High Fantasy', 'Science Fiction', 'Science Fiction Fantasy']",English,m;m;m
Human Development,"Diane E. Papalia, Sally Wendkos Olds, Ruth Duskin Feldman",3.86,"['Psychology', 'Nonfiction', 'Textbooks', 'School', 'Science', 'Reference', 'Education', 'Nursing']",English,w;w;w
A Wrinkle in Time: The Graphic Novel,"Hope Larson (Adapter, Illustrator), Madeleine L'Engle",3.9,"['Graphic Novels', 'Fantasy', 'Comics', 'Science Fiction', 'Young Adult', 'Fiction', 'Middle Grade', 'Classics', 'Childrens', 'Graphic Novels Comics']",English,w;unknown;w
Phoenix Wright: Ace Attorney Official Casebook Vol.1 - The Phoenix Wright Files,"Kenji Kuroda, Capcom",3.68,"['Manga', 'Fiction', 'Humor', 'Graphic Novels', 'Mystery', 'Comics', 'Video Games', 'Comedy', 'Comics Manga', 'Graphic Novels Manga']",English,m;unknown
The Methuen Book of Modern Drama: Plays of the '80s and '90s,"Graham Whybrow (Introduction), Sarah Kane, Mark Ravenhill, Caryl Churchill, Martin McDonagh, Terry Johnson",4.0,"['Plays', 'Theatre', 'Drama']",English,m;w;m;w;m;mostly_male
Гостья из будущего,"Kir Bulychev, Кир Булычёв",4.47,"['Science Fiction', 'Childrens']",Russian,unknown;unknown
It's A Date,"Jess Epps , Sasha Brümmer",3.94,"['Romance', 'New Adult']",English,m;mostly_male
The fleas and Barbabeau,"Annette Tison, Talus Taylor",4.67,[],English,w;unknown
The Blitzed Brits,"Terry Deary, Tracey West",4.01,"['Nonfiction', 'History', 'Childrens', 'Historical', 'Humor', 'British Literature', 'Comedy', 'War', 'World War II', 'Education']",English,mostly_male;mostly_female
The Death of WCW,"R.D. Reynolds, Bryan Alvarez",4.03,"['Nonfiction', 'Sports', 'History', 'Audiobook', 'Biography', 'Pop Culture', 'Tv', 'Business', 'Politics']",English,unknown;m
A Dog of Flanders,"Ouida, Bob Blaisdell",4.07,"['Classics', 'Fiction', 'Childrens', 'Animals', 'Dogs', 'Short Stories', '19th Century', 'Belgium', 'School', 'Literature']",English,unknown;m
黒執事 XX [Kuroshitsuji XX],"Yana Toboso, 枢 やな",4.55,"['Manga', 'Fantasy', 'Historical Fiction', 'Supernatural', 'Graphic Novels', 'Mystery', 'Comics', 'Young Adult', 'Paranormal', 'Historical']",Japanese,w;unknown
The City Who Fought,"Anne McCaffrey, S.M. Stirling",3.98,"['Science Fiction', 'Fantasy', 'Fiction', 'Science Fiction Fantasy', 'Space Opera', 'Space', 'Adult', 'Speculative Fiction', 'Military Fiction', 'Aliens']",English,w;unknown
The Crucible of Doubt: Reflections On the Quest for Faith,"Terryl L. Givens, Fiona Givens",4.47,"['Religion', 'Nonfiction', 'Lds', 'Church', 'Spirituality', 'Mormonism', 'Faith', 'Philosophy', 'Theology', 'Christian']",English,unknown;w
Trøysteboka,"Gunvor Rasmussen (Illustrator), Brit Bildøen, Einar Økland, Bente Bratlund, Atle Hansen, Laura Djupvik, Solfrid Sivertsen, Roald Kaldestad, more…",5.0,[],"Norwegian Nynorsk; Nynorsk, Norwegian",w;w;m;w;m;w;w;m;unknown
A Winter's Date,"Jess Epps , Sasha Brümmer",4.29,['Romance'],English,m;mostly_male
"J.R.R. Tolkien, Der kleine Hobbit. Lektüre","Sigrid Thielking, J.R.R. Tolkien",4.25,"['Fantasy', 'German Literature']",German,w;unknown
The Meaning of Jesus,"Marcus J. Borg, N.T. Wright",3.97,"['Theology', 'Religion', 'Christianity', 'Nonfiction', 'Christian', 'Spirituality', 'History', 'New Testament', 'School', 'Faith']",English,m;unknown
Meow Te Ching by Meow Tzu,"Meow Tzu, Michael Kent",3.67,[],English,unknown;m
The Moving Body,"Jacques Lecoq, Jean-Gabriel Carasso, Jean-Claude Lallias",4.34,"['Theatre', 'Nonfiction', 'Art', 'Drama', 'Theory']",,m;unknown;m
"Plants of the Gods: Their Sacred, Healing, and Hallucinogenic Powers","Richard Evans Schultes, Albert Hofmann, Christian Rätsch",4.37,"['Nonfiction', 'Science', 'Spirituality', 'Anthropology', 'Plants', 'Reference', 'Religion', 'Nature', 'History', 'Biology']",English,m;m;m
Spiritual Formation: Following the Movements of the Spirit,"Henri J.M. Nouwen, Michael J. Christensen , Rebecca Laird",4.3,"['Spirituality', 'Christianity', 'Nonfiction', 'Theology', 'Christian Living', 'Religion', 'Discipleship', 'Faith', 'Prayer', 'Christian']",English,m;m;w
Φιλμ νουάρ,"Dimitris Stefanakis, Δημήτρης Στεφανάκης",3.22,[],"Greek, Modern (1453-)",m;unknown
In Search Of England,"H.V. Morton, Jan Morris",3.99,"['Travel', 'Nonfiction', 'History', 'British Literature', 'Classics', 'Humor', 'Travelogue']",English,unknown;m
Doctor Who: The Widow's Curse,"Dan McDaid, Jonathan Morris, Ian Edginton, more…",3.82,"['Doctor Who', 'Comics', 'Graphic Novels', 'Science Fiction']",English,m;m;m;unknown
Re-Visioning Lear's Daughters: Testing Feminist Criticism and Theory,"Lesley Kordecki, Karla Koskinen",4.67,[],English,andy;w
Peter Pan (Classic Storybook Series),"Jamie Simons, Walt Disney Company",3.85,['Childrens'],English,mostly_female;m
Dangerous Deception,"Kami Garcia , Margaret Stohl",3.79,"['Young Adult', 'Fantasy', 'Paranormal', 'Romance', 'Supernatural', 'Magic', 'Witches', 'Fiction', 'Urban Fantasy', 'Young Adult Fantasy']",English,mostly_female;w
Homesteading Space: The Skylab Story,"David Hitt , Owen Garriott, Joe Kerwin",4.33,"['Space', 'Nonfiction', 'Science', 'History', 'Astronomy']",English,m;m;m
Zen Buddhism and Psychoanalysis,"Erich Fromm, Richard Martino, D.T. Suzuki, Richard J. DeMartino",3.94,"['Psychology', 'Philosophy', 'Buddhism', 'Nonfiction', 'Zen', 'Psychoanalysis', 'Religion', 'Spirituality', 'German Literature', 'Eastern Philosophy']",English,m;m;unknown;m
"Olive, the Other Reindeer","J. Otto Seibold (Author/Illustrator), Vivian Walsh",4.15,"['Christmas', 'Picture Books', 'Childrens', 'Holiday', 'Fiction', 'Animals', 'Humor', 'Fantasy', 'Dogs', 'Storytime']",English,unknown;w
"Tom Strong, Book 6","Alan Moore , Michael Moorcock, Joe Casey",3.81,"['Comics', 'Graphic Novels', 'Comic Book', 'Superheroes', 'Pulp', 'Science Fiction', 'Graphic Novels Comics', 'Fantasy', 'Sequential Art']",English,m;m;m
Bellas historias te cuento De Animales: LOS VALORES MORALES,"Loriette Silva - Lopez, Canvas imagenes aptas para contenido comercial Canvas stock",5.0,[],,unknown;unknown
Veganomicon: The Ultimate Vegan Cookbook,"Isa Chandra Moskowitz , Terry Hope Romero",3.89,"['Cookbooks', 'Cooking', 'Food', 'Vegan', 'Nonfiction', 'Reference', 'Vegetarian', 'Health', 'Food and Drink', 'Culinary']",,w;mostly_male
Pandora Hearts 10,"Jun Mochizuki, Jun Mochizuki",4.49,"['Manga', 'Fantasy', 'Mystery', 'Graphic Novels', 'Shonen', 'Comics', 'Comics Manga', 'Adventure', 'Young Adult', 'Action']",Japanese,mostly_male;mostly_male
"Jesus, the Final Days: What Really Happened","Craig A. Evans, N.T. Wright",4.05,"['Christianity', 'Theology', 'New Testament', 'Christian', 'Nonfiction', 'Religion', 'History']",English,m;unknown
The Fallon Blood,"Robert Jordan, Reagan O'Neal",3.46,"['Historical Fiction', 'Fiction', 'Fantasy', 'Historical', 'Speculative Fiction', 'Science Fiction Fantasy']",English,m;mostly_female
Library of Famous Women - Princess Diana (Library of Famous Women),"Renora Licata, Licata",4.5,[],,unknown;unknown
Let Me Off at the Top!: My Classy Life and Other Musings,"Ron Burgundy (Pseudonym), Will Ferrell",3.32,"['Humor', 'Fiction', 'Comedy', 'Adult Fiction', 'Film', 'Media Tie In', 'Pop Culture', 'Biography Memoir', 'Unfinished', 'Journalism']",English,m;mostly_male
The Bite Before Christmas,"Lynsay Sands , Jeaniene Frost",4.16,"['Paranormal', 'Vampires', 'Paranormal Romance', 'Romance', 'Anthologies', 'Urban Fantasy', 'Fantasy', 'Christmas', 'Adult', 'Demons']",English,unknown;unknown
Cocky Bastard,"Penelope Ward , Vi Keeland",4.16,"['Romance', 'Contemporary Romance', 'Contemporary', 'New Adult', 'Humor', 'Adult', 'Road Trip', 'Erotica', 'Audiobook', 'Sports']",English,w;unknown
Parcells: A Football Life,"Bill Parcells, Nunyo Demasio",4.09,"['Sports', 'Football', 'Biography', 'Nonfiction', 'Biography Memoir', 'Autobiography']",English,m;unknown
Krajina a revoluce,"Jiří Sádlo, Václav Cílek, Petr Pokorný, Pavel Hájek, Dagmar Dreslerová",4.54,[],Czech,m;m;m;m;w
"Keep the Lights Burning, Abbie","Peter Roop, Connie Roop",4.08,"['Picture Books', 'Historical Fiction', 'Childrens', 'Fiction', '2nd Grade', 'School', 'Historical', 'American History', 'Adventure', 'Young Adult']",English,m;mostly_female
Animals in Translation: Using the Mysteries of Autism to Decode Animal Behavior,"Temple Grandin, Catherine Johnson",4.14,"['Nonfiction', 'Animals', 'Science', 'Psychology', 'Dogs', 'Nature', 'Memoir', 'Biology', 'Biography', 'Audiobook']",English,unknown;w
"Mickey Mouse, Vol. 1: Race to Death Valley","Floyd Gottfredson, more…",4.15,"['Comics', 'Graphic Novels', 'Comic Strips', 'Graphic Novels Comics', 'Humor', 'Adventure', 'Art', 'Comic Book', 'Collections', 'Animals']",English,m;unknown
The Illustrated World of Mortal Engines,"Philip Reeve , Jeremy Levett, more…",4.44,"['Fantasy', 'Steampunk', 'Young Adult', 'Science Fiction', 'Fiction', 'Art']",English,m;m;unknown
Φυσάει στα σταυροδρόμια του κόσμου,"Tasos Livaditis, Τάσος Λειβαδίτης",4.24,"['Poetry', 'Greece']","Greek, Modern (1453-)",unknown;unknown
Hold,"Zannie Adams , Claire Kent",3.85,"['Romance', 'Science Fiction', 'Erotica', 'Aliens', 'Dark', 'Futuristic', 'Science Fiction Romance', 'Adult', 'Erotic Romance', 'Fantasy']",English,unknown;w
黒執事 XV [Kuroshitsuji XV],"Yana Toboso, 枢 やな",4.44,"['Manga', 'Fantasy', 'Historical Fiction', 'Supernatural', 'Mystery', 'Young Adult', 'Paranormal', 'Graphic Novels', 'Fiction', 'Comics']",Japanese,w;unknown
Ralentir Travaux,"André Breton, René Char, Paul Éluard",4.35,['Poetry'],French,m;m;m
黒執事 XVII [Kuroshitsuji XVII],"Yana Toboso, 枢 やな",4.41,"['Manga', 'Fantasy', 'Supernatural', 'Historical Fiction', 'Paranormal', 'Mystery', 'Graphic Novels', 'Young Adult', 'Historical', 'Fiction']",Japanese,w;unknown
黒執事 XVIII [Kuroshitsuji XVIII],"Yana Toboso, 枢 やな",4.45,"['Manga', 'Fantasy', 'Supernatural', 'Historical Fiction', 'Graphic Novels', 'Mystery', 'Comics', 'Paranormal', 'Historical', 'Young Adult']",Japanese,w;unknown
Reinventing Jesus: How Contemporary Skeptics Miss the Real Jesus and Mislead Popular Culture,"J. Ed Komoszewski, Daniel B. Wallace, M. James Sawyer",4.2,"['Christian', 'Christianity', 'History', 'Religion', 'Theology', 'Nonfiction', 'New Testament', 'Textbooks']",English,unknown;m;unknown
D'Aulaires' Norse Gods and Giants,"Ingri d'Aulaire, Edgar Parin d'Aulaire",4.39,"['Mythology', 'Fantasy', 'Childrens', 'Fiction', 'Classics', 'Picture Books', 'Folklore', 'Art', 'Religion', 'Short Stories']",English,unknown;m
Histoires Inédites du Petit Nicolas,"René Goscinny, Jean-Jacques Sempé",4.25,"['Childrens', 'Fiction', 'France', 'Humor', 'Short Stories', 'French Literature', 'Classics', 'Young Adult', 'Middle Grade', 'Literature']",French,m;unknown
黒執事 XXI [Kuroshitsuji XXI],"Yana Toboso, 枢 やな",4.48,"['Manga', 'Fantasy', 'Historical Fiction', 'Supernatural', 'Historical', 'Comics', 'Horror', 'Paranormal', 'Mystery', 'Young Adult']",Japanese,w;unknown
Putting Jesus in His Place: The Case for the Deity of Christ,"Robert M. Bowman Jr., J. Ed Komoszewski",4.29,"['Theology', 'Nonfiction', 'Christianity', 'Religion', 'New Testament']",English,m;unknown
Nemesis the Warlock: Death to All Aliens,"Pat Mills , Kevin O'Neill, Jesus Redondo",4.17,"['Comics', 'Science Fiction', 'Graphic Novels']",English,andy;m;mostly_male
黒執事 XXII [Kuroshitsuji XXII],"Yana Toboso, 枢 やな",4.39,"['Manga', 'Fantasy', 'Historical Fiction', 'Graphic Novels', 'Paranormal', 'Supernatural', 'Young Adult', 'Comics', 'Fiction', 'Historical']",Japanese,w;unknown
Το Θείο Τραγί,"Giannis Skaribas, Γιάννης Σκαρίμπας",4.31,"['Fiction', 'Greece', 'Literature', '20th Century', 'Classics']","Greek, Modern (1453-)",m;unknown
چهل سالگی,"ناهید طباطبایی, Nahid Tabatabaee",2.88,"['Novels', 'Fiction', 'Short Stories']",Persian,unknown;w
The Complete Adventures of Curious George,"Margret Rey, H.A. Rey",4.23,"['Childrens', 'Picture Books', 'Fiction', 'Classics', 'Animals', 'Kids', 'Juvenile', 'Humor', 'Fantasy', 'Young Adult']",English,w;unknown
Eubank: The Autobiography,"Chris Eubank, Martin Roach",3.99,[],English,mostly_male;m
Agamemnon,"Aeschylus, Judith Affleck",3.85,"['Classics', 'Plays', 'Drama', 'Mythology', 'Fiction', 'Theatre', 'Literature', 'Poetry', 'School', 'Tragedy']",English,unknown;w
The Sexy Book of Sexy Sex,"Kristen Schaal, Rich Blomquist",3.27,"['Humor', 'Nonfiction', 'Comedy', 'Sexuality', 'Erotica', 'Gender and Sexuality', 'Romance']",English,w;mostly_male
"A Book of Remembrances: Diana, Princess of Wales 1961-1997","Sue Pressley, Diana, Princess of Wales",4.07,[],,w;w;w
"Prophet, Volume 1: Remission","Brandon Graham (Writer, Artist)",3.88,"['Comics', 'Graphic Novels', 'Science Fiction', 'Comic Book', 'Fiction', 'Graphic Novels Comics', 'Comix', 'Fantasy', 'Space Opera', 'Dystopia']",English,m;unknown
The Awesome Egyptians,"Terry Deary, Peter Hepplewhite",4.04,"['History', 'Nonfiction', 'Childrens', 'Historical', 'Humor', 'Egypt', 'Middle Grade', 'Reference', 'Education', 'Comedy']",English,mostly_male;m
"How to Survive the End of the World as We Know It: Tactics, Techniques, and Technologies for Uncertain Times","James Wesley, Rawles",3.78,"['Nonfiction', 'Survival', 'Reference', 'How To', 'Post Apocalyptic', 'Self Help', 'Apocalyptic', 'Outdoors', 'Dystopia', 'War']",English,m;unknown
"Prophet, Volume 2: Brothers","Brandon Graham (Writer), Simon Roy, Giannis Milonogiannis, Farel Dalrymple",4.11,"['Comics', 'Graphic Novels', 'Science Fiction', 'Comic Book', 'Graphic Novels Comics', 'Fiction', 'Space Opera', 'Comix', 'Fantasy', 'Graphic Novels Manga']",English,m;m;m;unknown
Vitamin D: New Perspectives in Drawing,"Emma Dexter (Creator), Johanna Burton, Jeanine Herman",3.96,"['Art', 'Nonfiction', 'Drawing', 'Art Design', 'Reference', 'Design', 'Visual Art', 'Adult']",English,w;w;w
Benjamin Dove,"Fridrik Erlings , Fridrik Erlings",3.76,"['Young Adult', 'Contemporary', 'Childrens', 'Realistic Fiction', 'Coming Of Age']",English,unknown;unknown
