,title,author,rating,genres,language,gender
101,The Red Tent,Anita Diamant,4.18,Historical Fiction,English,w
214,The Secret Magdalene,Ki Longfellow,4.07,Historical Fiction,English,m
240,She's Come Undone,Wally Lamb,3.88,Fiction,English,m
277,I Know This Much Is True,Wally Lamb,4.19,Fiction,English,m
309,زندگی مه آلود پریا,سید مرتضی مصطفوی,3.92,Fiction,Persian,m
341,The Art of Racing in the Rain,Garth Stein,4.21,Fiction,English,m
369,انتحار فاشل,أحمد جمال الدين رمضان,4.51,Short Stories,Arabic,m
376,The Amazing Adventures of Kavalier & Clay,Michael Chabon,4.18,Fiction,English,m
378,العصبي,أحمد جمال الدين رمضان,4.52,Short Stories,Arabic,m
411,A Fine Balance,Rohinton Mistry,4.35,Fiction,English,m
426,Snow Flower and the Secret Fan,Lisa See,4.08,Historical Fiction,English,w
467,Divine Secrets of the Ya-Ya Sisterhood,Rebecca Wells,3.83,Fiction,English,w
470,Everything Is Illuminated,Jonathan Safran Foer,3.9,Fiction,English,m
539,Sarah's Key,Tatiana de Rosnay,4.16,Historical Fiction,English,w
560,Cutting for Stone,Abraham Verghese,4.29,Fiction,English,m
591,Interpreter of Maladies,Jhumpa Lahiri,4.15,Short Stories,English,m
600,Peace Like a River,Leif Enger,4.0,Fiction,English,m
619,The Memory Keeper's Daughter,Kim Edwards,3.67,Fiction,English,m
645,House of Sand and Fog,Andre Dubus III,3.85,Fiction,,m
667,A Heartbreaking Work of Staggering Genius,Dave Eggers,3.69,Fiction,English,m
673,Prodigal Summer,Barbara Kingsolver,4.0,Fiction,English,w
676,Matching Configurations: QUANTUM ROOTS III,Kyle Keyes,4.39,Contemporary,English,m
695,The No. 1 Ladies' Detective Agency,Alexander McCall Smith,3.79,Mystery,English,m
718,The Corrections,Jonathan Franzen,3.8,Fiction,English,m
745,The Namesake,Jhumpa Lahiri,4.0,Fiction,English,m
761,Still Alice,Lisa Genova,4.32,Fiction,English,w
763,Choke,Chuck Palahniuk,3.7,Fiction,English,m
815,A Million Little Pieces,James Frey,3.65,Fiction,English,m
843,The Story of Edgar Sawtelle,David Wroblewski,3.62,Fiction,English,m
868,Beach Music,Pat Conroy,4.16,Fiction,English,m
892,The Brief Wondrous Life of Oscar Wao,Junot Díaz,3.9,Fiction,English,m
932,"Love is the Answer, God is the Cure: A True Story of Abuse, Betrayal and Unconditional Love",Aimee Cabo Nikolov,4.32,Contemporary,English,w
954,Crossroads and the Himalayan Crystals,C. Toni Graham,4.32,Contemporary,,m
964,Unblinded: One Man’s Courageous Journey through Darkness to Sight,"Traci Medford-Rosow , Kevin Coughlin",4.33,Drama,,w;m
972,The Kitchen God's Wife,Amy Tan,4.0,Fiction,English,w
1021,Fall on Your Knees,Ann-Marie MacDonald,3.96,Fiction,English,m
1032,Stones from the River,Ursula Hegi,4.09,Fiction,English,w
1034,"More Than Love, A Husband's Tale",Peter B. Forster,4.31,Drama,English,m
1044,"Dodging Satan: My Irish/Italian, Sometimes Awesome, But Mostly Creepy, Childhood",Kathleen Zamboni McCormick,4.31,Drama,English,w
1062,Pleasant Day,Vera Jane Cook,4.33,Contemporary,English,w
1063,Empire Falls,Richard Russo,3.93,Fiction,English,m
1067,The Beekeeper's Apprentice,Laurie R. King,4.06,Mystery,English,w
1070,Year of Wonders,Geraldine Brooks,4.01,Historical Fiction,English,w
1129,"Missing Wings: Chronicles of the Aranysargas (Aranysargas, #1)",Andrea Luhman,4.33,Epic,English,w
1138,"America's Daughter (Dancing Soul Trilogy, #2)",Maria Nhambu,4.3,Fiction,English,w
1149,City of Thieves,David Benioff,4.28,Historical Fiction,English,m
1151,Fall of Giants,Ken Follett,4.28,Historical Fiction,English,m
1173,What Is the What,Dave Eggers,4.16,Fiction,English,m
1192,Toe to Toe,Deborah Leblanc,4.33,Epic,,w
1202,The 100-Year-Old Man Who Climbed Out the Window and Disappeared,Jonas Jonasson,3.82,Fiction,English,m
1212,The Scopas Factor,Vincent Panettiere,4.3,Fiction,,m
1275,Even Cowgirls Get the Blues,Tom Robbins,3.76,Fiction,English,m
1290,Midwives,Chris Bohjalian,3.99,Fiction,English,m
1295,The New York Trilogy,Paul Auster,3.88,Fiction,English,m
1296,Wolf Hall,Hilary Mantel,3.88,Historical Fiction,English,w
1301,Pope Joan,Donna Woolfolk Cross,4.07,Historical Fiction,English,w
1302,"Ahab's Wife, or The Star-Gazer",Sena Jeter Naslund,4.03,Fiction,English,w
1303,Honor and Polygamy,Omar Farhad,4.24,Fiction,,m
1313,The Storyteller,Jodi Picoult,4.27,Fiction,English,w
1319,The Book of Negroes,Lawrence Hill,4.46,Historical Fiction,English,m
1333,People of the Book,Geraldine Brooks,4.02,Historical Fiction,English,w
1364,About a Boy,Nick Hornby,3.79,Fiction,English,m
1407,Down and Rising,Rohith S. Katbamna,4.85,Post Apocalyptic,English,m
1436,The Savage Detectives,Roberto Bolaño,4.13,Fiction,English,m
1451,Half of a Yellow Sun,Chimamanda Ngozi Adichie,4.33,Fiction,English,m
1463,Trouble on Main Street,Kirsten Fullmer,4.34,Fiction,English,w
1472,Eleanor Oliphant Is Completely Fine,Gail Honeyman,4.28,Fiction,English,m
1483,Beg For Mercy,Lucian Bane,4.29,,English,m
1494,My Name Is Red,Orhan Pamuk,3.85,Fiction,English,m
1538,Paradox Effect: Time Travel and Purified DNA Merge to Halt the Collapse of Human Existence,Gabriel F.W. Koch,4.37,Fiction,,m
1555,The Human Obsession,Heath Sommer,4.14,Mystery,English,m
1567,سیمای شکسته پدر سالار,سید مرتضی مصطفوی,3.56,,Persian,m
1579,Moloka'i,Alan Brennert,4.17,Historical Fiction,English,m
1582,Let the Great World Spin,Colum McCann,3.94,Fiction,English,m
1586,"Drum Beats, Heart Beats (Dancing Soul Trilogy, #3)",Maria Nhambu,4.3,Contemporary,English,w
1589,Brownout - 666: or the Real Meaning of the Swastika,John Richard Spencer,4.38,Contemporary,,m
1596,The Candidate and other stories,Samuel R. George,4.35,Contemporary,English,m
1609,Eye for Eye,J.K. Franko,4.3,Epic,English,m
1613,The Kitchen House,Kathleen Grissom,4.19,Historical Fiction,English,w
1625,The Lords of Discipline,Pat Conroy,4.31,Fiction,English,m
1642,The Steps: 12 Secrets To Raising Happy and Successful Kids,"Andrew Watson , Charles Watson",4.65,Parenting,English,m;m
1681,A Gracious Enemy 'storytelleruk2019',Michael G. Kramer,4.3,Drama,,m
1684,Carnal: Somewhere Over 40 Winks,Rom LcO'Feer,3.77,Psychology,English,m
1709,The Grand Delusion,Heath Sommer,4.12,Mystery,English,m
1731,Stones (One True Child #5),L.C. Conn,4.3,Book Club,,m
1734,Follow the River,James Alexander Thom,4.22,Historical Fiction,English,m
1765,Take My Heart,J.J. Sorel,4.34,Book Club,English,m
1769,One Thousand White Women: The Journals of May Dodd,Jim Fergus,3.88,Historical Fiction,English,m
1777,Vampire Princess Rising,Jami Brumfield,4.31,Vampires,English,w
1802,Scars and Voices: And Other Stories,Adam Carpenter Welles,4.49,Book Club,,m
1824,The Mountain's Morning Song,William Graney,4.47,Book Club,English,m
1828,Steel Dogs,Matthew Bracey,4.31,Drama,,m
1840,The Hour I First Believed,Wally Lamb,3.82,Fiction,English,m
1843,Frankie the Ferret,Kimberley Paterson,4.32,Fiction,English,w
1858,The Hundred Secret Senses,Amy Tan,3.99,Fiction,English,w
1872,In Farleigh Field,Rhys Bowen,3.95,Historical Fiction,English,m
1887,London,Edward Rutherfurd,4.06,Historical Fiction,English,m
1897,"Africa's Child (Dancing Soul Trilogy, #1)",Maria Nhambu,4.28,Epic,English,w
1898,Winter of the World,Ken Follett,4.34,Historical Fiction,English,m
1903,A Visit from the Goon Squad,Jennifer Egan,3.67,Fiction,English,w
1929,Change of Heart,Jodi Picoult,3.93,Fiction,English,w
1946,Hairspray and Lighter,J. Jupes,4.52,Contemporary,English,m
1961,Cane River,Lalita Tademy,4.06,Historical Fiction,English,w
2000,A Tale for the Time Being,Ruth Ozeki,4.02,Fiction,English,w
2006,The Beagle and the Hare,Kevin Moccia,4.38,Fiction,,m
2040,Life Song,Christine M. Knight,4.18,,,w
2066,The Ghost Moth (The Red Grouse Tales),Leslie Garland,4.3,Fiction,English,m
2068,The Well House,M.S. Matassa,4.37,Fiction,,m
2111,In and Out of Step,Christine M. Knight,4.02,Fiction,English,w
2113,Memories Of My Future,"Ammar Habib , Anil Sinha",4.31,Historical Fiction,English,m;m
2153,Little Bee,Chris Cleave,3.72,Fiction,English,m
2155,The Last Kingdom,Bernard Cornwell,4.25,Historical Fiction,English,m
2182,Complicated Moonlight,Lynessa Layne,4.79,,English,m
2184,Lincoln,Gore Vidal,4.22,Historical Fiction,English,m
2209,Savvy Sage Online,Richard Sprout,4.31,Drama,English,m
2217,Ramonst,A.F. Knott,4.5,Novels,English,m
2221,Beartown,Fredrik Backman,4.25,Fiction,English,m
2232,Betrayal of Justice,Mark M. Bello,4.32,Drama,English,m
2259,The Ways of Autumn,William Graney,4.35,Epic,English,m
2264,Burial Rites,Hannah Kent,4.01,Historical Fiction,English,w
2265,The Orphan Master's Son,Adam Johnson,4.06,Fiction,English,m
2266,The Well House III: The Redemption,M.S. Matassa,4.4,Contemporary,English,m
2271,To Dream the Blackbane,Richard J. O'Brien,4.54,Contemporary,English,m
2272,Song Bird: Matters of the Heart,Christine M. Knight,4.55,,English,w
2283,Plain Truth,Jodi Picoult,3.98,Fiction,English,w
2294,The Feast of the Goat,Mario Vargas Llosa,4.29,Fiction,English,m
2303,"Dancing with The Field: Bringing Joy, Passion and Play into Everyday Life",Kris Kelkar,4.37,Epic,English,m
2305,Fierce Invalids Home from Hot Climates,Tom Robbins,4.03,Fiction,English,m
2307,Unaccustomed Earth,Jhumpa Lahiri,4.11,Fiction,English,m
2328,The Bonesetter's Daughter,Amy Tan,3.98,Fiction,English,w
2338,Olive Kitteridge,Elizabeth Strout,3.83,Fiction,English,w
2343,"Everything Is Always Gonna Be Alright, Durban Frankenshooze",Jamie McHone,4.36,Epic,English,m
2361,The Luminaries,Eleanor Catton,3.73,Fiction,English,w
2364,The Sound of Suffering,Darin C. Brown,4.26,Book Club,English,w
2368,Diya aur baati hum,Snehlata Agarwala,4.8,,,w
2386,Narcopolis,Jeet Thayil,3.37,Fiction,English,m
2402,The Message for the Last Days,K.J. Soze,4.3,Contemporary,English,m
2425,Everything I Never Told You,Celeste Ng,3.86,Fiction,English,w
2435,The Red Hand,Michael Stephen Daigle,4.33,Contemporary,English,m
2438,The Fan Man,William Kotzwinkle,4.06,Fiction,English,m
2453,The Tortilla Curtain,T. Coraghessan Boyle,3.66,Fiction,English,m
2455,March,Geraldine Brooks,3.75,Historical Fiction,English,w
2477,Shanghai Girls,Lisa See,3.9,Historical Fiction,English,w
2480,Dreams of Winter,Christian Warren Freed,4.39,Contemporary,English,m
2488,100 Bible Facts About Jesus: The Exciting way to Learn,Ginger Baum,4.96,,,w
2512,100 Fun Bible Facts: The Exciting way to Learn (100 Bible Facts Book 1),Ginger Baum,4.97,,,w
2526,Jubal's Field Trip To Heaven: Jubal and Chanan Enter Through the Narrow Gate (Jubal's Divine Adventures #1),Ginger Baum,4.97,,English,w
2540,Betrayal of Faith,Mark M. Bello,4.36,Contemporary,,m
2551,Tiger and the Robot (Chandler Gray #1),Grahame Shannon,4.32,Novels,English,m
2564,The Thousand Autumns of Jacob de Zoet,David Mitchell,4.01,Fiction,English,m
2570,"Why They Stay: Sex Scandals, Deals, and Hidden Agendas of Nine Political Wives",Anne Michaud,4.4,Fiction,English,w
2577,The Known World,Edward P. Jones,3.83,Historical Fiction,English,m
2581,Primed For Revenge,Carolyn M. Bowen,4.25,Novels,English,w
2587,Snuff,Chuck Palahniuk,3.2,Fiction,English,m
2588,The Largesse of the Sea Maiden,Denis Johnson,3.79,Short Stories,English,m
2603,Syrian Brides,Anna Halabi,4.17,Short Stories,English,w
2604,The Day Jesus Rode Into Croydon,Kirk St Moritz,3.47,Fiction,English,m
2631,Beneath a Scarlet Sky,Mark T. Sullivan,4.4,Historical Fiction,English,m
2650,The Dovekeepers,Alice Hoffman,4.04,Historical Fiction,English,w
2654,The First Man in Rome,Colleen McCullough,4.09,Historical Fiction,English,w
2666,The Invention of Wings,Sue Monk Kidd,4.24,Historical Fiction,English,w
2696,Dueling Fates,Stephanie M. Allen,4.32,,,w
2710,Slow Brewing Tea,Randy Loubier,4.32,Fiction,,m
2716,A Constellation of Vital Phenomena,Anthony Marra,4.1,Fiction,English,m
2733,Mystical Trash,Mary Ramsey,4.44,Contemporary,,m
2770,"Where'd You Go, Bernadette",Maria Semple,3.89,Fiction,English,w
2783,The Samurai's Garden,Gail Tsukiyama,4.13,Historical Fiction,English,m
2787,The Well House II: The Revenge,M.S. Matassa,4.37,Fiction,,m
2794,The Devil's Deceptions: Is There Life After Death?,Ginger Baum,4.98,,,w
2809,Batman: The Long Halloween,Jeph Loeb,4.32,Comics,English,m
2814,The Kindly Ones,Jonathan Littell,4.08,Fiction,English,m
2841,Breathing Lessons,Anne Tyler,3.67,Fiction,English,w
2845,The Art of Fielding,Chad Harbach,3.99,Fiction,English,m
2855,Out Stealing Horses,Per Petterson,3.81,Fiction,English,m
2874,Motherless Brooklyn,Jonathan Lethem,3.88,Fiction,English,m
2880,Plainsong,Kent Haruf,4.01,Fiction,English,m
2902,Matterhorn,Karl Marlantes,4.26,Fiction,English,m
2911,The Rising,C.M. Meridian,3.55,Werewolves,English,m
2916,The Rings of Saturn,W.G. Sebald,4.25,Fiction,English,m
2954,A Soldier of the Great War,Mark Helprin,4.35,Fiction,English,m
2958,SSN Seadragon: The Crucible of Leviathan,J.P. Ronald,4.22,Contemporary,,m
2989,Betrayal In Black,Mark M. Bello,4.38,Novels,English,m
3009,And Come Day's End: A Michael McKaybees Mystery,Gabriel F.W. Koch,4.3,,,m
3023,Treacherous Estate,Behcet Kaya,4.32,,English,m
3025,Betrayal High,Mark M. Bello,4.34,Fiction,English,m
3037,The Reluctant Fundamentalist,Mohsin Hamid,3.72,Fiction,English,m
3059,Three Day Road,Joseph Boyden,4.3,Historical Fiction,English,m
3075,Kurintor Nyusi: Diverse Epic Fantasy,Aaron-Michael Hall,4.39,Contemporary,,m
3114,The Christmas Sweater,Glenn Beck,3.8,Christmas,English,m
3138,Stepping Beyond Intention,Daniel Mangena,4.37,Epic,,m
3149,Those Who Save Us,Jenna Blum,4.13,Historical Fiction,English,w
3163,A Woman to Blame,Vincent Panettiere,4.4,Fiction,,m
3164,The Place That Gave,Emem Uko,4.37,Novels,English,m
3167,On Beauty,Zadie Smith,3.74,Fiction,English,m
3170,The Crazy Life of a Kid from Brooklyn,Bill Morgenstein,4.37,Drama,,m
3178,Homegoing,Yaa Gyasi,4.44,Historical Fiction,English,m
3188,This is Where I Leave You,Jonathan Tropper,3.88,Fiction,English,m
3192,Please Look After Mom,Shin Kyung-sook,3.83,Fiction,English,m
3224,Calico Jack in your Garden,Karl Wiggins,4.2,Humor,English,m
3253,Passionate Intention,"Belinda Vale , Felix Foreman",4.46,Fiction,English,w;m
3270,Five Quarters of the Orange,Joanne Harris,3.86,Fiction,English,w
3275,Bring Up the Bodies,Hilary Mantel,4.27,Historical Fiction,English,w
3280,The First Phone Call from Heaven,Mitch Albom,3.75,Fiction,English,m
3285,Happy Halloween,Othen Donald Dale Cummings,4.7,,,m
3286,The Little Friend,Donna Tartt,3.47,Fiction,English,w
3301,Mason & Dixon,Thomas Pynchon,4.08,Fiction,English,m
3307,Vanishing Acts,Jodi Picoult,3.7,Fiction,English,w
3330,Curse of The Salute,Anastacia Moore,4.06,,English,m
3334,The Beech Tree,Don Phelan,4.06,Fiction,English,m
3359,The Koalemos Initiative,P.H. Wilson,3.82,,English,m
3378,State of Wonder,Ann Patchett,3.88,Fiction,English,w
3413,"I, the Sun",Janet E. Morris,4.23,Historical Fiction,English,w
3428,The Signature of All Things,Elizabeth Gilbert,3.84,Fiction,English,w
3454,The Sisters Brothers,Patrick deWitt,3.84,Fiction,English,m
3468,New York,Edward Rutherfurd,4.13,Historical Fiction,English,m
3490,Until I Find You,John Irving,3.64,Fiction,English,m
3510,Fire of the Covenant: The Story of the Willie and Martin Handcart Companies,Gerald N. Lund,4.55,Historical Fiction,English,m
3541,Betrayal In Blue,Mark M. Bello,4.32,Contemporary,,m
3580,Vernon God Little,D.B.C. Pierre,3.6,Fiction,English,m
3595,ثلة من أسماء الإجرام,حسام السعيد عامر,3.61,,Arabic,m
3596,Big Money: A Global Financial Thriller (Financial Conspiracy Series Book 1),James Hudson,4.35,,English,m
3597,"Against the Grain: A Coach's Wisdom on Character, Faith, Family, and Love",Bill Courtney,4.25,Sports,English,m
3599,Manifesto of the Free People's Union,Jakub Lasak,4.35,,English,m
3602,Saving Fish from Drowning,Amy Tan,3.44,Fiction,English,w
3611,The Lacuna,Barbara Kingsolver,3.79,Fiction,English,w
3621,Paddy Clarke Ha Ha Ha,Roddy Doyle,3.76,Fiction,French,m
3701,ثقوب في الثوب الأسود,إحسان عبد القدوس,3.96,Fiction,Arabic,m
3710,It's a Storm Without God... It's the Perfect Journey When You Know the Name of Jesus Is Guaranteed!!!: My Life Testimony: There's No Excuse to Not Be Who You Want to Be... God's So Great!!!,Larry Taylor,4.4,Novels,,m
3717,Miscellaneous Stuff & Stuff,Jim Henry,3.59,,,m
3728,The Lowland,Jhumpa Lahiri,3.85,Fiction,English,m
3732,The Moor's Last Sigh,Salman Rushdie,3.93,Fiction,English,m
3743,The Mitford Years Boxed Set Volumes 1-6,Jan Karon,4.36,Fiction,English,m
3755,The Brooklyn Follies,Paul Auster,3.84,Fiction,English,m
3761,Night of the Rat,Tanya Thompson,4.33,Fiction,,w
3764,Train Dreams,Denis Johnson,3.84,Fiction,English,m
3777,Behind the Scenes at the Museum,Kate Atkinson,3.96,Fiction,English,w
3811,Secret Daughter,Shilpi Somaya Gowda,3.98,Fiction,English,m
3831,Tooth for Tooth,J.K. Franko,4.49,Novels,English,m
3850,A Long Way Down,Nick Hornby,3.43,Fiction,English,m
3863,Saturday,Ian McEwan,3.63,Fiction,English,m
3864,Small Island,Andrea Levy,3.97,Fiction,English,w
3876,The Bastard of Istanbul,Elif Shafak,3.84,Fiction,English,w
3897,Rules of Civility,Amor Towles,4.04,Fiction,English,w
3904,Black Ice,Stephen Tesher,4.42,Contemporary,English,m
3943,Avaland,Amy Croucher Rose,4.58,,English,w
3945,Stupeur et tremblements,Amélie Nothomb,3.73,Fiction,French,w
3965,Full Moon Saturday Night,Mark Barkawitz,4.32,Epic,English,m
3989,Gris Ange 2014,Lucio Agustine Rosenkreutz Crăciunescu,5.0,,"French, Middle (ca.1400-1600)",m
3990,The Overstory,Richard Powers,4.13,Fiction,English,m
4000,Coeur pourri de laine (DF),Lucio Agustine Rosenkreutz Crăciunescu,4.8,,French,m
4005,From Brexit to Brazil,John Richard Spencer,4.29,Contemporary,English,m
4017,The Last Sin Eater,Francine Rivers,4.1,Christian Fiction,English,w
4029,"Past, Present, and Promises","Patricia H. Graham , Verna C. Humphrey",4.02,Fiction,English,w;w
4032,U-10,Sam B. Miller II,4.34,Epic,English,m
4039,Handle with Care,Jodi Picoult,3.98,Fiction,English,w
4047,Drowning Ruth,Christina Schwarz,3.74,Fiction,English,w
4082,What I Loved,Siri Hustvedt,4.06,Fiction,English,w
4103,Public Information,Rolf Margenau,4.16,Adventure,English,m
4204,No One Belongs Here More Than You,Miranda July,3.82,Short Stories,English,w
4313,Sarum: The Novel of England,Edward Rutherfurd,4.07,Historical Fiction,English,m
4315,Shame,Salman Rushdie,3.83,Fiction,English,m
4327,Lies a River Deep,Vera Jane Cook,4.43,Fiction,English,w
4332,Regeneration,Pat Barker,4.03,Historical Fiction,English,m
4337,Annabel Horton And The Black Witch of Pau (Book Two),Olivia Hardy Ray,4.4,Novels,English,w
4352,Laços fortes e decisões difíceis,Graça Jacinto,4.71,,Portuguese,w
4354,"My Death Experiences - A Preacher’s 18 Apocalyptic Encounter with Death, Heaven & Hell.",Zion Odum,4.62,,English,m
4355,بعثة بدوي,تركي العواد,3.26,Fiction,Arabic,m
4359,Angles - Part I,Erin Lockwood,4.42,,English,m
4397,Dakota Son,Mary Ramsey,4.43,Contemporary,English,m
4405,Obscured Darkness (Family Secrets #2),Rebekah McClew,5.0,,English,w
4407,Perfect Match,Jodi Picoult,3.95,Fiction,English,w
4411,The Change,C.M. Meridian,4.29,,English,m
4412,The Illustrated Vivian Stanshall: A Fairytale of Grimm Art,Ki Longfellow,4.93,Art,English,m
4414,Fugitive Pieces,Anne Michaels,3.94,Fiction,English,w
4420,"Family Secrets: Secrets of the Night, #1",Rebekah McClew,4.82,,English,w
4436,MARS,Jasmine Rose,4.38,,English,w
4439,The Years Distilled: Verses,Dennis Sharpe,4.81,,English,m
4447,Mortal,Rebekah McClew,4.77,,English,w
4459,The Sea,John Banville,3.52,Fiction,English,m
4475,Samantha's Revenge,Andrew R. Williams,4.37,Contemporary,,m
4479,The Night Watch,Sarah Waters,3.69,Historical Fiction,English,w
4488,The Assiduous Quest of Tobias Hopkins: Part Three: The Dutchman,James Faro,4.0,,English,m
4502,Armée des ombres (DF),Lucio Agustine Rosenkreutz Crăciunescu,4.77,,French,m
4504,In the Skin of a Lion,Michael Ondaatje,3.87,Fiction,,m
4524,The Code: The Assiduous Quest of Tobias Hopkins - Part Two,James Faro,4.73,,English,m
4529,The Travelling Cat Chronicles,Hiro Arikawa,4.29,Fiction,English,m
4534,Métaphysique des tubes,Amélie Nothomb,3.89,Fiction,French,w
4538,Homecoming: The Assiduous Quest of Tobias Hopkins - Part One,James Faro,4.57,Adventure,English,m
4569,Pigs in Heaven,Barbara Kingsolver,3.97,Fiction,English,w
4570,Three Junes,Julia Glass,3.57,Fiction,English,w
4586,Tenth of December,George Saunders,3.96,Short Stories,English,m
4602,The Ragged Edge of Night,Olivia Hawker,4.13,Historical Fiction,English,w
4620,What You Are Not Being Told about Vaccines: The Year of Truth 2019,Sharon Storm,4.9,,,w
4644,Min kamp 1,Karl Ove Knausgård,4.08,Fiction,Norwegian,m
4645,Cancer: It can be a lonely journey,Ron Millicent,4.35,Novels,English,m
4662,Platform,Michel Houellebecq,3.8,Fiction,English,m
4674,No Great Mischief,Alistair MacLeod,4.02,Fiction,English,m
4682,Brief Interviews with Hideous Men,David Foster Wallace,3.86,Short Stories,English,m
4706,Dyed Souls,Gary Santorella,4.25,Epic,English,m
4732,When Crickets Cry,Charles Martin,4.28,Fiction,English,m
4737,An Object of Beauty,Steve Martin,3.72,Fiction,English,m
4745,The Round House,Louise Erdrich,3.94,Fiction,English,w
4746,The Zombie Wizards of Ala-ka,Linda Armstrong,4.31,Epic,English,w
4806,The Dark Web Murders,Brian O'Hare,4.32,Contemporary,English,m
4818,Eureka Street,Robert McLiam Wilson,4.18,Fiction,English,m
4851,Water Music,T. Coraghessan Boyle,4.18,Fiction,English,m
4877,Innocent Traitor,Alison Weir,3.95,Historical Fiction,English,w
4893,"Layman's Handbook, A journey to SELF",Aidan McNally,4.37,Epic,English,m
4894,King of Wands (Kings of the Tarot Book 2),Anna Durbin,4.31,,,w
4926,"Slide, a Modern Satire on the Excess of Greed",Saira Viola,4.31,Contemporary,English,m
4930,"Take a Deep Breath - 21 Top Tips for Relaxed, Rewarding and Healthy Life for Stressed Wage Earners",Michal Siwiec,4.0,,English,m
4931,As the Matzo Ball Turns,Jozef Rothstein,4.48,,English,m
4932,The Mystery of Revenge,G.X. Chen,4.15,Mystery,English,m
4940,The Infinite Jeff: A Parable of Change (Part 1),Will Holcomb,4.65,Spirituality,English,m
4942,"The Removable Root Cause of Cancers and other Chronic Diseases : The Effort Theory of Evolution, Chronic Diseases and Extinction",Paul Ola,4.67,,,m
4947,The Millennial Reincarnations,Daniel M. Harrison,3.79,Novels,English,m
4948,Asyri: The Wrath of the Fire Stone,Robyn Ellington-Jones,4.33,,English,w
4949,Ordinary Grace,William Kent Krueger,4.2,Fiction,English,m
4953,1/4 جرام,Essam Youssef,4.01,Novels,Arabic,m
4956,The Real Book of the Dead,Collette Sinclaire,4.21,,English,w
4968,The Golden Scallop,R.L. Douglas,4.67,,English,m
4972,Evolution of Insanity,Haresh Daswani,4.29,Psychology,English,m
4989,This Thing of Darkness,Harry Thompson,4.5,Historical Fiction,English,m
4997,Little Children,Tom Perrotta,3.63,Fiction,English,m
5001,Not Open: Win the Invisible Spiritual Culture War,"Lisa Cherry , Lucas Cherry",4.29,Christianity,,w;m
5003,First Light,R.L. Douglas,4.5,,English,m
5007,The Almond Tree,Michelle Cohen Corasanti,4.12,Historical Fiction,English,w
5016,The Line of Beauty,Alan Hollinghurst,3.74,Fiction,English,m
5026,The Falls,Joyce Carol Oates,3.58,Fiction,English,w
5050,Messages From Heaven,Collette Sinclaire,4.23,,English,w
5052,The Woman Who Walked Into Doors,Roddy Doyle,3.84,Fiction,English,m
5060,حائر بين الحلال والحرام,إحسان عبد القدوس,3.56,Short Stories,Arabic,m
5068,The Scribbler Guardian,Lucian Bane,4.24,,English,m
5074,Leo Africanus,Amin Maalouf,4.19,Historical Fiction,English,m
5079,An Irish Country Doctor,Patrick Taylor,3.88,Fiction,English,m
5086,The Rice Mother,Rani Manicka,4.13,Historical Fiction,English,w
5088,Family Matters,Rohinton Mistry,4.02,Fiction,English,m
5089,Gray Hawk of Terrapin,Moss Whelan,4.37,,English,m
5118,Rosto Inacabado (Pequenos segredos alquímicos) (PT) (2013),Lucio Agustine Rosenkreutz Crăciunescu,5.0,,Portuguese,m
5138,Dom Wars: Round Six,Lucian Bane,4.21,,English,m
5152,The Dress Lodger,Sheri Holman,3.57,Historical Fiction,English,w
5154,99 francs,Frédéric Beigbeder,3.57,Fiction,French,m
5162,Elliptical door (A multifaceted overview) (US) (2013),Lucio Agustine Rosenkreutz Crăciunescu,5.0,,English,m
5165,"Dom Wars: Round 4, 5, 6",Lucian Bane,4.27,,English,m
5172,What You Are Not Being Told About Vaccines: Find out now Before its too Late... Welcome to the Year of Truth 2019 (What You Are Not Being Told About Vacines #1),Sharon Storm,4.86,,English,w
5188,55 Celebrities With Anxiety: The Secret Weapon Cure That Is Being Concealed,Sharon Storm,4.97,,,w
5193,The Genius Mind of an Anti-Vaxxer: Truth Unleashed,Sharon Storm,4.95,,,w
5250,Slammerkin,Emma Donoghue,3.72,Historical Fiction,English,w
5266,The Quincunx,Charles Palliser,4.08,Historical Fiction,English,m
5281,Dreams of Joy,Lisa See,4.08,Historical Fiction,English,w
5288,How to Be Good,Nick Hornby,3.22,Fiction,,m
5297,Honor,Elif Shafak,4.06,Fiction,English,w
5318,Thirteen Moons,Charles Frazier,3.7,Historical Fiction,English,m
5325,Puhdistus,Sofi Oksanen,3.89,Fiction,Finnish,w
5333,Britt-Marie Was Here,Fredrik Backman,4.06,Fiction,English,m
5359,Microserfs,Douglas Coupland,3.88,Fiction,English,m
5376,Slingshot: Building the largest machine in human history,Robert G. Williscroft,4.38,Fiction,English,m
5411,A Spark of Light,Jodi Picoult,3.7,Fiction,English,w
5444,Black and Blue,Anna Quindlen,3.89,Fiction,English,w
5471,The Uncommon Reader,Alan Bennett,3.79,Fiction,English,m
5494,The Hummingbird's Daughter,Luis Alberto Urrea,4.19,Historical Fiction,English,m
5540,Before Women Had Wings,Connie May Fowler,4.03,Fiction,English,m
5571,Pack's Posse (Simon Pack Book 8),John M. Vermillion,4.33,Epic,,m
5572,In Our Bones,Pernell Plath Meier,4.3,Fiction,English,m
5586,The Passion of Artemisia,Susan Vreeland,3.88,Historical Fiction,English,w
5614,Left Neglected,Lisa Genova,3.97,Fiction,English,w
5641,We Were the Lucky Ones,Georgia Hunter,4.38,Historical Fiction,English,w
5665,Enjambre Sutil,Jose Dellepiane,4.69,,Spanish,m
5666,The Oaks,Jessica Loving,4.5,,English,w
5679,"Deadly Pretty Strangers: One dead body, one bereaved mother, one small favour ...",Max Thorn,4.21,,,m
5686,A Spy at Home,Joseph Rinaldo,3.7,Fiction,English,m
5702,Remarkable Creatures,Tracy Chevalier,3.85,Historical Fiction,English,m
5714,BOAT SHOES – SOLILOQUY OF A USELESS EATER: Book Two,Daire Feeney,4.73,,English,m
5716,Females of Valor,Widad Akreyi,5.0,,English,w
5718,Life After God,Douglas Coupland,3.79,Fiction,English,m
5722,Drop City,T. Coraghessan Boyle,3.86,Fiction,English,m
5738,Rebirth,O.L. Ramos,4.44,,English,m
5740,The Daughter Of Kurdland: A Life Dedicated to Humankind,Widad Akreyi,5.0,,English,w
5744,A Butler Christmas,Rahiem Brooks,4.53,,English,m
5746,Reservation Blues,Sherman Alexie,3.98,Fiction,English,m
5793,South of Broad,Pat Conroy,3.82,Fiction,English,m
5795,The Midwife's Confession,Diane Chamberlain,4.07,Fiction,English,w
5805,The Heretic's Daughter,Kathleen Kent,3.77,Historical Fiction,English,w
5823,Gazing Into the Eternal,Belzebuub,4.58,Spirituality,English,m
5833,New Yesterdays,Jim L. Wright,4.23,Science Fiction Fantasy,English,m
5837,The Buddha of Suburbia,Hanif Kureishi,3.74,Fiction,English,m
5840,The Interestings,Meg Wolitzer,3.58,Fiction,English,w
5852,Austerlitz,W.G. Sebald,4.04,Fiction,English,m
5892,Waiting to Live,Asa Don Brown,4.36,Spirituality,English,m
5906,Little Altars Everywhere,Rebecca Wells,3.57,Fiction,English,w
5907,Tinkers,Paul Harding,3.39,Fiction,English,m
5935,The Case of the Cosmological Killer: The Rendlesham Incident,Stephanie Osborn,4.14,Mystery,English,w
5936,Blonde,Joyce Carol Oates,4.0,Fiction,French,w
5940,There There,Tommy Orange,3.97,Fiction,English,m
5943,The Glass Palace,Amitav Ghosh,3.97,Fiction,English,m
5952,Lilac Girls,Martha Hall Kelly,4.28,Historical Fiction,English,w
5959,"The Autobiography of Henry VIII: With Notes by His Fool, Will Somers",Margaret George,4.24,Historical Fiction,English,w
5991,A Monstrous Regiment of Women,Laurie R. King,4.03,Mystery,English,w
6019,This Is How It Always Is,Laurie Frankel,4.25,Fiction,English,w
6020,Landfill Dogs book,Shannon Johnstone,4.64,,,m
6022,Nobody's Fool,Richard Russo,4.11,Fiction,English,m
6033,Het huis van de moskee,Kader Abdolah,4.05,Fiction,Dutch,m
6042,Falsely Accused of the Unthinkable,Glenis Kellet,4.33,,English,m
6046,De helaasheid der dingen,Dimitri Verhulst,3.78,Fiction,Dutch,m
6056,The Dying Animal,Philip Roth,3.63,Fiction,English,m
6076,Sea of Poppies,Amitav Ghosh,3.96,Fiction,English,m
6078,Slaves of New York,Tama Janowitz,3.45,Fiction,English,m
6079,Agincourt,Bernard Cornwell,4.13,Historical Fiction,English,m
6107,The Pale King,David Foster Wallace,3.96,Fiction,English,m
6130,Say You're One of Them,Uwem Akpan,3.53,Fiction,English,m
6135,Shadow Team GB,J.M. Johnson,4.85,,English,m
6136,Eagle in the Snow: A Novel of General Maximus and Rome's Last Stand,Wallace Breem,4.12,Historical Fiction,English,m
6148,Me & Emma,Elizabeth Flock,3.91,Fiction,English,w
6187,Jimmy Corrigan: The Smartest Kid on Earth,Chris Ware,4.09,Graphic Novels,,m
6188,Crow Lake,Mary Lawson,3.89,Fiction,English,m
6210,The Half Brother,Lars Saabye Christensen,4.1,Fiction,English,m
6217,"The Bat (The Red Grouse Tales) - A coming of age story involving a search after truth, doubt and a bat!",Leslie Garland,4.36,Fiction,English,m
6239,Bounty from the Box: The CSA Farm Cookbook,Mi Ae Lipe,4.38,Cookbooks,,m
6267,Straight Man,Richard Russo,4.01,Fiction,English,m
6268,Bridge of Sighs,Richard Russo,3.81,Fiction,English,m
6274,The Cellist of Sarajevo,Steven Galloway,4.03,Fiction,English,m
6307,The Last Report on the Miracles at Little No Horse,Louise Erdrich,4.19,Fiction,English,w
6317,The Speed of Life,James Victor Jordan,4.37,Fiction,English,m
6328,The Double Bind,Chris Bohjalian,3.63,Fiction,English,m
6351,Behold the Dreamers,Imbolo Mbue,3.94,Fiction,English,m
6352,Girl in Hyacinth Blue,Susan Vreeland,3.73,Historical Fiction,English,w
6358,Orion Surfacing,I James Forrest,4.28,Fiction,English,m
6365,Himnaríki og helvíti,Jón Kalman Stefánsson,4.16,Fiction,Icelandic,m
6395,Beatrice and Virgil,Yann Martel,3.16,Fiction,English,m
6408,Drown,Junot Díaz,4.03,Short Stories,English,m
6426,The Grass Crown,Colleen McCullough,4.3,Historical Fiction,English,w
6448,Skipping Christmas,John Grisham,3.5,Fiction,English,m
6457,Last Night in Twisted River,John Irving,3.76,Fiction,English,m
6505,The Starchild Compact,Robert G. Williscroft,4.35,Novels,English,m
6516,Ireland,Frank Delaney,4.02,Historical Fiction,English,m
6535,An Omnibus: Dinner at the Homesick Restaurant / The Accidental Tourist / Breathing Lessons,Anne Tyler,4.13,Fiction,,w
6544,Gone to Soldiers,Marge Piercy,4.27,Historical Fiction,English,w
6577,The Deep End of the Ocean,Jacquelyn Mitchard,3.87,Fiction,English,w
6587,The Master Butchers Singing Club,Louise Erdrich,4.05,Fiction,English,w
6588,Lighthousekeeping,Jeanette Winterson,3.85,Fiction,English,w
6598,The Hunger Angel,Herta Müller,3.9,Fiction,English,w
6607,Women of the Silk,Gail Tsukiyama,3.94,Historical Fiction,English,m
6651,Maisie Dobbs,Jacqueline Winspear,3.91,Mystery,English,w
6653,The Memory of Running,Ron McLarty,3.76,Fiction,English,m
6654,The Rapture of Canaan,Sheri Reynolds,3.82,Fiction,English,w
6679,I am an Island,Jonathan Culver,3.89,Fiction,,m
6682,"It's Not What You Think (It's Not What You Think, #1)",Ashley Waelti,4.27,,English,m
6684,Just Perfect,Hanne Arts,3.97,,English,w
6685,And the Tide Turns,Timothy Dalton,3.84,,English,m
6688,Once in a Blue Year,Michael D. Durkota,4.22,Fiction,English,m
6691,Girl of Shadow,Holly Chavez,4.43,,English,w
6693,Origins Of India: Bharatvarsham,Ravi Pathak,4.42,,,m
6694,What We Think We Become,Durgesh Satpathy,4.25,Self Help,English,m
6695,Di undici foglie,Dino Olivieri,4.1,,Italian,m
6696,Spy for nobody . جاسوس من أجل لا أحد,باسل الصنيب Basel Saneeb,4.0,,Arabic,m
6698,Book One: Sporadic Memories,Ali Marsman,4.34,Fiction,English,m
6708,From Maid to Duchess,Regina James,4.31,Historical Fiction,,w
6724,The Singularity is Coming: The Artificial Intelligence Explosion,Tony Thorne,4.18,Technology,English,m
6725,Lowcountry Boondoggle,Susan M. Boyer,4.54,Mystery,English,w
6746,Mid Ocean,T. Rafael Cimino,3.95,Fiction,English,m
6755,Divisadero,Michael Ondaatje,3.5,Fiction,English,m
6757,Zoroastrians' Fight for Survival,Widad Akreyi,4.63,,English,w
6763,I am Cyrus: The Story of the Real Prince of Persia,Alexander Jovy,4.0,Historical Fiction,English,m
6770,Saint Maybe,Anne Tyler,3.88,Fiction,English,w
6789,Flesh and Blood,Michael Cunningham,4.02,Fiction,English,m
6801,Project Terror,Jamal Lewis,4.2,Mystery Thriller,English,m
6826,"Requiem for Humanity (Last Days, #1)",Joseph Sweet,4.38,Zombies,English,m
6829,Patience's Love,Ronda Paige,5.0,,English,w
6842,A Course in Astral Travel and Dreams,Belzebuub,4.38,Psychology,English,m
6867,The Secret Scripture,Sebastian Barry,3.8,Fiction,English,m
6875,The Peace of the Spirit Within: A Guide to Transform Your Life,Belzebuub,4.64,,English,m
6891,Oldest Living Confederate Widow Tells All,Allan Gurganus,3.83,Fiction,English,m
6897,The Instructions,Adam Levin,4.06,Fiction,English,m
6904,دیوار,علیرضا غلامی,4.24,Novels,Persian,m
6907,Shadows in the Salon,Kirsten Fullmer,4.35,Contemporary,English,w
6913,Fresh,Dennis Sharpe,4.38,,English,m
6936,Binders Full of Women,Lana Cordova,3.33,Erotica,English,w
6939,The Eagle's Secret,Erez Aharoni,3.96,,,m
6944,One Day You Will (An Attorney J.B. Graybourne Novel #2),Kristofer Clarke,4.38,,English,m
6972,Swing Time,Zadie Smith,3.57,Fiction,English,m
6976,American Wife,Curtis Sittenfeld,3.74,Fiction,English,m
7029,Die Känguru-Chroniken. Ansichten eines vorlauten Beuteltiers,Marc-Uwe Kling,4.3,Humor,German,m
7032,Sensual Desires,James Sillwood,4.64,,English,m
7062,La ciudad de los prodigios,Eduardo Mendoza,3.91,Fiction,Spanish,m
7097,Clandestine Liaisons,James Sillwood,4.62,,English,m
7101,"The Complete Far Side, 1980–1994",Gary Larson,4.68,Comics,English,m
7103,The Traveler's Gift: Seven Decisions that Determine Personal Success,Andy Andrews,4.11,Fiction,English,m
7152,Las legiones malditas,Santiago Posteguillo,4.66,Historical Fiction,Spanish,m
7173,English Passengers,Matthew Kneale,4.07,Historical Fiction,English,m
7180,Libra,Don DeLillo,3.99,Fiction,English,m
7223,Horse Heaven,Jane Smiley,3.88,Fiction,English,w
7243,Miami Purity,Vicki Hendricks,3.38,Noir,English,w
7244,The Extraordinary Life of Sam Hell,Robert Dugoni,4.31,Fiction,English,m
7255,Los asesinos del emperador,Santiago Posteguillo,4.58,Historical Fiction,Spanish,m
7285,The Road to Wellville,T. Coraghessan Boyle,3.67,Fiction,English,m
7295,Dreams of Leaving,Rupert Thomson,3.45,Fiction,English,m
7297,The Vanishing Act of Esme Lennox,Maggie O'Farrell,3.85,Fiction,English,w
7303,Dalva,Jim Harrison,4.18,Fiction,English,m
7305,Empress,Shan Sa,3.69,Historical Fiction,English,m
7313,The Village Narcissist,Glenis Kellet,4.41,Contemporary,English,m
7315,In the Name of Revenge,Starr Gardinier,4.33,,,m
7334,"Nobody Asked Me, But ....",Karl Wiggins,4.1,Politics,English,m
7343,The Collected Stories,Amy Hempel,4.26,Short Stories,English,w
7350,My Greek Traditional Cook Book 1,Anna Othitis,4.79,Cookbooks,English,w
7378,The Heart's Invisible Furies,John Boyne,4.47,Historical Fiction,English,m
7403,Tandia,Bryce Courtenay,4.06,Fiction,English,m
7422,Every Last One,Anna Quindlen,3.85,Fiction,English,w
7431,La Part de l'autre,Éric-Emmanuel Schmitt,4.17,Fiction,French,m
7432,H.M.S. Surprise,Patrick O'Brian,4.42,Historical Fiction,English,m
7451,Lionheart,Sharon Kay Penman,4.1,Historical Fiction,English,w
7458,Star of the Sea,Joseph O'Connor,3.99,Historical Fiction,English,m
7462,Shadow Country,Peter Matthiessen,4.05,Fiction,English,m
7467,The Housekeeper and the Professor,Yōko Ogawa,3.96,Fiction,English,m
7473,My Year of Rest and Relaxation,Ottessa Moshfegh,3.67,Fiction,English,m
7491,Inside His Head: The Assistant Mini Book,Elle Brace,4.18,,English,w
7502,Mother of Pearl,Melinda Haynes,3.69,Fiction,English,w
7508,The Music of Chance,Paul Auster,3.91,Fiction,English,m
7514,The Orenda,Joseph Boyden,4.23,Historical Fiction,English,m
7529,SHADOW PANTHEON,Eric Nierstedt,4.3,Fiction,,m
7531,Alaska,James A. Michener,4.13,Historical Fiction,English,m
7544,Fault Lines,Nancy Huston,3.74,Fiction,English,w
7557,Psycho Sitter,Alexandria Ayers,4.36,,,w
7571,The Dreamers,Gilbert Adair,3.56,Fiction,English,m
7574,Pygmy,Chuck Palahniuk,2.97,Fiction,English,m
7621,Julian,Gore Vidal,4.2,Historical Fiction,English,m
7659,A Unique Kind of Love: A Different Perspective [Excerpt],Jasmine Rose,4.5,,English,w
7661,My Commander,Alanea Alder,4.12,Paranormal Romance,English,m
7663,Fate's Pawn,Rick Fox,4.34,Contemporary,,m
7676,Min kamp 2,Karl Ove Knausgård,4.32,Fiction,,m
7683,Streets of Laredo,Larry McMurtry,3.95,Westerns,English,m
7696,To Dance with the White Dog,Terry Kay,4.2,Fiction,English,m
7708,You Shall Know Our Velocity!,Dave Eggers,3.63,Fiction,English,m
7736,The Sweetest Kill,Amber Lee,4.33,Vampires,English,w
7743,True History of the Kelly Gang,Peter Carey,3.82,Fiction,English,m
7755,We Are All Welcome Here,Elizabeth Berg,3.86,Fiction,English,w
7773,My Friend Leonard,James Frey,3.85,Fiction,English,m
7777,Legs,William Kennedy,3.8,Fiction,English,m
7779,JPod,Douglas Coupland,3.7,Fiction,English,m
7783,The Red Grouse Tales,Leslie Garland,4.32,Epic,English,m
7797,Before You Know Kindness,Chris Bohjalian,3.47,Fiction,English,m
7798,The Regeneration Trilogy,Pat Barker,4.39,Historical Fiction,English,m
7806,Korkma Ben Varım,Murat Menteş,4.12,Turkish Literature,Turkish,m
7829,Salvage the Bones,Jesmyn Ward,3.93,Fiction,English,m
7868,The Mambo Kings Play Songs of Love,Oscar Hijuelos,3.68,Fiction,English,m
7891,A Brief History of Seven Killings,Marlon James,3.88,Fiction,English,m
7905,Petits suicides entre amis,Arto Paasilinna,3.55,Fiction,French,m
7916,Terra Nostra,Carlos Fuentes,4.1,Fiction,English,m
7945,March of the Hooligans,Dougie Brimson,3.48,Football,English,m
7949,Ladder of Years,Anne Tyler,3.72,Fiction,English,w
7952,Oracle Night,Paul Auster,3.79,Fiction,English,m
7978,The Birth House,Ami McKay,4.01,Historical Fiction,English,w
7979,Cosmopolis,Don DeLillo,3.23,Fiction,English,m
7984,Fever Pitch,Nick Hornby,3.75,Fiction,English,m
7985,A History of the World in 10½ Chapters,Julian Barnes,3.89,Fiction,English,m
7989,Sacred Hunger,Barry Unsworth,4.11,Historical Fiction,English,m
7999,مولانا,إبراهيم عيسى,3.65,Novels,Arabic,m
8017,A Letter of Mary,Laurie R. King,3.99,Mystery,English,w
8037,Measuring the World,Daniel Kehlmann,3.74,Fiction,English,m
8042,Sharpe's Rifles,Bernard Cornwell,4.24,Historical Fiction,English,m
8044,All Families are Psychotic,Douglas Coupland,3.67,Fiction,English,m
8049,The Counterlife,Philip Roth,3.92,Fiction,English,m
8057,The Yellow Birds,Kevin Powers,3.74,Fiction,English,m
8064,The Living,Annie Dillard,3.84,Fiction,English,w
8079,The Kite Runner: A Portrait of the Marc Forster Film,David Benioff (Original author),4.61,Fiction,English,m
8080,Riotous Assembly,Tom Sharpe,4.08,Humor,English,m
8086,A God in Ruins,Kate Atkinson,3.94,Fiction,English,w
8093,One True Thing,Anna Quindlen,4.03,Fiction,English,w
8097,The City of Joy,Dominique Lapierre,4.22,Fiction,English,m
8105,Hotel World,Ali Smith,3.58,Fiction,English,m
8111,A Thread of Grace,Mary Doria Russell,4.02,Historical Fiction,English,m
8121,Solar Storms,Linda Hogan,4.11,Fiction,English,w
8140,The Slap,Christos Tsiolkas,3.2,Fiction,English,m
8161,Pillar of Light,Gerald N. Lund,4.28,Historical Fiction,,m
8167,Provinces of Night,William Gay,4.21,Fiction,English,m
8186,Killing Mister Watson,Peter Matthiessen,3.83,Fiction,English,m
8232,Joshua,Joseph F. Girzone,4.0,Fiction,English,m
8252,The Aviator's Wife,Melanie Benjamin,3.9,Historical Fiction,English,w
8273,Notwendige Streitgenossen,Georg Miggel,3.6,Crime,German,m
8276,A Terrace On The Tower Of Babel,Nelson Caldwell,4.0,,English,m
8284,The Imperfectionists,Tom Rachman,3.55,Fiction,English,m
8291,Tales of Sex & Suburban Lunacy,Helen Argiro,3.44,Chick Lit,English,w
8298,It Comes Natural - Understanding Natural and Integrative Medicine,Marsha Gujurati,4.47,,English,w
8301,"Leadership: Past, Present & Future",Carlos Rivera,4.15,Leadership,English,m
8304,The Founder's Curse,Danelle O'Donnell,4.1,,English,w
8318,The Shaman's Apprentice (Jovai Book 1),B. Muze,4.22,,English,m
8319,Liberation Day: Our Nation Empowered by the Constitution,Eric Martin,3.67,,,m
8320,Rivers Never Fill The Sea,Giselle V. Steele,4.8,,,w
8321,Her Beauty,M.R. Desmond,0.0,,,m
8326,Galaxy Pirates,Tamuna Tsertsvadze,4.64,,English,m
8328,"Manage My Emotions: What I Wish I'd Learned in School about Anger, Fear and Love",Kenneth Martz,4.43,,English,m
8329,The Orchard,David Hopen,4.21,Fiction,,m
8349,Penelope Gilbert and the Children of Azure,Emily A. Steward,4.48,,English,w
8358,Fortune's Favorites,Colleen McCullough,4.36,Historical Fiction,English,w
8376,Elementals: Mystic Warriors,Katherine L. Moore,4.19,,English,w
8378,Callasandra: Fractured,Stephanie Douglas,4.38,,English,w
8383,Catapult Soul,Brian Celio,3.95,Counter Culture,English,m
8389,Huey Lambert's Walking Nuclear Circus,Jonathan Culver,3.42,Fiction,English,m
8391,Syrian Folktales,Muna Imady,4.51,Mythology,English,w
8396,Without Feathers,Woody Allen,3.96,Humor,,m
8409,Night That Jimi Died,Darragh J Brady,4.8,,,m
8413,Caged Lions Never Roar,Arthur Archambeau,4.64,,,m
8427,Kinyas ve Kayra,Hakan Günday,4.05,Turkish Literature,Turkish,m
8439,Call Of The Lost Ages: A Study Of The Indus Valley Script,Subhajit Ganguly,4.48,,English,m
8449,Reasons to Kill God,I.V. Olokita,3.96,History,English,m
8453,Choque de Mundos: Primera parte,Carlos Arancio,4.08,Aliens,Spanish,m
8466,اموال ودماء,داليا محمد رضا,4.08,,Arabic,m
8482,The Neapolitan Novels,Elena Ferrante,4.57,Fiction,English,w
8483,TEORIA RUDIMENTARIA SOBRE ESTADOS ENTRELAZADOS Y GEMELOS.,G.G. Melies,4.17,,English,m
8485,كلمات نقتل بها أولادنا,"Caroline Messinger, Joseph Messinger",3.65,Parenting,Arabic,w;m
8488,Sister of My Heart,Chitra Banerjee Divakaruni,3.99,Fiction,English,w
8496,The Last Jew,Noah Gordon,4.11,Historical Fiction,English,m
8499,Burnt Shadows,Kamila Shamsie,3.91,Fiction,English,w
8515,The Race for Paris,Meg Waite Clayton,3.61,Historical Fiction,English,w
8525,Born Slippy,Tom Lutz,4.02,Fiction,,m
8526,"Arrested Heart (Arrested, #1)",H.L. Nida,4.45,,English,m
8527,Ved Maya,Vineeta Malhotra Taneja,4.79,,,w
8548,Welcome to Hard Times,E.L. Doctorow,3.82,Fiction,English,m
8552,Die Macht Des Marketing: Tipps Um Mit Ihrem Online Business H�here Profite Einzufahren,Maria Johnsen,4.85,,,w
8553,Shadow Maker,James R. Hannibal,4.16,Fiction,English,m
8557,Een schitterend gebrek,Arthur Japin,3.95,Historical Fiction,Dutch,m
8559,Lillian Boxfish Takes a Walk,Kathleen Rooney,3.85,Fiction,English,w
8566,Negeri 5 Menara,Ahmad Fuadi,4.09,Novels,Indonesian,m
8572,Africanus: El hijo del cónsul,Santiago Posteguillo,4.51,Historical Fiction,Spanish,m
8584,The Trouble with Romance,Tamara Philip,4.46,,English,w
8601,The Way the Crow Flies,Ann-Marie MacDonald,4.1,Fiction,English,m
8615,Freelancing And Outsourcing-How to Outsource Excessive Workload,Maria Johnsen,4.9,Business,,w
8617,This Season... Have Love/Have Faith,"Tamara Philip , Neva Squires-Rodriguez",4.4,Christmas,English,w;w
8635,In the Lake of the Woods,Tim O'Brien,3.78,Fiction,English,m
8659,Abstraction In Theory - Laws Of Physical Transaction,Subhajit Ganguly,5.0,,English,m
8660,The Afternoon When She Died,Maria Johnsen,4.39,,,w
8661,Successful Freelancing And Outsourcing: A Guide To Make Money Online And Increase Business Profit,Maria Johnsen,4.92,Business,,w
8669,30 Pieces of Gold: Self Growth - How to use Inspirational Quotes Effectively.,Ron Millicent,4.29,Novels,English,m
8676,The Man Who Fell in Love with the Moon,Tom Spanbauer,4.21,Fiction,English,m
8690,Dancer,Colum McCann,3.93,Fiction,English,m
8695,A Midnight Clear,William Wharton,4.19,Fiction,English,m
8743,Caleb's Crossing,Geraldine Brooks,3.82,Historical Fiction,English,w
8757,La petite fille de Monsieur Linh,Philippe Claudel,4.03,France,French,m
8774,(Un) Spoken,Dennis Sharpe,4.57,,,m
8829,Her Forbidden Rockstar,Sarah Robinson,3.6,Music,English,w
8834,Heart of the Country,Greg Matthews,4.02,Historical Fiction,English,m
8840,الحب وسنينه,أحمد رجب,3.59,Short Stories,Arabic,m
8855,The Descendants,Kaui Hart Hemmings,3.83,Fiction,English,m
8863,Castelli di rabbia,Alessandro Baricco,3.79,Fiction,Italian,m
8871,سأهبك مدينة أخرى,أحمد إبراهيم الفقيه,3.8,Novels,Arabic,m
8876,Being Dead,Jim Crace,3.71,Fiction,English,m
8911,The Last White Ruby: The Vanishing Polar Circles,Ronnie Smith,4.35,Novels,,m
8920,The Wrong Boy,Willy Russell,4.14,Fiction,English,m
8949,Self Growth - 2: Self Growth Through Self Esteem Techniques (Self Esteem for Busy People),Ron Millicent,4.37,Psychology,,m
8951,Undetected,Jeffrey Marshall,4.35,Suspense,,m
8953,Patria,Fernando Aramburu,4.37,Fiction,Spanish,m
8972,The Public Burning,Robert Coover,4.03,Fiction,English,m
8979,Red Sorghum,Mo Yan,3.76,China,English,m
8981,QB VII,Leon Uris,4.19,Historical Fiction,English,m
9002,Le Poinçon « Pilot Edition »,Lucio Agustine Rosenkreutz Crăciunescu,5.0,,French,m
9016,Blue Angel,Francine Prose,3.35,Fiction,English,w
9017,Caesar's Women,Colleen McCullough,4.25,Historical Fiction,English,w
9037,Two Brothers,Ben Elton,4.34,Historical Fiction,English,m
9049,"That, Which Clouds the Soul",Nicolas Ryan Moore,4.5,,English,m
9051,Song of the Silent Snow,Hubert SelJr.,3.56,Fiction,English,m
9054,الشيخ زعرب وآخرون,يوسف السباعي,3.63,Short Stories,Arabic,m
9078,ترنيمة سلام,أحمد عبد المجيد,3.92,Novels,Arabic,m
9083,The Pearl That Broke Its Shell,Nadia Hashimi,4.15,Fiction,English,w
9085,All My Puny Sorrows,Miriam Toews,3.97,Fiction,English,w
9090,The Deal: A Prequel of Marriage by Law,N.K. Pockett,4.43,,English,m
9127,Self Growth (Life's Path #1),Ron Millicent,4.23,Psychology,English,m
9176,The Other Side of the Bridge,Mary Lawson,4.05,Fiction,English,m
9254,100 Common Sense Policies to make BRITAIN GREAT again,Karl Wiggins,4.67,Politics,English,m
9269,Balzac and the Little Chinese Seamstress,Dai Sijie,3.64,Fiction,English,m
9279,The Gift of Rain,Tan Twan Eng,4.24,Historical Fiction,English,m
9280,القوقعة: يوميات متلصص,مصطفى خليفة,4.32,Novels,Arabic,m
9310,Birds of America,Lorrie Moore,4.11,Short Stories,English,w
9314,The Time of Our Singing,Richard Powers,4.25,Fiction,English,m
9319,An Unnecessary Woman,Rabih Alameddine,3.82,Fiction,English,m
9334,Reheated Cabbage,Irvine Welsh,3.52,Fiction,English,m
9342,Falling Man,Don DeLillo,3.22,Fiction,English,m
9348,The Mezzanine,Nicholson Baker,3.83,Fiction,English,m
9363,Great House,Nicole Krauss,3.48,Fiction,English,w
9367,The Rotters' Club,Jonathan Coe,3.96,Fiction,English,m
9416,Her Lover's Face,Patricia Elliott,4.58,,,w
9425,Half Asleep in Frog Pajamas,Tom Robbins,3.75,Fiction,English,m
9456,The House by the River,Lena Manta,3.85,Fiction,,w
9465,The Bastard,John Jakes,4.11,Historical Fiction,English,m
9476,Devil's Brood,Sharon Kay Penman,4.37,Historical Fiction,English,w
9481,Blue Diary,Alice Hoffman,3.56,Fiction,English,w
9491,White Knight Dom Academy,Lucian Bane,4.51,,,m
9497,The Steel Wave,Jeff Shaara,4.25,Historical Fiction,English,m
9498,Crash Lane News,CrashLaneNews.com,4.31,Contemporary,English,m
9540,The Names,Don DeLillo,3.64,Fiction,English,m
9555,The Women,T. Coraghessan Boyle,3.54,Fiction,English,m
9568,Wilt,Tom Sharpe,3.95,Fiction,English,m
9615,The Dirty Truth,T.J. Anderson,4.28,Biography,,m
9642,The Farming of Bones,Edwidge Danticat,4.08,Fiction,English,m
9643,Londonstani,Gautam Malkani,3.35,Contemporary,English,m
9661,La unión. Epílogo de vuelta a tu amor,Isabel Acuña C.,4.19,,Spanish,w
9736,Biographie de la faim,Amélie Nothomb,3.78,Fiction,French,w
9747,Autumn,Ali Smith,3.71,Fiction,English,m
9751,Then We Came to the End,Joshua Ferris,3.46,Fiction,English,m
9753,Tracks,Louise Erdrich,3.94,Fiction,English,w
9782,Larung,Ayu Utami,3.43,Novels,Indonesian,m
9828,Close Range,Annie Proulx,3.99,Short Stories,English,w
9847,A Trick of the Light,Louise Penny,4.31,Mystery,English,w
9881,Brick Lane,Monica Ali,3.42,Fiction,English,w
9882,"Forgotten, Saved, Loved: The Prologue (Nightfall, #1.5)",Violet Samuels,4.15,,English,w
9895,Man in the Dark,Paul Auster,3.6,Fiction,English,m
9912,Serena,Ron Rash,3.53,Historical Fiction,English,m
9918,The Zima Confession,Iain M. Rodgers,4.36,Drama,English,m
9947,The Meursault Investigation,Kamel Daoud,3.5,Fiction,English,m
9951,O Jerusalem,Laurie R. King,4.14,Mystery,English,w
9981,"The Mercury Annual (Valiant Razalia, Vol. 1)",Michael Wyndham Thomas,4.26,Fiction,English,m
10008,Falling Angels,Tracy Chevalier,3.58,Historical Fiction,English,m
10022,Nails,D.M. Samson,4.93,,English,m
10025,Dark Descent into Desire,J.J. Sorel,4.21,Drama,English,m
10028,A Wayside Tavern,Norah Lofts,4.2,Historical Fiction,English,w
10082,راوية الأفلام,Hernán Rivera Letelier,3.76,Novels,Arabic,m
10089,The Shadow Lines,Amitav Ghosh,3.85,Fiction,English,m
10093,I Am One of You Forever,Fred Chappell,4.1,Fiction,English,m
10115,Trumpet,Jackie Kay,4.06,Fiction,English,m
10118,Sharpe's Eagle,Bernard Cornwell,4.26,Historical Fiction,English,m
10124,Bury Your Dead,Louise Penny,4.35,Mystery,English,w
10147,Artemisia,Alexandra Lapierre,3.94,Historical Fiction,English,w
10150,Crazy in Alabama,Mark Childress,3.96,Fiction,English,m
10151,The Fourth Hand,John Irving,3.31,Fiction,English,m
10194,Batman: Dark Victory,Jeph Loeb,4.13,Comics,English,m
10231,A Morbid Taste for Bones,Ellis Peters,3.97,Mystery,English,m
10274,All Together in One Place,Jane Kirkpatrick,3.98,Historical Fiction,English,w
10297,"We, the Drowned",Carsten Jensen,4.24,Historical Fiction,English,m
10305,Wings of a Sparrow,Dougie Brimson,4.2,,English,m
10353,Krik? Krak!,Edwidge Danticat,4.13,Short Stories,English,m
10364,Of Just the Two of Us,Le-an Lai Lacaba,5.0,,English,m
10415,The Assassination of Jesse James by the Coward Robert Ford,Ron Hansen,3.91,Westerns,English,m
10426,Time and Chance,Sharon Kay Penman,4.29,Historical Fiction,English,w
10436,Bee Season,Myla Goldberg,3.57,Fiction,English,m
10503,Rise to Rebellion,Jeff Shaara,4.19,Historical Fiction,English,m
10504,We Need New Names,NoViolet Bulawayo,3.74,Fiction,English,m
10522,Unveiled: Tamar,Francine Rivers,4.29,Christian Fiction,English,w
10569,Shalimar the Clown,Salman Rushdie,3.88,Fiction,English,m
10578,1919,أحمد مراد,3.65,Novels,Arabic,m
10581,Valentine (Blood Guardian),Lucian Bane,4.46,,English,m
10582,Awakening: The Shard Chronicles Book 1,Ono Northey,4.46,,,m
10586,Angry Housewives Eating Bon Bons,Lorna Landvik,3.8,Fiction,English,w
10600,Kargaroth: A Tale of the Great Onion Knighthood,"Mark B. Frost , Andrew W. Bunny",4.73,,,m;m
10602,Praise to the Man,Gerald N. Lund,4.36,Historical Fiction,,m
10624,Hungry Angel,Lucian Bane,4.49,,English,m
10625,The Powerbook,Jeanette Winterson,3.65,Fiction,English,w
10627,An Artist of the Floating World,Kazuo Ishiguro,3.76,Fiction,English,m
10629,Hygiène de l'assassin,Amélie Nothomb,3.76,Fiction,French,w
10632,Gut Symmetries,Jeanette Winterson,3.8,Fiction,English,w
10649,The Wonder Spot,Melissa Bank,3.28,Fiction,English,w
10668,Kaden,Synne Jakobsen,4.28,Paranormal,English,w
10673,Balthasar's Odyssey,Amin Maalouf,3.86,Historical Fiction,English,m
10675,Desolation Island,Patrick O'Brian,4.4,Historical Fiction,English,m
10737,Joe,Larry Brown,4.17,Fiction,English,m
10750,Liam: Midsummer's Magic Bonus Book,Emmie Lou Kates,5.0,,English,w
10751,Justice Hall,Laurie R. King,4.21,Mystery,English,w
10776,Fair and Tender Ladies,Lee Smith,4.17,Fiction,English,m
10798,The Story of Lucy Gault,William Trevor,3.76,Fiction,English,m
10804,Rock Springs,Richard Ford,4.07,Short Stories,English,m
10812,Mao II,Don DeLillo,3.68,Fiction,English,m
10829,The Spring of the Ram,Dorothy Dunnett,4.4,Historical Fiction,English,w
10844,Wonder Boys,Michael Chabon,3.93,Fiction,German,m
10864,The Sweetest Death: The Sweetest Kill Bonus Chapter,Amber Lee,4.71,,English,w
10876,همنوایی شبانه‌ی ارکستر چوبها,رضا قاسمی,3.81,Novels,Persian,m
10878,Flight Behavior,Barbara Kingsolver,3.78,Fiction,English,w
10893,"City of Darkness, City of Light",Marge Piercy,3.93,Historical Fiction,English,w
10899,Billy Lynn's Long Halftime Walk,Ben Fountain,3.8,Fiction,English,m
10947,The Children's Book,A.S. Byatt,3.67,Fiction,English,m
10960,Searching for Caleb,Anne Tyler,3.89,Fiction,English,w
10963,Caramelo,Sandra Cisneros,3.91,Fiction,English,w
10983,The Spellman Files,Lisa Lutz,3.88,Mystery,English,w
11012,The Widow of the South,Robert Hicks,3.76,Historical Fiction,English,m
11035,A Parchment of Leaves,Silas House,4.18,Fiction,English,m
11041,The Weight of Water,Anita Shreve,3.64,Fiction,English,w
11056,Caesar,Colleen McCullough,4.37,Historical Fiction,English,w
11129,Black Girl in Paris,Shay Youngblood,3.83,Fiction,English,m
11131,Freddy the Fire Hydrant Finds His Purpose,Lisa G. Rorman,5.0,,English,w
11132,Evidence of Things Unseen,Marianne Wiggins,4.08,Fiction,English,w
11139,Jonbull’s Stock Guide,J.P. Obienugh,3.8,Business,English,m
11143,Monster: The Rebirth of Finnegan Sloane,Geneva Jameson,3.8,,English,w
11154,"By Fire, By Water",Mitchell James Kaplan,3.74,Historical Fiction,English,m
11158,A Bruised Heart,Yushekia Mason,4.18,,English,m
11165,The Cahokian,Zoe Saadia,3.95,Historical Fiction,English,w
11167,Henry's Sisters,Cathy Lamb,4.06,Fiction,English,w
11170,Broken Angel Volume One,Christina Worrell,4.38,,English,w
11172,KABABAIHAN sa Kalinangan at Kasaysayang Pilipino,Mary Dorothy dL. Jose (Patnugot/Editor),4.23,,Filipino; Pilipino,m
11176,Vanity Fierce,Graeme Aitken,3.73,Gay,English,m
11181,Mana,Asher Tensei,4.22,Magic,English,m
11185,The Work and the Glory 9 volumes,Gerald N. Lund,4.51,Historical Fiction,English,m
11190,Chaos Panzer,Justin Villanueva,3.71,,English,m
11191,وردی که بره ها می خوانند,رضا قاسمی,3.95,Novels,Persian,m
11195,Nathaniel's 1st Adventure,G.E.F. Neilson,4.33,,English,m
11197,Red like the Letter #one,Nix Hamilton,3.5,,English,m
11201,Codename: Chimera,Jake & Kate Persy,3.4,Mystery,English,m
11205,"Everybody Out of the Laundromat, I Need to Think!",Phil G. Glenn,4.9,,,m
11212,Front Row Center,Cynthia B. Ainsworthe,4.77,,English,w
11214,Broker Executive,Val Vogel,4.5,Finance,,m
11216,POWERFUL PRAYERS OF PRAISE AND PETITION FOR EVERY CHRISTIAN: 20 BEAUTIFUL PRAYERS THAT IS SURE TO CHANGE YOUR WORLD,Rita Pam Tarachi,5.0,,,w
11218,Worlds Apart: Star Realm,Melanie Cabral,4.57,,,w
11220,The Best Scandal Ever,Ina Disguise,5.0,,English,w
11221,The Pecan Man,Cassie Dandridge Selleck,4.11,Fiction,,w
11226,Unveiled,O.L. Ramos,4.5,,English,m
11233,The Evil Hobo (The Evil Company) (Volume 1),Kenneth White,5.0,,English,m
11241,Death Abyss,Korban Blake,4.25,,English,m
11244,Politixworks,Chuck U. Farlie,4.73,,English,m
11245,البارمان,أشرف العشماوي,4.1,Novels,Arabic,m
11247,The Mirage of Love,Lady Diana,3.91,,English,m
11249,Nala and the Gala,N. Cox,4.25,,English,m
11253,Moondance,Desiree King,4.0,Witches,English,w
11258,Quantos Rising,Venancio Cadle Gomani Jr.,4.8,,English,m
11266,Little Monkey,Morwen Bush,4.88,,English,w
11267,Should I Hate or Love (a True Love Story),Kisnaa Anita Birhman,4.0,,,m
11271,Reminiscences Of A Seeker: Dark Face Of The White World (True Story),Kapil Kumar Bhaskar,4.44,Spirituality,English,m
11272,Under The Rug: The Unforgettable Forgotten,L. Marie Williams,4.28,Dark,English,m
11274,What Healing Should Be: How to relieve pain and stop suffering,George Alexandru,4.95,Mental Health,English,m
11276,Het achtste leven (voor Brilka),Nino Haratischwili,4.52,Fiction,Dutch,m
11277,Black Ink Heart,Laurinda Lawrence,4.33,Contemporary,,w
11280,Beauty and the Beastly Earl,Regina James,4.3,Beauty and The Beast,,w
11281,Eye on the Ball,Francine Beaton,4.33,Contemporary,English,w
11283,Easy Money Management: A Give and Save 3-6-5 Approach to Personal Finance,Laurick Ingram,4.78,Finance,English,m
11284,UNJU - The Jump,Gleneley Stander,4.27,,English,m
11285,Power Stones: The Elestial (Power Stones Series Book #1),B.S. Barker,4.84,,English,m
11286,The Fell,Robert Jenkins,4.25,Fiction,English,m
11288,Mine Forever: A Young Adult Romance,Skylar Nightingale,4.47,,English,m
11289,The Gods of Women Have Gone Mad,Wole Akosile,4.57,Fiction,English,m
11290,The Selfish Betrayals,Abhishek Kapoor,4.16,,English,m
11291,The Last Train to London,Meg Waite Clayton,4.12,Historical Fiction,,w
11296,Monogamy Book One. Lover,Victoria Sobolev,4.33,,English,w
11298,LOVE OVER CAPPUCCINO,Mansi Modi,4.33,,English,m
11303,If Shadows Could Tell: an Aurora Steller mystery novel,Granthana Sinha,5.0,,English,m
11306,A Time to Tell,Maria Savva,3.83,Fiction,English,w
11307,The Darkest Child,Delores Phillips,4.37,Fiction,English,w
11308,Body of Knowledge,Bryce Anderson,4.11,Fiction,English,m
11310,Disappearance,Don Inman,3.65,,English,m
11313,Amor e Dor: Ensaios em Antropologia Simbólica,Mauro Guilherme Pinheiro Koury,4.75,,Portuguese,m
11314,Sociologia da Emoção: O Brasil urbano sob a ótica do luto,Mauro Guilherme Pinheiro Koury,4.8,,Portuguese,m
11317,Pieces of a Rainbow,Maria Savva,3.9,Short Stories,English,w
11325,The Unfastened Heart,Lane von Herzen,4.12,Fiction,English,m
11330,The New Confessions,William Boyd,4.1,Fiction,English,m
11332,Daisy Fay and the Miracle Man,Fannie Flagg,3.96,Fiction,English,w
11333,The Winds of War & War & Remembrance,Herman Wouk,4.57,Historical Fiction,English,m
11337,The Memory Artists,Jeffrey Moore,3.71,Fiction,English,m
11338,My Name is Joe,Stefan Bourque,3.65,Fiction,English,m
11340,I Say a Prayer for Me: One Woman's Life of Faith and Triumph,Stanice Anderson,4.3,,English,m
11345,Will Work For Peace: New Political Poems,Brett Axel,4.32,Banned Books,,m
11347,Realm of the Castles,Sharon Wheater,4.29,,English,w
11348,The Signature Series: A Journey That Will Last for Generations to Come...,Erik G. Ossimina,4.69,,English,m
11357,Blazing Night,J.M.K. Walkow,3.9,,English,m
11358,Borderland,Anson Scott,4.52,,English,m
11361,Surfing in Stilettos,Carol Wyer,4.21,,English,m
11362,Voyager: The Art of Pure Awareness,Robin Craig Clark,3.67,Self Help,English,m
11371,Death in the Andes,Mario Vargas Llosa,3.69,Fiction,English,m
11387,It Takes A Village l: The Beginning.,Marley Claire,4.89,,English,w
11392,Double Trouble,D.M. Wolfenden,4.43,,English,m
11399,The Anonymous Man,Vincent L. Scarsella,3.83,Fiction,English,m
11407,Happy Holiday Homicides,Micah Minnefer,4.55,,,m
11409,THE GREAT ACTION,Alex Letner,4.88,,English,m
11410,The Arms of Venus,Terence Winstead,5.0,,,m
11411,Briskwood Blood Rain,Christopher Joubert,4.35,,English,m
11412,Matthias and the Shadow,Michael Blythe,5.0,,English,m
11413,"The Micro Kids: An 80s Adventure with ZX Spectrum, Commodore 64 and more (Video Games Book)",Gary Plowman,3.97,,,m
11414,Traces of My Love: The Secrets of Heart,C.L. Ross,5.0,,,m
11416,The Vegan Embargo,L.F. Mascarenhas,4.21,,English,m
11418,"In the Country of Shadows (Exit Unicorns, #4)",Cindy Brandner,4.76,Historical Fiction,English,w
11420,"The Governor's Appointment: ""The South Shall Rise Again""",C. Anthony Sherman,5.0,,,m
11423,Travel in Time: A Life Story in Poems,Anişoara Laura Musteţiu,5.0,,,w
11433,A Salty Piece of Land,Jimmy Buffett,3.7,Fiction,English,m
11436,Sideways,Rex Pickett,3.7,Fiction,English,m
11447,What The Torah Teaches Us About Spirituality/ Through Isaac's Own Spiritual Journey,Laura Weakley,4.55,,English,w
11453,Clube dos Imortais: A nova quimera dos vampiros,Kizzy Ysatis,3.67,,Portuguese,w
11459,Eight of Jacks,T.D. McMichael,4.23,,,m
11462,Playing for Pizza,John Grisham,3.45,Fiction,English,m
11468,"Ibuk,",Iwan Setyawan,3.85,Novels,Indonesian,m
11482,Pierrot Mon Ami,Raymond Queneau,3.88,France,English,m
11489,Trueman Bradley - Aspie Detective,Alexei Maxim Russell,4.31,Mystery,English,m
11491,Touched by a Princess,Deon Potgieter,4.5,,,m
11494,Ulysse From Bagdad,Éric-Emmanuel Schmitt,3.88,Fiction,French,m
11495,Put Them Through the Maze: The Secrets of How to Write the Ultimate Novel,T.D. McMichael,3.5,Writing,English,m
11498,"Interviews With the Dead, Part 1",Collette Sinclaire,4.24,,English,w
11507,"This Land of Streams: Spiritual, Friendship, Romantic and World Event Poems",Maria Johnsen,5.0,,English,w
11508,The Damned Utd,David Peace,4.13,Fiction,English,m
11515,Anne Hawksmoor: The Time Traveller,K.C. Harry,4.0,,English,m
11518,Sacrifice,Ascentii Phoenix,4.58,,English,m
11527,Zombie man,Pantson Fire,4.75,,,m
11528,Soul to Take,Helen Bateman,3.97,Chick Lit,English,w
11529,The 25th Hour,David Benioff,3.82,Fiction,English,m
11532,An Exquisite Sense of What Is Beautiful,J. David Simons,3.74,Fiction,English,m
11538,Sisterland,Curtis Sittenfeld,3.36,Fiction,English,m
11548,"God, the Evolver: A Secular Approach to the Divine",Faiz King,4.71,,,m
11550,Never Stop Running,Melissa Caudle,4.64,,English,w
11552,Power Stones: The Mimicking Marauder (Power Stones Series Book #2),B.S. Barker,4.81,,,m
11561,Addressed To Her: A Short Story,Granthana Sinha,5.0,,,m
11562,The Christian Self-Formation: Anthropology of Becoming,Krzysztof Stanibula,5.0,,,m
11573,Dirty Havana Trilogy,"Pedro Juan Gutiérrez, Natasha Wimmer",3.76,Fiction,English,m;w
11579,Guernica,Dave Boling,4.01,Historical Fiction,English,m
11585,Kau Laksana Bulan,Aina Emir,3.96,,Malay,w
11591,"Buzz Aldrin, waar ben je gebleven?",Johan Harstad,4.06,Fiction,Dutch,m
11594,Neophyte,T.D. McMichael,3.99,,English,m
11596,I am Morte,Elyse Draper,4.14,,English,w
11599,American Amaranth,J.R. Ortiz,4.69,,English,m
11601,Naked Want,Emma Dask,5.0,,English,w
11602,The Beast and The Virgin,Emma Dask,4.8,,English,w
11604,To the End of the Land,David Grossman,3.98,Fiction,English,m
11605,For the Love of David,Laurel Bradley,4.0,Fiction,English,w
11611,Full Disclosure,Eric J. Gates,4.26,Mystery,English,m
11613,The Heart Is Deceitful Above All Things: Stories,J.T. LeRoy,3.64,Fiction,English,m
11615,Hear the Wind Sing,Haruki Murakami,3.58,Fiction,English,m
11619,After the Fog,Kathleen Shoop,3.73,Historical Fiction,English,w
11621,نقطة النور,بهاء طاهر,3.86,Novels,Arabic,m
11622,The Dufus Diaries: Off to See the Wizard,Deon Potgieter,4.67,,,m
11624,Dolly City,Orly Castel-Bloom,3.49,Fiction,English,w
11629,"Hard Up, Ardon #2",Jimmy Perrin,4.23,,English,m
11632,Poems of Darkness,Subhajit Ganguly,4.78,,,m
11633,A World Named Utopia: Will He Be Able to Save Himself and His Utopia?,Subhajit Ganguly,4.29,,English,m
11639,Five Years - The Meeting,Leonard Belmont,4.4,,,m
11646,Disconnected,J. Cafesin,4.19,,English,m
11648,It Takes a Village II: Joining Together,Marley Claire,4.86,,English,w
11651,The Almost Moon,Alice Sebold,2.69,Fiction,English,w
11656,Speedy Reads,Chris-Jean Clarke,4.69,Short Stories,English,m
11660,New Horizons,Dan Carr,4.0,,English,m
11669,Surrounded by Flames,Cassandra Fear,4.36,,English,w
11683,PARADOX: Super Indy,Alex Letner,4.82,,,m
11686,Book Two: Because of Grandfather,Ali Marsman,4.77,,English,m
11688,Deep World Blood,C.M. Meridian,4.67,,,m
11695,The Nameless Encounter,Vineeta Malhotra Taneja,4.8,,,w
11710,Communions with Christ,Sharon Roni Ellis,4.5,,English,w
11714,Coincidences,Maria Savva,3.79,Fiction,English,w
11735,Convivium,Andrew E. Maugham,4.21,Fiction,English,m
11738,"The Dark Notes, Book I",Angelo Tsanatelis,4.14,,English,m
11749,Cinta Kontrak,Nurul Ain Syuhada,3.9,Novels,Malay,w
11758,The Widow Makers,Jean Mead,3.82,Historical Fiction,English,m
11786,Rush Home Road,Lori Lansens,4.14,Fiction,English,w
11787,Rose of Soweto: The Dingaan Thobela Story,Deon Potgieter,4.5,,English,m
11788,Baja Oklahoma,Dan Jenkins,3.93,Fiction,English,m
11802,Liberty Belle,Max Cummings,3.91,Military Fiction,English,m
11808,The Voyage,Roberta Kagan,4.04,Historical Fiction,English,w
11809,Aphotic,Ascentii Phoenix,4.67,,English,m
11812,Tekkon Kinkreet: Black and White,"Taiyo Matsumoto, Elisabeth Kawasaki",4.36,Manga,English,m;w
11817,The Death of Fear,D.B. Tarpley,3.87,,English,m
11823,The Death of Love,D.B. Tarpley,4.14,,English,m
11824,White Star,Lisa Terry,4.67,,English,w
11825,Tricolor,Lisa Terry,3.93,Mystery Thriller,English,w
11830,Venus Aqueous: Book 1,Violet Plum,5.0,,English,w
11831,Reflecto Girl: Book 1,Violet Plum,5.0,,,w
11836,Death of a River Guide,Richard Flanagan,3.9,Fiction,English,m
11844,Daha,Hakan Günday,4.11,Fiction,Turkish,m
11855,Power Stones: The Dragon's Blood Prophecy (Power Stones Series Book 3),B.S. Barker,4.75,,,m
11866,Cuckold,Kiran Nagarkar,4.16,Fiction,English,m
11873,The Whereabouts of Eneas McNulty,Sebastian Barry,3.97,Fiction,English,m
11902,What the Torah Teaches Us about Spirituality: Through Isaac's Own Spiritual Journey,"Laura Weakley , Kevin Weakley",4.21,,English,w;m
11918,An Angels Ascent,Christina Worrell,4.23,Paranormal,English,w
11931,15 minus,Tomáš Zářecký,4.35,Czech Literature,Czech,m
11941,Chuyện kể năm 2000,Bùi Ngọc Tấn,4.31,History,Vietnamese,m
11957,The Painter,Peter Heller,3.78,Fiction,English,m
11960,The Great Indian Novel,Shashi Tharoor,3.88,Fiction,English,m
11962,Trust Trilogy,Cristiane Serruya,4.07,,English,m
11963,Torture the Artist,Joey Goebel,4.19,Fiction,English,m
11966,Anne Hawksmoor: Lost in Time (Book 2),K.C. Harry,4.13,,English,m
11972,The Master,Colm Tóibín,3.83,Fiction,English,m
11976,Unsaid,Neil Abramson,4.04,Fiction,English,m
11984,There but for the,Ali Smith,3.46,Fiction,English,m
11986,A Victim of the Times,Adam Steven Page,4.07,Epic,English,m
11990,Megan & Flos: Book 1,Violet Plum,5.0,,,w
12001,Blood Redemption,A.H. Holt,4.21,,English,m
12005,Between Clouds and Stars,Sharlyn G. Branson,4.13,Contemporary,English,m
12019,Book Too: Because of Grandmother,Ali Marsman,4.9,Fiction,English,m
12022,Family Life – A Bridge Between Harmony and Agony,Gheorghe Vîrtosu,4.57,,English,m
12031,Golf Mind Play:Outsmarting your brain to play your best golf.,Tracy Tresidder,4.15,Contemporary,English,m
12035,The Heart,Maylis de Kerangal,3.86,Fiction,English,m
12037,The Whistling Season,Ivan Doig,4.04,Fiction,English,m
12038,Intimacy,Hanif Kureishi,3.56,Fiction,German,m
12045,Imagem e memória: ensaios em antropologia visual,Mauro Guilherme P Koury,5.0,,,m
12048,The Good Journey,Micaela Gilchrist,3.89,Historical Fiction,English,w
12050,Unless,Carol Shields,3.63,Fiction,English,m
12066,The Distant Land of My Father,Bo Caldwell,4.13,Historical Fiction,English,m
12067,The Postmistress,Sarah Blake,3.34,Historical Fiction,English,w
12084,"Here, Home, Hope",Kaira Rouda,3.4,Chick Lit,English,m
12096,Falling Blood of the Witch,Emma Dask,5.0,,English,w
12104,Hill Country Man,Loralee Lillibridge,4.5,,English,m
12107,August: Osage County,Tracy Letts,4.19,Plays,English,m
12119,The Air I Breathe,Holly Blackstone,4.18,,English,w
12121,419,Will Ferguson,3.62,Fiction,English,m
12125,El último rey,León de Montecristo,4.41,,Spanish,m
12129,وحي القلم - الجزء الثاني,مصطفى صادق الرافعي,4.34,Egyptian Literature,,m
12130,Song of Songs,Beverley Hughesdon,4.32,World War I,English,m
12137,We Are Water,Wally Lamb,3.81,Fiction,English,m
12139,The Supremes at Earl's All-You-Can-Eat,Edward Kelsey Moore,3.97,Fiction,English,m
12141,Next to Normal,"Brian Yorkey, Tom Kitt",4.41,Plays,English,m;m
12144,کشتی پهلو گرفته,سیدمهدی شجاعی,4.08,Religion,,m
12145,Kurathi Mudukku,G. Nagarajan,4.13,,Tamil,m
12150,A Girl Is a Half-formed Thing,Eimear McBride,3.49,Fiction,English,w
12154,The Reason,William Sirls,4.23,Christian Fiction,English,m
12156,The Hope Handbook,Germany Kent,4.46,,,m
12157,No Turning Back,Neva Squires-Rodriguez,4.3,,,w
12160,Trueman Bradley - The Next Great Detective,Alexei Maxim Russell,4.65,Mystery,English,m
12169,Nächsten Sommer,Edgar Rai,3.75,German Literature,German,m
12174,Kendrick,A.H. Holt,4.02,,English,m
12191,تراژدی اسبی که ایستاد,روح اله سهرابی,1.92,,,m
12192,The Techno Witch,Alex Letner,4.67,,English,m
12195,Power Stones: The Specter's Scrolls (Power Stones Series Book #4),B.S. Barker,4.85,,English,m
12198,Voluntary Madness,Vicki Hendricks,3.2,Fiction,English,w
12208,حروب دولة الرسول,سيد محمود القمني,3.97,History,Arabic,m
12211,We Of The Forsaken World...,Kiran Bhat,4.59,Fiction,English,m
12221,Opio en las nubes,Rafael Chaparro Madiedo,3.8,Fiction,Spanish,m
12224,The Color of Your Skin Ain't the Color of Your Heart,Michael R. Phillips,4.39,Historical Fiction,English,m
12245,Timbuktu,Paul Auster,3.69,Fiction,English,m
12250,Un homme accidentel,Philippe Besson,3.5,LGBT,French,m
12269,What The Torah Teaches Us About Survival,Laura Weakley,4.67,Religion,,w
12278,Adept,T.D. McMichael,4.24,,English,m
12287,La Vida Simplemente,Óscar Castro,3.53,Read For School,Spanish,m
12289,Gifts of the Peramangk,Dean Mayes,4.35,Australia,English,m
12296,Fup,Jim Dodge,4.08,Fiction,English,m
12297,A Higher Voice,Sheri Wren Haymore,3.92,Christian Romance,English,w
12300,The Tarnished Shooter,Charles James,4.33,Memoir,English,m
12305,Les Méthodes Marketing Électronique (French Edition),Maria Johnsen,4.71,,English,w
12306,Multilingual Digital Marketing: How To Achieve Your Digital Marketing Objectives And Increase Sales,Maria Johnsen,4.62,Business,English,w
12307,Amy Tan's The Joy Luck Club,"Harold Bloom (Editor), Amy Tan",4.37,Fiction,English,m;w
12313,სამოსელი პირველი,Guram Dochanashvili,4.71,Georgian,Georgian,m
12314,Anne Hawksmoor: The Time Thief (Book 3),K.C. Harry,4.33,,English,m
12315,"Haunting (Hexed Thrillogy, #1)",Max Cummings,4.13,Erotica,English,m
12334,Shaman,Noah Gordon,4.13,Historical Fiction,English,m
12337,Reflecto Girl and Other Stories: Comic Book for Kids,Violet Plum,5.0,,,w
12341,Magnolias in Paradise,Leonard Seet,4.4,Fiction,English,m
12361,A Place for Us,Fatima Farheen Mirza,4.15,Fiction,English,w
12365,We Disappear,Scott Heim,3.39,Fiction,English,m
12366,بنت السلطان,إحسان عبد القدوس,3.72,Short Stories,Arabic,m
12367,بائع الحب,إحسان عبد القدوس,3.45,Short Stories,Arabic,m
12388,A Pale View of Hills,Kazuo Ishiguro,3.75,Fiction,English,m
12394,Eddie's Bastard,William Kowalski,4.07,Fiction,English,m
12434,Swimming Home,Deborah Levy,3.33,Fiction,English,w
12445,When the Elephants Dance,Tess Uriza Holthe,4.04,Historical Fiction,English,w
12454,Az,Hakan Günday,4.02,Turkish Literature,Turkish,m
12461,Banish the Darkness,Holly Blackstone,4.22,,English,w
12482,Delhi Is Not Far,Ruskin Bond,3.84,Fiction,English,m
12490,Strike of Lightning,M.F.C. Assoum,4.65,,English,m
12505,FIRST HALF: Super Indy,Alex Letner,4.82,,English,m
12506,The Fairway,Alex Letner,4.84,,English,m
12508,Power Stones: The Heroes Cup (Power Stones Series Book 5),B.S. Barker,4.91,,,m
12512,The Architect's Apprentice,Elif Shafak,3.99,Historical Fiction,English,w
12525,The Mauritius Command,Patrick O'Brian,4.36,Historical Fiction,English,m
12528,"Come, Thou Tortoise",Jessica Grant,3.94,Fiction,English,w
12543,Dead Man's Walk,Larry McMurtry,3.95,Westerns,English,m
12556,The Invisible Circus,Jennifer Egan,3.52,Fiction,English,w
12571,Licence to Live: A Seeker's Journey to Greatness,Priya Kumar,4.13,,English,w
12572,Incendies,Wajdi Mouawad,4.4,Plays,French,m
12580,السنجة,أحمد خالد توفيق,3.21,Novels,Arabic,m
12581,Strange Meeting,Susan Hill,3.9,Historical Fiction,English,w
12593,When You've Been Blessed (Feels Like Heaven),Adrienne Thompson,4.53,,English,w
12598,Victus,Albert Sánchez Piñol,4.05,Historical Fiction,Spanish,m
12620,The Mammy,Brendan O'Carroll,4.08,Fiction,English,m
12633,Riding Fence,A.H. Holt,4.11,,English,m
12643,"Pogingen iets van het leven te maken: Het geheime dagboek van Hendrik Groen, 83¼ jaar",Hendrik Groen,3.93,Fiction,Dutch,m
12662,You Remind Me of Me,Dan Chaon,3.62,Fiction,English,m
12694,The Homecoming of Samuel Lake,Jenny Wingfield,4.1,Fiction,English,w
12697,Seven Types of Ambiguity,Elliot Perlman,4.01,Fiction,English,m
12726,True to the Last,Evelyn Everett-Green,4.53,Fiction,English,w
12758,واي من لوف مزز,إيهاب معوض,3.13,Relationships,Arabic,m
12762,Vele hemels boven de zevende,Griet Op de Beeck,4.04,Fiction,Dutch,w
12763,Inside the O'Briens,Lisa Genova,3.99,Fiction,English,w
12769,The Crystal of Yggdrasil,Gianni Perticaroli,3.95,Middle Grade,English,m
12778,Desecrating Solomon,Lucian Bane,4.07,,English,m
12784,Glimpse Spirit vol. 6,Lisa Mathisen,4.23,Christian,,w
12787,Liberators: Super Indy,Alex Letner,4.82,Fiction,,m
12789,Power Stones: The Room of Relics (Power Stones Series Book 6),Brad Barker,4.83,,,m
12796,خرائط الروح,أحمد إبراهيم الفقيه,4.17,Fiction,Arabic,m
12797,من العالم المجهول - خبايا الصدور,يوسف السباعي,3.85,Short Stories,,m
12816,طيور الجنوب,أماني أبو الفضل,3.9,Novels,Arabic,m
12819,Amateurs,Donald Barthelme,3.92,Short Stories,English,m
12823,Home Repair,Liz Rosenberg,3.17,Fiction,English,w
12829,Tautan Hati,Fatimah Syarha Mohd Noordin,4.31,Novels,Malay,w
12831,El Paraíso en la otra esquina,Mario Vargas Llosa,3.82,Fiction,Spanish,m
12836,The Secret River,Kate Grenville,3.81,Historical Fiction,English,w
12869,The Black Rose,Diana Sweeney,3.57,,English,w
12871,The Orchardist,Amanda Coplin,3.78,Fiction,English,w
12873,طواحين بيروت,توفيق يوسف عواد,3.83,Novels,Arabic,m
12925,سلسلة مقدمة قصيرة عن الحرب العالمية الأولى,مايكل هاورد,4.04,,Arabic,m
12959,De zwarte met het witte hart,Arthur Japin,3.91,Fiction,Dutch,m
12968,Open City,Teju Cole,3.5,Fiction,English,m
12991,The Last Letter,Kathleen Shoop,3.73,Historical Fiction,,w
12993,عن الرجال والبنادق,غسان كنفاني,4.03,Short Stories,Arabic,m
13012,Gölgesizler,Hasan Ali Toptaş,4.16,Turkish Literature,Turkish,m
13048,The Drunk Detective: A Dotty Davis Comedy Suspense,Mary Jean Curry,3.43,,,m
13050,La Superba,Ilja Leonard Pfeijffer,3.72,Fiction,Dutch,m
13083,Junia,Michael E. Giesler,4.22,Historical Fiction,,m
13084,De overgave,Arthur Japin,3.88,Historical Fiction,Dutch,m
13086,"No, mamá, no",Verity Bargate,4.07,Fiction,Spanish,w
13126,Trois Chevaux,Erri De Luca,3.72,Fiction,French,m
13151,The Madonnas of Leningrad,Debra Dean,3.78,Historical Fiction,English,w
13172,Roma 40 D.C. – Destino de Amor,Adele Vieri Castellano,4.25,,,w
13173,Milkman,Anna Burns,3.56,Fiction,English,w
13174,Tomorrow in the Battle Think on Me,Javier Marías,3.99,Fiction,English,m
13175,مغامرة على كوكب الزهرة,راجي عنايت,3.3,Short Stories,Arabic,m
13176,The Vintage Coat,Chris Turnbull,4.32,Contemporary,English,m
13209,A Companion Workbook to What the Torah Teaches Us About Survival,Laura Weakley,4.33,,English,w
13216,Travels in the Scriptorium,Paul Auster,3.24,Fiction,English,m
13226,Winter's Bone,Daniel Woodrell,3.91,Fiction,English,m
13232,Gold,Chris Cleave,3.69,Fiction,English,m
13233,El haiku de las palabras perdidas,Andrés Pascual,4.17,Drama,Spanish,m
13235,قوم لا يتطهرون,محمد كامل حسين,3.74,Short Stories,Arabic,m
13236,Ted and Raymond's Sea Adventure,Rhonda Patton,4.89,,English,w
13238,Zastavte Dubčeka!,Jozef Banáš,4.25,,Slovak,m
13241,Paul à Québec,Michel Rabagliati,4.42,Bande Dessinée,French,m
13254,Daredevil: Born Again,Frank Miller,4.32,Comics,English,m
13269,Flanagan's Run,Tom McNab,4.21,Fiction,English,m
13309,What the Body Remembers,Shauna Singh Baldwin,3.9,India,English,w
13335,So Much for That,Lionel Shriver,3.74,Fiction,English,m
13343,Sessiz Ev,Orhan Pamuk,3.73,Fiction,Turkish,m
13363,بیوتن,Reza Amirkhani,3.59,Novels,Persian,m
13378,Letters to a Shooting Star,Keith Hale,4.0,LGBT,English,m
13381,عقلي وقلبي,إحسان عبد القدوس,3.58,Fiction,Arabic,m
13402,أسواق الذهب,أحمد شوقي,4.11,,,m
13413,Saga,Tonino Benacquista,3.98,France,French,m
13416,God Loves Fun,Sri Sri Ravi Shankar,4.55,Spirituality,English,m
13422,Wheat that Springeth Green,J.F. Powers,3.85,Fiction,English,m
13481,The Starbirth Assignment: Transmutes,J.M. Johnson,4.51,,English,m
13488,Fejtől s lábtól - Kettő orvos Erdélyben,Andrea Tompa,4.65,,Hungarian,w
13505,Understanding,Timothy M. Nugent,4.22,Drama,English,m
13557,The Book of Night Women,Marlon James,4.37,Historical Fiction,English,m
13575,The Knight Templar,Jan Guillou,4.14,Historical Fiction,English,m
13580,Cocaine,Pitigrilli,3.81,Fiction,English,m
13585,Le sumo qui ne pouvait pas grossir,Éric-Emmanuel Schmitt,3.56,Fiction,French,m
13601,The Alternate Ending,M.J. Thompson,3.91,,English,m
13608,"Hallucinations: or, The Ill-Fated Peregrinations of Fray Servando",Reinaldo Arenas,4.09,Fiction,English,m
13611,THE YOGA WITH NO PANTS: Super Indy-The Last Half,Alex Letner,4.69,,,m
13622,Girl Soldier,T.R. Horne,4.29,Fiction,English,m
13632,Wanita,Paul I. Wellman,4.2,Fiction,Indonesian,m
13667,"Hateship, Friendship, Courtship, Loveship, Marriage: Stories",Alice Munro,4.05,Short Stories,English,w
13672,The Sorrow Of War: A Novel of North Vietnam,Bảo Ninh,4.05,Fiction,English,m
13687,New England Witch Chronicles Boxed Set,Chelsea Luna,4.33,,English,w
13688,The Street Sweeper,Elliot Perlman,4.16,Fiction,English,m
13709,The Devil Tree,Jerzy Kosiński,3.57,Fiction,English,m
13722,Raspberry Danish Murder,Joanne Fluke,3.61,Mystery,,w
13730,The Snow Gypsy,Lindsay Ashford,3.95,Historical Fiction,,m
13732,The Off-Beat Cinder Ella: who wants her shoe back...without the Prince (upside-down fairy tales Book 1),Anne Murray,4.67,,,w
13739,The Key To Life Is...Balance: Weekly Om's To Help You Find Balance,Melissa Stone Santangelo,3.0,,English,w
13745,The Book of Ruth,Jane Hamilton,3.85,Fiction,English,w
13763,Ademloos,Kim Moelands,4.14,Roman,Dutch,m
13789,I Married a Communist,Philip Roth,3.82,Fiction,English,m
13815,Mischling,Affinity Konar,3.84,Historical Fiction,English,m
13820,Home Fire,Kamila Shamsie,4.06,Fiction,English,w
13840,Nice Work,David Lodge,3.84,Fiction,English,m
13851,Gone for Soldiers: A Novel of the Mexican War,Jeff Shaara,4.14,Historical Fiction,English,m
13866,Luncheon of the Boating Party,Susan Vreeland,3.69,Historical Fiction,English,w
13881,Shadows in Bronze,Lindsey Davis,4.03,Historical Fiction,English,m
13895,The Master of Petersburg,J.M. Coetzee,3.64,Fiction,English,m
13896,God's Own Land,Shaukat Siddiqui,4.31,Pakistan,English,m
13908,The Scar (A Faking Delinquency bonus chapter),Ashley Winters,4.38,,,m
13910,The Winter Queen,Boris Akunin,3.89,Mystery,English,m
13919,I'd rather Starve than Cook!,Lisa M. Orban,4.23,Humor,English,w
13922,Yoga Time,Alex Letner,4.77,,English,m
13955,1953,Rik Launspach,3.67,Historical Fiction,Dutch,m
13975,Dead Ball (Deadly Sports Mysteries),Michael Balkind,3.91,Mystery,English,m
13995,Me and My Bitch,David Weaver,4.38,Urban,,m
13998,Run,Ann Patchett,3.58,Fiction,English,w
14010,Dom Wars: Round Three,Lucian Bane,4.28,,English,m
14033,A New Song,Jan Karon,4.3,Fiction,English,m
14034,Shepherds Abiding,Jan Karon,4.28,Fiction,English,m
14070,عرسنا في الجنة,عزام حدبا,3.83,Novels,Arabic,m
14098,La Grand-mère de Jade,Frédérique Deghelt,3.65,Roman,French,w
14102,The Guest Cat,Takashi Hiraide,3.53,Fiction,English,m
14105,The Rainbow Rowell YA Collection,Rainbow Rowell,4.49,New Adult,English,m
14107,Min kamp 5,Karl Ove Knausgård,4.41,Fiction,Norwegian,m
14109,Her Innocent Marine,Arthur Archambeau,4.24,,,m
14113,Desecrating Solomon II,Lucian Bane,4.35,,,m
14121,Netherland,Joseph O'Neill,3.41,Fiction,English,m
14127,The British Museum Is Falling Down,David Lodge,3.66,Fiction,English,m
14135,"English, August: An Indian Story",Upamanyu Chatterjee,3.77,Fiction,English,m
14168,Tormentas del Pasado,Gabriela Exilart,3.69,Historical Romance,Spanish,w
14179,The Inhabited Woman,Gioconda Belli,4.15,Fiction,English,w
14188,Dom Wars: Round 1 & 2,Lucian Bane,4.15,,English,m
14190,Il paradiso degli orchi,Daniel Pennac,4.03,Fiction,Italian,m
14193,Hanna's Daughters,Marianne Fredriksson,3.63,Fiction,English,w
14195,That Old Ace in the Hole,Annie Proulx,3.76,Fiction,English,w
14215,Au revoir là-haut,Pierre Lemaitre,4.16,Fiction,French,m
14233,Out to Canaan,Jan Karon,4.31,Fiction,English,m
14234,In This Mountain,Jan Karon,4.34,Fiction,English,m
14259,Çocukluğun Soğuk Geceleri,Tezer Özlü,3.92,Turkish Literature,Turkish,m
14268,The Glorious Cause,Jeff Shaara,4.28,Historical Fiction,English,m
14277,Zübük,Aziz Nesin,4.4,Turkish Literature,Turkish,m
14282,Dom Wars: Round 3 & 4,Lucian Bane,4.48,,English,m
14287,Corat-Coret di Toilet,Eka Kurniawan,3.7,Short Stories,Indonesian,w
14318,The 19th Wife,David Ebershoff,3.64,Historical Fiction,English,m
14341,The Princes of Ireland,Edward Rutherfurd,3.84,Historical Fiction,English,m
14391,Dom Wars: Round Five,Lucian Bane,4.27,,English,m
14402,Prisoners in Paradise,Kathryn Braund,4.34,Contemporary,English,w
14408,Dark Horde Rising,Iain Hope,4.22,Epic,,m
14439,Heartburn,Nora Ephron,3.6,Fiction,English,w
14451,Flashman at the Charge,George MacDonald Fraser,4.36,Historical Fiction,English,m
14454,Azil,Hakan Günday,4.03,Turkish Literature,Turkish,m
14462,The Wedding Breaker,Evelyn Rose,4.23,Novels,Malay,w
14516,The Hungry Tide,Amitav Ghosh,3.96,Fiction,English,m
14529,Der König der purpurnen Stadt,Rebecca Gablé,4.38,Historical Fiction,German,w
14535,A Rule Against Murder,Louise Penny,4.2,Mystery,English,w
14577,Seven Sons of Zion,Lucian Bane,4.63,,English,m
14587,El verano en que mi madre tuvo los ojos verdes,Tatiana Țîbuleac,4.38,Fiction,Spanish,w
14588,The Sky is for Wonder: Poetry for children,Ronnie Smith,4.24,Drama,,m
14591,The Help Meets Journey: A Yearly Companion Journal for Created To Be His Help Meet,Debi Pearl,3.93,Marriage,English,w
14598,A Short History of Tractors in Ukrainian,Marina Lewycka,3.41,Fiction,English,w
14618,"Pinball, 1973",Haruki Murakami,3.54,Fiction,English,m
14636,Katya and Cyrus (Time Pilgrims #1),Dennis Higgins,4.36,,,m
14645,Cehennem Çiçeği,Alper Canıgüz,4.33,Turkish Literature,Turkish,m
14686,A Certain Age,Tama Janowitz,3.17,Fiction,English,m
14699,Emotionally Weird,Kate Atkinson,3.45,Fiction,English,w
14723,Antiquity Calais Ascending Olympus,Jim Henry,4.8,,,m
14776,Saving Private Ryan,"Jacqueline Kehl (Adapted by), Max Allan Collins",4.3,Fiction,English,w;m
14794,Mornings in Jenin,Susan Abulhawa,4.39,Historical Fiction,English,w
14800,Confederates,Thomas Keneally,4.02,Historical Fiction,English,m
14824,Matt: the Beginning,Viveca Benoir,4.26,Contemporary,English,w
14856,A Church in the House: Restoring Daily Worship to the Christian Household,Matthew Henry,4.25,Parenting,,m
14857,Captain Alatriste,Arturo Pérez-Reverte,3.7,Historical Fiction,English,m
14858,Spies,Michael Frayn,3.54,Fiction,English,m
14870,The Fall and Rise of Reginald Perrin,David Nobbs,3.97,Fiction,English,m
14880,سفر به گرای 270 درجه,احمد دهقان,3.55,Novels,Farsi,m
14892,"Suge-o, Ramona!",Andrei Ciobanu,3.3,Romanian Literature,Romanian,m
14893,Mercure,Amélie Nothomb,3.66,Fiction,French,w
14895,سبعون - المرحلة الثانية,Mikhail Naimy,4.24,Biography,Arabic,m
14911,Galway Bay,Mary Pat Kelly,4.14,Historical Fiction,English,m
14914,Election,Tom Perrotta,3.86,Fiction,English,m
14919,The Greenlanders,Jane Smiley,3.9,Historical Fiction,English,w
14929,"Legião (O Reino das Sombras, #1)",Robson Pinheiro,4.3,,Portuguese,m
14934,The Buddha in the Attic,Julie Otsuka,3.63,Historical Fiction,English,w
14935,Vampire EROS,Pet Torres,4.82,,English,m
14944,دکتر نون زنش را بیشتر از مصدق دوست دارد,شهرام رحیمیان,3.69,Novels,Persian,m
14954,La sombra del águila,Arturo Pérez-Reverte,3.92,Historical Fiction,Spanish,m
14974,Topdog/Underdog,Suzan-Lori Parks,3.81,Plays,English,m
14977,Lying on the Couch,Irvin D. Yalom,4.02,Psychology,,m
14979,Digging to America,Anne Tyler,3.56,Fiction,English,w
14990,The Observations,Jane Harris,3.62,Historical Fiction,English,w
14991,Some Other Place. The Right Place.,Donald Harington,3.98,Fiction,English,m
14997,The Autograph Man,Zadie Smith,3.16,Fiction,English,m
15025,The violin of Auschwitz,Maria Àngels Anglada,3.65,Historical Fiction,English,w
15030,Oğullar ve Rencide Ruhlar,Alper Canıgüz,4.17,Turkish Literature,Turkish,m
15037,Bizim Büyük Çaresizliğimiz,Barış Bıçakçı,4.17,Turkish Literature,Turkish,m
15043,"Circus: Or, Moira Orfei in Aigues-Mortes",Wayne Koestenbaum,3.74,Fiction,English,m
15044,Mitz: The Marmoset of Bloomsbury,Sigrid Nunez,3.97,Fiction,,w
15048,Gourmet Rhapsody,Muriel Barbery,3.23,Fiction,English,w
15061,Small World,David Lodge,3.9,Fiction,English,m
15086,El sol de Breda,Arturo Pérez-Reverte,3.77,Historical Fiction,Spanish,m
15112,كايا,سونيا بوماد sonia boumad,3.65,Novels,,m
15113,The Quest for Christa T.,Christa Wolf,3.7,Fiction,English,w
15123,Ghana Must Go,Taiye Selasi,3.84,Fiction,English,m
15127,Mutant Message From Forever,Marlo Morgan,3.73,Fiction,English,w
15132,Morning Menace,Terri Ann Armstrong,4.1,,,w
15146,The Gum Thief,Douglas Coupland,3.5,Fiction,English,m
15148,على هامش السيرة ـ الجزء الثالث,طه حسين,4.06,Islam,Arabic,m
15198,Brothers,Yu Hua,4.01,China,English,m
15216,Antiquity Calais: Standing at Armageddon,Jim Henry,4.61,,English,m
15222,Las puertas del paraíso,Jerzy Andrzejewski,3.92,Polish Literature,Spanish,m
15228,The Rent Collector,Camron Wright,4.24,Fiction,English,m
15248,Edwin Mullhouse: The Life and Death of an American Writer 1943-1954 by Jeffrey Cartwright,Steven Millhauser,4.06,Fiction,English,m
15257,يوم غائم في البر الغربي,محمد المنسي قنديل,3.8,Novels,Arabic,m
15278,This Perfect World,Suzanne Bugler,3.48,Fiction,English,w
15284,All Is Well,Gerald N. Lund,4.32,Historical Fiction,,m
15285,The Picture of Dorian Gray and Other Fantastic Tales,Oscar Wilde,4.05,,English,m
15318,The Snapper,Roddy Doyle,3.93,Fiction,English,m
15329,The Great American Novel,"Philip Roth, Werner Schmitz",3.62,Fiction,German,m;m
15338,Mythic,Jae Lynne Davies,3.47,,English,m
15342,Izabrane satire,Radoje Domanović,4.43,Short Stories,Serbian,m
15344,Irma Voth,Miriam Toews,3.52,Fiction,English,w
15359,Whom The Gods Would Destroy,Richard Powell,4.54,Historical Fiction,English,m
15360,Circo Máximo: La ira de Trajano,Santiago Posteguillo,4.59,Historical Fiction,Spanish,m
15375,A Day To Remember: The Best Thing for Me Sequel,L. Jackson,4.15,,English,m
15383,Jernigan,David Gates,4.03,Fiction,English,m
15393,My Soul Has Spoken,Terri Ann Armstrong,5.0,,English,w
15396,Memorial do Convento (José Saramago): Analise da Obra,Conceição Jacinto,3.85,Portuguese Literature,,m
15401,Syrup,Max Barry,3.88,Fiction,English,m
15410,The Front Page,Ben Hecht,3.7,Plays,English,m
15446,Where Do I Begin?,Terri Ann Armstrong,5.0,,English,w
15448,When the Emperor Was Divine,Julie Otsuka,3.75,Historical Fiction,English,w
15455,"Breath, Eyes, Memory",Edwidge Danticat,3.89,Fiction,English,m
15473,The Bookshop,Penelope Fitzgerald,3.29,Fiction,English,w
15488,The Beautiful Mystery,Louise Penny,4.19,Mystery,English,w
15489,Min kamp 4,Karl Ove Knausgård,4.2,Fiction,Norwegian,m
15503,Body and Soul,Frank Conroy,4.32,Fiction,English,m
15516,Your Blues Ain't Like Mine,Bebe Moore Campbell,4.22,Fiction,English,w
15523,Cosmétique de l'ennemi,Amélie Nothomb,3.82,Fiction,French,w
15535,Flashman in the Great Game,George MacDonald Fraser,4.35,Historical Fiction,English,m
15568,The Fundamentals of Long Distance Relationship: Things You Need to Know About Long Distance Relationships (LDR) and Tips How to Make it Work,Lisa Daniel,4.59,,,w
15579,The Brutal Telling,Louise Penny,4.23,Mystery,English,w
15584,The Christmas Box,Richard Paul Evans,3.96,Christmas,English,m
15613,"The Tower, The Zoo, and The Tortoise",Julia Stuart,3.58,Fiction,English,w
15633,Art and Lies,Jeanette Winterson,3.86,Fiction,English,w
15652,Exuvii,Simona Popescu,4.0,Romanian Literature,Romanian,w
15658,Tatlı Rüyalar,Alper Canıgüz,3.93,Turkish Literature,Turkish,m
15664,The Stories of Breece D'J Pancake,Breece D'J Pancake,4.14,Short Stories,English,m
15691,Poland,James A. Michener,4.01,Historical Fiction,English,m
15693,The Irresistible Inheritance of Wilberforce,Paul Torday,3.49,Fiction,English,m
15733,Memories of the Ford Administration,John Updike,3.32,Fiction,Spanish,m
15754,A Spot of Bother,Mark Haddon,3.48,Fiction,English,m
15789,TWAS The Year 2020,Karl Wiggins,4.57,,English,m
15792,Collected Stories and Later Writings,Paul Bowles,4.43,Short Stories,English,m
15843,Okinawa Diet,Marco Carestia,4.96,Health,English,m
15863,Soul Mountain,Gao Xingjian,3.58,Fiction,English,m
15872,Stendhal: The Red and the Black,Stirling Haig,4.02,,English,m
15883,The Ends of the Earth,Valerio Massimo Manfredi,4.13,Historical Fiction,English,m
15893,The Lady That I Love,Crystal Linn,5.0,,English,w
15894,Pelagia and the Black Monk,Boris Akunin,4.0,Mystery,English,m
15898,How to Be Both,Ali Smith,3.66,Fiction,English,m
15904,Typical American,Gish Jen,3.42,Fiction,English,m
15911,Mating,Norman Rush,3.8,Fiction,English,m
15936,The October Horse,Colleen McCullough,4.3,Historical Fiction,English,w
15938,Ruhi Mücerret,Murat Menteş,3.76,Turkish Literature,Turkish,m
15941,Arrugas,Paco Roca,4.29,Graphic Novels,Spanish,m
15947,A Brighter Sun,Sam Selvon,4.07,Fiction,English,m
15949,The Sleepwalker's Guide to Dancing,Mira Jacob,4.0,Fiction,English,w
15952,Reginald Bones 2,Lucian Bane,4.56,Dark,English,m
15953,Min kamp 3,Karl Ove Knausgård,4.18,Fiction,Norwegian,m
15958,The Finishing School,Muriel Spark,3.05,Fiction,English,w
15962,Dog on It,Spencer Quinn,3.86,Mystery,English,m
15995,Zaboravljeni sin,Miro Gavran,4.42,,Croatian,m
16005,Daybreak: Twilight's Rival,Elle Arcie,4.4,,English,w
16011,Mariette in Ecstasy,Ron Hansen,3.73,Fiction,English,m
16020,The Weird Sisters,Eleanor Brown,3.36,Fiction,English,w
16068,The Quilter's Apprentice,Jennifer Chiaverini,3.93,Fiction,English,w
16073,L'Armée des ombres,Joseph Kessel,4.18,France,French,m
16077,Flaubert's Parrot,Julian Barnes,3.66,Fiction,English,m
16094,Just Another Day: Dragon of Legend: Destiny Bonus Book,Angelika Meyer,4.88,,English,w
16103,Blue Shoe,Anne Lamott,3.26,Fiction,English,w
16136,Segu,Maryse Condé,4.12,Africa,English,w
16227,The Silver Pigs,Lindsey Davis,3.93,Mystery,English,m
16231,Le Club des incorrigibles optimistes,Jean-Michel Guenassia,4.32,Fiction,French,m
16238,Batman: A Death in the Family,Jim Starlin,4.08,Comics,English,m
16262,Chloe of the Night,Keith Kekic,4.14,,English,m
16287,The Fig Eater,Jody Shields,2.93,Fiction,English,m
16312,600 Hours of Edward,Craig Lancaster,4.12,Fiction,,m
16380,Stained Glass Rain,Bruce Boston,4.33,Fiction,English,m
16389,Sharpe's Gold,Bernard Cornwell,4.09,Historical Fiction,English,m
16417,"We, the Accused",Ernest Raymond,4.04,Crime,English,m
16434,My Name is Mary Sutter,Robin Oliveira,3.82,Historical Fiction,English,m
16454,Lunch with Mussolini,Derek Hansen,4.27,Fiction,English,m
16456,The Gentle Art of Written Self-Defense Letter Book: Letters in Response to Triple-F Situations,Suzette Haden Elgin,3.0,,English,w
16474,"The Last Dragon Chronicles Complete Set, Books 1-5: The Fire Within, Icefire, Fire Star, The Fire Eternal, and Dark Fire",Chris d'Lacey,4.56,,English,m
16488,Indignation,Philip Roth,3.74,Fiction,English,m
16542,Doppler,Erlend Loe,3.92,Fiction,Slovak,m
16567,Sharpe's Company,Bernard Cornwell,4.22,Historical Fiction,English,m
16572,The Gates of the Alamo,Stephen Harrigan,4.04,Historical Fiction,English,m
16583,The Cat Who Went Underground,Lilian Jackson Braun,3.9,Mystery,English,w
16598,Of Things Left Unsaid,Le-an Lai Lacaba,5.0,,English,m
16607,Blue at the Mizzen,Patrick O'Brian,4.39,Historical Fiction,English,m
16634,Rainelle: How to Kill an Incubus Bonus Chapter,Kimber Lee,4.67,,English,m
16635,Of Sweet Addictions,Le-an Lai Lacaba,4.64,,English,m
16644,The Sweet Hereafter,Russell Banks,3.85,Fiction,,m
16651,"Sin City, Vol. 6: Booze, Broads, and Bullets",Frank Miller,3.88,Graphic Novels,English,m
16660,The Children of First Man,James Alexander Thom,4.15,Historical Fiction,English,m
16683,Oral History,Lee Smith,4.07,Fiction,English,m
16728,Beyond The Far Side,Gary Larson,4.43,Comics,English,m
16729,Away,Amy Bloom,3.37,Fiction,English,w
16776,Athine Verses: The Blood Sisters,Shannon McRoberts,4.33,,English,m
16780,Harmur englanna,Jón Kalman Stefánsson,4.27,Fiction,Icelandic,m
16863,All My Friends Are Going to Be Strangers,Larry McMurtry,3.89,Fiction,English,m
16870,Affliction,Russell Banks,3.99,Fiction,English,m
16898,The Pleasure of My Company,Steve Martin,3.79,Fiction,English,m
16899,A.D. 33,Ted Dekker,4.24,Historical Fiction,,m
16904,Operation Shylock: A Confession,Philip Roth,3.76,Fiction,English,m
16907,Blessings,Anna Quindlen,3.6,Fiction,English,w
16919,Life Without Summer,Lynne Griffin,3.85,Fiction,English,w
16920,Le Sabotage amoureux,Amélie Nothomb,3.64,Fiction,French,w
16925,A Son of the Circus,John Irving,3.64,Fiction,English,m
16931,First Blood: A Kaden Bonus Book,Synne Jakobsen,4.61,,English,w
16933,A.D. 30,Ted Dekker,4.14,Historical Fiction,English,m
17006,The Moor,Laurie R. King,3.94,Mystery,English,w
17015,Disobedience,Naomi Alderman,3.7,Fiction,English,w
17018,The Gardens of Light,Amin Maalouf,3.84,Historical Fiction,English,m
17024,The Used World,Haven Kimmel,3.63,Fiction,English,w
17032,Simon's Cat,Simon Tofield,4.3,Humor,English,m
17052,Dance of the Happy Shades,Alice Munro,4.11,Short Stories,English,w
17067,When All the World Was Young,Ferrol Sams,4.37,Fiction,English,m
17079,Dance Me Outside,W.P. Kinsella,4.16,Fiction,English,m
17089,How to Get Filthy Rich in Rising Asia,Mohsin Hamid,3.8,Fiction,English,m
17097,Faith,Jennifer Haigh,3.84,Fiction,English,w
17101,Inherent Vice,Thomas Pynchon,3.76,Fiction,English,m
17105,China Men,Maxine Hong Kingston,3.71,Fiction,English,w
17106,Clear as the Moon,Chris Stewart,4.29,Fiction,English,m
17116,The Color Of Lightning,Paulette Jiles,4.05,Historical Fiction,English,w
17120,Unexpected Gifts,S.R. Mallery,3.92,Historical Fiction,English,m
17134,Return to Laughter: An Anthropological Novel,"Laura Bohannan, Elenore Smith Bowen",3.69,Anthropology,English,w;w
17140,Beasts of No Nation,Uzodinma Iweala,3.75,Fiction,English,m
17155,The Painted Girls,Cathy Marie Buchanan,3.61,Historical Fiction,English,w
17158,The Light in the Ruins,Chris Bohjalian,3.66,Historical Fiction,English,m
17180,The Abstinence Teacher,Tom Perrotta,3.25,Fiction,English,m
17187,Het nulnummer,Umberto Eco,3.14,Fiction,Dutch,m
17193,Locked Rooms,Laurie R. King,4.26,Mystery,English,w
17236,Big Bad Love,Larry Brown,4.12,Short Stories,English,m
17241,Batman: The Dark Knight Strikes Again,Frank Miller (Writer/Illustrator),3.21,Comics,English,m
17288,"Коронация, или Последний из романов","Boris Akunin, Boris Akunin",4.22,Russia,Russian,m;m
17297,Free Food for Millionaires,Min Jin Lee,3.73,Fiction,English,m
17314,Paris,Edward Rutherfurd,3.99,Historical Fiction,English,m
17326,Dirty Work,Larry Brown,4.18,Fiction,English,m
17332,Side Effects,Woody Allen,3.97,Humor,English,m
17347,A Perfect Nanny,Marian D. Schwartz,2.95,Fiction,English,m
17373,Orfeo,Richard Powers,3.65,Fiction,English,m
17385,The Rabbit Factory,Larry Brown,3.57,Fiction,English,m
17429,Funny Girl,Nick Hornby,3.39,Fiction,English,m
17435,Cloudsplitter,Russell Banks,3.9,Fiction,English,m
17447,The Stranger's Child,Alan Hollinghurst,3.32,Fiction,English,m
17451,The Professor of Desire,Philip Roth,3.67,Fiction,English,m
17461,The Standard Grand,Jay Baron Nicorvo,3.08,Fiction,,m
17466,The Kitchen Boy: A Novel of the Last Tsar,Robert Alexander,3.91,Historical Fiction,English,m
17480,Sharpe's Tiger,Bernard Cornwell,4.09,Historical Fiction,English,m
17492,Spring Moon: A Novel of China,Bette Bao Lord,3.98,Historical Fiction,English,w
17504,Sharpe's Regiment,Bernard Cornwell,4.23,Historical Fiction,English,m
17514,The Spellmans Strike Again,Lisa Lutz,4.2,Mystery,English,w
17530,The Commodore,Patrick O'Brian,4.42,Historical Fiction,English,m
17531,The Flood Girls,Richard Fifield,3.63,Fiction,English,m
17545,Box Socials,W.P. Kinsella,3.51,Fiction,English,m
17554,The Cat Who Could Read Backwards,Lilian Jackson Braun,3.85,Mystery,English,w
17565,The Oasis,Pauline Gedge,4.11,Historical Fiction,English,w
17566,The Hippopotamus Marsh,Pauline Gedge,4.03,Historical Fiction,English,w
17575,Tales of Burning Love,Louise Erdrich,3.86,Fiction,English,w
17583,Isabel's Daughter,Judi Hendricks,3.77,Fiction,English,w
17601,L'Inceste,Christine Angot,2.81,French Literature,French,w
17603,The Sweetest Dream,Doris Lessing,3.73,Fiction,English,w
17608,Fantasia: An Algerian Cavalcade,Assia Djebar,3.69,Fiction,English,w
17612,Last of the Dixie Heroes,Peter Abrahams,3.09,Fiction,English,m
17615,Revenge of the Spellmans,Lisa Lutz,4.14,Mystery,English,w
17616,Curse of the Spellmans,Lisa Lutz,4.07,Mystery,English,w
17617,Shadow Tag,Louise Erdrich,3.39,Fiction,English,w
17619,"Mary, Called Magdalene",Margaret George,3.88,Historical Fiction,English,w
17628,The Mysterious Flame of Queen Loana,Umberto Eco,3.36,Fiction,English,m
17632,Merde Actually,Stephen Clarke,3.57,Fiction,English,m
17652,The Horus Road,Pauline Gedge,4.15,Historical Fiction,English,w
17664,Anil's Ghost,Michael Ondaatje,3.57,Fiction,English,m
17666,The Hope,Herman Wouk,4.15,Historical Fiction,English,m
17670,Broken for You,Stephanie Kallos,3.81,Fiction,English,w
17676,Fay,Larry Brown,3.99,Fiction,English,m
17702,Sa Femme or the Other Woman,Emmanuèle Bernheim,3.38,France,,m
17706,Custody,Nancy Thayer,3.82,Fiction,English,w
17708,Oceans Apart/Between Sundays,Karen Kingsbury,4.61,Christian Fiction,English,w
17717,The Woman Upstairs,Claire Messud,3.31,Fiction,English,w
17743,REST und HTTP,Stefan Tilkov,4.03,Programming,German,m
17758,I Have the Right to Destroy Myself,Young-Ha Kim,3.34,Fiction,English,m
17776,"Chatham Views - A Photographic Journal from Cape Cod, Massachusetts",Christopher Seufert,5.0,,English,m
17777,The Saga of Pederasticles and His Boy,Sappho,4.67,,English,m
17778,"Individual Power: Reclaiming Your Core, Your Truth and Your Life",Barbara Rose,3.88,,English,w
17779,A Wild Haruki Chase: Sekai Wa Murakami Haruki O Dō Yomu Ka,Motoyuki Shibata,4.0,,,m
17780,The Expositor's Study Bible - Giant Print,Jimmy Swaggart,4.47,Spirituality,English,m
17782,Dreams of My Russian Summers,Andreï Makine,3.83,Fiction,English,m
17788,Bader Field,Carl David,4.89,,English,m
17790,Ten Little Indians,Sherman Alexie,4.07,Short Stories,English,m
17793,The Bone Cage,Angie Abdou,3.51,Fiction,English,w
17795,Morgan's Passing,Anne Tyler,3.78,Fiction,English,w
17796,"The Adventures of Jean David Maillefer A Swiss Officer in Napoleon's Army 1807 - 1817: Original Title:""Soldats Suisses au Service Etranger, Un Vaudois a l'Armee d'Espagne, J.-D.Maillefer""",Susanne Hayase,4.0,,,w
17799,"The Hogs of Cold Harbor: The Civil War Saga of Private Johnny Hess, CSA",Richard Lee Fulgham,3.8,Civil War,English,m
17800,Everyday Life,MG Hardie,4.29,,English,m
17803,The Last Pharaoh: Mubarak and the Uncertain Future of Egypt in the Volatile Mid East,Aladdin Elaasar,4.0,History,English,m
17805,Linus Pauling: A Man and His Science,Anthony Serafini,3.56,Biography,English,m
17806,"Clabbered Dirt, Sweet Grass",Gary Paulsen,4.06,Fiction,English,m
17807,A Girl Named Charlie Lester,Carissa Halston,4.2,Fiction,English,w
17808,The Magic of Laven-Rock,Mosetta M. Penick Phillips-Cermak (Author),5.0,,English,m
17809,"God's Medicine Is Best (herbs, vitamins and minerals)",Linda Wise,5.0,,,w
17811,"Headline News (Many in Critical Condition, the Church Stands Accsed!)",Shamielle Alston,5.0,,,m
17814,A Special Place In Hell...Healing An Epidemic of Unhappy Women,April Churchill,4.33,,English,w
17817,El caballero de Alcántara,Jesús Sánchez Adalid,3.68,Historical Fiction,Spanish,m
17825,Siete Minutos,Ismael Camacho Arango,5.0,,English,m
17828,Just Recipes: Easy To Cook Recipes With Inexpensive Ingredients You Already Have In Your Kitchen,Karen M. Fjeldheim,4.63,Cookbooks,English,w
17831,On the Shoulders of Giants,Rhondalynn Korolak,4.05,,English,m
17833,Chasing Dreams,Aaron Jennings,3.26,Travel,English,m
17834,"Mach Deine Träume Wahrverwirkliche Deine Ziele Durch Die Kraft Deiner Gedanken, Deiner Gefühle Und Deines Verhaltens ; Die ""3 G Methode""",Roeland Suylen,0.0,,,m
17835,In Case It Comes Up In Conversation Almost Everything Everyone Should Be At Least Vaguely Familiar With,Mary Green,5.0,,,m
17839,Ponder Awhile,Mohit K. Misra,3.0,,English,m
17840,Let the Shadows Fall Behind You,Kathy-Diane Leveille,3.69,Mystery,English,m
17842,The Ten-Year Nap,Meg Wolitzer,3.04,Fiction,English,w
17843,Shakespeare's Romeo And Juliet Remixed,Nigel Tomm,3.75,,,m
17844,Indian Nocturne,Antonio Tabucchi,3.73,Fiction,English,m
17845,Iron Love,Marguerite Poland,4.18,,,w
17848,"The Hydrogen Bond and the Water Molecule: The Physics and Chemistry of Water, Aqueous and Bio Media",Yves Marechal,4.0,,English,m
17850,The Milkweed Prophesy: Epitaph of the Apocalypse,Milkweed L. Augustine,4.38,,English,m
17852,House on the Bridge: Ten Turbulent Years with Diego Rivera,Sharon Upp,4.5,,English,w
17857,Notorious Nora,Kelly Jones,5.0,,English,m
17865,Fishboy: A Ghost's Story,Mark Richard,4.0,Fiction,English,m
17866,"Last Laugh, Last Cry",Xanthe Jolanda Johnson,4.5,,English,w
17868,The Tetherballs of Bougainville,Mark Leyner,3.71,Fiction,English,m
17871,Girlfriends' Circle,Feleshia R. Mahoney-Thomas,3.8,,,m
17872,Hidden and Inaccessible Knowledge,Mbuta Luyinduladio Celly,5.0,,English,m
17874,La tournée d'automne,Jacques Poulin,3.9,Fiction,French,m
17875,When The Dust Settles - A True Hollywood Story,John A. Andrews,3.8,,English,m
17877,Checkered Fences,Alma Hudson,4.0,Fiction,English,w
17878,The Cradle,Patrick Somerville,3.34,Fiction,English,m
17881,Carolina Pride,Terry Fowler,3.65,,English,m
17882,Recipes from the Dump,Abigail Stone,2.72,Fiction,English,w
17884,عودة الغائب,Monther Alkabbani,4.01,Novels,Arabic,m
17885,"Danny Chalmers is THE PRINCIPAL (Danny Chalmers Series, #1)",Sherry Maroon,3.43,,English,w
17886,Nesohc: A new version of Jesus,Charles E. Rodz,4.88,,,m
17890,"Thank You, Lucky Stars",Beverly Donofrio,3.64,Chapter Books,English,w
17892,How To Write A Bestseller,Arthur Zulu,5.0,,English,m
17894,The Wagonmaster,Nita Wick,4.22,Westerns,English,w
17895,Das dunkle Licht : Roman e. Epoche 1924 - 1945,Leo Dembicki,4.5,,,m
17896,The Adventures of Mr Marigold,Michael Tobias,4.45,Fiction,English,m
17903,Paradise Stories,Dustin Heron,4.36,,,m
17907,Mindtronics! And Inquiry Alive!,William C. Bruce,0.0,,,m
17908,"Nueva Biblia De Estudio Scofield: Version Ampliada; Reina-Valera 1960; Con Introducciones, notas ampliadas y actualizadas, un sistema de refrencias tematicas, cronologia e indices",Cipriano De Valera (Editor),4.33,,,m
17909,What Happened to Suzy,Carol Simms-Mitchell,5.0,,English,m
17910,Winged Victory,V.M. Yeates,4.16,Aviation,English,m
17911,Anagrams,Lorrie Moore,3.94,Fiction,English,w
17912,"The Rise And Fall Of The American Empire: A Re Interpretation Of History, Economics And Philosophy: 1492 2006",Rocky M. Mirza,4.25,,English,m
17913,Dream Reachers,"Chase Von, Betty Dravis",4.7,,English,m;w
17917,The Cookbook of Everlasting Love: Sex on a Plate: Food as Foreplay,Sharon Esther Lampert,5.0,,English,w
17919,Home Wrecker,Dwayne S. Joseph,4.36,African American,English,m
17921,Quiet Storm,Natasha Conn,5.0,,English,w
17922,في النظام السياسي للدولة الإسلامية,محمد سليم العوا,4.02,Politics,Arabic,m
17925,The Penny,"Joyce Meyer, Deborah Bedford",3.93,Christian Fiction,English,w;w
17926,Prayers That Open Heaven,Jamie T. Pleasant,4.18,Christian,English,m
17927,Safely Home,Randy Alcorn,4.43,Fiction,English,m
17928,Numerology,Ed Peterson,3.3,Numerology,English,m
17930,When Grandmama Fell Off the Boat: The Best of Harry Graham,Harry Graham,4.24,,English,m
17931,Grave New World,Ken Sheffer,4.42,,English,m
17933,Houses: a novel,Cynthia Rogers Parks,4.27,,English,w
17936,امرأة .. وظلان,خلود عبد الله الخميس,3.94,,Arabic,m
17937,The Mule Shoe,Perry Trouche,5.0,,English,m
17938,Widows & Orphans,Susan Meissner,3.59,Christian Fiction,English,w
17941,It's Only the Enemy Screaming,Christopher McEnroe,4.67,,English,m
17942,Holy Spirit Made Me Do It: A Christian's Guide to Spiritual Etiquette,Laurie Webb,4.33,,English,w
17943,Stirring Up Strife,Jennifer Stanley,3.64,Mystery,English,w
17945,Identity Assumption,Raymond Beresford Hamilton,3.8,,English,m
17951,Leaving Prisons: Release Your Trapped Value!,David McCleary,4.85,,English,m
17954,SOLEDAD,Bandi L. Bates,5.0,,,m
17963,Teenage Vampire,Florence Wilson,4.58,,English,w
17965,The Golden Sabre,Jon Cleary,3.81,Fiction,English,m
17967,Der Leuchtturm auf den Hummerklippen,James Krüss,4.46,,German,m
17968,The Butterfly Man,Heather Rose,4.06,Fiction,English,w
17969,Alon Buluek: Gelombang Laut Yang Dahsyat,Ayi Jufridar,3.39,,Indonesian,m
17972,Sandiwara dan Perang: Politisasi Terhadap Aktifitas Sandiwara Modern Masa Jepang,Fandy Hutari,3.86,,Indonesian,m
17979,Three Minutes More,Edward R. O'Dell,3.73,Fiction,English,m
17981,30th Juz Of The Holy Qurʼan,Taqī al-Dīn Hilālī,5.0,,,m
17983,"Advances In Judo Biomechanics Research"" Modern Evolution On Ancient Roots"" Photos By David Finch And By Tamas Zahonyi Ijf Archive By Courtesy Of Ijf President",Attilio Sacripanti,4.8,,,m
17986,Something A'Kin to Haiku,Alice Batchelor Hambright,5.0,,English,w
17989,Decision Control,Stafford Beer,4.36,Business,English,m
17990,The City Of Trembling Leaves,Walter Van Tilburg Clark,4.3,Fiction,English,m
17991,Star Chosen,Joe Chiappetta,3.67,,English,m
17995,Waltzing the Cat,Pam Houston,4.01,Short Stories,,w
17996,One Hundred Eighty Two Days in Afghanistan,Ryan Manganiello,3.71,Memoir,English,m
18001,The Wolven Moon,Jason A. Fischer,3.44,,English,m
18007,"The Portal Opener (The Portal Opener, #1)",Hannah Brown,4.33,,English,w
18011,Betrayal Beneath the Spanish Moss,Leslie E. Stern,4.33,,English,m
18015,Shattered Images,Victoria Lane,4.2,,English,w
18018,Life Will It Take Me Under!,Joan L. Sample,4.64,,English,w
18019,The Earth and Its Sorrows,Robert Crooke,4.5,,English,m
18025,"Behind the Moss Curtain, and Other Great Savannah Stories",Murray Silver,3.36,,,m
18026,Fata din Zlataust,Ionel Teodoreanu,4.31,Romanian Literature,Romanian,m
18028,The Mikveh Scrolls,Steven G. Lightfoot,4.63,,,m
18029,De Paardentekenaar: De Beste Verhalen,Tim Krabbé,3.42,,Dutch,m
18030,The Wanting of Levine,Michael Halberstam,4.33,,English,m
18032,"Read Me - I Am Magical: Open Me and I Will Reveal 12 Secrets to Love, Happiness & Personal Power. As You Leaf Through Me See How Remarkable You Feel",Alinka Rutkowska,3.39,Self Help,English,m
18034,THE GIVER (First Series),"Mario Bernheim, Chip Matthews",4.4,,English,m;m
18035,Peace,Richard Bausch,3.82,Fiction,English,m
18036,With Pythons & Head-Hunters in Borneo,Brian Row McNamee,3.86,,English,m
18045,At the Center of Destiny,Maureen Schenck,4.67,,English,w
18050,Where the Sun Sets,Ann Marie,3.56,,English,w
18052,The Man with the Easel of Horn,Norman Beaupre,4.0,,English,m
18053,"Slapstick & Superego: Essays, Rants & Scathing Social Commentary",Tom Waters,3.67,,,m
18054,"La veuve, l'hirondelle et le voyant",Omar Tourmanaouli,5.0,,French,m
18055,Havah: The Story of Eve,Tosca Lee,4.14,Christian Fiction,English,w
18056,الخوف أبقاني حياً,عبد الله الغزال,3.38,,Arabic,m
18057,A Kiss Before You Leave Me,James Hulbert,3.74,,English,m
18058,Cwmardy / We Live,Lewis Jones,4.02,Fiction,English,m
18060,What The Red Moon Knows,Joe Hilley,4.75,,,m
18061,"Friggles... a Story of Frills, Giggles and Girls",Cynthia McNair Burke,5.0,,English,w
18063,An Invitation to Kagura: Hidden Gem of the Traditional Japanese Performing Arts,David Victor Petersen,4.67,,English,m
18067,A Developed Prophetic Perspective: A Fresh Look at Prophetic Operations from a Kingdom Viewpoint,Scott Webster,4.79,,English,m
18068,Leading Ladies: Women Who Inspire India Volume 1,Sudha Menon,3.62,,English,w
18074,Gypsy Sixpence,Edison Marshall,3.88,Historical Romance,English,m
18077,Palabras Esenciales,Paulo Coelho,3.84,Spanish Literature,Spanish,m
18078,Father and Son,Larry Brown,4.13,Fiction,English,m
18082,Il Giuda di Leonardo,Leo Perutz,3.93,Fiction,Italian,m
18086,Loitering Shadows: Shy Temptress or Seasoned Seductress?,Stella Eromonsere-Ajanaku,4.8,,English,w
18093,Scarred: A Memoir,George Molho,4.5,,English,m
18094,Arianna Kelt and the Renegades of Time,J.R. King,2.67,,English,m
18097,The Hiding Place,Tom Duddy,4.0,,English,m
18098,Represent,David L.,4.61,,English,m
18099,Chasing the Avatar (Descent) (Descent Series) (Volume 1),Jovan Jones,4.07,,English,m
18102,The Bamboo Chest: An Adventure in Healing the Trauma of War,Cork Graham,3.25,,,m
18103,Better Times Than These,Winston Groom,3.86,Fiction,English,m
18113,My Finny Fin Fin,Judi Chesshir,4.46,,English,w
18114,Adventures in My Beloved Medieval Alania and Beyond: A Time-Travel Novel Set in the 10th Century Caucasus Mountains,Anne Hart,5.0,,English,w
18117,Foolish Endeavors,R.F. Ricks,3.64,,English,m
18121,قاصدک های بی پر,زهرا عباسی نیاسر,5.0,,Iranian (Other),m
18124,CIRCUS RIDER,Peter Breschard,5.0,Historical Fiction,English,m
18128,The Making: Volume One of The Golden Isle,R.J. Skrimager,5.0,,English,m
18130,Kering,Iwan Simatupang,3.95,Novels,Indonesian,m
18132,Good Things Happened Today,Christopher Atwood,2.82,,English,m
18134,Soul Cry (Missing Fathers: The Misunderstanding of a Fatherless Child): It's Never Too Late to Do the Right Thing,Andre Moore,4.0,,English,m
18135,Flüsterkind - Dein Mann hat mich missbraucht; Ein Brief an meine Mutter,Mona Michaelsen,4.2,,German,w
18137,Kaddish for an Unborn Child,Imre Kertész,3.82,Fiction,English,m
18139,Translating Scotland. Nation and Identity,Aniela Korzeniowska,3.75,,English,w
18140,Lydia The Ladybug In Paris,Marie Lawrence,4.54,,,w
18144,The Lady Waved Good-Bye: A Ramon Lull Lopez Mystery,Natalio Feliciano,5.0,,English,m
18150,A Pitcher to Remember,Don Inman,5.0,,,m
18151,The Everyday Living of Children and Teens Monologues Volume II,Adra Young,4.2,,,m
18153,My Miracle,Rodney Barnes,3.63,,English,m
18155,Stephen,"Gary D. Zackery, John Borgstedt",4.5,,English,m;m
18159,Churchill's Gold,William Talboy Wright,4.0,,English,m
18161,Teutonic Mythology,Viktor Rydberg,3.79,Mythology,,m
18162,Dutch,Jamie Christian Desplaces,4.1,,English,m
18163,Revenge - Between my Lover's Legs...,Euftis Emery,4.5,,English,m
18164,Angelo's Journey: A Border Collie's Quest for Home,"Angelo Dirks, Leland Dirks",4.28,Fiction,,m;m
18166,"""بأقل قدر من الضجيج""",جيهان عبد العزيز,4.5,,Arabic,m
18167,Sweet Release,Carrie Pulkinen,3.88,Paranormal Romance,English,w
18168,Davi,"Roy C. Booth, Brian Woods",4.0,,English,m;m
18174,Book Of Poems,JoAnna McDonald,4.8,,English,m
18176,Unlocking the Last Days: A Guide to the Book of Revelation and the End Times,Jeff Lasseigne,4.39,,English,m
18177,Forgotten Future Anthology,Rashaad Bell,3.11,,,m
18179,The Death of Sweet Mister,Daniel Woodrell,3.93,Fiction,English,m
18180,The Silver Mist,Martin Treanor,4.18,Fiction,English,m
18187,Precious Gifts of Love,C.J. Good,4.25,,English,m
18189,"AMERICA: Still the Land of Opportunity, Always a Home for the Brave",Jason Howell,5.0,,,m
18194,Batalha,David Soares,4.25,Portugal,Portuguese,m
18196,Saturdays Are Gold,Pierre Van Rooyen,4.28,Historical Fiction,English,m
18197,Moon Secrets,J.J. Gregory,0.0,,English,m
18198,Defending India,Jaswant Singh,3.57,India,English,m
18200,The Water Dragon,Andrew Woodward,4.0,,English,m
18201,"I Am Coming, Volume 1","Susan Davis, Sabrina De Muynck",5.0,,English,w;w
18203,Living In Darkness,Robin Renee Ray,3.87,Fiction,English,m
18205,Michael Jackson: The Icon,Jos Borsboom,4.68,,English,m
18213,حافة الليل,أمين ريان,3.2,,Arabic,m
18214,"My Father's Parrot (Back to the Land, #1)",Laurie Elmquist,5.0,,English,w
18217,Astrid and Veronika,Linda Olsson,3.72,Fiction,English,w
18218,Tales of Wonder from the Garden State,Debbie Jones,3.62,Short Stories,English,w
18219,Little Tales of Ben & Buckett: Helping in Grandma's Garden,Tammy Reid-Benedict,5.0,,English,w
18220,"Never Too Late, My Love",K.R. Bailey,5.0,,English,m
18221,The Listener,Maris E. McCambley,4.0,,,w
18222,The Diary of Road Rage: Starts Out with Many But Boils Down to You,Marcus Davis,5.0,,English,m
18227,A Song in My Heart,"Roma Calatayud-Stocks , Roma Calatayud",3.84,Historical Fiction,English,w;w
18232,The Cure,Jodi Mechen,3.67,Fiction,,w
18233,The Way I See It...,Randy Petsch,3.83,,,m
18234,Glataðu spælimenninir,William Heinesen,3.9,Fiction,Faroese,m
18235,The Cool Boffin,Pete Johnson,3.06,,,m
18238,The Flight Of Ambition,Apoorve Dubey,4.4,,English,m
18239,Such a Long Journey,Rohinton Mistry,3.96,Fiction,English,m
18240,My Bad Tequila,Rico Austin,3.51,,English,m
18243,Werewolf Descent,Elizabeth J. Kolodziej,4.26,Vampires,English,w
18244,Flesh and Feathers,"April Fifer , Danielle Hylton-Outland",3.72,Fiction,English,w;w
18245,True Woman,Gregor Golob,4.67,,English,m
18247,Shadows Beyond the Flames and Other Stories,J.M. Tresaugue,4.5,,English,m
18248,First Class Male,Raven West,4.5,,English,w
18250,To Write Love on Her Arms,NOT A BOOK (Editor),5.0,,English,m
18252,Deuil,CVA,4.0,Vampires,French,m
18257,Meet Mr. J,Mr. J,5.0,,English,m
18258,Raven's Cravings,Angel Williams,4.19,,English,m
18261,Dying to get to Oklahoma,ash mackinnon,5.0,,English,m
18262,Plus One: A Year in the Life of a Hollywood Nobody,Claire Fordham,3.55,,English,w
18266,Slippery When Wet!,Jessica de la Davies,3.25,,English,w
18283,Northline,Willy Vlautin,4.0,Fiction,English,m
18286,Time's Up,"Art Townsend, Art Townsend",5.0,,English,m;m
18288,Desperate Hearts,Diane Story,4.33,,English,w
18291,Legends of Green Isle - The Forgotten Spell,Constance Wallace,4.8,,,w
18294,Milk Glass Moon,Rebecca Carroll,3.88,,English,w
18296,La borra del café,Mario Benedetti,3.74,Novels,Spanish,m
18297,"Soldier, Lily, Peace and Pearls",Con Cú,4.65,,English,m
18298,Heartstone: A Journey out of the midnight of my soul,Tim Young,4.44,Christian,English,m
18299,Visionary Shamanism: Activating the Imaginal Cells of the Human Energy Field,"Linda Star Wolf, Anne Dillon",3.89,,English,w;w
18301,Inflatable Men,Amy Ivan,4.56,,English,w
18303,در باب علوم غریبه: کیمیا، لیمیا، هیمیا، سیمیا، ریمیا,ارسلان کشوری,3.87,,Persian,m
18304,Autumn in My Heart,Saptarshi Basu,2.89,,English,m
18306,Hazardous Choices,Joseph Rinaldo,3.67,,English,m
18311,The Seed,Fola,3.58,Historical Fiction,English,m
18312,"Assuring IT Governance (Assurance Services, #2)",Robert E. Davis  (Author),4.8,,English,m
18313,The Serial Killer's Diet Book,Kevin Postupack,3.78,,English,m
18314,Spartacus and the Circus of Shadows,Molly Elwood,4.22,Mystery,English,w
18315,And Then There Was Life!,André Jacob,4.14,,,m
18317,The Spaghetti Set: Family Served Italian Style,Rose Marie Boyd,5.0,,English,w
18318,The Haunting of Stephen Wells,Brian L. Blank,4.09,,English,m
18321,Gunung Makrifat : Memoar Para Pencari Tuhan,Tri Wibowo,3.56,,,m
18323,How To Build A Computer (For Beginners),John Gower III,4.5,Computers,English,m
18324,"John Lennon: In Their Own Write, A Loving Tribute From His Friends and Fans",Judith Furedi,3.73,,English,w
18325,The Purnell House,Alisha Lolk,4.67,,English,w
18326,A Star Called Henry,Roddy Doyle,3.84,Fiction,English,m
18327,Crystal Dreams,Astrid Cooper,4.0,,English,w
18328,The Fate of America in the Ninth Hour,Kimberly Jackson,3.67,,English,m
18331,"Speculative Journeys: SciFi, fantasy and other strange tales",T.M. Crone,3.33,,English,m
18333,Lost Souls - The Cube of Asgard,Kevin Oxland,5.0,,English,m
18336,Figure: How to Draw and Paint the Figure with Impact,Sharon Pinsker,4.36,Art,English,w
18339,Race Decoded: The Genomic Fight for Social Justice,Catherine Bliss,4.25,Science,English,w
18341,Price Road,Elaine T. Jones,5.0,,English,w
18343,Deceit,W.C. Hewitt,3.75,,,m
18344,Hot dogs under The Dakota,Johannes Gouws,4.36,,English,m
18345,Paint Stop Boom,Anna Sarelas,3.27,,English,w
18346,Florid States,Rod Usher,4.71,,English,m
18348,Billy Oliver: Holding On To Memories,Charles Peters,5.0,,English,m
18358,Take That to the Bank,F.W. Wright Foundation,5.0,,,m
18359,Connecticut Brides,Pamela Griffin,3.65,Christian Fiction,English,w
18362,Blue Skies Red Soil: Death of America,David T. Mudra,5.0,,English,m
18365,Love Arrow,Nicole Fazekas,3.33,,English,w
18367,The Dance,James Goodman,5.0,,,m
18368,Juni,Gerbrand Bakker,3.53,Fiction,Dutch,m
18370,Father of Emily,Kristofer Oliver,3.78,Fiction,English,m
18375,Mythica: Genesis,Scott S. Colley,4.11,,English,m
18378,Everything I Miss at Home,C.L. Alexander,4.33,,English,m
18380,"Farewell, My Lovelies",Diann Blakely,4.47,,English,w
18383,The Peacemaker,S.J. Richard,4.64,,,m
18388,Ferrari In Camera: From Ascari To Villeneuve,"Geoffrey Goddard, Geoff Goddard",5.0,,,m;m
18389,Boob Action,Charles Chiyangwa,4.83,,English,m
18390,Europa,Tim Parks,3.34,Fiction,English,m
18391,The Emancipation of Giles Corey,Michael Sortomme,4.33,,,m
18392,Life After Wrap,Roy A. Ruiz,4.57,,English,m
18393,Everyone Has a Boss,David Sneed,4.31,,,m
18394,Omensent: Birth of a Dragon Lord,Barry Gibbons,3.79,,English,m
18395,"Where Eagles Lie Fallen: The Crash of Arrow Air Flight 1285, Gander, Newfoundland",Gary Collins,4.74,History,English,m
18396,Bitin' Back,Vivienne Cleven,3.11,Fiction,English,w
18399,BrownBeat Photo Companion to Hampi,Richard Brown,4.6,,English,m
18401,Radiance:Love after Death,Debra Jayne East,4.35,,English,w
18405,Corto Maltese en Sibérie,Hugo Pratt,4.34,Comics,French,m
18407,Sellevision,Augusten Burroughs,3.57,Fiction,English,m
18411,The Elusive Beaches Of Eleuthera 2007 Edition,Geoff Wells,4.86,,,m
18414,Reach the Beach,Lara Johnson,3.33,Christian Romance,English,w
18417,"Writer's Retreat: New York City Edition: Cafes, Restaurants & Coffee Shops for Writers, Bloggers & Students",Juliet C. Obodo,4.33,,English,w
18420,Uncloaking the Tarot: A Comprehensive Course in Tarot,Brigid Bishop,4.67,,English,w
18422,Napoleon's Gold: An Epic Novel Based on the True Exploits of Captain Luke Ryan Irish Swashbuckler & American Patriot Benjamin Franklin's Most Dangerous Privateer,Mark M. McMillin,2.75,,English,m
18423,PHP String Handling Handbook,Matt Wade (Editor),3.8,,English,m
18424,Штамата на Енхалон,Ненад Јолдески,4.38,,Macedonian,m
18429,Everything Happened in Vietnam: The Year of the Rat,Robert Peter Thompson,3.78,,English,m
18432,The God Hater: Discovering Life After Death,"Rebecca Dinsmore, Allison Althauser",4.22,,English,w;w
18433,Torn de nit,Agustí Vehí,3.58,,Catalan; Valencian,m
18435,Shrinking Forward,Nathalie M. Leblanc,4.69,,English,w
18438,Sacra Pagina: First Corinthians,Raymond F. Collins,4.36,,English,m
18440,Control Switch On: The Untold Story Of The Most Powerful Man In The World-Ryan Moran-Who Shaped The Planet For Peace,Ira Teller,3.91,,English,w
18444,A Life Lived Ridiculously,Annabelle R. Charbit,3.86,Psychology,English,w
18448,What’s that Super Model Doing in my Workplace?,Halinka Panzera,4.25,,English,m
18452,The Language of Light,Nadine May,5.0,,English,w
18453,The Mosaic of the Broken Soul,Branka Cubrilo,2.82,,English,w
18454,An Old Black Marble,Florin Nicoara,5.0,,English,m
18455,Tugire Ubumwe- Let’s Unite!,Rupert Bazambanza,5.0,,English,m
18466,Baden-Powell's Beads,Paul D. Parsons,4.09,,English,m
18467,Angelina and Men,Shaktima Brien,5.0,,English,m
18470,THE UNDELIVERED SCORE: Letters from a poet's heart,Flow Wellington,4.0,,English,m
18474,Mystique,Tina M. Taylor,4.8,,English,w
18475,Where Has My Mother Gone: A True Story of One Family,Susan M. Hudson,5.0,,English,w
18478,The Law of Dreams,Peter Behrens,3.82,Historical Fiction,English,m
18481,Gone with The Night: The Rape Slaying Trial,Robert Boscarato,5.0,,English,m
18482,Maternal Menace,Terri Ann Armstrong,5.0,,English,w
18484,Appled,Maritess Emborgo,4.43,,English,m
18490,The World in Half,Cristina Henriquez,3.68,Fiction,English,w
18492,The Dragon Ruler: Book 1 Revenge,Chris J. Slaugh,4.33,,English,m
18494,Just Alex,Alicia Rose,5.0,,English,w
18499,Ziron,Corissa Neil,5.0,,English,m
18502,Gangsta Girl,George Sherman Hudson,4.35,African American,English,m
18503,"The Event in Science, History, Philosophy & Art",Yeshayahu Ben-Aharon,4.44,,English,m
18505,Beyond the Dark Bayou,Alice Ball Breuer,4.67,,English,w
18508,Night Terrors: Hallways and Mirrors,Rose Golden,4.0,,English,w
18512,Puppies for Sale: $25.00 a Collection of the Best Dog Stories Ever,Rosalie A. Pope,4.41,,English,w
18513,"My Angel, My Light as Darkness Falls",Linda D. Hays-Gibbs,4.65,Paranormal Romance,English,w
18514,The Dogs of Babel,Carolyn Parkhurst,3.57,Fiction,English,w
18515,Cain at Gettysburg,Ralph Peters,4.15,Historical Fiction,English,m
18517,"The Working Chefs Edition of Classic & Traditional Sauces, Relishes & Dressings",Jack Ferneley,5.0,,English,m
18521,The Gods She Chose,Liat Segal,4.21,,English,w
18525,Building Character,Kate Genet,3.32,Lesbian,English,w
18528,Cracks in the Pavement,Martin Hopkins,3.0,,English,m
18531,The Great Scroll of Banciao,Trista di Genova,5.0,,English,w
18535,The Bro Code,"Barney Stinson, Matt Kuhn",3.73,Humor,English,m;m
18538,Ma vie d'artiste,Marie Desplechin,3.73,,French,w
18540,The Devil; What does he look like,Nwaocha Ogechukwu,3.75,,English,m
18547,Home From The Vinyl Cafe: A Year Of Stories,Stuart McLean,4.15,Fiction,English,m
18550,The Demon Plague,J. McFate,3.55,Dystopia,English,m
18551,Love and Other Near-Death Experiences,Mil Millington,3.62,Fiction,English,m
18552,The Barn: From the Beginning,Ralph Hagen,4.8,Comic Strips,English,m
18553,The Burning Cedars,Ramzy Baroody,3.0,,English,m
18555,Billeder af sand,André Brink,3.86,Africa,Danish,m
18556,Elvis is Alive,Robert Mickey Maughon,4.2,,English,m
18557,The Fortune Hunters,Aslam Rahaman,3.62,,English,m
18559,The Undoing (The Undoing Series #1),Lauren Banks,4.83,,English,m
18561,Revealing *aurora*- 99 sexed up reasons why Human|Year 1 was 1649'ish,Nico Haupt,5.0,,English,m
18562,"Another Broken Wing, Flap Flap",James Sumner Kendrick,4.5,,English,m
18563,Twisted Lust,Jake Malden,4.5,,English,m
18565,The Screaming of the Innocent,Unity Dow,3.92,Africa,English,w
18566,Close Your Eyes and See,Bernard Cenney,5.0,,English,m
18569,The White Castle,Orhan Pamuk,3.47,Fiction,English,m
18570,Her Şey Seninle Başlar,Mümin Sekman,3.51,Self Help,Turkish,m
18572,The Earth Gate,Chris Comish,3.39,Fiction,English,m
18573,The Reverend's Wife,Kimberla Lawson Ro,4.3,African American,English,m
18574,Mississippi Cotton,Paul H. Yarbrough,3.88,Historical Fiction,English,m
18581,Loss De Plott,Stephan J. Myers,4.32,,English,m
18582,Signorina,Marine di Frontis,5.0,,French,w
18584,Union,Jolea M. Harrison,4.46,,English,m
18587,"Reis's Pieces: Love, Loss, and Schizophernia",Karen Winters Schwartz,4.35,,English,w
18589,The Champlevé Gallery,William Masero,5.0,,English,m
18593,"Foster Fox (A 10,000 Lakes Tale)",William D. Writer,4.24,Animal Fiction,English,m
18598,Meeresstille,Nicol Ljubić,3.69,,German,w
18601,The Average Joe's Guide to Play No Limit Texas Hold 'Em,Michael Pignataro,3.31,,English,m
18602,Dark Legacy,Maggie A. Anderson,3.95,Paranormal,English,w
18605,The Birdcage by John Bowen 1962,John Bowen,4.13,,English,m
18612,500 Steve Pavlina Quotes,Meghashyam Chirravoori  (Editor),3.67,,English,m
18613,The United States of Air,J.M. Porup,3.27,Humor,English,m
18616,Cherries Over Quicksand Romance Secrets Laughter Wit Timely Tales,Rhonda Ricardo,5.0,,English,w
18618,Aphrodisiac Concupiscence Deluxe,Yolanda Williams,0.0,,English,w
18620,Earth Sink,Ilyan Kei Lavanway,3.25,,,m
18627,ماذا تعرف عن الماسونية ؟,مريم الزهراء,3.29,,Arabic,m
18628,Daughter of My Heart: Cela's Letters Home,L.T. Bentley,3.92,,English,m
18629,سرداب الجنة,إسماعيل حامد,3.0,,Arabic,m
18633,ധർമ്മപുരാണം | Dharmapuranam,O.V. Vijayan,3.72,Fiction,Malayalam,m
18634,Inky Girl,Salvatore Robert Froio,5.0,,English,m
18635,The Disintegrating Bloodline Part 1,Louis T. Bruno,4.17,,English,m
18637,Scar,Ryan Frawley,3.36,Mental Health,English,m
18638,Un altro scrivere: lettere 1904-1924,"Max Brod, Franz Kafka",5.0,,Italian,m;m
18641,Rich Boy Cries for Momma,Ethan H. Minsker,4.8,,English,m
18647,I'm Will,William Haylon,4.12,,English,m
18648,Das Haus auf den Klippen - Geheimnisvolle Todesfälle,Jack Young,5.0,,German,m
18652,Se'chasingwa's Song,Diana Mary Minnaar,5.0,,English,w
18655,Unleashed,Tiffany Berry,4.06,,English,w
18658,Life Is Short But Wide,J. California Cooper,3.98,Fiction,English,m
18664,The Chronicles of a Crazy Chick,Katina Pittman,3.21,Chick Lit,English,w
18666,Chasing Justice,Dan Hunter,3.33,,English,m
18667,Fear and Loathing: On the Campaign Trail '72 by Hunter S. Thompson Summary & Study Guide,BookRags,3.7,,,m
18670,Three Seasons by Andi Christel,Andi Christel,4.5,,English,m
18671,There Is No Gray in Moral Failure: A Practical Guide in Preventing Sexual and Financial Misconduct,Yves Johnson,4.76,,English,m
18672,Finding the Uncommon Deal: A Top New York Lawyer Explains How to Buy a Home for the Lowest Possible Price,Adam Leitman Bailey,3.68,Business,English,m
18673,The 13th Apostle,Raina C. Smith,4.43,,English,w
18675,Soccer Chick Rules,Dawn FitzGerald,3.74,Sports,English,w
18677,Ode to Uke,Arthur Ravenscrag III,5.0,,English,m
18678,Broken Pottery: The Life of an African Girl,Jennifer Ann,4.0,,English,w
18680,Dake Annotated Reference Bible (KJV),Anonymous,4.47,Reference,English,m
18681,The Art of Magic,Ann Harth,4.8,,English,w
18683,Eleven Sundays,Alonna Shaw,4.05,,English,m
18685,The Meaning Of Theft,Peter O'Mahoney,3.55,Fiction,English,m
18690,Divine Innocence,Hammed Al-Tamimi,3.79,,English,m
18693,The French Mathematician,Tom Petsinis,3.27,Mathematics,English,m
18696,Eita Gota! - Uma viagem paraibana,Efigênio Moura,4.5,,Portuguese,m
18697,The Vine Keeper . . . messages in Poetry and Prose,William S. Peters Sr.,5.0,,English,m
18699,The Jaws of the Vortex,Joe Hunt,4.17,,English,m
18701,Kindle Single: Injured Reserves,D.C. Bourone,3.96,,English,m
18702,Stained Glass,C.W. Ducey,4.36,,English,m
18704,Courage of Fear,Barbara Boyer,4.31,,English,w
18707,The Gurkha's Daughter: Stories,Prajwal Parajuly,3.66,Short Stories,English,m
18710,The Quack's Daughter,Greta Nettleton,3.92,Biography,English,w
18713,Two Walls and a Roof: Ireland Born America Bound,John Michael Cahill,3.65,,English,m
18715,God made my eyes big,Crystal L. Du Bois,5.0,,,w
18724,Saving Gracie,Jill Teitelman,3.83,,English,w
18729,Vampire Dreams,Richard Reich,3.8,,English,m
18730,The Topics of Heroes,Jeremy P. Elder,5.0,,,m
18735,Return of the Heroine,Kaye Michelle,4.0,,,w
18736,20 Tahun,Hiromi Mashiba,3.53,Manga,,m
18739,Crack Apple And Pop!,Saira Viola,4.63,,English,m
18741,Recut Madness: Favorite Movies Retold for Your Partisan Pleasure,James Finn Garner,2.86,,English,m
18744,Cormac McCarthy's All the Pretty Horses,"Harold Bloom, Amy Sickels",4.13,Fiction,English,m;w
18747,Entrusted,Sherry Rummler,4.1,Family,English,w
18748,Captain Mullet and the Compass Rose,Joel Ratner,3.44,,English,m
18750,Weeds,McGuffy Ann Morris,5.0,,English,m
18751,Stillpoint: A Novel of War and Peace,Colin D. Mallard,4.11,Historical Fiction,English,m
18758,Seasons of Emotions,Elizabeth E. Castillo,4.88,,English,w
18760,Climb the Mountain,David R. Beshears,4.14,,English,m
18762,Knighthawke,Jerry Minchew,3.54,,English,m
18763,The Ultimate PS3(tm) Repair Guide,Andrew Wright,4.22,,English,m
18773,Bubbles and Billy Sandwalker,Cyndie Lepori-Mogavero,4.5,,English,w
18775,Lake Chelan The Greatest Lake In The World,John Fahey,4.47,Outdoors,,m
18776,Earth Force I,Robert C. Adams,3.63,,English,m
18779,Onde Andará Dulce Veiga?: Um Romance B,Caio Fernando Abreu,4.13,Fiction,Portuguese,m
18780,The Zombie Cause Dictionary,Doc Lucky Meisenheimer,5.0,,,m
18783,من و سلویٰ (Man-o-Salwa),Umera Ahmed,4.11,Novels,Urdu,m
18784,The Illest,Shelton Henderson,4.0,,English,m
18789,"The Parchment Tale Unfolds,",SKETA,3.5,,English,m
18791,L'acustica perfetta,Daria Bignardi,3.63,Fiction,Italian,w
18792,God's Appointed Position in Prayer - Praying Wives Devotionals,Cheryl L. White,3.8,Marriage,,w
18793,The Heroes Of Time (A New Beginning),Blue Dragon,3.5,,English,m
18794,சிப்பியின் வயிற்றில் முத்து,podisatva maitraiya,5.0,,Tamil,m
18797,from partition to operation bluestar,Som Nath Dhar,3.47,,English,m
18798,Guy Noir and the Straight Skinny,Garrison Keillor,3.16,Humor,English,m
18800,The Search: A Spiritual Novel,Olivia Ritz,4.6,,English,w
18802,Ironclad,Paul Camster,5.0,,,m
18803,Edible Bones,Unoma Azuah,3.0,,English,m
18804,حب ودمار,دان ديفيز مالوني,3.51,,Arabic,m
18813,Finding Redemption,Jasmine Abbey,4.0,,English,w
18814,Black Magic Woman,Dan Anderson,4.0,,,m
18817,Life Knocks,Craig Stone,3.9,Fiction,English,m
18818,Sign of the Time,Mark R. Hems,5.0,,English,m
18819,سر من أسرارك,عصام كرم الطوخي,3.4,,Arabic,m
18821,The Man in Seat 11B,Andrew James Pritchard,3.43,Travel,English,m
18823,2000 Years of Dick Fiction,Dick Ward,5.0,,English,m
18825,When Your Past Is Hurting Your Present: Getting Beyond Fears That Hold You Back,Sue Augustine,4.07,Self Help,English,w
18826,"Steam Drills, Treadmills and Shooting Stars - a story of our times -",Rivera Sun,4.33,Fiction,English,m
18827,Swinging through life Cassie's Story (Swinging Sisters Series),L. Whitlow,3.5,,English,m
18831,The Journals of Raymond Brooks,Amit Bobrov,4.27,,,m
18832,I Lay Me Down,Diana Pooley Hurwitz,4.5,,,w
18836,Eastwood,Dorothy Dunbar,4.5,,,w
18837,Sean Yeager: Hunters Hunted,D.M. Jarrett,4.08,,English,m
18840,The Equanimity Knowledge,Benjamin N.Nweke,0.0,,English,m
18842,Me and Him: A Guide to Recovery,Karen Tyrrell,4.55,Self Help,English,w
18843,Valeria Rovalution: Living Life Consciously,Valeria von L. Goncharova Barrett,5.0,,,w
18847,Jesus and Moses in India,Asad Farooq,5.0,,English,m
18849,AfterTastes and Tales from Russia (Forgive me for being anti Social...ism),Jake Danishevsky,4.33,Politics,English,m
18850,Foxavier and Plinka,Scott Talbot Evans,4.33,,English,m
18852,Bits and Pieces: Tales and Sonnets,Jas T. Ward,5.0,,English,m
18856,Jack of Hearts,Candace C. Bowen,4.67,,English,w
18860,CONTRIVED,Jay Deb,3.38,Mystery,English,m
18862,Universes Within the Universe,Paola Sanjinez,4.83,,,w
18863,"Indispensable: A Must Have Guide To Being The Best Administrative, Executive or Office Assistant... Your Boss Can’t Live Without!",D. Terry,4.0,,English,m
18865,"3PM: The Preacher, The Power, The Penis & Me",Cheron K. Griffin,4.75,,English,m
18867,GAME NIGHT 98,Royale Gray-Lee,5.0,,English,m
18868,From Michigan Maine to Harvard: A Tale from the Gardens,"Christina ""DC Brownlow"" Reyes",5.0,,English,w
18870,Les Noces secrètes,Gérard Caramaro,3.0,,French,m
18872,The Sunday Club.,M.L. Stewart,4.39,,,m
18874,The Maitreya,Rael Maitreya,5.0,,English,m
18875,The Easiest,Rasa Aškinytė,3.72,,English,w
18876,شروط نهضة العرب والمسلمين,أبو يعرب المرزوقي,3.9,,Arabic,m
18877,The Doctor's Daughter: Journey to Justice,Belle Blackburn,4.11,Historical Fiction,English,w
18878,"Lifelong Love: When you know better, you do better.",Taz Will,3.18,,English,m
18879,Stella Bellarosa: Tales of an Aspiring Teenage Superhero,Julie Krantz,3.95,,English,w
18882,Do No Harm,Danielle Singleton,4.17,,English,w
18884,Bioweapon: New Beginnings,J.K. Bowden,4.19,,,m
18885,Handling Sin,Michael Malone,4.03,Fiction,English,m
18886,Blacksnow Zero,Lee Gimenez,4.75,,English,m
18888,ആംസ്റ്റർഡാമിലെ സൈക്കിളുകൾ,Raju Raphel,3.77,Travel,Malayalam,m
18890,Awareness Centered Training - ACT,Maureen Ross,5.0,,English,w
18891,NCAA Eligibility: Student-Athletes with Education-Impacting Disabilities,Jeffrey A. Berk,5.0,,English,m
18892,Meddelande: Noveller i urval 1971 - 1997,Tove Jansson,3.81,Short Stories,Swedish,w
18895,Fornicating Under The Order of The King,Coletha Albert,5.0,,English,m
18896,The Tithe Debate,Byron Goines,5.0,,English,m
18900,Mr / Master Positive Powers 'Wizardry Word Influencer' Welcome to Ondlon City,Creative Success Coach,5.0,,English,m
18904,Il-Villagg ta' Serpentinu,Christabel Attard,5.0,,Maltese,m
18905,A Glimpse of Freedom: An American Tale of Love and War,M.A. Bookout,4.0,,English,m
18907,Waiting for Rayne,Carol Rizer,5.0,,English,m
18909,Six of One,Rita Mae Brown,4.09,Fiction,English,w
18912,Spiritus Mundi,Robert Sheppard,4.0,,English,m
18913,The Divine Family: Experiential Narratives,Marcelle Bartolo-Abela,3.33,,English,w
18918,The Singer,Rick Soper,4.0,,English,m
18919,Nasi Lemak Buah Bidara,April Snow,3.98,,Malay,w
18921,Data Driven Design: How Today's Product Designer Approaches User Experience,Phillip A. Harris,3.36,Design,English,m
18922,"Win Competitions Online (A Competitors Guide, #1)",David Fuentes,4.0,,English,m
18923,Pact of Witches,Pet Torres,3.59,Paranormal,English,m
18927,Voodoo in My Blood: A Healer's Journey from Surgeon to Shaman,Carolle Jean-Murat,4.25,Memoir,,w
18928,Charlie Mike,Leonard B. Scott,4.28,Fiction,English,m
18931,A Black Moon Odyssey,Anirban Roy,4.2,,English,m
18935,Set my soul on fire,celia,4.38,,English,m
18938,Baba Sahiba / بابا صاحبا,Ashfaq Ahmed,4.4,,Urdu,m
18940,Chatur Veda Samhita,Narendra Bhooshan,4.44,,Malayalam,m
18943,عطرٌ برائحةِ الغياب,إيمان أحمد,3.63,,Arabic,m
18947,Learning How To Eat (Again),Brian V. Menard,4.28,Health,English,m
18949,Is It Lust Or Is It A Mystery? (Short Story),Keion Alexis,4.5,,English,m
18950,Tremendaspie - A delightful tale about a boy with Asperger's Syndrome,Tracey Gottliebsen,4.3,,English,m
18953,Confessions of a Faithful Woman,Milele,4.76,,English,m
18954,Legacy: Awakenings,J. Dee Smith,4.33,,,m
18955,Tara de sub fluturi,Dragos Voicu,4.63,,Romanian,m
18957,Our Virtuous Republic: The Forgotten Clause in the American Social Contract,Richard D. Baris,5.0,,English,m
18958,"Angelface (Angelface, #1)",Valentine,4.79,,English,w
18960,The Equation,James Tarantin,4.1,,English,m
18971,Hidden Connections,Natalie Resch,5.0,,English,w
18974,Claudius,Douglas Jackson,3.97,Historical Fiction,English,m
18976,The Conversation of Merachefet: A Book of Secrets,C. JoyBell C.,4.24,,English,m
18977,The Sojourn,Rupansh Gupta,4.5,,English,m
18979,Emma's Secret,Steena Holmes,3.78,Fiction,English,m
18980,The Power of Being Articulate: Your Words Can Make You Wealthy and Happy,Pete Geissler,3.94,,English,m
18983,The Greater Number,Paul Loh,4.75,,English,m
18985,Secret of Bog Lane,Americo Tulipano,4.63,,English,m
18986,Small Tales and Visits to Heaven 2,L.A. Lachapelle,5.0,,,m
18989,The Siren's Tale,Anne Carlisle,3.86,,English,w
18992,Disaster at the Arch,George Seyfried,3.67,,English,m
18994,Life of Love for Atema and Atepa,Dedeth Ford,5.0,,,m
18998,Together: Friday Nights at the Roxy,Majeedah Thomas,5.0,,English,m
19002,"Beechi: Bulletsu, Bombsu, Bhagavadgeete",Keshava Rao B.S.,4.13,Humor,Kannada,m
19003,The Wright Brothers (Giants of Science),Anna Sproule,3.78,,,w
19004,The Uninvited,Aral Bereux,4.03,Dystopia,English,m
19005,The Simplest Book Ever on Life Attitude and Happiness,Martin Gover,4.89,Self Help,English,m
19013,The Trinket Box,Katheryn Ragle,3.5,,English,w
19014,Die schwarze Witwe,Debora Fischer,4.33,,German,w
19019,Blood Myth,Stacy A. Moran,4.35,Paranormal,English,m
19020,Contengan Jalanan,Hlovate,4.56,Novels,Malay,m
19022,Hooligan's Alley: Inspired by the Compelling True Story of a Hell's Kitchen Immigrant,Joanna Kelly,4.64,,,w
19023,Free as a Global Nomad: An Old Tradition with a Modern Twist,"Päivi Kannisto , Santeri Kannisto",3.78,Travel,English,w;m
19028,The Standard,John Reinhard Dizon,3.94,,English,m
19031,Second Chances,Rachael R. Vaughn,4.5,,,w
19033,L'Oracle Della Luna,Frédéric Lenoir,4.06,History,French,m
19036,John 3:16,Nancy Moser,4.13,Christian Fiction,English,w
19043,Mit Schwert und Feder,Dana Graham,3.88,,German,w
19044,Time To Learn Reloaded,Black Coffee,4.17,,English,m
19048,Through the Eyes of a Male Submissive,Andie Lea,4.13,BDSM,English,w
19049,Dalang Galau Ngetwit,Sujiwo Tejo,4.27,,Indonesian,m
19052,It's Not That Complicated: Bakit Hindi pa Sasakupin ng mga Alien ang Daigdig sa 2012,Eros S. Atalia,4.07,Fiction,Filipino; Pilipino,m
19056,Single-Column Bible-NIV,Anonymous (Creator),4.88,,English,m
19057,End's Shadow Caste (Volume One),Meghann Doyle  (Author/Illustrator),5.0,,English,w
19060,The Townsman,Pearl S. Buck,4.07,Historical Fiction,English,w
19062,Glyphics,J. Richard Singleton,3.5,,English,m
19064,Bodie,Anne Sweazy-Kulju,4.15,,English,w
19067,Suicide at Seventeen,Kunal Marathe,3.44,,English,m
19068,A Psalm for Cock Robin: A Harp and His (Dead) Mother Mystery,E.E. Doc Murdock,3.5,,English,m
19070,City of the Guardians,Bee L. Kirk,4.67,,English,w
19072,Tread of Death: Tragic End to Divine Favor,Dorothy Kardas,5.0,,,w
19075,Nightmarish Sacrifice,Simona Panova,4.33,,,w
19076,Les caprices d'Anaïs,Bernard Coat L.,5.0,,French,m
19078,The Tricking of Freya,Christina Sunley,3.93,Fiction,English,w
19079,حتى لا تموت الروح,علاء سعد حسن,3.97,Novels,,m
19080,Best Friends,Shivam Singh,4.25,,English,m
19081,You Knew Me When,Emily Liebert,3.7,Fiction,English,w
19082,"Cornerstone (Endless Inheritance, #1)",Peter Michael Diamantopoulos,4.33,,English,m
19083,Smiling the Moon,Thomas Lawrence,4.58,,English,m
19084,Secretos y cenizas,Mercedes Santos,3.95,,Spanish,w
19086,"Sacrificing 16, Part 1",Liana Resles,4.4,,,w
19088,شباك الروح 2,كتاب الدورة الثانية من أعضاء جماعة إضافة الثقافية,4.35,,Arabic,m
19090,Ayala,Julia Stolfa,4.0,,English,w
19091,Lexi's Legacy - The Saga Continues,Rick H. Veal,4.65,,English,m
19094,Deputy Sheriff of Comanche County,Edgar Rice Burroughs,3.72,Westerns,,m
19096,Guiding the Blue Flame (Guardian Series Book One),J.W.Baccaro,4.5,,English,m
19098,The Undiscovered Hanakuso,Ben Hundley,5.0,,English,m
19099,و لم نلتق بعد,عبد الله الزيود,3.79,,,m
19101,نهضة أمة,هشام مصطفى عبد العزيز,4.56,,Arabic,m
19102,Spiritual Food For Thought: : 31 Inspirational Quotes To Jump Start Your Day,La Tanyha Boyd,4.9,,English,m
19103,The Longest Winter,Julie Harris,4.25,Adventure,English,w
19105,Hate at First Sight,Diana Nixon,3.69,,English,w
19108,CRAPLET The Abbreviated Tales of S.R. Tooms,Stacy Macy,4.67,,English,m
19110,Clarobscur,Pavao Pavličić,4.09,Novels,Romanian,m
19112,Bridie and Finn,Harry Cauley,4.13,Historical Fiction,English,m
19115,Tagebücher 1982-2001,Fritz J. Raddatz,4.16,,German,m
19116,On the Death Beat,J.S. Bateman,4.08,Fiction,,m
19117,Amarantos-One That Never Withers,L. Sterling Requate,5.0,,English,m
19121,Barack Obama: A Detailed Response to Benghazi,Illumination Publishing,3.09,Politics,English,m
19122,"Bombay, City of Sandals",Shänne Sands,4.36,Travel,English,m
19126,The Revelation,Jennifer Raygoza,4.36,Paranormal,English,w
19128,Touch of Mist,Deepika Muthusamy,3.92,,English,w
19129,If You Fall...: It's a New Beginning,Karen Darke,4.06,Biography,English,w
19133,"Many Leaves, A Single Tree: Insights and Experiences in Poetic Form","Doug ""Hollywood"" Davis",5.0,,,m
19136,Project PL8,Daniel Thomas Murphy,4.43,,English,m
19137,محمد بن عبد الكريم الخطابي: من القبيلة إلى الوطن,محمد العربي المساري,3.61,,Arabic,m
19139,Cadet Beta (Terrran Saga) (Volume 1),Ian Foster Eggleston,4.6,,English,m
19143,L'indagine del detective Oneyed,Pablo Renzi,3.5,,Italian,m
19145,The Story of My Assassins,Tarun J. Tejpal,3.45,Fiction,English,m
19146,The Buddy System,Michael Middlechurch,3.5,,English,m
19147,Axing My Exes,Jerrica Zeron,4.59,,English,w
19149,افسانے: پہلی صف اور دوسری کہانیاں,Omer Ahmed Bangash,4.45,,Urdu,m
19150,Matrix Analysis,Rajendra Bhatia,3.85,Mathematics,English,m
19151,Tales of a Sevie,Sara Rose Salih,5.0,,English,w
19153,The Dancing Soul of Fire,Ben Anderson,4.17,,English,m
19156,Catbug: If I Had Some Hoverpants,Jason James Johnson,4.04,,English,m
19158,Baudelaire Poems,Tom Fill,4.4,,English,m
19159,Rio's World,Rayna Felicia,4.33,,English,w
19161,The Theft of the Black Diamond,Angela James,4.0,,English,w
19164,Quantum Demonology,Sheila Eggenberger,4.5,,English,w
19165,Postcards from a Rock and Roll Tour,Gordy Marshall,4.62,Music,English,m
19167,Cambridge IELTS 1 Academic,"Vanessa Jakeman, Clare McDowell",4.02,,English,w;w
19169,Âsım,Mehmet Akif Ersoy,4.5,,,m
19170,Diaries of a College Girl,Ava Kensington,3.5,,English,w
19171,Peacocks Among the Tamarind Trees,Merlaine Hemstraat,4.6,,English,m
19175,Mouthing the Words,Camilla Gibb,3.69,Fiction,English,w
19176,Sensuality,Renee Denise Austin,5.0,,English,w
19177,"Bullet Catch (Smoke & Dagger, #1)",Scott Jenkins,4.33,,English,m
19179,Discord: More than Beasts - Less than Gods,B27321,4.67,,English,m
19185,"Normal for Norfolk (The Thelonious T. Bear Chronicles, #1)","Mitzi Szereto , Teddy Tedaloo",3.83,Humor,English,w;m
19187,La Quinta Camera: The Fifth Room,Natsume Ono,3.79,Manga,English,m
19189,پاییز بهاری است که عاشق شده است,میلاد عرفان‌پور,3.75,,Persian,m
19193,2 Minutes,Janene Loucks,3.4,,,w
19194,Roots,Christopher G Falconer,5.0,,,m
19199,Thoughts of a Stripper: A Mother's Story,Opal Dockery,5.0,,,w
19201,244 Days: A Life,Partha Saha,4.32,,English,m
19203,A Little Irish Love Story,Amy Fleming,3.8,,English,w
19204,Equal of the Sun,Anita Amirrezvani,3.73,Historical Fiction,English,w
19205,طهران ... الضوء القاتم,امیرحسن چهل‌تن,2.87,Novels,Arabic,m
19208,Autumn's Child,Nicole Murray,4.16,,English,w
19209,آشيا,ياسمين ثابت,3.81,Novels,Arabic,m
19210,Why Your Flight Attendant Hates You,Morgan Carver Richards,3.18,Travel,English,m
19211,The Photographer's Eye: Composition and Design for Better Digital Photos,Michael Freeman,4.16,Design,,m
19216,The Friend Zone: Chloe and Skye,Tabetha Thompson,3.88,New Adult,English,m
19217,Success Isn't for Everyone: How to build a Successful Foundation for your life.,Daniel Willey,4.13,,,m
19223,The Scorpion's Tale,Gregory Denaro  (Co-Author),3.92,Mystery,English,m
19225,The True Natural,Tia C. Lynk,4.23,,English,w
19226,Beneath the Bamboo: A Vietnam War Story,Stan Taylor,4.22,War,English,m
19228,Sweet Dream Baby,Sterling Watson,3.67,Fiction,English,m
19231,Chasing Fireflies,Charles Martin,4.31,Fiction,English,m
19233,Unintended Consequences,John Ross,4.46,Fiction,English,m
19236,"1 Love, 2 Religions: A Romantic Dilemma",Madhuri Varma,3.81,,English,w
19237,TEAPOTS AND ATTICS: DON'T LET GO (Teapots and Atttics),Katie Louise Shattock,4.14,,English,w
19238,Mister Mann,Gerrard G. Gerrard,3.94,,English,m
19242,يسمعون حسيسها,أيمن العتوم,4.32,Novels,Arabic,m
19243,Mistress of France,Emma Boling,4.75,,English,w
19245,A Boy Back from Heaven,"Celeste Goodwin , Matthew Goodwin",4.16,,,w;m
19246,The Ambitious Madame Bonaparte,Ruth Hull Chatlien,3.84,Historical Fiction,English,w
19249,Krystal Steps: The Journey Begins,D. S. Kuchman,5.0,,English,m
19251,Autumn Trinity,Darren Knight,5.0,,,m
19253,The Syndrome: Inspired by a True Story (Book #1),Paul Rega,2.86,Fiction,English,m
19254,أصحاب الأخدود,رفاعي سرور,4.54,Religion,Arabic,m
19255,"108 Bhakti Kisses, The Ecstatic Poetry of a Modern Day Gopi",Sonya Ki Tomlinson,4.5,,,w
19256,The Pierce of Shadows,Tina F. Snyder,4.2,,,w
19257,A Lion's Pride,Alyssa Rae,4.35,,English,w
19263,"Hetalia: Axis Powers, Vol. 1",Hidekaz Himaruya,4.34,Manga,English,m
19267,R³,Jorge Enrique Ponce,3.69,,English,m
19271,After the Last Virus,Richard T. Stevens,4.0,,English,m
19274,Hannah,Paul-Loup Sulitzer,4.22,Fiction,,m
19278,Joel Whitburn's Top Pop Singles 1955-2010,Joel Whitburn,4.78,,English,m
19279,Family Tree the Novel: Family Tree,Andrea N. Carr,3.94,,English,w
19280,Living in the USA,Alison R. Lanier,3.54,,English,w
19281,The Human Race,Tahnee Fritz,4.16,Zombies,English,w
19284,The Smiling Country,Elmer Kelton,4.27,Westerns,English,m
19287,"Gute Nacht, Frau Holle",Marie H. Berger,4.63,,German,w
19288,Raising Kane,Heather Long,4.62,Paranormal,English,w
19290,Love vs. Lust,Holly Vane,4.42,,English,w
19292,Betty's Journal,Danielle Stewart,4.27,Romantic Suspense,English,w
19297,LOVE ISN'T FOR COWARDS: Just Let Love Be,Francis Otieno,4.17,,English,m
19298,"Madame Lilly, Voodoo Priestess",Dormaine G.,4.28,Historical Fiction,English,m
19299,Petting Farm Fun,Karen Jean Matsko Hood,4.51,,English,w
19300,The Unseen Terrorist,Oche Otorkpa,4.5,,,m
19301,Atlas of the Islamic conquests Part I,Ahmad Adil Kamal,3.96,,English,m
19304,Scarback: There Is So Much More to Fishing Than Catching Fish,Roger Corea,4.29,,English,m
19306,White Guilt,Hewitt E. Moore,3.94,Fiction,English,m
19310,The First Few frames,G.B. Davies,5.0,,English,m
19311,Graffiti Hack,Elen Ghulam,3.67,Humor,English,w
19312,"Polska... rivemo!: Sete bici, do veci, un cocal e una cornacia",Diego Manna,3.88,,Italian,m
19315,Wifeshopping: Stories,Steven Wingate,3.41,Short Stories,English,m
19317,Quail Farming: Markets and Marketing Strategies,Francis Otieno,5.0,,English,m
19323,Tunneling to the Center of the Earth: Stories,Kevin Wilson,4.1,Short Stories,English,m
19328,"Tall, Dark, and Deadly 3 Book Box Set",Lisa Renee Jones,4.1,Anthologies,English,w
19329,"Demolition Queen - Champagne, Murder & Chaos",Betsy Cook Speer,4.32,,English,w
19335,See Dick Run,Debra Lee,4.4,,English,w
19336,The Birthday King (Phoenix Fiction),Gabriel Fielding,3.71,,,m
19337,हिरवा चाफा,Vishnu Sakharam Khandekar,3.85,Marathi,Marathi,m
19339,Tshepang,"Lara Foot-Newton, Lara Foot-Newton",3.78,Plays,English,w;w
19341,The Black Hand Gang,David Edwards,3.19,,English,m
19342,Jack,Fox Chapman,4.57,,English,m
19343,A Magician's Visit,M. Laurie Cantil,4.57,,English,m
19347,L'Éducation d'une fée,Didier van Cauwelaert,3.69,France,French,m
19348,That Ever Died So Young,Judy Kelly,4.7,,English,w
19356,22 Britannia Road,Amanda Hodgkinson,3.63,Historical Fiction,English,w
19365,Sunni: The Life and Love of King Tutankhamun's Wife,Julianna Boyer,3.92,Historical Fiction,,w
19366,Rabbletown: Life in These United Christian States of Holy America,Randy Attwood,3.65,Fiction,,m
19368,The Rose Knight,Anaiya Sophia,3.88,,,m
19370,Abba's Lament,Tina Webb,4.0,,English,w
19372,And the Music Plays On,Eve M. Cooper,4.5,,English,w
19375,"Best in Hollywood: The Good, the Bad, and the Beautiful",James Best,4.41,,English,m
19377,Outside the Catholic Church There Is Absolutely No Salvation,Peter Dimond,4.56,,English,m
19378,Warrior Wolf: They Walk Among Us,D.J. Livingston,4.81,,English,m
19379,Princess Lizzie and the Missing Magic Ball,Dr. Van,4.8,,English,m
19380,His First Lady,Kym Davis Boyles,4.14,,,w
19381,Love's Bitter Splendor,Sylvester Murray,4.1,,English,m
19382,Goat Mountain,David Vann,3.29,Fiction,English,m
19383,The Fear of Knowing,Tisha Starr,4.58,,English,w
19385,Standing at the Scratch Line,Guy Johnson,4.51,Historical Fiction,English,m
19386,Beyond the Mask,Mark Phillips,4.0,,English,m
19388,WISDOM To SUCCESS: The Surefire Secrets To Accomplish All Your Dreams (DARE TO DREAM),"Elizabeth Novak (Illustrator), Debbi Dachinger",5.0,,English,w;w
19391,Finding Sagrado,Roger E Carrier,4.72,,,m
19394,Two Witnesses,Madison G. Blackwell,4.0,,English,m
19399,Kiai Nyentrik Membela Pemerintah,Abdurrahman Wahid,4.09,,Indonesian,m
19401,The Knight of the Dixie Wilds,K. Meador,5.0,,,m
19403,The Book of Jerusha: Rising,Scott A. McKenzie,4.5,,English,m
19405,Tell Me of Brave Women,Laura Riley,4.0,Fiction,,w
19408,A Little Boy in Search of God: Mysticism in a Personal Light,Isaac Bashevis Singer,4.1,Judaism,English,m
19410,A Catcher's Companion: The World of Holden Caulfield,Sean McDaniel,4.0,,English,m
19411,Royal Family,Keamy May Loken,4.33,,English,m
19415,The App of Time Travel: Series 1 of 5,Joey Wargachuk,4.08,,,m
19416,Devil's Edge,B.K. Crawford,4.45,,,m
19417,Karuvachi Kaaviyam,Vairamuthu,4.07,Fiction,Tamil,m
19418,A New World: Untold Stories,John O'Brien,4.24,Zombies,English,m
19419,Searching for Amber,David Smith,4.4,,English,m
19423,Thrown Away: the Walking Papers,Eufrain McPoonin,5.0,,English,m
19424,The Hungry Wolves of Van Diemen's Land,Paul Christensen,3.87,Fiction,English,m
19432,Für immer Casablanca,Michael Walsh,4.33,,German,m
19435,The Cleaning Agency,Ayn Bootham,3.36,,English,w
19436,Esperando A Godot - Fin De Partida - Acto Sin Palabras,Samuel Beckett,3.68,,,m
19440,القضاء والقدر,محمد متولي الشعراوي,4.02,Religion,Arabic,m
19441,The Good Daughters,Joyce Maynard,3.58,Fiction,English,w
19442,I'm Not Over You!,Dex Webb,4.5,,English,m
19444,Sounds of Silence,Phillip Tomasso III,4.25,Middle Grade,English,m
19447,Because of Twilight,Adele Bradford,3.47,,English,w
19449,Predator - Horn OK Please,Kartik Iyengar,3.86,,English,m
19451,De super dikke meester Jaap: alle verhalen over meester Jaap,Jacques Vriens,4.16,,Dutch,m
19453,Always by Your Side: True stories from the life of a psychic medium,Gaynor Carrillo,4.29,,English,m
19454,لغات الحب,كريم الشاذلي,3.81,Relationships,Arabic,m
19455,LIVING LA VIDA SPANGLISH,Maria E. Pinto,5.0,,English,w
19456,شرح ثلاثة الأصول,محمد بن صالح العثيمين,4.49,Islam,Arabic,m
19458,The Monsterjunkies: Sanctuary,"Erik Daniel Shein , Theresa A. Gates",4.29,,English,m;w
19459,Luke Coles And The Flower of Chiloe,Josh Walker,4.51,,English,m
19460,Mystery at Shadow Lake,B.L. Hoffman,3.75,Mystery,English,m
19461,JESUS & THE UNABOMBER,Eric Anderson,4.67,,English,m
19465,Princess Peter,Petra Ginger,4.0,,English,w
19466,Grave is the Day,Michael Drakich,4.7,,English,m
19472,Water and Life,Kaltoum Belhassan,4.25,,,m
19475,The Night's Night,D.B. Tarpley  (Editor),3.6,,English,m
19476,Himalayan Dhaba,Craig Joseph Danner,3.11,Fiction,English,m
19479,Kronik Peristiwa Madiun PKI 1948,Suratmin,3.57,,Indonesian,m
19480,Revolutionary,Alex Myers,3.7,Historical Fiction,English,m
19481,Nathaniel Myer,Margaret Sisu,3.87,,English,w
19483,சோளகர் தொட்டி,S. Balamurugan,4.41,Fiction,Tamil,m
19484,Emotions Unplugged,Vishal Anand,3.99,,English,m
19485,The Gold Miner's Daughter,Jessica Cox,5.0,,English,w
19486,Love When You Say Love,Odilia Rivera-Santos,4.33,,English,w
19491,Set-Up the Story of Trinity,Desiree Cochran,5.0,,,w
19492,Sweet Temptation (Divine Temptations #1),Lolo Mayaya,4.4,,Spanish,m
19494,الطوَّاب الأكبر,عبد السلام إبراهيم,4.59,,Arabic,m
19495,Button,Joyce Mitchell,4.59,,English,w
19497,The Dude Who Did Dictionaries,Josh Mitchell,3.13,,,m
19498,Lily and the Ghost of Michael Thorne,N.P. Haley,3.8,,English,m
19499,The Divine: Divinity Stone Book Two,Desiree DeOrto,4.73,,English,w
19500,The Dark Romance,Ankit Gusain,4.25,,English,m
19501,كراكاتو,مهرة بنت أحمد,4.15,Novels,Arabic,m
19502,Howppiness: Happiness and How to Be Happier,Jaume Batlle i Perales,4.67,,,m
19503,STRUGGS,Brad Hecht,4.5,,English,m
19505,The Complete Guide in eBook Kindle Business: How to Start a Home Based eBook Kindle Business to Earn Extra Money and a Passive Income,Sheryl Blume,4.07,,English,w
19510,To The Sargasso Sea,William McPherson,3.54,Fiction,English,m
19511,Bird,Tami Egonu,3.98,Historical Fiction,English,w
19512,The Twelve Cataclysms: Book I - Protasis,Rob Queen,4.71,,English,m
19513,My Year in Oman: An American Experience in Arabia During the War on Terror,Matthew D. Heines,3.45,,English,m
19522,Forever Night,A.M. Willard,4.33,,English,m
19529,Little Nemo,Winsor McCay,4.5,Comics,Italian,m
19531,"Sleepeth Not, the Bastard",Dave Matthes,4.61,,English,m
19533,Earth Sentinels: The Storm Creators,Elizabeth M. Herrera,4.26,,English,w
19534,Journey To Healing and Wholeness,Paul Halbeck,4.17,,,m
19536,Normans område,Jan Kjærstad,3.65,Fiction,Norwegian,m
19537,Fourteen Million To One,Jason Nightingale,4.5,,English,m
19538,The Rising Tide,Nathan Preedy,0.0,,English,m
19540,Immaculate: The Second Coming Of The Christ,Jeff Fuell,4.17,,English,m
19544,In the State I'm In,Michael Angliss,5.0,,English,m
19553,Hadi,Saleh M. Radaideh,4.33,,English,m
19555,In Your Dreams,John Swan,4.44,,English,m
19559,Shift!,Bill C. Castengera,4.0,,,m
19562,The Proverbs 31 Lady: Unveiling Her Secrets Before Saying I Do,Mary Maina,4.5,,English,m
19564,"The Sea of Skeleton Voices (Poetry, #7)",Vanessa M Chattman,0.0,,English,w
19565,In Bad Spirits,Chris Marie Green,3.95,Paranormal,English,m
19566,God Signs & Dad Stories,Paula Marie Pettis,5.0,,,w
19568,God is in the Little Things Messages from the Golden Angels,Patricia Brooks,4.7,,English,w
19571,"The Blue Moon (The Arasha Circle, #1)","Kathrine Kross , Anne Haniah",5.0,,English,w;w
19574,The Naked Storyteller,Laura Michelle Thomas,4.04,,English,w
19579,Great Pleasures,Edward Southgate,3.6,M M Romance,English,m
19580,There once was a Little England: A Story about Man's Obsession with 'Colour and Class',Enrico Downer,4.0,,English,m
19581,Desires of the Soul,NOT A BOOK,4.0,Paranormal,English,m
19583,Meditation as a Way of Life: Philosophy and Practice,Alan L. Pritz,4.06,,,m
19588,Slow Walk in a Sad Rain: The Catch-22 of Vietnam-An American Classic,John P. McAfee,4.35,War,English,m
19592,Aftermath of an Addiction,Sandra Shrewsbury,4.76,,English,w
19593,Inahpozishun Tulogeck,Larry Mitchell,5.0,,English,m
19596,A Deeper Cut,Sheri Wren Haymore,4.0,Fiction,English,w
19598,Issuance of Insanity,Jamie Lewis,4.52,,,m
19599,"Revenge of the Dragon (The Midnight Sun Trilogy, #1)",Rania Badawy,5.0,,English,w
19601,In Sickness and in Health,Krissy V.,4.54,,English,w
19602,overcoming white privilege: as written by a black man,a.d. Barnes,5.0,,English,m
19603,The Tattooed Wolf,K. Bannerman,4.48,Fiction,English,m
19606,The Escort,Curtis Kinnett,4.5,,English,m
19607,Why I Don't Want To Write This Book,"Asia Lewis, Josephine Hasan-Kerr",0.0,,English,w;w
19609,Sussex Tales,Jan Edwards,4.29,,English,m
19621,The Secrets of Midwives,Sally Hepworth,3.81,Fiction,English,w
19622,The Trade Off,"Louise Maniscalco, Susan Rudin",3.81,Chick Lit,,w;w
19623,Mute: Poems That Saved My Life!: Poems by Vidya Gargote During Her Journey Battling with Depression,Vidya Gargote,5.0,,,m
19625,قطز,Monther Alkabbani,4.18,Novels,Arabic,m
19627,Mikauula,Michele Scalini,0.0,,Italian,w
19628,The Mark of Man,Owen H. Lewis,4.33,Dystopia,English,m
19632,The Lorien Legacies Books 2-5,Pittacus Lore,4.62,,English,m
19634,How To Start a Business From Home,Perry Belcher,5.0,,English,m
19637,"Hunters of Satan's Monsters (Legend of the Rolling Calf, #1)",Horace S. Mallette,5.0,,English,m
19641,Dedicated to Love,Nicole Dannielle,5.0,,English,w
19644,La Fiancée américaine,Éric Dupont,3.97,Fiction,French,m
19648,The Whip,Karen Kondazian,3.91,Historical Fiction,English,w
19651,Sinnabar,Richard Wolkomir,4.16,Dystopia,English,m
19652,Eternity Awaits,E.V. Emmons,3.9,,English,m
19653,The Dancing Years,Cynthia Harrod-Eagles,4.36,Historical Fiction,English,w
19654,Sekreti i sundimit të botës,Përktheu: Fatos Aliu,3.0,,,m
19656,Odes,Michael Arthur Bucko,4.68,,English,m
19659,Once Upon an End Time,Richard Dieckhoff,4.33,,,m
19660,The Angel Who Fell From the Sky,Matthew Brough,5.0,,English,m
19662,Internal Conflict,E.A. Stripling,4.33,,English,m
19663,Deception vol.1 (Turbulent Desire Series),Ericka Santana,4.07,,English,w
19664,"Christmas Eve, Eve!: How Katie found the best present of all, The Present Moment (Motivational Stories for Children Collection Book 2)",Sarah Lawrence,5.0,,English,w
19665,The Back of the Turtle,Thomas King,4.08,Fiction,English,m
19667,Eleanor Rigby,Douglas Coupland,3.65,Fiction,English,m
19668,مرآة فريدة,رهام راضي,3.42,Novels,Arabic,m
19674,Negeri Kabut,Seno Gumira Ajidarma,3.72,Indonesian Literature,Indonesian,m
19678,Daniel's Diary,Rajeshwari Chauhan,4.1,,English,w
19679,A Lion in Your Number,Kevin Klix,3.46,,English,m
19680,Confessions of a Bronx Bookie,Billy O'Connor,4.37,,English,m
19684,Audiencia con el diablo,Víctor Hugo Morales,4.05,,Spanish,m
19685,No Ordinary Days,Susan Sygall,4.18,,English,w
19687,The Pumpkin Eater,Steven W. Horn,3.76,Mystery,English,m
19690,السنوات الرهيبة,جنكيز ضاغجي,3.95,Novels,Arabic,m
19695,Easy Guide to Baby Sign Language,J.R. Cagle,3.45,Parenting,English,m
19696,"Perfect Madness: Escaping The Confines Of Conformity, Making The Impossible Possible And Redefining The Road To Success In Your Life!",Alastair Macartney,4.28,,English,m
19698,Babylon Rising (updated and expanded): And The First Shall Be Last,Rob Skiba,4.26,Religion,English,m
19700,Dog Water Free,Michael Jay,4.6,,English,m
19704,Weapon of Choice,Aaron D'Este,4.67,,English,m
19707,How to do things,Dean Moriarty,4.0,,English,m
19708,Soul'tweets',Suman Arora,5.0,,English,m
19709,"Secretele vârstelor de aur (Tineri, activi şi fericiţi de la 20 la 90 de ani)",Pavel Coruț,4.06,Self Help,Romanian,m
19710,Slow Down,Lee Matthew Goldberg,4.74,Mystery,,m
19711,Take a Closer Look: A Spiritual Journey Into the Soul,Harel R. Lawrence,4.5,,English,m
19712,Scarlet Beginnings,Jinni James,4.88,,,m
19715,Amani's River,David Hartness,4.27,Historical Fiction,English,m
19716,Song to the Moon,Laura Giebfried,4.26,,English,w
19719,Lizzie's War,Tim Farrington,3.82,Fiction,English,m
19720,Taylor Swift for Ukulele,Taylor Swift (Contributor),4.61,,English,m
19723,YOUR HUSBAND MY MAN 4,K.C. Blaze,4.48,,English,m
19724,Persephone in Hell,C.F. Joyce,5.0,,English,m
19726,Without A Doubt,B.F. Harrolle,3.8,,English,m
19732,Tenacity: A Memoir,Jonathan Lessin,4.5,,English,m
19733,As God As My Witness...I'll Never Thirst Again,Lisa M. Echols,5.0,,English,w
19738,Broken By Truth,"Jeri Fink , Donna Paltrowitz",3.62,,English,w;w
19739,Georgia Pine,Jacqueline Cioffa,4.27,,English,w
19744,Hikayat 1001 Malam Jilid 1 dari 4,Anonymous .,4.08,,Indonesian,m
19748,Angel of Everything,Catherine D'Avis,4.75,,English,w
19762,Hives in the City: Keeping Honey Bees Alive in an Urban World,Alison Gillespie,4.38,Animals,English,w
19767,Gone with the Windsors,Laurie Graham,3.73,Historical Fiction,English,w
19769,Asleep with One Eye Open,Dale S. Ailes,4.0,Abuse,English,m
19770,The Pact (book 1),Robert Patrick Lewis,3.31,,English,m
19773,Alone... You're Not,serenity finlay,4.43,,,m
19774,Special Run,Lena Jo McCoy,4.64,,English,w
19776,THE YEAR OF THE FROG,Juls Amor,4.11,,English,m
19777,A Decent Woman,Eleanor Parker Sapia,4.36,Historical Fiction,English,w
19780,Candles of Rejuvenescence,Shizette Parker,3.67,,English,m
19783,With You,Manoj Kumar Duppala,4.5,,English,m
19784,Enlightenment,Kim Cormack,4.81,,,m
19785,Jukebox: a stylish London crime novel,Saira Viola,4.39,Crime,English,m
19786,The Pacific Depths,Gary Paul Stephenson,4.07,,English,m
19787,"""The Mmmmmhh Thing""",K. Harvey,4.67,,English,m
19788,Deadly Alchemy,Julie Morgan,4.13,Steampunk,English,w
19792,Your Love Was All I Had!,Kaushal Jha,4.26,,English,w
19795,Cosby's Love Child: The Untold Story of Autumn Jackson the Alleged Daughter of Entertainer Bill Cosby,Jewel Star,4.4,,English,m
19796,"Burning Entrepreneur: How to Launch, Fund, and Set Your Startup on Fire",Brad Feld,3.78,Business,English,m
19803,The Tiger Strikes,Seeley James,4.75,,English,m
19804,"Dark Confessions of an Extraordinary, Ordinary Woman",Jenn Sadai,4.44,Fiction,English,w
19805,Way to Go,Alan Spence,4.21,Fiction,English,m
19808,The Dark Elf,Travis Stinnett,4.67,,English,m
19809,Ludivine,Élisabeth Barbier,3.84,,French,m
19810,The Seventh Thunder,Larry Brooks,3.4,,,m
19812,The Story Is the Thing,Amy Hale Auker,4.61,,English,w
19813,"Whose Apple is it, Anyway! Empowering Purpose to Achieve Your God-Ordained Destiny",Linda F. Williams,5.0,,English,w
19817,وا إسلاماه,علي أحمد باكثير,3.76,Novels,Arabic,m
19820,South of Reality,A.I. Alexen,4.6,,English,m
19823,Mark and Brenden: The Trip,Damien Wynn,3.33,,English,m
19824,Stupide stelle,Andrea Giachè,3.38,,Italian,w
19832,Cursed Fate,T.H. Snyder,4.42,Contemporary Romance,English,m
19838,Painted Cities,Alexai Galaviz-Budziszewski,3.83,Short Stories,,m
19839,The Billionaire Rancher's Bargain for A Bride,J.J. Fox,4.43,,English,m
19840,Landen,Laia Fàbregas,3.33,Fiction,Dutch,w
19843,Quest for the Virgins,David Beaupre,4.1,Adventure,English,m
19844,Swami Vivekananda Jivan Charitra,Swami Vivekananda,4.0,,Gujarati,m
19845,Saving Mercy,Nicole Tillman,4.05,Paranormal,English,w
19847,Resolving Dalton Jones,Albert Bryce Hanner,4.5,,English,m
19850,Super Woman,Mardiana Mat Ishak,4.25,,Malay,m
19851,The Little Sentinel Of The Sierra Nevada,Paul Williams,4.16,Historical Fiction,English,m
19852,Cries of a Teenage Boy,Derek Alexander,5.0,,English,m
19855,The Mind of Stalin: A Psychoanalytic Study,Daniel Rancour-Laferriere,4.0,,,m
19856,Solar Arc Directions,Carole Devine,4.63,Astrology,English,w
19859,Roommate of Fire,Aiden Bates,3.33,M M Romance,English,m
19860,"Amor, Sexo y Dharma",Arthur Jeon,4.13,,Spanish,m
19862,Paradigm Shift: How proper organization and preparation are the back-bones of any trading success (Trading Easyread Series Book 1),Yvan Byeajee,4.3,,English,m
19865,"Cocaine Ain't for Me, but I Love the Smell (Bitch, You Don't Know My Life Book 1)",Justone Malone,4.75,,English,m
19866,Adventures of the Great Marlo & The Blue Pearl,Gary Markwick,4.8,,English,m
19870,The Queen of the South in Matthew 12:42,Soleilmavis Liu,4.33,,,m
19874,Born to Die in My Place: A Story of Unconditional Love,Diana Rowe,4.67,,English,w
19875,Tamako Sia 2,BlackLily,4.26,,Filipino; Pilipino,m
19880,The Unreals,Donald Jeffries,3.79,,English,m
19882,Septentrion,Louis Calaferte,4.0,French Literature,French,m
19885,Determinational,Monique Koll,4.67,,English,w
19886,Sins Sity Stories,Eva Golds,4.71,,English,w
19887,Hooligans,Chaz Fenwick,3.94,,English,m
19892,Little Girl Lost,Anonymous,3.83,,English,m
19894,Desire of the Moth,Champa Bilwakesh,4.65,,English,m
19895,The Auric Insignia (The Aurelian Epics Book 1),Perry Horste,4.13,,English,m
19896,The Monster Exorcist,M.C Queen,5.0,,,m
19899,Rocky Finds A Family (The Adventures of Rocky Book 1),Sue Phelps,2.0,,English,w
19901,In the Shadow of Monsters,Fanny Lee Savage,4.58,,English,w
19904,The Power Of Now: Practice It And Attain Enlightenment,Megan Coulter,4.0,,,w
19905,The Voice of Jamaica,Saccheen Laing,5.0,,English,m
19906,The Rage Plague,Bobbie Owen-Simonson,4.0,,English,m
19907,Globalocity: The Adventures of Raymond,D.C. Leberknight,5.0,,English,m
19909,Jardim de Haijin,Alice Ruiz,3.6,,,w
19910,The Malevolent Twin,Mary Sage Nguyen,3.57,,English,m
19912,STORY OF AN INDIAN WOMAN,Anantaroopa (Editor),0.0,,English,m
19920,The Art Sleuth,Mary Anne Pennington,3.8,,English,m
19924,"Louise Erdrich: Tracks, The Last Report on the Miracles at Little No Horse, The Plague of Doves",Louise Erdrich,4.23,Fiction,English,w
19925,Hot Flashes & Cold Lemonade,Susan Flett Swiderski,4.12,Fiction,English,w
19927,He Mele A Hilo (A Hilo Song),Ryka Aoki,4.4,Fiction,English,m
19931,Bloodlust: Will to Power,C.P.D. Harris,4.38,,,m
19932,My Father's Son,Andy Symonds,4.43,,English,m
19933,Beyond Tweeting: Build Influence on Twitter,David V. Kimball,3.0,,English,m
19934,Espejismos,Issa Makhlouf,5.0,,Spanish,m
19937,The Winter Sword,Alaric Longward,4.37,Historical Fiction,English,m
19941,Keep the Faith Vol.1 on Education,Kevin Swanson,4.53,Education,,m
19942,El hombre que gritó la tierra es plana,Roberto de Paz,4.23,,Spanish,m
19943,The Devil Within,Lauren Greene,4.19,,English,m
19944,The Unsung Hero,Melur Jelita,4.4,Novels,Malay,m
19948,Annie and the Senator (Annie Chan Thrillers #1),Robert W. McGee,4.06,,English,m
19956,"We Should Hang Out Sometime: Embarrassingly, a True Story -- Free Preview Edition",Josh Sundquist,4.34,,English,m
19958,Freaks I've Met,Donald Jans,4.35,Humor,English,m
19959,The Ship,C.S. Forester,4.03,Historical Fiction,English,m
19960,Kisah Dua Beradik: Ibrim & Towa - Ular Gergasi Tasik Raga,Amiene Rev,4.31,,Malay,m
19961,Money and Happiness (the Scientific Way): Scientifically Proven Ways to Be Happy and Highly Effective Life Hacks for Financial Independence,L.V. George,4.43,Money,English,m
19962,Three by Three (Balance of Beings #1),LaVina Finnegan,3.29,,English,m
19964,Dirty Love in a Doomsday Shelter,Spunky Buttons,5.0,,English,m
19966,The Living Sutras of the Hierarchy,Serge Benhayon,4.66,,English,m
19969,We Were Three,Himanshu Arora,3.74,Mystery,English,m
19971,The Mysteries of Pittsburgh,Michael Chabon,3.64,Fiction,English,m
19973,Singing Lizards,Evadeen Brickwood,4.22,,English,m
19979,What is Reincarnation?,Abdul-Jabbar Khan,3.0,,English,m
19982,Jurnal (1938-1945). Povestea unei fete care a supravieţuit Holocaustului,Helga Weissová,4.38,,Romanian,w
19983,Urban Romance: Breaking the Cycle,Ashton G. Mendez,4.08,,English,m
19985,Trilogie : Hemel en hel ~ Het verdriet van de engelen ~ Het hart van de mens,Jón Kalman Stefánsson,4.46,Roman,Dutch,m
19990,Portret van een jongeman,J.M. Coetzee,3.79,Fiction,Dutch,m
19991,Love After Pain,Torrie Robles,4.1,Fiction,English,m
19994,Jess and the River Kids,Judith O'Neill,3.45,,English,w
19996,Every Sunday Is Father's Day,Anthony Valera,4.4,Fiction,English,m
19997,American Icarus: A Memoir of Father and Country,Pythia Peay,5.0,,English,m
19999,18 Cheap Gluten-Free Dessert Recipes (Cheap Gluten-Free Recipes Book 2),Michael Zhang,3.0,,English,m
20001,Beast Blood,M.A. Levi,4.72,,English,m
20004,Clean Eating Diet: Eat. Nourish. Glow: Amazingly 57 Delicious Recipes to Jump Start Your Weight Loss (Free nutrition recipes)(Natural food recipes)(Special Diet Cookbooks&Vegetarian Recipes),Doctor Tim,2.63,,English,m
20005,ইনসমনিয়া,Madina Jahan Rimi,3.75,,Bengali,w
20006,The Vacancy,Cael Percy,4.21,,English,m
20007,Her Hometown Redemption,Rachel Brimble,4.21,Harlequin,,w
20009,"Senran Kagura: Skirting Shadows, Vol. 1",Kenichirou Takaki,3.25,Manga,English,m
20011,His Heart Her Soul: Soul Series 1,Kahla McDonald,5.0,,English,m
20012,Kaja Star: No Place Like Home,Aaron Rocheleau,3.86,,,m
20014,Spin the Love,Lisa Terry,4.06,,English,w
20015,Gift of Sight,Chartel Amos,5.0,,English,m
20016,Saint Vampire,S.H. Bown,4.7,,English,m
20017,Beneath the Lake,Casi McLean,4.27,Time Travel,English,m
20020,The House of Worth,G. Calloway,5.0,,,m
20025,"The Darkness of Peoh (The Peoh Trilogy, #1)",Aileen Morris,5.0,,English,w
20026,It Happened on Munger Street: A Spiritual Journey Into Awakening,Victoria Hartland,4.67,,,w
20028,Confident,Alice Lamont,5.0,,English,w
20029,How and Why God Evolved: An Alternative Perspective,Babar Shah Khan,5.0,,English,m
20030,Makeover Games,B. Sting,5.0,,English,m
20031,Midnight Hour Collection,Russell Simpson,3.5,,English,m
20032,Never Satisfied,Infinity Xox,4.0,,English,m
20034,"Touched by Fire, Part I",Marco Berrios,5.0,,English,m
20038,Postmarked Baltimore,Jeff LeJeune,4.63,,English,m
20042,Till Tomorrow,Patrick Manzai,3.84,,English,m
20044,Excess of Being,Lera Auerbach,4.67,,English,w
20047,HIDDEN MICKEY: Sometimes Dead Men DO Tell Tales!,"Nancy Temple Rodrigue, David W. Smith",4.05,Mystery,English,w;m
20048,Dino Hunt,Max Davine,4.08,,English,m
20049,F.I.G.H.T.: Family Inspires Great Hope Together: How We Fight,Joe Bagnato,4.93,,English,m
20050,Nine Brutal Years,Leesia Champion,4.25,,English,m
20055,Suave Man Blues,T.D. Mulhern,3.88,,English,m
20058,From Victim To Victory Book Series: Level 1: Core Principles,Sascha Gorokhoff,5.0,,English,m
20060,Stony Kill,Marie White Small,3.9,,English,w
20062,Building Mount Everest,Zoe Mason King,4.4,Historical Fiction,English,w
20063,Advent Journeys,"David Simon , Sarah Simon",4.83,,,m;w
20065,Brothers Forever,Patrick Winsor,2.88,M M Romance,English,m
20071,"Eyes Open, Hearts Closed, and Minds Muttled",R.R. Brown,5.0,,English,m
20072,The Witch's Disease,Layla AlJailani (Editor),4.6,,English,w
20073,"Deserted (Deserted, #1)",L.M. McCleary,4.5,,English,m
20075,Hidden Husband,Shikha Kaul,3.68,,English,w
20078,Symbol of Treason,Natalya Orekhov,4.13,Suspense,English,w
20079,Afta-U,Jennifer-Lynn Keniston,4.63,Suspense,,m
20080,In the Beginning,Chaim Potok,4.08,Fiction,English,m
20083,Calls Across the Pacific,Zoë S. Roy,4.22,China,English,w
20084,The God Players,Phil Valentine,4.63,,,m
20090,Die Messiasin: Ein Berlin-Roman,Max Kenner,5.0,,,m
20091,The Secrets of Existence and Fulfilment,D.U. Sivri,5.0,,English,m
20093,Kitchens of the Great Midwest,J. Ryan Stradal,3.79,Fiction,English,m
20094,Key of the Phantasm,Stacey T. Hunt,4.75,,English,m
20095,No Place to Run: The shocking sequel to No Way Out! By Jane McNulty and Olivia Hauvuy,"Jane McNulty, Olivia Hauvuy",5.0,,English,w;w
20096,How to get the best out of Life Book: Read this short Book and your life will never be the same,Ayan,4.0,,English,m
20097,"Three Kings (God of War, #1)",Jenovva Baeli,4.0,,English,m
20105,Muammar El-Qaddafi,Benjamin Kyle,4.0,,English,m
20106,"Sam, ispod šljive",Lazar Janic,4.5,,Serbian,m
20107,The Magefire,Alexander Baliol,3.75,,,m
20110,Lucia - Mein liebster Wahnsinn,Terence Horn,4.67,,German,m
20112,Shannon's Land,D.B. Woodling,4.64,,English,m
20113,A Sister's Promise,Renita D'Silva,4.15,Fiction,English,w
20118,Vanished: The Mysterious Disappearance of Mustafa Ouda,Ahmed Masoud,3.98,Fiction,English,m
20119,Clouds Don't Pass,Abhishek Krishnan,3.57,,English,m
20121,"The Keramion, Lost and Found: A Journey to the Face of God",Philip E. Dayvault,4.33,,,m
20122,"Ararat (Ararat, #1)",Lajos Zilahy,4.57,,Serbian,m
20123,Step In To the Light,Holly Blackstone,4.35,,English,w
20124,"Replace Your Missing Teeth! Kiss, Smile, Eat and Feel Great!",Garry Bonsall,5.0,,English,m
20125,Godforsaken,Tarryl Janik,3.5,,English,m
20127,"The Mustard Seed, a Novel by Peter Szondy",Peter Szondy,4.67,,English,m
20131,Lunaraha!,Andreas Schlüter,3.45,,Estonian,m
20132,Daybreak: Flatline,Elle Arcie,4.29,,,w
20138,Saving Wild: Inspiration from 50 Leading Conservationists,Lori Robinson,3.91,Environment,English,w
20140,Before Colin: A Downright Delinquents Bonus Book,Lauren Jackson,4.4,,English,m
20141,A Dangerous Encounter,"Liliya Akhmadeeva , Elena Sinitcyna",4.5,,English,w;w
20143,ყოველმან ჩემმან მპოვნელმან,Otar Chiladze,4.74,Georgian,Georgian,m
20144,"Ronel & The Best Gift Ever!: The story of a boy's love for Animals, Nature, Art, and his Friends",Ronel Pierre,4.63,,English,m
20145,Ketki ni kalame: Gujarati Edition,Zeel Shah  (Editor),3.4,,English,m
20149,Ofiara Polikseny,Marta Guzowska,2.82,Crime,Polish,w
20151,Child Witch Kinshasa,Mike Orms,4.31,Fiction,English,m
20155,CAP Series 1 A Birdy Adventure,Hemdiva Dev,3.86,,English,m
20162,যে প্রহরে নেই আমি,Rashat Rahman,3.72,,Bengali,m
20163,Silly of Me: May The Best Woman Win,Tiffany Forbes,4.27,,English,w
20164,Commissioning,Alyson Santos,4.62,Historical Fiction,English,w
20166,The Painted Ocean,Gabriel Packard,3.03,Fiction,English,m
20170,Alive for Now,Bob Howard,4.23,Zombies,English,m
20174,Fire in the Treetops: Celebrating Twenty-Five Years of Haiku North America,Michael Dylan Welch  (Editor),4.33,,English,m
20179,Path to Peace: A Guide to Managing Life After Losing a Loved One,Angie Ransome-Jones,4.71,,English,w
20189,Barracuda,Christos Tsiolkas,3.67,Fiction,English,m
20191,Forty-Four Box Set Books 6-10,Jools Sinclair,4.38,,English,m
20192,Trouble in Trondheim: Bikers and Gangsters,Mats Vederhus,4.0,,English,m
20193,The Peshwa: The Lion and the Stallion,Ram Sivasankaran,4.01,Historical Fiction,English,m
20194,A Shadow Named Envy: Guardians,Kyle Stumpp,4.67,,,m
20197,Superhero Healthy Henry Discovers Planet Earth,Angela B. Lamb,4.25,,,w
20199,Chike the Invincible,Ogo Okoye-Johnson,5.0,,English,m
20201,Skywater,Melinda Worth Popham,4.06,Fiction,English,w
20203,Multilingual Digital Marketing: Become the Market Leader,Maria Johnsen,5.0,,English,w
20204,Theo and a Horse Named Rocket,W.H. Raymond,4.67,,,m
20206,Soldados de Salamina,Javier Cercas,3.82,Fiction,Spanish,m
20207,The Magic of Saida,M.G. Vassanji,3.42,Fiction,English,m
20210,Power of the Hidden Realm,Vijaylaxmi Thakur,4.5,,,m
20211,Sonsuzluğa Nokta,Hasan Ali Toptaş,4.17,Turkish Literature,Turkish,m
20213,THE COALFIELD EXPRESS,Susmit Sarkar,4.86,,English,m
20215,The Forest King's Daughter,Kendra Olson,4.6,,English,w
20218,Book of Immortals Series: Volume 1-3,Kassandra Lynn,4.17,,English,w
20219,Paper Kisses,R.M. Grace,4.0,M M Romance,,m
20222,Impending Earth,J.R. Clark,3.92,,English,m
20223,Promise Kept,L.R.Lee,0.0,,English,m
20224,The Count of Monte Cristo (Bring the Classics to Life: Level 5),"Rob C. Richards (Adapter), Alexandre Dumas",4.25,,English,m;m
20227,مفاكهة الخلان فى رحلة اليابان,يوسف القعيد,2.89,,Arabic,m
20229,Terrifying Freedom,Linda Anne Smith,4.41,,,w
20233,Passage of Destiny,Deborah L. Pearson,4.67,,English,w
20234,تيسير الكريم الرحمن في تفسير كلام المنان,عبد الرحمن بن ناصر السعدي,4.57,Religion,Arabic,m
20239,Teen Roach,La Tisha Honor,5.0,,English,m
20242,Into the Current,Jared Young,3.82,,English,m
20245,Abandoned: A Collection of Great Stories,Guy de Maupassant,3.32,Short Stories,English,m
20250,Dak Munsi: A Celebrated Story in English Translation by Chinmay Hota,Fakir Mohan Senapati,4.65,,English,m
20255,Morbid: Krankhaft,Inhonorus,0.0,,German,m
20256,Το ταξίδι μου,Γιάννης Ψυχάρης,3.74,Fiction,,m
20257,Seeing Christ in the Old Testament Genesis,Lyle Hutchins,5.0,,English,m
20258,En cien años todos muertos: Guía para emprender o morir... sin haberlo hecho,Joan Boluda,4.41,Business,Spanish,w
20259,The Detour (The rift series Book 1),Kay Dee,5.0,,English,m
20260,"the Struggle for The Holy Land: Arabs, Jews and The Emergence of Israel",William Hare,4.24,,English,m
20261,The Hero Within: Yes You Are Amazing!,Shivank Srivastava,5.0,,English,m
20264,The Ugly,Alexander Boldizar,3.74,Fiction,English,m
20268,Meditations on the line of harmony,Frances E. Steinberg,5.0,,English,w
20269,Church Corp.,Amazon Digital Services Inc.,3.8,,English,m
20270,Le Caprice des dieux,Tina Noiret,3.5,,English,w
20272,La senda del arquero: (Libro I),R M. André,3.64,,English,m
20274,Una hoja en la tormenta,Lin Yutang,4.1,China,Spanish,w
20276,Dream Girls Box Set,Carrie Thomas,5.0,,English,w
20278,This Side of Brightness,Colum McCann,3.86,Fiction,English,m
20280,Menorahs and Minarets,Kamal Ruhayyim,3.91,,,m
20282,A Black Metal Ghost Story: A Novella,James McLachlan,4.5,,,m
20284,Addictarium,Nicole D'Settēmi,4.29,,English,w
20285,Veritas The Pharmacological Endgame,"Alessandro Boccaletti , Amerigo Consta",4.68,Fiction,English,m;m
20288,Unassimilated,Michael Ben Zehabe,4.5,,English,m
20290,A Selfless Man,Shawn Raymond Poalillo,4.58,Drama,English,m
20291,La chica del pelo azul,Laura Sanz,3.92,Time Travel,Spanish,w
20295,Cryptids,Lauren Evers,3.67,,English,m
20296,The Book of Blots,Stubba,4.67,,English,m
20297,Calling the Reaper (First Book of Purgatory 1),Jason Pere,4.27,,English,m
20301,Healing Naturally and Primary Reflexes - Restore energy with organic moves,Margaret Mulder,5.0,,English,w
20304,Saving Kennedy,J.L. Pattison,4.75,,,m
20305,Janus Quadrifrons,Spark D'Ark,4.0,,English,m
20308,"The Desert Princess (The Sultan's Heir, #2)",Christina Bates,4.56,,English,w
20311,Preparing for Christ's New Name,Alex Gottdank,4.56,,English,m
20315,La Bruja de Pendragon Street: Una Historia Corta Para Leer En Una Noche de Tormenta,C.K. Spencer,4.4,,,m
20316,Mind Games (Southern Psychic Sisters),Amerine Graham,5.0,,English,m
20318,Demonspawn,Christina Engela,4.5,,English,w
20319,The Joy of Fearing God,Jerry Bridges,4.39,Christian,English,m
20321,Magic of Reading,William Lewis Young,5.0,,,m
20323,Your Best Life Ever: 7 Keys to Maximizing Your Potential And Enjoying Everyday Life.,Pedro Okoro,4.5,,English,m
20325,"The Feral Sentence, part 3",G.C. Julien,4.24,,English,m
20327,Timecrest,Lisa J. Skye,4.91,,English,w
20332,Nothing Gold Can Stay: Stories,Ron Rash,4.01,Short Stories,English,m
20333,"The Girl Who'll Rule the World (Saturn Returns, #1)",Jolie Booth,4.4,,English,w
20340,El perquè de tot plegat,Quim Monzó,3.79,Short Stories,Catalan; Valencian,m
20343,Dying For Revenge,Barbara Golder,4.29,Mystery,,w
20344,The Constitution of the Tunisian Republic: Unofficial Translation,Med-Ali Mekki,5.0,,,m
20347,Wondrak and Other Stories,Stefan Zweig,3.87,Fiction,English,m
20353,Natal Fault,Manisha Saxena,4.66,,,w
20356,Next Spin : Tryst with greed,Satish Batakala,3.0,,English,m
20358,Vampirul de pe Strada Sforii,Sergiu Someşan,3.9,Romanian Literature,Romanian,m
20364,Let the Church Say Amen,ReShonda Tate Billingsley,4.38,Christian Fiction,English,m
20366,Realmgolds,Mike Reeves-McMillan,3.97,,English,m
20368,The Miraculous Day of Amalia Gómez,John Rechy,3.72,Fiction,English,m
20369,Crni dijamant,Ksenija Pešić,4.67,,Serbian,w
20371,The Gentle Heritage,Frances E. Crompton,4.5,,,w
20373,Daisy Chain,Mark Montgomery,4.8,,,m
20374,Lessons from a CF Cornerman: 38 Lessons I Learned During My Wife's Illness And Lung Transplant,Raymond L. Poole,4.69,Own,English,m
20375,The Nemesis Vector,Bo Demont,4.0,,,m
20376,Heaven's Bait,Diane Theiler,4.5,,,w
20378,Cherry Pie,Sotia Lazu,4.57,,English,m
20381,Antar and Haider the Lion,Dedra L. Stevenson,5.0,,English,w
20382,Action Words: Journey of a Journalist,Shaune Bordere,4.5,Historical Fiction,English,m
20383,The Lady of the Fig Tree The Healing Power of Meditation 1 The History and Significance of Meditation,Abo Polak,5.0,,English,m
20385,The Honorable Knight,Patrick John Donahoe,4.09,,English,m
20386,"Faith, Grace, and Cancer: A Fight to Shine Brightly for Eleven Years",Stephanie Hoff Rodrigue,4.0,Christian,,w
20390,Nobody´s Children,Hana Hindráková,3.9,Africa,English,w
20391,Devotional Poetics and the Indian Sublime,Vijay Mishra,3.5,India,,m
20392,The Relatable Tales: Talkative Silence,Various,4.7,,,m
20393,A Light in the Dark,Kelly Bedford,4.47,,English,m
20396,You Made Me What I Am: From the Diary of an Engineer...,Biplab Kumar Das,4.15,,,m
20398,The Last Defender,Travis Pearson,4.56,,,m
20402,Heart Attack and Vine,Phoef Sutton,3.55,Fiction,,m
20406,When -Squares- Conspire,Stephen J Cox,5.0,,,m
20407,Vanek,Laurie Olerich,3.95,Paranormal Romance,,w
20410,"The Emptiness is not Empty: A Textbook for non-meditators, beginning meditators, curious minds and anyone interested in progress.",Rudolph Kolar,5.0,,English,m
20411,The First Storyteller,Varun Gwalani,4.38,,,m
20414,"Zeva, Book 1",Tesha Finley,4.78,,,m
20415,Fall Out,Lizzy Mumfrey,3.91,,English,w
20419,Saving the Future: Economic Development & Prosperity,Alex Otti,5.0,,,m
20421,The Adventures Of Baby Crow: The Search For Baby Pigeon,Alex Thomas Davis,4.33,,,m
20427,The Book of Houdini,Harry Houdini,4.67,,English,m
20433,"Friendlationships: From Like, to Like Like, to Love in Your Twenties",Jeff Taylor,3.55,Relationships,English,m
20434,Spinning Black Hole Inside Our Earth,Ed Richard Lukowich,4.8,,,m
20435,Embers of Atlanta: A short story,Laurențiu M. Badea,4.45,,,m
20439,Nineteen Cuts,Ringo Gene Hayden,4.71,Fiction,English,m
20444,Finding Your Colors: Fine Art Adult Coloring Book,Hertz Nazaire,5.0,,,m
20445,Mahaveer Vaani - Bhaag 1,Osho,4.6,,Hindi,m
20446,Grown-up Shmown-up,Nicky Allen,5.0,,English,m
20448,Father Melancholy's Daughter,Gail Godwin,3.96,Fiction,English,m
20450,Urwind,Bo Carpelan,3.15,Fiction,English,m
20452,Practical Azure Application Development: A Step-By-Step Approach to Build Feature-Rich Cloud-Ready Solutions,Thurupathan Vijayakumar,4.5,,,m
20456,نرد القدر,شمس الدين شرارد,4.29,,Arabic,m
20459,Mindset: by Carol Dweck | Summary & Analysis,NOT A BOOK,4.4,,,m
20463,Adams Erbe,Astrid Rosenfeld,4.07,German Literature,German,w
20466,The Dead Silence,Jane B.,4.0,,English,w
20468,Mestizos Come Home!: Making and Claiming Mexican American Identity,Robert Con Davis-Undiano,3.94,Politics,,m
20469,Love and Ghost Letters,Chantel Acevedo,3.84,Fiction,English,w
20470,Las mujeres en la guerra,LARA PATRICIA,4.54,,English,m
20472,Newlyweds Anal Lessons,Maitresse P.,4.4,,English,m
20475,On The Principles of Social Gravity,Tobore Tobore,5.0,,English,m
20477,Encontré en el al amor de mi vida: Él nunca lo encontró (Cafeinómanos #1),RJ Aranda,4.2,,Spanish,m
20480,The Quiet Voice,A.L. Gyton,3.67,,,m
20482,Always-Always,Taylor Mills,5.0,,,m
20483,The Hackers Code: The Great Prison Escape Project And Ways to Fly High in Life,A.K. Mars,4.67,,English,m
20484,Republic's Chosen,Rori I.,3.89,LGBT,English,m
20490,Island Boys Don't Cry,Aurora Gayle,4.43,,,w
20496,Light of My Heart,Elizabeth St. Michel,3.93,Historical,English,w
20497,كل شيء بقدر,Islam Bakli,3.72,Novels,Arabic,m
20498,Bilis Negra,Samantha Devin,3.96,Fiction,Spanish,w
20504,Rat Bohemia,Sarah Schulman,3.79,Fiction,English,w
20507,Illuminati Council and Modern Illuminism,Nathan Westerville,3.89,,English,m
20509,Know Your Real Self: A journey towards inner peace and freedom,Rachna Khemchandani,4.78,Spirituality,English,w
20510,Mõru maik,Hiram,3.62,,Estonian,m
20511,White Teacher/Black Mama,"Anita Kelley D'Abbraccio/Tiffany Lott Stevenson , Tiffany Stevenson",4.36,,,w;w
20518,The ‘Real World’ Guide to Digital Filmmaking,Kevin B. DiBacco,5.0,,,m
20523,Universe Full of Scars,Krizzia Paolyn,4.86,,English,m
20525,The Talents of Bet,Steven Hammond,5.0,,,m
20526,The Son of Saint Death,Derek Weisman,4.67,,,m
20527,"The Secret Journals of Adolf Hitler, Volume 1: The Anointed",A.G. Mogan,4.25,Historical Fiction,English,m
20529,Shinjo: Reflections,Shinjo Ito,4.86,,English,m
20531,Tales of an African Child,Jovita Efehi Obadolagbonyi,4.95,,English,w
20534,Pops and Me,Amit Hasak,5.0,,,m
20543,The Blood Maker and the Witch's Curse,Jaromy Henry,3.8,,English,m
20545,Cambodia and the Year of UNTAC (Essential Essays Book 67),Tom Riddle,4.0,,,m
20547,The Forces Within,Stacy A. Padula,4.78,,English,m
20548,The Professor and the Bird,Roberta Franklin,4.11,,,w
20550,Sacrificed,Anna Applegate,4.6,Paranormal,English,w
20552,Ditching Mr. Darcy,Samantha Whitman,3.8,Time Travel,English,w
20557,Occidis,Aisha Tritle,4.45,,English,w
20561,"NFUDU: Skirts, Ties & Taboos",OAligwekwe,4.7,,English,m
20562,Divine Intervention,S.R. Claridge,5.0,,,m
20563,The Imprisoned Splendour,Raynor C. Johnson,4.33,,English,m
20573,Pestilentia,Stefano Mancini,4.25,,Italian,m
20577,Shadow Dancing: My Journey as My Wife Came Out of the Closet,Gary Cooper,4.5,,,m
20578,How to Get Your Son Back: 7 Steps to Reconnect and Repair Your Relationship,Kevin Fall,3.88,,,m
20580,Dragon Prow Shadow,Paul Hodson,5.0,,,m
20582,The Crucifixion of Russia: A History of the Russians and the Jews a New English Translation of Solzhenitsyn's 200 Years Together,Columbus Falco,4.33,History,,m
20583,Sons of Waywould,Albert John Asaro,4.0,,English,m
20586,Yes! I Have a Girlfriend... But she doesn't know,Harish Doke,4.5,,English,m
20588,The Amazon Legacy,Zenay Bekele Ben-Yochanan,4.36,,,m
20592,انسان کامل,عزیزالدین نسفی,4.33,,Persian,m
20597,Escaping Rapture of Devotion,Eloise Epps MacKinnon,1.0,,,w
20600,Her Secret,Gina A. Jones,4.28,Contemporary,English,w
20601,Mason's Impossible Prey,Raneem Hasan,4.29,Werewolves,,m
20603,Beggar,Shan R K,3.0,,,m
20605,Why a Poem?,Bird,4.0,,English,m
20607,The Last Midnight,Gary Wenkle Smith,4.45,,,m
20608,The Radicals,Ryan McIlvain,3.21,Fiction,,m
20610,The Sheriff's Catch,James Vella-Bardon,4.59,Historical Fiction,English,m
20612,God Made Everyone Beautiful,Raymond Sturgis,5.0,,English,m
20613,Binod Chaudhary: An Autobiography,Binod Chaudhary,3.62,Autobiography,Nepali,m
20615,Cupping Therapy Encyclopedia: New Edition,Dr Tamer Shaban,4.0,,,m
20616,Brown Girl in a White Country,Anita Vikram,2.6,,English,w
20617,Death and Other Fun Activities,"Jeff Folschinsky , Mark Bate",5.0,,English,m;m
20618,The Silk Princess,Katie Chase,4.09,,English,w
20621,The Extra-Terrestrial Delivery,Sudipta Das,4.24,,English,w
20622,La vedova Van Gogh,Camilo Sánchez,3.88,Historical Fiction,Italian,m
20623,The Beggar,Soul LaVee,4.7,,,m
20624,A Life Once Lived,Tracy Dale,4.75,,English,m
20625,"Sex, The Illustrated History: Through Time, Religion, and Culture, Volume Two",John R. Gregg,4.8,Sexuality,English,m
20627,Goa : A Lesson In Life,Adam Harkus,2.95,,,m
20630,The Women of Heachley Hall,Rachel Walkley,4.13,Historical Fiction,English,w
20632,The Revelations of August Barton,Jennifer LeBlanc,4.58,,English,w
20638,Write to Die,Charles Rosenberg,3.79,Mystery,English,m
20639,Not the Faintest Trace,Wendy M. Wilson,3.85,Mystery,,w
20641,The Pioni Affair,Andy James,4.5,,English,m
20643,Lowcountry Bookshop,Susan M. Boyer,4.29,Mystery,,w
20649,The Female Factory,Pamala J Johnson,5.0,,,w
20651,Murder In The Palace & Other Short Stories,Priya Bajpai,4.57,,English,w
20652,hAurorae. The recalling or the retelling of the many Pasts made Present & Whole again.,Gabriel McCaughry,4.77,,,m
20659,"Things Never To Call Your Wife: Porky, Meatloaf, Big Bum",Carhamel D. Chesecake,5.0,,English,m
20660,The Remnant (sequel to The Beachhead),David Anderson,4.9,,English,m
20661,Raised!,Margaret J. Cotton,4.76,,,w
20662,From Riches to Rags,Jaclyn Howell,4.95,,English,w
20663,Where Wildfires Glow,Mutch Katsonga,4.68,,English,m
20664,Seven practical ways to self-confidence,Lilly Ann Water,4.25,,,w
20665,BU DONG (International English Edition): When Strange Things Become Familiar,Oliver Meidl,5.0,,English,m
20668,The Full Circle,Namrata Gupta,4.23,,English,m
20674,Are Men the Weaker Sex?,Josette Sona,3.83,,English,w
20676,The Husky That Can't Howl,R. A Ostel,4.4,,English,m
20677,Re-Member Yourself: A healing journey through your Innerverse,Christopher Felton,5.0,,,m
20678,Replacement,Tor Ulven,3.94,Fiction,English,m
20680,"Christian Warrior Women: A Guide to Taking Back Your Faith, Family & Future (Christian Warrior Women Series Book 1)",Lisa Hawkins,4.62,,,w
20681,a dream of dragons,M. Kruger,5.0,,English,m
20683,True Dummy - a fable of existence,Ashish Jaiswal,4.91,,English,m
20684,Ο Κωνσταντίνος Μητσοτάκης με τα δικά του λόγια Α τόμος 1942-1974,Αλέξης Παπαχελάς,4.1,Biography,"Greek, Modern (1453-)",m
20687,Our 6.5 Years,Navika Kachhwaha,4.75,,English,m
20689,The Stranger Maiden,B. Diaz,4.75,,English,m
20690,Fortune Favors the Bold,Theodore Modis,4.3,,English,m
20691,A Deal With God: The Power of One,Michael Haden,3.95,Christian,English,m
20692,نیمه‌ی غایب,حسین سناپور,3.28,Novels,Persian,m
20697,Little Arson Annie: Short Stories,Oliver Oyanadel,5.0,,English,m
20699,...And I Blinked,Tiffany D. Brown,5.0,,,w
20700,The Realm of Radiance: A Modern Fable,Jonathan Eli Herrick,4.67,,,m
20702,Wall of Crosses: A Novella,Baj Goodson,4.43,Mystery,English,m
20703,Not For Public Consumption,Frank P. Lipton,4.54,Fiction,,m
20704,It's Me. Her. The Housewife.: Love...Lies... and Scandal,R.C. Montgomery,4.37,,,m
20705,"Reviews by Cat Ellington (The Complete Anthology, #1)",Cat Ellington,5.0,,English,m
20709,Pump While You Hump: Penicure for Sexual Health,Seth Holman,5.0,,,m
20710,8 Ball Trick Shot,Francis J. Coyle,4.57,,English,m
20711,Only Human: Part Two - Virtus,Wesley Gray,3.67,,,m
20713,"Oh, To Be Human",Liian Varus,4.8,,,m
20714,Awkward Black Girl: District 9: Enchanted Love,Elijah Powell,4.79,,,m
20715,BARBATUS,A. Drew,4.17,,,m
20716,The Dinosaur Chronicles,Joseph M. Erhardt,3.95,,English,m
20717,"Think Like a Winner - ACT Like You Won: Unleashing Power, Purpose, and Victory in Your Life",Carl Mathis,4.0,,,m
20721,MAX (NIGHTMARE WARRIOR MC Book 1),D.S. Tossell,4.0,,,m
20722,Inherit The Whirlwind: The Final Showdown Between Science And Religion,D.R. Pope,4.54,,,m
20723,Soldiers and Secrets,E. Jon Gant,3.33,,,m
20726,Friction in Motion,Sy Kadella,4.81,,English,m
20728,Movemind,Robert New,4.5,Short Stories,English,m
20732,ፍቅር እስከ መቃብር,ሀዲስ ዓለማየሁ,3.98,,Amharic,m
20733,Ancient Gods & Aliens,Saurabh Shelar,5.0,,English,m
20736,Compassionate Artificial Intelligence,Amit Ray,4.56,Artificial Intelligence,,m
20737,Feather of Hawk - Rebellion: Epic historical fiction based on a true story.,Dave Michael,3.96,Fiction,,m
20738,Second Chance In Love,Emma Monaghan,3.73,,,w
20739,Sins of the Son (The Frank Lucianus Mafia #1),Frank Lucianus,4.02,Dark,,m
20741,The Immortal Lover,A. White,4.93,,English,m
20743,When We Began,Elena Aitken,4.49,Contemporary Romance,,w
20745,Paragon,Riley Tune,4.27,Superheroes,English,m
20750,Ohio,Stephen Markley,3.82,Fiction,,m
20751,The Apple Of Distraction,Pamela Ulu Essien,5.0,,,w
20752,Kertamen,Mauro Martone,3.66,,English,m
20753,Concept's Forever,P.C. Clotter  (Illustrator ),5.0,,English,m
20756,Elysian Fields (The End #1),J.L. Perrigo,5.0,,English,m
20761,MA'AT 42 Plus GOD,LaTonya Page-Balkcom,4.65,,English,m
20763,One Little Lie,Holly Willow,4.0,,English,w
20764,Vantage Point (The Point Series Book 2),Georgia Hamilton,4.4,,,w
20765,In the Shadows,Sharon McDonnell,4.75,,,w
20766,You Have the Power to Heal: A Guide to Change Life Stories,Melissa Merritt,3.8,,,w
20767,Druidess (The Wadsworth Legacy ),Theophilus Monroe,3.5,,,m
20770,The Truth About Adira,Anna Paulsen,5.0,,English,w
20772,The Brazilian,Terence Winstead,4.33,,,m
20773,Limitless: Work and Dance with EDM Music,Vasili Reikh,4.58,,,m
20774,When The Girl Next Door Kills : The True Story of Alyssa Bustamante,Heidi Poole,3.57,True Crime,English,w
20776,She Fell In Love With A Vicious Man,Tafiska Nyasulu Ndovi,4.67,,,m
20780,...stepping lightly through times of great change: hints and holograms for your well-being,Diane de Simone,4.38,,,w
20782,The Triflers,Mumkey Jones,4.3,,English,m
20790,24 HOURS TO BREXIT (BENEFICIARIES ODYSSEY Book 1),Appollonia Solange,5.0,,,m
20792,The Orchid Mantis,Robert James Townsend,4.53,,English,m
20794,August D 13th,Chukwuemeka Nwaoma,4.0,,,m
20795,"THE BRIDE LOTTERY, BOOK 1: SEVEN SISTERS",Caty Callahan,5.0,,,w
20797,Dreaming of Dray: Billionaire Dray Royce Series #1,Sheila Murdock,3.69,,,w
20798,FICCIONES,Samuel Bennett,4.75,,Spanish,m
20800,12 Golden Keys To Hospitality Excellence,F.H. Benzakour,4.4,,,m
20801,The Association,Sharon Ann Ziegler,4.38,Fiction,,w
20802,Gods’ Food,Sahara Sanders,4.88,,English,m
20803,Het leek stiller dan het was,Eva Kelder,3.79,Dutch Literature,Dutch,w
20807,Sisters in Law,Sylvia Mulholland,4.5,,English,w
20808,The Case On A Cliff,Orr Agam,4.75,,,m
20812,Eight,P.J. Daniels,5.0,,,m
20813,Allison's Secret,D. Stalter,4.26,Post Apocalyptic,English,m
20815,Blithe of Prospect: Perception Planner,Cedes Truth  (Design),4.94,,,m
20816,The Nanas Book: Our Breastfeeding Story,Hailee Oman,5.0,,English,w
20818,Naked Sisters: Bare Skin Stories: #4,Wendy Pemberthy,4.11,,,w
20819,"I, Beauty",Lashone Vs Shaneek,5.0,,,m
20820,Go Fast: A Simon Ellice Adventure,Rod Humphris,3.0,,,m
20821,More Than Everything: My Voyage with the Gods of Love,Beatrix Ost,4.75,,,w
20822,Get 'Er Sideways: A Story About a Muscle Car and its Couple.,Mike Banks,4.5,,English,m
20823,Yeni Dünya Düzeni - Kemalizm ve Türkiye - 20. Yüzyilin Sorulanmasi Vols. 1-2,Metin Aydoğan,4.23,,,m
20824,The French Book-Make Your Future Bright,Saiyam Sharma,4.8,,German,m
20825,POQUITO: UNPACKING THE MEMORY JAR,Tanya Montás Paris,4.97,,English,w
20827,சீர்மை,க. அரவிந்த்,3.5,,,m
20828,Who I Am In Christ: 59 Truths To Build Your Identity in Christ,William Dika,5.0,,,m
20834,Samson: The Modern Day America,Stephen R. Williams,5.0,,,m
20836,The Other Side of Her,K.Hari Kumar,4.38,Suspense,English,m
20837,Quiet Lessons for the Introvert’s Soul (Introvert Strengths Book 1),Gabriela Casineanu,4.33,Self Help,,w
20839,Fated Paths,TAT Kulisch,4.8,,,m
20841,The Unbeatable Legend in Business World: All About Microsoft and How it Became The Most successful enterprise on The Earth!,Rahul Doshi,4.77,Business,,m
20842,Institutional Racism and the search for African American masculinity and identity in selected works of Richard Wright,Khefa Nosakhere,5.0,,English,m
20844,124 Soul Liberating Poems of Rodolfo Martin Vitangcol,Rodolfo Martin Vitangcol,5.0,,English,m
20846,Who Left The P(o)ets Out?,George G. Asztalos,5.0,,English,m
20848,What Awesome Looks Like: How To Excel In Business & Life,Amy Rees Anderson,3.4,Business,,w
20849,Love Lost Her Way,Julie Anne Addicott,4.52,,English,w
20850,The Omnidoxy,Cometan,5.0,,English,m
20854,And Lead Us Not,David Pierson,5.0,,English,m
20857,A Twisted Fate,Kaylyn Marie Dunn,4.0,,English,w
20861,The Song of Myself,Ravish Ratnesh,5.0,,,m
20862,Sombra de Sangre,Clara Barceló Sellés,4.24,,Spanish,w
20865,Samsara,Desiree M. Granger,4.9,,,w
20869,The Veil of Veronica,Gertrud von le Fort,4.16,Catholic,English,w
20871,Moth Smoke,Mohsin Hamid,3.84,Fiction,English,m
20872,Influence Starts with “I”: A Woman’s Guide for Unleashing the Power of Leading from Within and Effecting Change Around You,Jeanne Porter King,5.0,,,w
20873,Der Remburg-Report,Jan Gardemann,5.0,,German,m
20875,The Secrets of Solomon: A Witch's Handbook from the trial records of the Venetian Inquisition,Joseph H Peterson,4.17,Witchcraft,,m
20876,One Action - Towards women’s dreams and ambitions,Sanya Khurana,4.33,,,m
20879,Cinnamon Bizarre : Collection of Short Stories,Nishta Kochar,4.86,,,m
20881,INFALLIBLE (BOOK 1) THE COMMITMENT CHALLENGE,T.J. Spencer Jacques,4.6,,English,m
20883,"Broken Promises: The Suspenseful Sequel To The Novel, I, Beauty",Lashone Vs Shaneek,5.0,,,m
20886,Soviet saboteur survival textbook (translated and edited): Part 1 Influence of physical-geographical conditions on the combat capability of reconnaissance parties (Saboteur textbook),Andrew Senatas,4.0,,,m
20887,Teddy Looks for Something Special,Misty Jones,5.0,,,m
20889,Are Women the Stronger Sex?,Josette Sona,5.0,,,w
20890,The Girl From America,Ephantus Mwenda,5.0,,English,m
20891,The Open Doorway,Madeleine Mitchell,4.45,,English,w
20892,"I Fought Like a Girl, and I Won!",Nicole Alyse Dorman,5.0,,English,w
20893,Angskandh,Manoj Pandey,5.0,,,m
20897,METATOMICS: THE GRAND DESIGN,Todd Fischer,4.83,,English,m
20901,Elf and Efficiency,Steve Hedges,4.0,,,m
20902,My Grace Is Sufficient: God’s Strength Is Made Perfect in Weakness,Megan Walker,5.0,,,w
20904,Visual Perception with Tensorflow,Chirantan Ghosh,4.87,,English,m
20905,Deep and Dirty: A Novel,Douglas Dell,4.78,,English,m
20906,Phantasma Goriana,Markus K. Korb,3.5,,,m
20908,Chaos Theory: The Biker Variable,J. B. Sandkamp,4.32,,,m
20910,"Your Family, God's Way: Developing & Sustaining Relationships in the Home",Wayne A. Mack,3.83,Counselling,English,m
20914,Taming Tigers: Do things you never thought you could,Jim Lawless,3.76,Business,English,m
20915,A Single Desperate Prayer: A Memoir,Ludmila Ritz,4.57,,English,w
20918,"The Meghan O'Byrne Chronicle (Fall From Grace, #1)",F. Scott Andison,4.25,,English,m
20920,Die Ballade von Max und Amelie,David Safier,3.82,Fiction,German,m
20924,The Legend of the 10 Elemental Masters,Nick Smith,3.96,Fiction,English,m
20926,Swell,J.G. Johnson,4.73,,English,m
20927,An Invite: All guests are not welcome,Mahima Yadav,5.0,,,m
20934,A Special Kind of Twisted,Onyii Udoh,4.8,Fiction,,m
20939,The Girl in the Haystack,Bryon MacWilliams,4.71,Holocaust,English,m
20940,Forty Ways to Square a Circle,Neil Hummasti,5.0,,English,m
20945,Sway of the Siren,Laurie McCall,4.5,,English,w
20946,Initiation to Bhakti Yoga (Srimad Bhagavatam #1),Srinath Shrothrium,0.0,,English,m
20950,Binding Circumstance,Kelley Griffin,4.86,,English,m
20951,Untitled Document: The Mystery Unfolds,Sufyan Sher,3.86,,,m
20952,Odell's Fall,Norman Bacal,4.26,Fiction,English,m
20953,A Love Like Mine,Icarus,5.0,,English,m
20954,Mya the Mermaid: A Rhyming Story about Hope and Embracing Diversities,Helen G.,4.5,,English,w
20959,Savate the Deadly Old Boots Kicking Art from France: And Bartitsu the Martial Arts used by Sherlock Holmes Steam Punk Edition (Historical European Martial Arts Book 1),"Andy Kunz, Kenneth Pua",5.0,,,m;m
20962,In the Midst of Wolves,Kurt Ellis,4.3,,,m
20969,Vetzuman And A New World,Divyansh Mishra DM,4.8,,,m
20980,Weakest Moments,E.J. Williams,3.86,,English,m
20984,The Citadel (The concluding volume in The Beachhead trilogy),David Anderson,4.71,,English,m
20986,Problem Solving in Data Structures & Algorithms Using Python: Programming Interview Guide,Hemant Jain,4.7,,English,m
20992,What They Asked Me: The Fear of Living and Dying Young,Mwanandeke Kindembo,5.0,,English,m
20995,Sun King,Ryan A. McMahon,5.0,,,m
20996,A Knight in the Void,William Kirklen,5.0,,,m
20998,The Empireid,Ilvario,5.0,,,m
21000,Constellation Planet,Jason Falloon,5.0,,English,m
21004,So All Is Peace,Vandana Singh-Lal,4.1,India,English,w
21007,Newspaperman: S.I. Newhouse and the Business of News,Richard H Meeker,4.67,,English,m
21010,The Windsome Tree: A Ghost Story,Eileen Albrizio,5.0,,English,w
21012,A Word to the Eyes,Sudio Sudarsan,4.85,,,m
21014,Strange as This Weather Has Been,Ann Pancake,3.83,Fiction,English,w
21017,McDowell,William H. Coles,4.06,Fiction,,m
21019,The Mohan - A Novel,John M3 Frame,5.0,,English,m
21020,Επιστροφή στη Θεσσαλονίκη,Σοφία Κουίδου-Τζάηλς,5.0,,"Greek, Modern (1453-)",m
21023,Romantic Guerrilla,DS Kumar,4.23,,English,m
21026,Legend of Trump,J.M.K. Walkow,2.17,,English,m
21028,Filippa,Kristiina Vuori,3.17,Historical Fiction,Finnish,w
21030,Biblija,Petras Kimbrys (Editor),5.0,,Lithuanian,m
21031,I.S.S.E: Be healthy be limitless,Isse Yaweli,4.95,,,m
21032,Through Love and Sorrow: Poems and Short Stories (Wendy's Writings Book 1),"Virginia Sullinger, Virginia Sullinger King",5.0,,,w;w
21035,Ryan's Robot,Brian Kacica,3.32,,,m
21045,The Black Shade of White: Justice,"Renata ""Cattleya"" Levy",3.89,,English,w
21048,To Keep the Sun Alive: A Novel,Rabeah Ghaffari,3.93,Fiction,,m
21049,Branwell: A Novel of the Brontë Brother,Douglas A. Martin,3.22,Fiction,English,m
21050,تذكرة وحيدة للقاهرة,أشرف العشماوي,4.19,Novels,Arabic,m
21053,Make Money Trading Leading Stocks: How to use FREE tools and resources to trade any Stock Market of the world,Debabrata (David) Das,4.67,,,m
21055,"Written in Blood: A New Adult Vampire Romance Novella, Part One. (The Unnatural Brethren Book 1)",Silvana G. Sánchez,5.0,,,w
21061,Cybernetics Within Us,Nmesoma Okechukwu,5.0,,,m
21062,"Don't Cry, Dance: A memoir of war, love and forgiveness",Nina Angelo,5.0,,,w
21067,The Strange Courtship of Abigail Bird,John Blumenthal,4.9,,,m
21068,TRAVEL IN TIME: A LIFE STORY IN POEMS,Anişoara Laura Musteţiu,4.92,,,w
21074,الشيخ عفا الله وقصص أخرى,محمود تيمور,3.0,,Arabic,m
21078,"PMO Governance: Practical Strategies to Govern Portfolio, Program, and Project Delivery",Eugen Spivak,4.8,,English,m
21081,After The Storm,Natalie P. Jenkins,0.0,,English,w
21083,The Khan Series,Conn Iggulden,4.69,Historical Fiction,English,m
21090,The Birthday Party,"Ronald Destra , Juanita Destra",4.83,,,m;w
21091,Evolution A200: A Bubonic Apocalypse,Nathaniel Connors,4.43,Zombies,English,m
21096,Buddies,Delaina M Waldron,4.0,,,m
21099,Big and Bad: A Novella,Anna K. Scotti,5.0,,,w
21100,Brant's Light,F.B. Lee,5.0,,,m
21101,The Weathermen: Their Story,Gordon Tripp,5.0,,,m
21106,The Forbidden Female Speaks,Pamela Kribbe,4.28,Spirituality,,w
21116,Eat When You Feel Sad,Zachary German,3.62,Fiction,English,m
21120,The Sense of Touch,Ron Parsons,4.22,Short Stories,English,m
21123,The Girl from Midfoxfields,Michael Wyndham Thomas,4.27,Contemporary,,m
21125,The Bellwether Revivals,Benjamin Wood,3.58,Fiction,English,m
21130,Mom University,Rebecca Ventre,4.67,,,w
21136,El regalo,Eloy Moreno,4.19,Fiction,Spanish,m
21138,"Fightback: How to win in the digital economy with platforms, ventures and entrepreneurs","Felix Staeritz, Simon Torrance",4.57,,,m;m
21139,Military Stress Reactions: Rethinking Trauma and PTSD,Carrie H. Kennedy,5.0,,,w
21140,The Key: A Screenplay,Jim Trotta,5.0,,,m
21141,Minecraft Joke Book,Mojang AB,3.55,,,m
21146,The Complete Anthology: John Lars Zwerenz,John Zwerenz,5.0,,,m
21147,Men,K.L. Laitinen,4.38,,English,m
21149,K-The Last Warrior,Tarun Jolly,4.41,,,m
21150,Deming management at work,Mary Walton,4.09,Business,English,m
21151,"Welcome My Love: Oh, How We Anticipate Your Arrival!",Sarah A Faison,5.0,,,w
21152,The Last Color,Vikas Khanna,4.0,,English,m
21159,A Manual for Cleaning Women: Selected Stories,Lucia Berlin,4.19,Short Stories,English,w
21168,Her Smart Escape,Wing Commander M K Devidasan,5.0,,English,m
21169,Love and Other Pranks,Tony Vigorito,4.17,Fiction,English,m
21171,The Chronicles of Lord Asunaro,Kanji Hanawa,4.18,Japan,,m
21174,Dead by Text,Natasha Lukin,5.0,,English,w
21175,The Girl with the Hazel Eyes,Callie Browning,4.06,Historical Fiction,English,w
21179,LIST: A Minimalist Planner: Undated Daily Weekly Monthly Planner 2020,W. J. Scott,4.5,,,m
21183,Cómo maté a mi padre,Sara Jaramillo Klinkert,4.3,,Spanish,w
21185,Fume,Amanda Bento,4.25,,Portuguese,w
21186,Bee Movie: The Junior Novel,Susan Korman (Adapted by),3.67,,English,w
21187,One Hundred Views of NW3,Pat Jourdan,4.13,,English,m
21188,"Triangle of My Heart: A memoir of family, loss, and faith.",Deborah A. Kirschner,5.0,,,w
21189,The Chronicles of the Wuhan Virus: Deeper insights into the pandemic that shook the world in 2020,Shyam Balasubramanian,4.48,,English,m
21190,"The Rhino Crash: A Memoir of Conservation, Unlikely Friendships and Self-Discovery","Nick Newman , Karin Mitchell",4.48,,English,m;w
21194,Wajah Peradaban Barat: dari Hegemoni Kristen ke Dominasi Sekuler-Liberal,Adian Husaini,4.21,Islam,Indonesian,m
21196,A mulher que fugiu de Sodoma,José Geraldo Vieira,4.56,,Portuguese,m
21198,El poder oculto,Alejandra Abraham,4.81,,,w
21199,Laut Bercerita,Leila S. Chudori,4.55,Historical Fiction,Indonesian,w
21200,The Golden Bird: Two Orkney Stories,George Mackay Brown,3.86,,,m
21203,LOST AGAIN: A Novel in Stories,Michael O'Neill,4.67,,,m
21204,Türbe,Ömer Seyfettin,3.5,,Turkish,m
21205,The Deepest Darkest Truest form of Love,Ams Immortal,5.0,,,m
21208,The Midnight Horse,Monica Edwards,4.29,Fiction,,w
21210,"The Gracelin O'Malley Trilogy: Gracelin O’Malley, Leaving Ireland, and ’Til Morning Light",Ann Moore,4.59,Historical Fiction,,w
21211,Nothing About Business,Harjeet Khanduja,4.61,,English,m
21214,Black Halo,John Patrick Kennedy,3.9,,,m
21216,Buck Rogers In The 25th Century (Xx Vc Rpg Module Xxvca1),Douglas Niles,3.5,,,m
21219,The Way We Were Before,Madi Lalor,4.1,,English,m
21221,The Renascent World,Carryn W. Kerr,4.67,,English,m
21223,My Best Pal: The Awesome Ethan,"Karlene Stewart , Jason Stewart",4.33,,English,w;m
21224,Cancer a Symphony by the Hallmarks the Language of the Cancer Cells Deciphered Part 1,Sasi Shanmugam Senga,5.0,,,m
21226,The Finn Chronicles: Year One: A dog's reports from the front lines of hooman rescue,Gwen Romack,4.85,,English,w
21229,"RISE HIGHER: 9 Steps for a woman to overcome any challenge, become the leader she deserves to be and do what she loves",Aureen M. Monteiro,0.0,,English,m
21230,Îngerul istoriei,Rabih Alameddine,3.84,Fiction,Romanian,m
21231,The Scent of Dragon's Blood (Berserker Loop Series Book 1),Kova Killian,4.0,,,m
21235,"Fear Humility Acceptance: Overcoming some of the most unexpected, extreme life challenges using proven and effective techniques, while exceeding goals.","McKinley Jones, Becky Gale",5.0,,,m;w
21241,"How to Buy, Sell and Make a Fortune on eBay - Make Money Online From Home on eBay",Austin Erkl,3.67,,,m
21247,Turn Can't Into Next: Leadership,Gerry Cadorath,0.0,,,m
21254,The Change in the Game,B.Q. Hanson,4.21,,,m
21259,العالمانية طاعون العصر: كشف المصطلح وفضح الدلالة,سامي عامري,4.39,,Arabic,m
21260,"Allegiant: Divergent Trilogy, Book 3 by Veronica Roth | Summary & Analysis",Book*Sense,4.17,,English,m
21262,The 'Great' Kickin'dog,Kenneth Crutchfield,5.0,,English,m
21264,Hurra,Ben Brooks,3.48,Fiction,Spanish,m
21266,"The One Dollar Horse Series 3 Books Bundle (The One Dollar Horse,Race the Wind,Fire Storm)",Lauren St. John,4.64,,,m
21267,Anoroc,Bryan M. Kuderna,5.0,,,m
21269,Holly's Christmas Secret,Kirsty Ferry,4.89,,English,w
21270,The Predictor: Why Trump Will Win,M J Schultz,5.0,,,m
21272,Playful Princess Panda: And Her Kingdom,Fabiola Miller,5.0,,,w
21273,Secrets,Sen Mack,5.0,,,m
21276,Head Kid,David Baddiel,4.33,,,m
21277,洪吟（四）,李洪志,5.0,,Chinese,m
21280,Sugar,Bernice L. McFadden,4.3,Fiction,English,w
21283,Chatham by Air,Christopher Seufert,5.0,,English,m
21286,Dinner with a Perfect Stranger / Day with a Perfect Stranger Boxed Set,David Gregory,4.27,Christian,English,m
21287,Stop Being the String Along: A Relationship Guide to Being THE ONE,Barbara Rose,3.52,Relationships,English,w
21289,Chang and Eng,Darin Strauss,3.3,Historical Fiction,English,w
21295,De dood van Maarten Koning,J.J. Voskuil,4.36,Fiction,Dutch,m
21297,Cross of Iron,Willi Heinrich,4.18,Historical Fiction,English,m
21298,Silent Victims: The Plight of Arab & Muslim Americans in Post 9/11 America,Aladdin Elaasar,4.14,,English,m
21301,John's Wife,Robert Coover,3.64,Fiction,English,m
21305,Myofascial Pain and Dysfunction: The Trigger Point Manual: Volume 2: The Lower Extremities,"Janet G. Travell, David G. Simons",4.78,Medical,English,w;m
21318,Too Much Flesh and Jabez,Coleman Dowell,3.78,Fiction,English,m
21321,Eternal I.V. Pole: My Last Gift of Wisdom I Give to the World I Love; Given to Me by the God I Love,Milkweed L. Augustine,4.4,,English,m
21323,The Slide: Classic Radio Sci-Fi,Victor Pemberton,3.29,,English,m
21324,A Real Basket Case,Beth Groundwater,3.47,Mystery,English,w
21330,داستان شاهدخت سرزمین ابدیت,Arash Hejazi,3.82,Novels,Persian,m
21331,Sin Killer,Larry McMurtry,3.64,Westerns,English,m
21336,Spread Some Love - Relationships 101,John A. Andrews,4.8,,English,m
21340,"Zilver, of, Het verlies van de onschuld",Adriaan van Dis,3.22,Novels,Dutch,m
21347,Queen Esther,Arthur Zulu,0.0,,English,m
21352,World War III,Michael Tobias,4.45,,English,m
21353,Das Einsiedler Welttheater 2007. Theaterstück nach Caldérón de la Barca,Thomas Hürlimann,3.2,,German,m
21365,2001 Cyber Space Odyssey: The Internet In The Uk Election,Stephen Coleman,1.0,,,m
21366,"Mindtronics: Science, Social Studies, Inquiry Alive!","William C. Bruce, Jean K. Bruce",0.0,,English,m;m
21369,Prisoner's Dilemma,Richard Powers,3.87,Fiction,English,m
21372,My Husband's Woman,Dee Dee M. Scott,4.21,,English,m
21374,بين الآباء والأبناء: تجارب واقعية,محمد سليم العوا,4.05,,Arabic,m
21376,Charming Billy,Alice McDermott,3.43,Fiction,French,w
21382,The Book About Blanche and Marie,Per Olov Enquist,3.36,Fiction,English,m
21383,A Grand Passion,Mary Mackey,3.86,Fiction,English,m
21385,Acid Casuals,Nicholas Blincoe,3.33,Fiction,English,m
21387,The Price of Passion,Evelyn Palfrey,4.22,,English,w
21388,Kill Two Birds and Get Stoned,Kinky Friedman,3.6,Fiction,English,m
21389,The Trick is to Keep Breathing,Janice Galloway,3.85,Fiction,English,w
21392,"Simple Truths: A Self-Help Guide to Help You Find Your Own Success, Peace, and Happiness",Thomas M. Coletta,4.5,,English,m
21393,"Digger, Dogface, Brownjob, Grunt",Gary Prisk,3.8,Military Fiction,English,m
21396,The Witches of Hopper Street,Linda Gondosch,4.0,,English,w
21397,The Walk of the Spirit - The Walk of Power : The Vital Role of Praying in Tongues,Dave Roberson,4.46,Christian,English,m
21399,Bitch Reloaded,Deja King,4.62,Urban,English,w
21400,Riwayat Bidadari Syurga,Munif Ahmad,3.96,,Malay,m
21401,The Darling,Russell Banks,3.79,Fiction,English,m
21405,Florian Auf Der Wolke,James Krüss,5.0,,,m
21407,Novel Pangeran Diponegoro: Menggagas Ratu Adil,Remy Sylado,3.5,Indonesian Literature,Indonesian,m
21409,Gatekeepers - The Quest for Clues to an Age-Old Riddle,Kobina Amissah-Fynn,4.22,Fiction,English,m
21410,Living in My Body: Too Many Birthdays'll Kill Ya,Alice Batchelor Hambright,5.0,,English,w
21416,City of Dreams: A Novel of Nieuw Amsterdam and Early Manhattan,Beverly Swerling,3.96,Historical Fiction,English,w
21422,The Wake of the Wind,J. California Cooper,4.46,Fiction,English,m
21423,Day for Night,Frederick Reiken,3.68,Fiction,English,m
21439,Tituba,William Miller,3.57,,English,m
21442,When Elvis Meets the Dalai Lama,Murray Silver,3.67,,English,m
21444,الهزيمة كان اسمها فاطمة,إحسان عبد القدوس,3.78,Short Stories,Arabic,m
21445,Silence in October,Jens Christian Grøndahl,3.73,Fiction,English,m
21449,Knockemstiff,Donald Ray Pollock,3.99,Fiction,English,m
21462,If They Can't Take a Joke: Confrontational Humor for the Casual Bibliophile,Tom Waters,4.67,,English,m
21463,სანათას წიგნი,მარიამ ხუცურაული,5.0,,Georgian,m
21465,Night Rain,Joe Hilley,3.39,,English,m
21466,Survivors: The A-bombed Trees of Hiroshima,"David Victor Petersen , Mandy Conti",4.5,,English,m;w
21469,Welcome to Rabbitwood Farm,CathieJo Irwin,5.0,,English,m
21470,Prayer and Meditations,Bahá'u'lláh,4.76,Baha I,,m
21481,Il viaggiatore del giorno dei Morti,Georges Simenon,3.92,Fiction,Italian,m
21482,The Price of Trust,Amanda Stephan,4.06,Mystery,English,w
21487,Stormy Defense,Stella Eromonsere-Ajanaku,5.0,,English,w
21488,Elusive Dawn,Gabriele Wills,4.35,Historical Fiction,English,w
21493,My Life Is A Movie,David L.,4.05,,English,m
21494,The Dark Province: Son of Duprin,William H. Johnson,4.09,,English,m
21498,Lentämisen alkeet,Reidar Palmgren,3.36,Fiction,Finnish,m
21499,Kilroy Kilroy,Ib Michael,3.74,Fiction,,m
21500,Raising Jake,Charlie Carillo,3.72,Fiction,English,m
21504,Palinuro de México,Fernando del Paso,4.33,Fiction,English,m
21508,The World's Shortest Stories of Love and Death,Steve Moss (Editor),3.81,Short Stories,English,m
21512,Political Suicide,Alan Russell,3.79,,English,m
21513,A Vision Beyond Abuse,Kathy Goodhew,4.62,,English,w
21515,الذين ضحكوا حتى البكاء,مصطفى محمود,3.58,Short Stories,Arabic,m
21521,The Writer in the Writing: Author as Hero in Postwar American Fiction,Krzysztof Andrzejczak,4.33,,English,m
21523,Fred and Lydia Take London By Storm,Marie Lawrence,5.0,,,w
21526,End of History,Larry Conde,4.33,,English,m
21532,I Want,Jarod Kintz,3.87,,English,m
21543,Viktor Rydberg's Investigations into Germanic Mythology Volume II: Part 2: Germanic Mythology,"William P. Reaves, Viktor Rydberg",4.38,,English,m;m
21544,Ghetto Gurl Memoirs,Euftis Emery,3.81,,English,m
21557,ضربة شمس,خالد كساب,3.73,,Arabic,m
21558,More List Your Self: Listmaking as the Way to Personal Discovery,"Ilene Segalove, Paul Bob Velick",4.06,,English,w;m
21561,"Synecdoche, New York: The Shooting Script",Charlie Kaufman,4.52,Fiction,English,m
21565,"Little Gifts of Sustainable Contentment: One Minute Daily Reflections for Cultivating Mental, Emotional, Physical and Financial Well-Being.",C.J. Good,3.67,,English,m
21572,Holly,Albert French,3.63,Fiction,English,m
21573,"I Am Coming, Volume 2","Susan Davis, Sabrina De Muynck",5.0,,English,w;w
21576,The Admiral's Wolf Pack,Jean Noli,4.67,History,English,m
21577,Dark Knight of the Skye,Robin Renee Ray  (Author),4.73,,English,m
21590,Wifey,Kiki Swinson,4.44,Urban,English,w
21593,Playing Dirty,Kiki Swinson,4.44,Contemporary,English,w
21597,Grosvenor Square,Katherine Ann Meyer,5.0,,English,w
21605,Widnokrąg,Wiesław Myśliwski,4.35,Polish Literature,Polish,m
21607,Red Wine For Breakfast,Raven West,3.25,,English,w
21613,"Amphigory Almanac: Hebetudinous Humour, Pedantic Prose, & Linguistic Levity: Meet Mr. J",Mr. J,3.67,,English,m
21615,Pretty Money,Angel Williams,3.81,,English,m
21619,Time's Secret,J.M. Dattilo,4.22,,English,m
21631,The Overlander's Bride,Diane Story,3.58,Historical,English,w
21632,Cyrus Darian And The Technomicron,Raven Dane,4.17,Steampunk,English,w
21645,"Women, Sex And Astrology",Sarah Bartlett,4.22,,English,w
21651,How to Spot Scams Online,John Gower III,5.0,,English,m
21655,Visions of God's Coming Judgments,Kimberly Jackson,0.0,,,m
21658,In A Cold Sweat,Roy Glenn,4.56,Urban,English,m
21662,Starfire: Kingdom on the Edge of Forever,P.K. Brent,2.86,,English,m
21670,Jerusalem,Cecelia Holland,3.87,Historical Fiction,English,w
21673,"Letters of a Malcontent: A Collection of Thoughtful, Absurd, and Bizarre Correspondence",J.W. Fagan,4.5,,English,m
21675,Naročito ljeti,Ankica Tomić,3.86,,Croatian,w
21678,The Writing on the Wall,James Goodman,5.0,,,m
21679,The Yada Yada Prayer Group,Neta Jackson,3.99,Christian Fiction,English,w
21684,Cities of Flesh and the Dead,Diann Blakely,4.43,,English,w
21689,Time and Two Seats: Five Decades of Long Distance Racing,Janos Wimpffen,5.0,,English,m
21690,Boob Explosion,Charles Chiyangwa,3.86,,English,m
21694,Steam Pigs,Melissa Lucashenko,4.14,Fiction,English,w
21697,Rise of the Cerians (Book 1),Andrew Apple,5.0,,English,m
21698,Tablets: The Ultimate Guide,Hugo Ortega,4.0,,English,m
21700,How to Use the Science of Mind: Principle in Practice,Ernest Shurtleff Holmes,4.37,Spirituality,English,m
21705,ماريا,Emine Şenlikoğlu,4.07,Novels,Arabic,w
21706,Uncloaking the Tarot,Brigid Bishop,5.0,,English,w
21707,Prince of the Atlantic: An Epic Novel Based on the True Exploits of Captain Luke Ryan Irish Swashbuckler & American Patriot Benjamin Franklin's Most Dangerous Privateer,Mark M. McMillin,3.75,,English,m
21716,The Moment Between,Nicole Baart,3.65,Christian Fiction,English,w
21718,Recessional for Grace,Marguerite Poland,4.05,,English,w
21724,El sueño creador,María Zambrano,4.15,,Spanish,m
21725,Het huis van de zeven zusters,Elle Eggels,3.27,Fiction,Dutch,w
21731,Mad Anatomy,Kimberly Nichols,5.0,,English,m
21732,عدالة السماء,محمود شيت خطاب,3.87,Short Stories,Arabic,m
21736,Rabenliebe,Peter Wawerzinek,3.35,German Literature,German,m
21741,La traición de Roma,Santiago Posteguillo,4.48,Historical Fiction,Spanish,m
21742,How to Plant a Body,Terri Ann Armstrong,4.25,,English,w
21745,The Earth Chronicles Handbook,Zecharia Sitchin,4.2,Ancient History,English,m
21746,Unlatched,Steven Savile,4.67,,English,m
21751,The Old Life Is Dead...L'Ancienne Vie Est Morte...: Poems in English and in French/Poemes En Anglais Et En Frana Ais,Xenia Bakran-Sunic,4.5,,English,w
21755,A Hood Chick's Story Pt. 2,Lashonda Devaughn,4.54,Urban,Hungarian,w
21756,"Love and Rockets, Vol. 7: The Death of Speedy",Jaime Hernández,4.6,Comics,,m
21759,Zero Degree,Charu Nivedita,3.54,Fiction,English,w
21761,The Phantom's Opera,Sadie Montgomery,4.15,Fiction,English,w
21769,Rise of the Vampire,C.S. Revlis,5.0,,English,m
21770,Old Man in Window,Martin Hopkins,3.33,,English,m
21771,Do You Take This Woman?,R.M. Johnson,4.06,African American,English,m
21773,Hannah Montana The Movie: The Junior Novel,"Dan Berendsen (Screenplay), Walt Disney Company",4.17,Fiction,English,m;m
21778,The Tragedy of Arthur,Arthur Phillips,3.44,Fiction,English,m
21781,The Secret Behind the Cross and Crucifix,Nwaocha Ogechukwu,4.5,Historical,English,m
21794,Forgotten Soldiers (What Happened to Jacob Walden),Warren Martin,4.14,Historical Fiction,English,m
21795,İyi Düşün Doğru Karar Ver,Doğan Cüceloğlu,3.88,Psychology,Turkish,m
21801,I Am Another You: A Journey to Powerful Breakthroughs,Priya Kumar,4.0,Self Help,English,w
21802,Hot & Spicy,P.T. Macias,4.37,,English,m
21803,Speculation,Edmund Jorgensen,3.45,Mystery,English,m
21805,Yastrzemski,Carl Yastrzemski,3.83,Baseball,English,m
21809,The Complete Aubrey/Maturin Series (18 Volumes),Patrick O'Brian,4.85,,English,m
21830,All the Little Animals,Walker Hamilton,3.91,Fiction,,m
21831,Cherries Over Quicksand: Fun Stories from Men Who Returned to Their Resilient Women and More...,Rhonda Ricardo,5.0,,English,w
21833,For My Beautiful Black Sister,Nathan Brooken,3.0,,English,m
21834,The King's Coat,Dewey Lambdin,4.06,Historical Fiction,English,m
21835,Out of the Picture and Into the Picture,Victor G. LaVanWay,5.0,,English,m
21843,Baby Jaimie Has a Crush,Jaimie Hope,4.58,,English,w
21844,معك دائما ..,إيمان مصعبين,4.25,Novels,Arabic,m
21845,البحر الرائق فى الزهد والرقائق,أحمد فريد,4.16,Religion,Arabic,m
21849,L'amour avant que j'oublie,Lyonel Trouillot,4.14,,French,m
21852,Barstool Prophets,Ethan H. Minsker,4.67,,English,m
21853,The Cave of Moving Shadows,Thomas Millstead,4.09,Historical Fiction,English,m
21854,Grave-Guide : Find their Graves,Jack Young,4.5,,English,m
21856,Neesa’s Backyard,Marcia Mandel,4.75,,English,w
21859,The Last Best Hope: A Civil War Era Alternate History,David L. Parrott,3.67,,English,m
21861,The Advocate Prince,C.M. Lee,4.25,,English,m
21869,Sell More Books!: Book Marketing and Publishing for Low Profile and Debut Authors Rethinking Book Publicity after the Digital Revolutions,Cherie K. Miller (With),4.17,,English,w
21873,A Doctor's War,Rowley Richards,3.84,History,English,m
21878,50 Shades of Gray Matter #1,Pat Connid,3.52,Zombies,English,m
21881,The Beautiful Screaming Of Pigs,Damon Galgut,3.7,Fiction,English,m
21884,Charles Babbage and the Countess,Patricia S. Warrick,3.6,,English,w
21887,"The Wind, the Mountain and the Sage",William S. Peters Sr.,4.83,,English,m
21891,Return to Stantasyland,Stanley Victor Paskavich,5.0,,English,m
21894,Diabetes Without Drugs: The 5-Step Program to Control Blood Sugar Naturally and Prevent Diabetes Complications,Suzy Cohen,3.91,Health,English,w
21898,The New Life,Orhan Pamuk,3.56,Fiction,English,m
21901,Guernsey Evacuees: The Forgotten Evacuees of the Second World War,Gillian Mawson,4.47,,English,w
21903,God made my Butt Big,Crystal L. Du Bois,5.0,,English,w
21907,Odes & Rhymes of Life & Times,A.J. Brewster,4.67,,English,m
21908,"Dracula, the Reemergence of Vlad",Richard Reich,4.0,,English,m
21910,التحدي الصيني - أثر الصعود الصيني في حياتنا,Wolfgang Hirn,3.87,Economics,Arabic,m
21913,The Life and Times of the Heir and the Keeper,Etta King,3.2,,English,w
21922,Deja,Tajana Sutton,4.75,,English,m
21925,القرصان,عبدالعزيز آل محمود,3.81,Historical Fiction,Arabic,m
21926,The Golden Sky,E.C. Stilson,4.46,,English,m
21930,Eric Emmanuel Schmitt Coffret en 4 volumes : Milarepa ; Monsieur Ibrahim et les fleurs du Coran ; Oscar et la dame rose ; L'enfant de Noé,Éric-Emmanuel Schmitt,4.4,,French,m
21933,All in the Mind,Jenny Twist,4.6,,English,w
21937,The Christmas Cave,David R. Beshears,4.58,,English,m
21939,Knighthawke Vanishing Shadows,Jerry Minchew,4.5,,English,m
21941,Dragon's Fury,L.L. Hansen,4.6,,English,m
21942,Ljubavna priča / Oliverova priča,Erich Segal,3.81,,Serbian,m
21943,Sunset Park,Paul Auster,3.58,Fiction,English,m
21954,30 طريقة لتوليد الأفكار الإبداعية,علي الحمادي,3.83,,Arabic,m
21955,The Parchment,SKETA,3.75,,English,m
21956,Eredità: Una storia della mia famiglia tra l'Impero e il fascismo,Lilli Gruber,3.8,History,Italian,w
21957,Only the Strong Survive (True Grit): A Son Fighting for His Life,Nadine Frye,4.5,,English,w
21962,The Newton Inheritance,Paul Camster,5.0,,English,m
21963,Hattie's Advocate: Adopting a Family Through Foster Care,"Matthew W. Hoffman, Krista Hoffman",4.3,Fostering,English,m;w
21964,"Blue Skies, No Candy",Gael Greene,3.12,Erotica,,m
21965,We Are Not Alone,James Hilton,3.78,Fiction,English,m
21969,Immortal Love,Victoria Craven,4.17,,English,w
21971,The Squirrel that Dreamt of Madness,Craig Stone,4.06,Fiction,English,m
21973,مهما كانت أحزانك,عصام كرم الطوخي,3.56,,Arabic,m
21975,Every Woman Should Know About Beauty Secrets,Fernando Lachica,5.0,,English,m
21977,Mrs. Jeffries on the Trail,Emily Brightwell,4.01,Mystery,English,w
21978,"Love, Lust, & Life",Azhan Ahsan,3.04,,English,m
21985,Tastes and Tales from Russia,Alla Danishevsky,4.58,Cooking,English,w
21986,A Knight of Silence,Candace C. Bowen,4.08,Medieval,English,w
21992,"Don’t Monkey Around When It Comes To Saving Money! 100 Ways To Cut Cost, Save Money, And Make Money.",D. Terry,0.0,,English,m
21993,Mistress V,Louise Herman,5.0,,English,w
21994,The Passing of Mother Mary,Christina E. Reyes,5.0,,English,w
21996,The True Face Of God,Raël,3.82,,English,m
21999,Probo's Lament (The True Adventures of a Small-town Elephant in the City of Big Shoulders),Gene Lubin,5.0,,English,m
22000,Memories from Lawrence,A.J. Bialo,5.0,,English,m
22003,Smoke and Mirrors,Andrew James Pritchard,3.75,,,m
22004,Don Nehlen's Tales from the West Virginia Sideline,Don Nehlen,3.8,,English,m
22007,Situations - A Book of Poems on Life,Coletha Albert,5.0,,English,m
22008,Social Security Medicare Food Stamps Minimum Wage and MORE,Byron Goines,3.0,,English,m
22013,Tommy u s-Sabih tal-Qari u rakkonti ohra ghat-tfal,Patrick Sammut,5.0,,Maltese,m
22015,چاه بابل,رضا قاسمی,3.88,Novels,Persian,m
22017,Spiritus Mundi - The Romance,Robert Sheppard,3.92,,English,m
22023,The Rock Star,Rick Soper,3.42,Mystery Thriller,English,m
22025,Absorbing Perfections: Kabbalah and Interpretation,Moshe Idel,4.67,,English,m
22029,"Developmental Time, Cultural Space: Studies in Psychogeography",Howard F. Stein,3.6,,English,m
22032,The Abominable Sruvius,Glen Solosky,4.75,,English,m
22036,Then the Witches Multiplied,Edita Birschbach,4.0,,English,w
22037,google 1649'ish: or weltfrieden is possible within 20 minutes,Nico Haupt,4.5,,English,m
22040,DASHOPANISHAD Shruti Priya Bhasha Bhashyam,Narendra Bhooshan (Translator),4.25,,Malayalam,m
22042,The Angel Riots,Ibi Kaslik,3.6,Canada,,m
22043,Ted and Raymond's Christmas Tree 2,Rhonda Patton,4.79,,English,w
22044,Keion Alexis' Poetry,Keion Alexis,4.0,,English,m
22045,الصارم البتار في التصدي للسحرة الأشرار,وحيد عبد السلام بالي,3.63,Religion,Arabic,m
22046,Coada,Dragos Voicu,4.25,Romanian Literature,Romanian,m
22047,The Admission,Jamallah Bergman,3.63,,English,m
22050,Ghulam Bagh / غلام باغ,Mirza Athar Baig,4.26,Fiction,Urdu,m
22053,The 10 Critical Laws of Relationship: Your Relationships Define Your Future,Robb D. Thompson,4.41,,English,m
22056,Texture Techniques for Winning Watercolors,Ray Hendershot,4.28,Art,English,m
22066,The Sojourn - Extensions,Rupansh Gupta,5.0,,English,m
22069,A Dress In Red,Steve French,3.89,,English,m
22070,Small Tales and Visits to Heaven,L. a. LaChapelle,5.0,,English,m
22071,Stella Termogen oder die Versuchungen der Jahre,Utta Danella,4.29,,German,w
22072,Time to Tell 'Em Off! A Pocket Guide to Overcoming Peer Ridicule,Deanna Miller,4.0,Self Help,English,w
22075,Indians in Pakistan,Vivek Pereira,4.78,,English,m
22076,In The Land Of The Living Dead - An Occult Story,Prentiss Tucker,3.67,,English,m
22077,In Your Own Backyard: How to Create and Enjoy Your Own Private Retreat,A. Cort Sinnes,4.5,,English,m
22083,The Uprising,Aral Bereux,4.64,,English,m
22084,If I Told You I was Lying - Would you Believe me!,Martin Gover,5.0,,,m
22090,Dance at Midnight,Katheryn Ragle,4.33,,English,w
22096,Blood Yellow,Ashley Nemer,4.4,,English,m
22100,عش سعيداً,إبراهيم الفقي,3.9,,Arabic,m
22102,Off Grid,Backwoods,3.76,,English,m
22105,Penny Flame,John Reinhard Dizon,3.88,,English,m
22106,Death and Nightingales,Eugene McCabe,3.69,Historical Fiction,English,m
22107,Elegies for the Brokenhearted,Christie Hodgen,3.98,Fiction,English,m
22108,CA. Blues,Milan Oklopdžić,4.32,Fiction,Serbian,m
22110,One Chance,Daniel Patterson,3.92,Christian Fiction,English,m
22113,The Fig Orchard,Layla Fiske,4.11,Historical Fiction,English,w
22119,Das rote Band,Dana Graham,4.44,,German,w
22120,Time to Grow Reloaded,Black Coffee,4.57,,English,m
22123,Ilustrado,Miguel Syjuco,3.39,Fiction,English,m
22125,Al Qur'an: Ilmu Kedokteran Jiwa dan Kesehatan Jiwa,Dadang Hawari,4.25,,Indonesian,m
22126,هكذا هزموا اليأس,سلوى حسن منصور العضيدان,3.81,Self Help,Aromanian; Arumanian; Macedo-Romanian,m
22131,Last Train to Murder,Rick L. Phillips,3.17,,English,m
22139,The Thing With Feathers,Anne Sweazy-Kulju,4.3,Fiction,English,w
22141,Fledged,T.D. McMichael,5.0,,English,m
22147,Crueltown: A Drew Steele Los Angeles-Las Vegas Mystery,E.E. Doc Murdock,4.67,,,m
22148,Women R Stupid & Men R The Reason,Steven Barthell,5.0,,English,m
22151,Sur Les Docks,Bernard Coat L.,5.0,,French,m
22153,دموع على سفوح المجد,د.عماد زكي,3.71,Novels,Arabic,m
22155,துப்பறியும் சாம்பு,Devan,4.1,Fiction,,m
22156,Bleeding Heart (A Timeless Fable About Living Life With Passion),Xavier Saer,4.48,,English,m
22157,Reckless Little 15,Liana Resles,4.0,,English,w
22158,مفاهيم الجماعات في الإسلام: دراسات في السوسيولوجيا التاريخية للاجتماع العربي الإسلامي,رضوان السيد,3.72,,Arabic,m
22159,Inspirations from Heaven's Gate,Lisa C. Miller,5.0,,English,w
22162,SEER,Patrick O'Scheen,4.58,,English,m
22163,"Onslow, or the Adventures of Dick Onslow Among the Redskins",W.H.G. Kingston,3.67,,,m
22164,Hazard Zone,"Don Pendleton (Series Creator), Russell Davis",4.17,,English,m;m
22169,When Rain Falls,Tyora Moody,4.44,Christian Fiction,English,m
22170,Masakra Profana,Jarosław Stawirej,2.91,,Polish,m
22171,Diamond Sky,Diana Nixon,4.41,,English,w
22177,Puckoon,Spike Milligan,3.78,Humor,English,m
22180,Der Geiger,Mechtild Borrmann,3.93,Historical Fiction,German,w
22184,Սամվել,Raffi,3.64,Historical Fiction,Armenian,m
22187,"Franks and Beans: Stories, Poems, and Tongue Twisters","Doug ""Hollywood"" Davis",5.0,,English,m
22191,Fly on the Wall,C.S. Dixon,4.5,,English,m
22197,"Best of Catbug: My Name is Catbug, What's Yours?",Breehn Burns,4.26,,English,m
22201,The Golden Moonbeam,Angela James,4.33,,English,w
22203,Argall: The True Story of Pocahontas and Captain John Smith,William T. Vollmann,4.12,Fiction,English,m
22212,خطابه غدير در آينه اسناد,محمد باقر انصاری,3.5,,Persian,m
22220,The Eye in the Door,Pat Barker,4.05,Fiction,English,m
22224,تقتلني أو أكتبها,عبد الصبور بدر,3.2,,Arabic,m
22228,Be Great!: 365 Inspirational Quotes from the World's Most Influential People,Daniel Willey,4.58,,English,m
22232,100 XIV,"Jerry Seguin, Sean Dryden",5.0,Art,English,m;m
22234,عرق الآلهة,حبيب عبد الرب سروري,3.52,Novels,Arabic,m
22238,Teapots And Attics: I'll Never Let Go,Katie Louise Shattock,4.83,,English,w
22246,12 Steps to Freedom: A Necessary Career Planning Guide for Prospering in Today's Job Market (Find A Job Series),Paul Rega,4.54,Self Help,,m
22247,عندما ترعى الذئاب الغنم - الجزء الأول,رفاعي سرور,4.24,,Arabic,m
22248,Sai Rapture The Ecstatic Journey of a Modern Day Gopi,Sonya Ki Tomlinson,4.4,,,w
22253,The Secret Lives of People - Real Diary Excerpts from Modern Day America,L.M. Hughes,3.08,,English,m
22256,HOPE is my Wingman,Michael Antcliffe,4.44,,English,m
22262,مقتل فخر الدين,عزالدين شكري فشير,3.59,Novels,Arabic,m
22269,Gastien: The Beginning (The Gastien Series),Caddy Rowland,4.06,,English,m
22273,The Good Old Boys,Elmer Kelton,4.3,Westerns,English,m
22275,My Notorious Life,Kate Manning,4.03,Historical Fiction,English,w
22277,Heaven vs. Hell,Holly Vane,4.17,,English,w
22283,Huckleberry Delights Cookbook: A Collection of Huckleberry Recipes,Karen Jean Matsko Hood,3.8,Cookbooks,English,w
22284,Awakening in the Northwest Territories: One man's search for fulfilment,Alastair Henry,4.41,,English,m
22287,Los cuatro jinetes del Apocalipsis y Cuentos Valencianos,Vicente Blasco Ibáñez,4.0,,Spanish,m
22290,They Must,Hewitt E. Moore,3.55,,,m
22293,زنده‌گی واقعی آلخاندرو مایتا,Mario Vargas Llosa,3.78,Fiction,Persian,m
22294,All I Can Do Is Stand,Aleja Bennett,3.6,,English,w
22295,Forbidden Desire,Helen Barth Villareal,5.0,,English,w
22298,The 4 Painful Life Stories: How We Contracted Hiv/Aids,Francis Otieno,4.57,,English,m
22301,يأجوج ومأجوج: من الوجود حتى الفناء,منصور عبد الحكيم,4.07,Religion,Arabic,m
22304,What Gets You Through,Jason Crabb,4.43,Christian,,m
22305,"Young, Only Once",Lee DeBourg,4.17,,,m
22307,LUZ: Comings and Goings (LUZ book 1),Luis Gonzalez,4.0,,English,m
22311,Birthday King,Gabriel Fielding,5.0,,English,m
22312,O Apanhador de Sonhos,Graça Jacinto,4.83,,Portuguese,w
22329,Crazy For Love,Tahnee Fritz,3.91,,English,w
22333,The Sky is Not Blue,Sandie Zand,4.5,,,w
22336,UFOs: Demonic Activity and Elaborate Hoaxes meant to Deceive Mankind,Peter Dimond,4.5,,English,m
22337,Manhood Of Humanity - The Science And Art Of Human Engineering,Alfred Korkzybski,5.0,Science,English,m
22339,Princess Lizzie and the Time Travelling Magic Cloak,Dr. Van,5.0,,English,m
22344,DARE TO DREAM: This Life Counts. A Secret Guide to Making Your Dreams A Reality.,Debbi Dachinger,0.0,,English,w
22348,Carter G. Woodson Lecture 2013: Sparking the Genius,Karsonya Wise Whitehead,5.0,,,m
22361,الترف وأثره في الدعاة والصالحين,محمد موسى الشريف,3.89,,Arabic,m
22365,Shadows on the Hudson,Isaac Bashevis Singer,3.97,Fiction,English,m
22367,Rendezvous with Hymera,Melinda De Ross,4.28,,English,w
22369,One Week With Her,Biswanath Pati,3.45,,English,m
22370,युगंधर,Shivaji Sawant,4.27,Marathi,Marathi,m
22371,Araf,"Elif Shafak , Elif Şafak",3.69,Fiction,Turkish,w;w
22373,Kallikaattu Ithigaasam,Vairamuthu,4.08,Fiction,Tamil,m
22375,Wheel Wolf,January Valentine,4.14,,English,m
22377,December Flower,Judy Allen,4.0,,,w
22378,محمد على: رؤية لحادثة القلعة,حسين كفافي,3.73,History,Arabic,m
22404,Escape from Shadow Lake,B.L. Hoffman,4.25,,English,m
22407,Talk,Michael A. Smerconish,3.49,Fiction,English,m
22410,Agama-Agama Dunia (World Religions),Michael Keene,3.95,Islam,Indonesian,m
22411,The Nude,Margaret Sisu,4.33,,English,w
22412,உப பாண்டவம் [Uba pandavam],S. Ramakrishnan,4.05,,Tamil,m
22413,Checkered Crime,Tonya Kappes,4.1,Mystery,English,w
22418,Button Goes to the Doctor,Joyce Mitchell,4.25,,,w
22421,"Stonehenge: As Above, So Below",Paul D. Burley,4.17,,,m
22422,La protegida del Lord,Andrea Milano,3.0,,Spanish,w
22423,Lose Weight Fast: Best Tips and Strategies for Diet Exercise and Fitness Training for Total Life Transformation in 30 Days!,Sheryl Blume,3.33,,English,w
22425,The Gold Mine,Max Cummings,4.36,Erotica,English,m
22428,Freedom from Bosses Forever,Tony Robinson,4.5,Business,English,m
22430,Another Year in Oman: Between Iraq and a Hard Place... (American Experiences in Arabia),Matthew D. Heines,3.92,,English,m
22438,عذاب السنين,حمد الحجي,3.34,,Arabic,m
22439,The Gravedigger's Daughter,Joyce Carol Oates,3.55,Fiction,English,w
22441,Nevada,Imogen Binnie,4.01,Fiction,English,w
22442,O trůn a lásku,Jiří Pernes,5.0,,Czech,m
22443,The Leopard Stratagem,T.A. Uner,4.38,Historical,English,m
22449,TITAN: From Earth's Past A Hero Rises (Adventures Of An Olympian) Book 1,Jeff Fuell,4.17,,English,m
22451,Pocketful of Poesies,Toula Mavridou-Messer,4.79,,English,m
22452,Αναζητώντας Κροκανθρώπους,Νικόλας Άσιμος,3.72,,"Greek, Modern (1453-)",m
22463,Soul Searching,J.M. Northup,4.71,,English,m
22470,"Castle Stories (Poetry, #3)",Vanessa M. Chattman,0.0,,English,w
22471,Raising the Darkness,Chris Marie Green,4.22,,English,m
22474,Left on the Edge,Sarah Richards,4.0,,English,w
22477,Segreto Italiano: Secret Italian Recipes & Favorite Dishes ...... Italian Cookbook,Daniel Bellino-Zwicke,3.95,Cooking,English,m
22497,Midnight Desire,Sandra Shrewsbury,4.64,,English,w
22498,Stephanie Lisa Tara's Turtle Book,Stephanie Lisa Tara,4.78,,English,w
22500,Destroy the Opposition,Jamie Lewis,4.56,Fitness,English,m
22502,For Better or for Worse,Krissy V.,4.32,,English,w
22503,Aimee and the Bear,ToStone,4.63,Fiction,English,m
22504,Tesoro: Secrets of the Hidden Treasure,Andrea Hintz,4.23,Adventure,English,w
22505,Words of Jesus: According to Matthew,Josephine D. Hasan-Kerr,4.0,,,w
22507,The Best Romance Ever,Ina Disguise,5.0,,,w
22510,Keep Her,Robyn Roze,4.47,,English,w
22520,A Singular Man,J.P. Donleavy,3.83,Fiction,English,m
22529,Heavenly Bodies,David Vance,4.67,LGBT,English,m
22532,Mengetuk Cintamu,Asma Nadia,3.42,Indonesian Literature,Indonesian,w
22535,Shadows Of The Midnight Sun,"Graham Brown , Spencer J. Andrews",4.17,Urban Fantasy,English,m;m
22537,The Foreign Field,Cynthia Harrod-Eagles,4.37,Historical Fiction,English,w
22538,Për mbrojtjen e atdheut,Foqion Postoli,5.0,,,m
22539,Zombie Zone Zero,"Robert Knight, Cindy Bouchard",3.75,Zombies,English,m;w
22541,How To Build a Pallet and Plastic Bottle Greenhouse from Junk: A Self-Build Project,Eco T.,3.5,,English,m
22543,Where the Flowers are Purple: How Aiden Found The Secret to Positive Thinking. (Motivational Stories for Children Collection Book 1),Sarah Lawrence,4.8,,English,w
22549,La Noble Ernestina,Pablo Llonto,3.92,,,m
22553,Confessions of an Idiot,Chris Douggs McDougall,4.31,,English,m
22554,"Eggs, Butter, Sugar and Disaster",Alicia L. Wright,4.1,,English,w
22555,"""Noruwei No Mori"" No Murakami Haruki",Hideyuki Sakai,4.07,,,m
22559,Skye's High Fly'n Adventures: How Skye Gets His Name,Dudley Allen King III,5.0,,,m
22562,Mox Nox,Joan Cornellà,4.0,Comics,,w
22563,Love After Dust,James McLaughlin Ward,3.82,Post Apocalyptic,English,m
22570,Twisted Faith of a Side Bitch: Pennsylvania,K.C. Blaze,4.35,,English,m
22572,Met Sterre op reis door ruimte en tijd,Russell Stannard,4.08,,Dutch,m
22574,The Sadness Winter in Korea,Rizki De  (Student),4.03,Novels,Indonesian,m
22576,Yusuf ile Züleyha,Nazan Bekiroğlu,4.09,Turkish Literature,Turkish,w
22582,The Woman Who Was God,Francis King,3.63,,English,m
22583,Dating Death Match,Mike Bernsten,4.75,,English,m
22587,"Bar Nights (The Mire Man Trilogy, #1)",Dave Matthes,4.4,,English,m
22588,ليتني امرأة عادية,هنوف الجاسر,2.89,Novels,Arabic,m
22590,Püha Maama,Elo Viiding,3.71,,Estonian,m
22593,"Milkshake Bar: Shakes, malts, floats and other soda fountain classics",Hannah Miles,3.69,Cooking,English,w
22596,Diario de Aya Kitou,Sanchez Gomez David,4.5,,Spanish,m
22600,"Best Hikes With Kids: Washington DC, The Beltway & Beyond",Jennifer Chambers,5.0,,English,w
22601,"Dance, Gladys, Dance",Cassie Stocks,3.85,Fiction,English,w
22606,alone... you're not,serenity finlay,5.0,,English,m
22609,THE YEAR OF THE FROG: A Tattletale Fairytale,Juls Amor,3.5,,English,m
22615,الوهابية دين سعودي جديد,سعود بن عبد الرحمن السبعاتي,3.89,,Arabic,m
22617,"The Children of the Maize: Seven Ancient Mayan Secrets to Spiritual Enlightenment, Peace and Happiness",Arnulfo G. Oxlaj,4.07,,English,m
22627,Unmarked: Sean's Story,Alisa Mullen,4.53,New Adult,English,w
22629,The Silent Soldiers: Back To School,Travis Stinnett,4.83,,English,m
22642,Infinite Limits: A Conclusion to Small Circles,Megan Duke,5.0,,English,w
22644,Burger's Daughter,Nadine Gordimer,3.53,Fiction,English,w
22645,The Horse Dealer’s Bargain for A Bride: Horse Dealer Texas Cowboy (JJ Fox Sweet Western Romance The Series Book 3),J.J. Fox,3.83,,English,m
22649,Mansai Na Diva,Jhaverchand Meghani,4.51,,Gujarati,m
22650,Temporary Partner,Nicole Tillman,4.5,,English,w
22651,Soft Shatter,Dany Rae Miller,4.1,Paranormal Romance,English,w
22653,JUTAWAN MLM,Razzi Armansur,4.0,,Malay,m
22655,Fifteen - When Boys Become Men,Fraser Smillie,5.0,,English,m
22663,"Cocaine Ain't for Me, but I Love the Smell",Justone Malone,5.0,,,m
22668,100 سؤال وجواب في الفقة الإسلامي,محمد متولي الشعراوي,4.32,Islam,Arabic,m
22669,Érase una vez en Colombia: Comedia romántica y El espantapajaros,Ricardo Silva Romero,4.2,,Spanish,m
22670,"Twelve Years in the Grave: Mind Control with Electromagnetic Spectrums, the Invisible Modern Concentration Camp.",Soleilmavis Liu,4.5,,,m
22672,Born to Die in My Place: A Timeless Story,Diana Rowe,4.8,,English,w
22673,Mörderische Gutenachtgeschichten,BlackLily,4.6,,English,m
22681,Rest You Merry,Charlotte MacLeod,3.97,Mystery,English,w
22687,Tales From a Land of Gods,M.C. Queen,3.25,,English,m
22694,How To Win Friends And Influence People,Megan Coulter,3.25,,English,w
22695,The Collar Duet,Alexandra Iff,4.2,,English,w
22698,¡Hay un dinosaurio en mi sopa!: Una guía rápida sobre evolución biológica,Álvaro Chaos Cador,3.88,,Spanish,m
22699,Uriel's Absolution,Mary Sage Nguyen,4.4,,,m
22703,Feep's Commentaries,John Blandly,5.0,,,m
22707,Gathering Lies,Meg O'Brien,3.51,Mystery,English,w
22711,1939,Richard McDowall,3.95,Mystery,English,m
22713,Sarita sarita tú eres bien bonita,Miguel James,3.67,,Spanish,m
22719,How God Wants Us to Worship Him,Joseph C. Morecraft III,4.0,Theology,English,m
22720,Emmaus,Alessandro Baricco,3.28,Fiction,Italian,m
22723,My Precious Iris (Mypi),Melur Jelita,4.48,Novels,,m
22729,Al Muwaththa’ Jilid 2,Malik Ibn Anas,5.0,,Indonesian,m
22732,نقاب مرگ سرخ و ۱۸ قصه دیگر,Edgar Allan Poe,3.89,Short Stories,Persian,m
22743,The Way It Is: A Treatise On Energetic Truth,Serge Benhayon,4.68,,,m
22754,Astrology vs. Astronomy,Abdul-Jabbar Khan,3.0,,English,m
22763,10 Ways to Get Rid of a Double Chin Fast And Easy,Michael Zhang,5.0,,English,m
22769,Senran Kagura: Skirting Shadows Vol. 2,Kenichirou Takaki,3.33,Manga,English,m
22770,Falling Star,H.B. Catherine,4.42,,,m
22776,Grasă şi proastă,Rodica Ojog-Braşoveanu,4.11,Romanian Literature,Romanian,w
22779,Remains,Belle Antoinette,4.05,Paranormal,English,w
22782,EGGS,Debbie Lacy,3.67,,English,w
22786,HIDDEN MICKEY 2: It All Started...,"Nancy Temple Rodrigue, David W. Smith",4.34,Mystery,English,w;m
22787,"Angel Valence (The Angel, #1)",Max Davine,4.67,,English,m
22790,The Hot Sauce Book: Recipes for Making Your Own Hot Sauces and Cooking With Them (The Essential Kitchen Series Book 3),Sarah Sophia,3.76,Cookbooks,English,w
22794,Aku Suka Dia,Iman Zahra,3.92,,Malay,m
22795,Make Anything Whole,Brendan Walsh,4.67,,English,m
22811,Butterfly Tears,Zoë S. Roy,4.38,China,English,w
22812,Treasures of the Night,Bruce Lee Bond,4.57,Historical Fiction,English,m
22813,Turning the Tide,Lilah Jayne,4.5,,,m
22814,No One To Trust (No Way Out Book 3),"Olivia Hauvuy, Jane McNulty",5.0,,English,w;w
22819,Lusi Lindri,Y.B. Mangunwijaya,3.97,Indonesian Literature,Indonesian,m
22822,Paaz,Myrthe van der Meer,3.83,Fiction,Dutch,w
22825,Veštičje ludilo,Lazar Janic,4.93,,Serbian,m
22830,American Speed: From Dirt Tracks To Nascar,LIFE Magazine,3.89,,English,m
22834,Lady Oracle,Margaret Atwood,3.68,Fiction,English,w
22837,Deadly Spring,Lajos Zilahy,4.15,Hungarian Literature,English,m
22840,Rise of the Necromancers,Holly Blackstone,4.75,,English,w
22841,Save Money at the Dentist! Healthy Teeth for Life!:,Garry Bonsall,5.0,,English,m
22843,Scout's Honor,Dori Ann Dupré,4.36,Fiction,English,w
22846,Fighting for Love: Divine Secrets to a Happy Relationship,Liliya Akhmadeeva,4.13,Relationships,English,w
22850,Prem Raas: Gujarati Edition,Ketki Shah,4.67,,English,m
22853,Child Witch London,Mike Orms,4.64,,,m
22857,বিভাময় অরুন্ধতী,রূপকথা রুবি,0.0,,Bengali,m
22858,Lil Mama Need Love Too,Le'Vonne,4.38,,English,m
22860,Franklin Academy,Allison Simon,4.14,,English,w
22862,مسند الإمام الشافعي,محمد بن إدريس الشافعي,4.94,,Arabic,m
22863,Cookie Dough or Die,Virginia Lowell,3.77,Mystery,English,w
22869,F,Daniel Kehlmann,3.66,Fiction,German,m
22870,Unleash the POWER of Branding: The Smart Guide to Branding for Beginners,Joe Praveen Sequeira,5.0,,English,m
22871,The Feel of Forever,Lyn Denison,3.63,Lesbian,English,m
22878,Lights of Polaris,Melodie Ramone,4.36,,English,w
22880,الشخصية الساحرة,كريم الشاذلي,3.73,Self Help,Arabic,m
22882,La Tour d'arsenic,Anne B. Ragde,3.45,Fiction,Norwegian,w
22884,The Road to Somewhere far from Buxton,Michael Dartnell,4.0,,English,m
22889,La gana,"Fred Deux, Jean Douassot",4.67,,French,m;m
22890,Makam,Rita Choudhury,3.94,,Assamese,w
22892,Kasih Antara Kita,Aleya Aneesa,3.99,Novels,Malay,m
22897,Uykuların Doğusu,Hasan Ali Toptaş,4.19,Turkish Literature,Turkish,m
22899,Fragments Of Her Identity,Rita Pam Tarachi,5.0,,English,w
22906,Afrodites basseng,Gert Nygårdshaug,4.01,Fiction,Norwegian,m
22908,The Makings of a Fatherless Child,Chandler Alexander,3.97,Fiction,,m
22909,الكون والثقوب السوداء,رءوف وصفي (إعداد),3.78,Science,Arabic,m
22910,Jewel,Bret Lott,3.67,Fiction,English,m
22911,Protection of Love,L.R.Lee,0.0,,,m
22916,فتاوى وأحكام,محمد متولي الشعراوي,3.0,,Arabic,m
22923,La herencia de la tierra,Andrés Vidal,4.08,,Spanish,m
22927,Sunset Boulevard Murders: A Jeff Kelly Mystery (Jeff Kelly Detective Mysteries Book 1),William Hare,4.92,,English,m
22934,La femme invisible,Tina Noiret,4.33,,English,w
22938,Diary of a Jewish Muslim: An Egyptian Novel,Kamal Ruhayyim,4.0,Novels,English,m
22941,"Big, Fat American Lion Book: An Active Guide for How to Live a Better Life Being Fat","Alessandro Boccaletti , Amerigo Consta",4.25,,English,m;m
22942,Vivienne: The Lost and Found (Part 1),S.M. Bowles,3.89,,English,m
22947,Reveries of the Dreamking,Paul Christensen,5.0,,English,m
22948,Sir Percival and the Nightmare,Jason Pere,5.0,,,m
22949,A Gift of Love and Joy,Santosh Gangwani,0.0,,English,m
22950,Hank Brodt Holocaust Memoirs - A Candle and a Promise,Deborah Donnelly,4.53,,English,w
22951,America's Fiscal Constitution: Its Triumph and Collapse,Bill White,3.97,Economics,,m
22958,Billionaire Romance: Music in His Heart,Amerine Graham,3.5,,,m
22959,"I'm Not Dead, I'm Different: Kids in Spirit Teach Us About Living a Better Life on Earth",Hollister Rand,4.32,,English,m
22961,"The Ultimate Guide to Spiritual Warfare: Learn to Fight from Victory, Not for Victory!",Pedro Okoro,4.67,,English,m
22965,Obsessão / Desobsessão,Suely Caldas Schubert,4.41,,,m
22967,The Call of Soul,Harold Klemp,4.62,,English,m
22968,Nászjelentés : történet 101 lélegzetre,Vavyan Fable,4.26,Hungarian Literature,Hungarian,m
22970,The World Made Straight,Ron Rash,3.88,Fiction,English,m
22972,Zootopia,Jaxy Mono,4.08,,English,m
22976,Cries of the Eagle,Michael E. Nathanson,4.31,,English,m
22980,الرغيف,توفيق يوسف عواد,4.01,Fiction,Arabic,m
22983,Retour parmi les hommes,Philippe Besson,3.86,France,French,m
22994,إدارة التوحش,أبو بكر ناجي,3.11,Politics,Arabic,m
23005,Chained to Love: The Darker Side of Slavery,Toni Mariani,4.0,,English,m
23006,The Last Confession,Pat Kelley Brunjes,4.25,Mystery,,m
23007,After the Blue Hour,John Rechy,3.36,Fiction,,m
23010,माझी जन्मठेप,V.D. Savarkar,4.38,Marathi,Marathi,m
23012,Three Hills,Mark Montgomery,4.23,Historical Fiction,English,m
23017,Black Mamba,Diane Theiler,4.0,,,w
23018,Cherry Blossom,Sotia Lazu,4.1,Urban Fantasy,English,m
23022,"How To Win Football Bets Easily, Every Time: Top Secrets, Tips And Best Strategies For Winning Big",B Guru,0.0,,,m
23023,Honeymoon at the Hilton,Stephen B. Cooper,4.32,,English,m
23024,Blachart,Christina Engela,4.24,,English,w
23026,Tales of the Lantern,Dedra L. Stevenson,4.2,,English,w
23027,The Unexpected Vacation of George Thring,Alastair Puddick,3.76,Fiction,English,m
23029,"The Kabbalah of Jesus Christ, Part 1 The True Good Tidings",Abo Polak,5.0,,English,m
23032,Kaguya Hime: A Tale of the Bamboo Cutter,"Melissa Mahinay, Melissa M. Futrell",4.0,,English,w;w
23034,The Noble Mercenary,Patrick John Donahoe,4.0,,English,m
23035,Ragged Company,Richard Wagamese,4.32,Fiction,English,m
23038,Bir Uyuyup Uyanalım,İrfan Değirmenci,4.2,,Turkish,m
23039,Secrets: A Best Friend Betrayal,Brittany Nicole,4.82,,English,w
23040,Dobrovolnice,Hana Hindráková,4.0,,Czech,w
23041,The Literature of the Indian Diaspora: Theorizing the Diasporic Imaginary,Vijay Mishra,3.17,,English,m
23045,The Puzzle: How to Become the Master of Your Own Life,Natalie Delman,4.5,,English,w
23049,Strawberry Yellow,Naomi Hirahara,3.79,Mystery,English,w
23053,Benn,Laurie Olerich,4.64,,,w
23059,The Adventures of Dwarfgiants: Serpent of the Sulphur Sea,Steven Jacklin,4.83,,,m
23068,Setangkai Melati di Sayap Jibril,Danarto,4.01,Indonesian Literature,Indonesian,m
23074,Kostym,Ninni Holmqvist,3.79,Short Stories,Swedish,w
23076,Summary of Essentialism: by Greg McKeown | Includes Analysis,NOT A BOOK,4.33,,,m
23078,Relativitätstheorie in 60 Minuten,Reinhard Pietsch,5.0,,German,m
23081,عجايب الآثار في التراجم والأخبار :الجزء الأول,عبد الرحمن الجبرتي,3.63,History,Arabic,m
23082,La ciudad enmascarada,Rafael Marín,3.33,,Spanish,m
23083,Take Her to the Dark Side: the things a woman's body was made for,Anonymous,3.88,Sexuality,,m
23084,Reese Chronological Bible-KJV,Edward Reese,4.59,Christian,English,m
23095,Flower of the Causses,Annie Hardacre,3.5,,English,w
23101,"Arcadia, Una tragedia moderna",Samantha Devin,4.32,,Spanish,w
23102,Cantik itu Luka,Eka Kurniawan,3.99,Fiction,Indonesian,w
23110,Going West,Maurice Gee,3.85,Fiction,English,m
23111,Book of Never: Volumes 4-5,Ashley Capes,4.17,,English,m
23113,Noticias del Imperio,Fernando del Paso,4.34,Historical Fiction,Spanish,m
23123,La maldición del brujo-leopardo,Heinz Delam,2.95,,Spanish,m
23126,Intimacy On The Plate (Extra Trim Edition): 209 Aphrodisiac Recipes to Spice Up Your Love Life at Home Tonight,Olga Petrenko,4.38,Cooking,,w
23127,Sadie the German Shepherd Dog Puppy: How to House-Train your GSD without a Crate (Sadie the GSD),Yohai Reuben,5.0,,English,m
23129,Legend of Idia. The Call of the mask,Jovita Efehi Obadolagbonyi,4.56,,English,w
23130,Días de Reyes Magos,Emilio Pascual,3.51,,Spanish,m
23136,The Right Person,Stacy A. Padula,5.0,,English,m
23143,Calico,Kade Cook,4.5,,English,m
23147,Säädyllinen ainesosa,Leena Parkkinen,3.52,Finnish Literature,Finnish,w
23148,Destination Anywhere,Felicity Brandon,4.61,Erotica,English,w
23151,Poems from a Runaway,Ben Westwood,4.62,,English,m
23152,Put It Down,Maya Claridge,5.0,,,w
23153,Smith,Sam B. Miller II,4.02,,,m
23154,The Italian Party,Christina Lynch,3.56,Historical Fiction,English,w
23157,In The Name of the Family,Sarah Dunant,3.75,Historical Fiction,English,w
23160,The Unexpected Warrior: an Ace Stone adventure #1,Nicholas A. Price,4.92,,English,m
23166,De heilige Rita,Tommy Wieringa,3.59,Fiction,Dutch,m
23173,Cage Runner,Vera Brook,4.6,,English,w
23175,Voice of the Elders,Greg Ripley,4.38,,English,m
23181,The Lloyd Haynes Story: A Remarkable Journey to Stardom,Carolyn Haynes,4.67,,English,w
23183,FOREVER MEN: Why the Dreams of Martin Luther King Jr. and Malcolm X Can Still Save Blacks In America,Raymond Sturgis,4.75,,,m
23184,Dead Fall,Joseph Xand,5.0,,,m
23185,The Hired Man,Aminatta Forna,3.92,Fiction,English,m
23186,Gray Zone,Veronica R. Tabares,4.37,,English,w
23187,Phileine zegt sorry,Ronald Giphart,3.28,Fiction,Dutch,m
23188,The Asylum Dweller's Diary,Sudipta Das,4.07,,English,w
23189,Ash Rising,Tracy Dale,4.33,,,m
23191,Book of the Anointed,J. Moon,3.42,Urban Fantasy,English,m
23194,The Song of Ribhu: Translated from the Original Tamil Version of the Ribhu Gita,H. Ramamoorthy,4.84,,English,m
23201,When We People the Land,Wendy M. Wilson,4.1,Historical Mystery,English,w
23203,The Zebra Elephant,Lindi Oliveira,5.0,,,m
23207,The Rockefeller Murders,River Smith,5.0,,English,m
23213,"El Guantelete del Infinito (Jim Starlin, #3)",Jim Starlin (Guión),4.05,Comics,Spanish,m
23218,The Beachhead,David Anderson,4.84,Science Fiction Fantasy,English,m
23220,Dragon Envy,Kelly Armenta,4.3,Reverse Harem,,m
23221,Seven for a Secret,Lyndsay Faye,4.06,Historical Fiction,English,m
23222,A Silent Promise: Volume 1,Namrata Gupta,3.69,,English,m
23226,The Cypher Bureau,Eilidh McGinness,4.27,,English,w
23227,It Is Not What It Is: THE REAL (s)PAIN OF EUROPE,Vincent R. Werner (Illustrator),3.31,,,m
23229,The Fervent Exchange,Christopher Felton,5.0,,English,m
23230,Under the Sun,Tiger Lewis,4.57,,,m
23233,ویران می‌آیی,حسین سناپور,3.23,Novels,Persian,m
23236,Spook (Get Spooky #1),Jinx,4.57,,English,m
23238,The Death of Vultures,Susan Wingate,3.93,Fiction,English,w
23239,کباب غاز,Mohammad Ali Jamalzadeh,4.02,Short Stories,Persian,m
23241,A Book Of Poetry: The Complete Works,Oliver Oyanadel,5.0,,,m
23243,"Animal Moves: How to move like an animal to get you leaner, fitter, stronger and healthier for life",Darryl Edwards,4.09,Fitness,,m
23245,"Reviews by Cat Ellington (The Complete Anthology, #2)",Cat Ellington,5.0,,English,m
23246,Orgasm: Ultimate Guide To Perfect Sex,Violet Karma,5.0,,English,w
23247,Only Human: Part One - Aftermath,Wesley Gray,4.5,,,m
23250,Mermaid Indi,Leanne Sicrea,5.0,,,w
23251,Thumbwars,Sam Nortey Jr.,0.0,,,m
23252,Electric Fences,Gugu Hlongwane,5.0,,,m
23253,"The English Bible, King James Version: The Old Testament and The New Testament and The Apocrypha",Gerald Hammond (Editor),4.6,,English,m
23256,የተቆለፈበት ቁልፍ,ምህረት ደበበ,3.74,Fiction,Amharic,m
23258,Going Back to Zen: Where to Find Peace So You Can Live Like Mad,Janine Vance,4.96,,English,w
23259,Macabre Tales,Tony Thorne,4.36,,English,m
23260,One Night Only,G.P. Ritchie,4.14,Contemporary,English,m
23261,God is Weary: Tragic and Witty Short Tales,Cristina G.,5.0,,,w
23263,Oranges at Christmas in a Communist Country: A Memoir,Cristina G.,5.0,,,w
23267,"My Friend, My Hero (The Hero Book Series)",Jerald LeVon Hoover,4.78,,,m
23269,Rewire The Black Mind To Prosper: Common Sense Approach to Self-Empowerment,LaTonya Page-Balkcom,3.6,,,m
23270,Enchanting Love (E Love Series Book 2),Danyelle Scroggins,4.56,,,w
23272,Love By Chance,Holly Willow,5.0,,English,w
23273,Old Heart,Peter Ferry,3.98,Fiction,,m
23274,The Bastard Boys of Montezuma,Jaromy Henry,3.8,Westerns,,m
23275,"Teenage Murderer: Alyssa Bustamante (True Crime Bus Stop Reads, #29)",Bus-Stop Guides (Editor),3.32,True Crime,English,m
23283,E Lillian Volkmer - Poet: The Early Years,E Lillian Volkmer,5.0,,,m
23285,Pratishruti,Dhruv Bhatt,4.55,,Gujarati,m
23286,Transit to Zeiss: Book One of the Codex Veritatis Trilogy,Jeffrey Chase,3.5,,English,m
23289,"The Daily Quest: Conquering a Sound Body, a Sane Mind, and a Soft Heart",Fox Lehjika,5.0,,,m
23293,Beneath the Surface,Amy McKinley,4.67,,English,w
23296,The Middle Ground: Stories,Jeff Ewing,4.21,Short Stories,,m
23299,Beyond Infinity: A MatheMATTical Adventure,Charles Ames Fischer,3.0,Mathematics,English,m
23303,பெருவலி,சுகுமாரன் (Sukumaran),4.0,,Tamil,m
23305,The Ave,Arcy Jay,4.0,,,m
23306,Sea of Lost Souls,Emerald Dodge,4.47,,English,w
23308,Dog Gone,Diane Moat,4.15,Suspense,English,w
23309,Fastest in the West,Anfaney Gladwin,4.58,,,m
23310,Z Troop The Marrakech Gamble: A Conner Ryan Series,Anthony McNally,4.67,,,m
23311,Justified: The Story Of Caterrious Mitchell,Thomas J.,4.86,,,m
23313,The ATTITUDINALISTS: The Happiest & Most Successful Employees In the World,Rodolfo Martin Vitangcol,5.0,,English,m
23314,Create Your Own Life,Dennis Amankwah,5.0,,,m
23315,A Flecha de Fogo,Leonel Caldela,4.61,,Portuguese,m
23319,Bayou Da Vinci,David Pierson,4.4,,English,m
23327,The Orichalcum Rod,Travis Pearson,4.73,,,m
23332,Veritable Key of Solomon,"Stephen Skinner, David Rankine",4.63,Occult,English,m;m
23334,Oskar superhjälte,Marie Bosson Rydell,5.0,,Swedish,w
23337,BURGUNDY DOUBLOONS & THE HIGH PRIESTESS OF NEW ORLEANS!,T.J. Spencer Jacques,4.52,,English,m
23340,Teddy looks for something special,Misty Jones,5.0,,English,m
23343,"Alias ""Paine"": Lewis Thornton Powell, the Mystery Man of the Lincoln Conspiracy, 2d ed.",Betty J. Ownsbey,4.45,,English,w
23344,Cancer Trip: Curing Cancer with Humour. And Pot. And Chemo.,Steve Parton,4.0,,,m
23351,Numerical Methods,Germund Dahlquist,4.33,Mathematics,English,m
23361,Avah and the Zombie Kitty,Stephen A. Dymarcik II,4.0,,,m
23362,Ústava Země,Josef Šmajs,5.0,,Czech,m
23368,‫نزيف الحجر: الادب ‬,إبراهيم الكوني,3.89,Fiction,,m
23369,All She Ever Needed,Lora Logan,4.52,,,w
23372,Vinegar Hill,A. Manette Ansay,3.39,Fiction,English,m
23373,Pavitar Paapi,Nanak Singh,4.2,Fiction,Panjabi; Punjabi,m
23376,Ayden The Astronaut: A Rhyming Story About Loving Earth And Its Animals,Helen G.,5.0,,English,w
23377,"Ask Again, Yes",Mary Beth Keane,3.99,Fiction,English,m
23379,Het fantoom van Alexander Wolf,Gajto Gazdanov,3.67,,,m
23386,Absolute Y: The Last Man Vol. 2,Brian K. Vaughan,4.36,Comics,English,m
23388,The Tales Of Vetzuman ( Part 1),Divyansh Mishra DM,4.83,,,m
23391,Most of All They Taught Me Happiness,Robert Muller,4.5,Self Help,English,m
23397,Beneath the Willow,Michael J. Murphy,4.29,,English,m
23399,Shadow of a Killer,David Anderson,4.88,,English,m
23400,Data Structures and Algorithms Made Easy: Data Structures and Algorithmic Puzzles,Narasimha Karumanchi,4.11,Programming,,m
23409,Resurrección,Alberto Garcia Briz,4.5,,,m
23416,The Shoes of the Fisherman,Morris L. West,4.02,Fiction,English,m
23419,Berpikir Seperti Nabi,Fauz Noor,4.17,,Indonesian,m
23420,The Sound of Drums / Last of the Time Lords,James Mortimer,4.0,Doctor Who,English,m
23436,Written In Blood (Book One Of The Unnatural Brethren),Silvana G. Sánchez,4.5,,English,w
23442,نهارك سعيد,أحمد رجب,3.55,Short Stories,Arabic,m
23450,Sorrento Girl,Dawn Klinge,4.46,Christian Fiction,,w
23454,قلبي ليس للبيع,نبيل فاروق,3.61,Short Stories,,m
23458,A Little Lumpen Novelita,Roberto Bolaño,3.64,Fiction,English,m
23459,يوم الثلاثاء,أمين يوسف غراب,3.54,,Arabic,m
23460,SPARKS: Ideas to Ignite Your Business Growth,Shweta Jhajharia,5.0,,,w
23487,Heart Centered Living: Messages Inspired by Christ Consciousness,Pamela Kribbe,4.62,Spirituality,English,w
23488,Shadow Child,Rahna Reiko Rizzuto,3.33,Historical Fiction,English,m
23498,"Shifter's Hope (Spirit Walkers Saga, #1)",Laura Hawks,4.17,,English,w
23500,Chase the Wind: A Book of Poetry,Sherman Kennon,4.17,Novels,English,m
23502,A Great Life Starts with Gratitude: The Practice of Appreciation that will Transform Your Life: A Gratitude Journal,"Laura Gawne, Susan Bain",5.0,,English,w;w
23503,The Blue Book of Stories (Boy Stories),Tom Longano,4.5,,English,m
23507,Das Versprechen: Requiem auf den Kriminalroman / Aufenthalt in einer kleinen Stadt: Fragment,Friedrich Dürrenmatt,3.96,German Literature,German,m
23519,JOHN LARS ZWERENZ THE COMPLETE ANTHOLOGY,John Lars Zwerenz,4.83,,English,m
23522,K-The ultimate truth(K-The Last Warrior Book 2),Tarun Jolly,4.4,,Hindi,m
23525,Soul Storm,John Corwin,4.65,,,m
23531,1001 اختراع و حقيقة مدهشة عن الحضارة الإسلامية,National Geographic Society,4.46,,Arabic,m
23537,Dad & Daughter - 2: Saved from Gallows,M K Devidasan,4.8,,,m
23538,....and then along came Rudy!,Sam Schichter,4.6,,,m
23539,Everyday A**holes: Drawings By Dean Blake,Dean Blake,5.0,,English,m
23540,Tiare in Bloom,Célestine Hitiura Vaite,4.0,Fiction,English,w
23543,Beneath the Veil,Micah T. Dank,4.6,,English,m
23548,The Bride from Moscow,Natasha Lukin,5.0,,English,w
23549,"3 Friends Celebrate: Ali, Kelly and Ben",M Maktari,5.0,,,m
23555,The Girl with the Louding Voice,Abi Daré,4.49,Fiction,,m
23556,Sin mi ayer,Alejandra Abraham,4.9,,,w
23563,"Spifford Max and the Cycle Pups Go to Washington, DC",Louisa Mastromarino,5.0,,English,w
23568,"Buck Rogers in the 25th Century: The Complete Newspaper Dailies, Vol. 7: 1938-1940",Philip Francis Nowlan,4.5,,English,m
23576,Achille piè veloce,Stefano Benni,3.74,Fiction,Italian,m
23582,The World of David Walliams. Book of Stuff,David Walliams,4.36,,,m
23589,The Property of Hate Volume 2,Sarah Jolley,4.48,Comics,English,w
23590,Eu Não Sei Lidar,Lucas Silveira,4.41,,Portuguese,m
23591,Christodora,Tim Murphy,4.27,Fiction,,m
23599,The Pull of the Stars,Emma Donoghue,4.02,Historical Fiction,English,w
23601,Killing the Story,Joan Livingston,4.47,Mystery,English,w
23603,Bize Göre,Ahmet Hâşim,3.51,Turkish Literature,Turkish,m
23606,Metafizyka: zarys teorii bytu,Mieczysław Albert Krąpiec,5.0,,,m
23613,My Other Life,Paul Theroux,3.81,Fiction,English,m
23621,Beyond the Curve,Kōbō Abe,3.68,Short Stories,English,m
23622,"Ад одиночества: Рассказы, эссе (Классика)",Ryūnosuke Akutagawa,4.16,Japanese Literature,Russian,m
23623,Vattenhjärta,Cilla Naumann,4.67,Swedish Literature,Swedish,w
23631,Like Hell,Ben Weasel,3.52,Fiction,English,m
23633,Siete Minutos Para La Revolucion: El Fenomeno De Los Fans (Tu Veras),Jordi Sierra i Fabra,3.09,,Spanish,m
23640,Pajo,Karl L. Kruger,4.83,,English,m
23642,Daughter! I Forbid Your Recurring Dream!,James Chapman,3.69,,English,m
23645,Blood on His Hands,Mark P. Sadler,4.27,,English,m
23647,Last Ride,Thomas Eidson,3.96,Westerns,English,m
23653,Dare to Make A Difference - Success 101 FOR TEENS,John A. Andrews,2.67,,,m
23654,Moo,Jane Smiley,3.46,Fiction,French,w
23659,De que João Pessoa tem Medo? Uma abordagem em Antropologia das Emoções,Mauro Guilherme Pinheiro Koury,5.0,,Portuguese,m
23664,Death Takes Passage,Sue Henry,3.84,Mystery,English,w
23672,Death Around the Corner,C-Murder,4.47,Fiction,English,m
23673,الفقه الإسلامي في طريق التجديد,محمد سليم العوا,3.62,,,m
23681,The Radiant Way,Margaret Drabble,3.76,Fiction,English,w
23687,Great Moments in Aviation & Oranges are Not the Only Fruit: Two Filmscripts,Jeanette Winterson,4.1,,,w
23697,The Bitch is Back,Deja King,4.67,Urban,English,w
23698,In the Image,Dara Horn,3.9,Fiction,English,w
23699,The Parker Grey Show,Kristen Buckley,3.5,Fiction,English,w
23701,The Longings of Women,Marge Piercy,3.91,Fiction,English,w
23703,One Nation Under God,Vincent M. Wales,3.88,Dystopia,English,m
23704,Alice's Verse,Alice Batchelor Hambright,5.0,,English,w
23706,Company,Max Barry,3.74,Fiction,English,m
23707,This Book Will Save Your Life,A.M. Homes,3.67,Fiction,English,m
23708,A Day to Pick Your Own Cotton,Michael R. Phillips,4.35,Historical Fiction,English,m
23709,Paco's Story,Larry Heinemann,3.79,Fiction,English,m
23716,Immortal Queen,Elizabeth Byrd,4.09,Historical Fiction,English,w
23720,Titus Et Bouboule En Russie,Andréa Novick,5.0,,French,w
23728,The White Woman on the Green Bicycle,Monique Roffey,3.45,Fiction,English,w
23730,Summer Shorts,Sheena Ignatia (Compilation),3.71,,English,w
23735,Hot and Bothered: A Novel,Annie Downey,3.65,Chick Lit,English,w
23746,"I, JFK",Robert Mayer,4.0,Fiction,English,m
23750,Breathing Room Volume I: Free Verse (Selected Poems 2006-2009),Tom Waters,4.5,,,m
23751,"თითქმის პიკასო და ცოტა ბოსხი, მარჯვნიდან",Mikho Mosulishvili,5.0,,Georgian,m
23753,Sober Justice,Joe Hilley,3.97,Christian,English,m
23756,Billie: The Nevill Letters: 1914-1916,Ruth Elwin Harris,5.0,,English,w
23765,Winter In Aphelion: The Adventures Of Skarry The Dreamer,Chris Dixon,4.0,,English,m
23768,BEYOND the LADY,Stella Eromonsere-Ajanaku,4.57,,English,w
23774,Chalk Outline Confessions,David L.,4.86,,English,m
23777,Human Traces,Sebastian Faulks,3.64,Fiction,English,m
23779,The Piano Man's Daughter,Timothy Findley,3.93,Canada,English,m
23784,The Fat Innkeeper,Alan Russell,4.01,Mystery,,m
23790,Family Guy: Stewie's Guide To World Domination (Family Guy),Steve Callaghan,4.0,Humor,English,m
23791,Mutti's War,M.J. Brett,4.17,Historical,,m
23797,Fixed stars: a novel,Marcie Gallacher,3.67,,,w
23800,Somebody's Sinning In My Bed,Pat G'Orge-Walker,3.89,,English,m
23804,The philosophy of human death,Adam Świeżyński,5.0,,English,m
23805,Lydia,Marie Lawrence,4.4,,English,w
23807,"Spanish Economics in the Sixteenth Century: Theory, Policy, and Practice",Alexander Gallardo,3.25,,English,m
23812,Yesterday Will Make You Cry,Chester Himes,3.95,Fiction,English,m
23814,Distressed Debt Analysis: Strategies for Speculative Investors,Stephen G. Moyer,4.39,Finance,English,m
23816,La Vie d'une autre,Frédérique Deghelt,3.5,France,French,w
23821,"Viktor Rydberg's Investigations into Germanic Mythology, Volume II, Part 1: Indo-European Mythology","William P. Reaves, Viktor Rydberg",4.43,,English,m;m
23822,Nice Girls Don't (BDSM Erotica),Anne O'Connell,3.58,BDSM,English,w
23829,Coveted,Mychea,4.46,,English,m
23836,Mademoiselle Boleyn,Robin Maxwell,3.96,Historical Fiction,English,m
23837,Adjusting Sights,Haim Sabato,4.09,Israel,English,m
23841,Fluga á vegg,Ólafur Haukur Símonarson,4.28,,Icelandic,m
23846,"Tim Madison, Galactic Warrior",Neil D. Ostroff,3.75,,English,m
23850,The Jealousy Bone: Stories,Julie Paul,4.47,Short Stories,English,w
23856,James Tissot: The Life of Christ,Hudith F. Dolkart (Editor),4.89,Art,English,m
23864,Envy: The Root of All Evil,Angel Williams,4.37,,English,m
23865,Eyes Of Reason,Stefan Heym,4.67,,,m
23866,Amerika Monogatari,Kafū Nagai,3.68,Japan,,m
23867,"Silver Vengeance (Gabrielle Gayle, #1)",Kasey Shoemaker,4.18,,English,m
23870,Second Class Citizen,Buchi Emecheta,3.99,Fiction,English,m
23871,Anomaly,Thea Atkinson,3.97,Fiction,,w
23872,The Best of Lucy Felthouse,Lucy Felthouse  (Author),4.18,,English,w
23875,Road to Megara,Cynthia Willerth,3.58,,English,w
23893,Finding Rumi: Catatan Petualangan Perempuan Indonesia di Turki,Najmar,3.44,,Indonesian,m
23897,Polly Parker and the Star of Hope,Martine Jardin,5.0,,English,w
23905,Mob,Roy Glenn,4.44,Urban,,m
23906,"Phonological Representations: Their Names, Forms and Powers",John Coleman,0.0,,English,m
23907,Pages,S.J. Johnson,4.7,,English,m
23916,Peculiar Ways of Essie: Island Style Novel,Luke A.M. Brown,5.0,,English,m
23918,In Step With God: Understanding His Ways and Plans for Your Life,Charles F. Stanley,4.44,Christian,English,m
23922,Tuttle's House of Horror with Drums of the Nunne'hi,James Goodman,5.0,,English,m
23933,The Last Farewell: The Loss of the Collett,Gary Collins,4.38,,English,m
23934,Aliens in the Prime of Their Lives,Brad Watson,3.95,Short Stories,English,m
23937,Hawk's Gift,Mary M. Forbes,4.17,,English,m
23939,Sweet Revenge,Diane Mott Davidson,3.8,Mystery,English,w
23942,فقه النصر والتمكين في القرآن الكريم,علي محمد الصلابي,4.11,History,Arabic,m
23943,Gather the Shadowmen,Mark M. McMillin,3.63,Historical Fiction,English,m
23947,En komikers uppväxt,Jonas Gardell,3.61,Swedish Literature,Swedish,m
23951,Raakh / راکھ,Mustansar Hussain Tarar,4.22,Fiction,Urdu,m
23954,The Other Side of Darkness,Melody Carlson,3.58,Fiction,English,w
23955,"Hooked-Clasps & Eyes: A Classification & Catalogue of Sharp- Or Blunt-Hooked Clasps & Miscellaneous Objects with Hooks, Eyes, Loops, Rings or Toggles",Brian Read,5.0,,English,m
23961,So Shall We Pass,Michael Barrera,4.92,,English,m
23968,Emylee of Forest Springs,Christine Dzidrums,4.48,,English,w
23969,Sheet Music: The Chronicles of Narnia - Prince Caspian,Harry Gregson-Williams,4.37,Music,English,m
23975,Ilona,"Hans Habe, Michael Bullock",3.89,,English,m;m
23978,Flesh Guitar,Geoff Nicholson,3.44,Fiction,English,m
23988,The Ugly Little Bloke,Robert Greenberger,5.0,,English,m
23992,The Call of the Christmas Pecan Tree,Edna Stewart,3.0,,,w
23995,Fornicationn,Julia Press Simmons,4.31,,English,w
23996,Financial Revolution,Matthew A. Easterbrook,4.33,,English,m
23999,The Lonely Polygamist,Brady Udall,3.51,Fiction,English,m
24000,على سرير الشفاه,محمد طمليه,4.19,,Arabic,m
24009,The Man Game,Lee Henderson,3.69,Fiction,English,m
24012,Dating Games,R.M. Johnson,4.09,African American,English,m
24013,The Process,Brion Gysin,4.01,Fiction,English,m
24018,Prague,Arthur Phillips,3.06,Fiction,English,m
24019,Half a Life,V.S. Naipaul,3.25,Fiction,English,m
24031,Deadpool #0,Duane Swierczynski  (Writer),4.48,,Italian,m
24033,The Key of Life; A Metaphysical Investigation,Randolph J. Rogers,4.5,,English,m
24051,Philip and the Others,Cees Nooteboom,3.44,Fiction,English,m
24053,Sweepstakes,Michael Chandley,4.0,,English,m
24054,Lights Out in Wonderland,D.B.C. Pierre,3.54,Fiction,English,m
24055,From Petal To Sepal,Quiana Frazier,0.0,,English,w
24056,The Modern Day Gadianton Golden Boy,Ilyan Kei Lavanway,5.0,,English,m
24057,The Fall of a Sparrow,Robert Hellenga,3.69,Fiction,English,m
24060,بين القلب والقدر,ندى الحائك,4.36,Novels,Arabic,m
24063,الوساوس,محمد أبو الفتوح غنيم  (author),3.7,,Arabic,m
24071,Worüber Männer lachen : 1000 Witze und dumme Sprüche über Blondinen,Jack Young,5.0,,,m
24073,The Officer's Code,Lyn Alexander,4.46,Historical Fiction,English,m
24078,زندگی زيباست (Life is Beautiful),Roberto Benigni,4.2,Media Tie In,Persian,m
24085,The D-Word: Divorce Through a Child's Eyes,Tara Eisenhard,4.33,,English,w
24090,The Boys in the Band,Mart Crowley,3.94,Plays,English,m
24091,Le Bestial Serviteur du pasteur Huuskonen,Arto Paasilinna,3.53,Fiction,French,m
24097,Where are my socks?,Crystal L. Du Bois,5.0,,English,w
24101,Strange Dreams,Richard Reich,5.0,,,m
24108,A Cat's Legacy: Dulcy's Companion Book,Dee Ready,4.64,,English,m
24122,Caught in the Web: A Tale of Tudor Times,Faith Cook,4.18,Historical Fiction,English,w
24126,By Nightfall,Michael Cunningham,3.42,Fiction,English,m
24127,Tehtaan varjossa,Toivo Pekkanen,3.44,Fiction,Finnish,m
24136,2012,Eric J. Gates,3.92,,English,m
24139,Il ristorante dell'amore ritrovato,Ito Ogawa,3.51,Japan,Italian,w
24142,Ariana's Revenge,Nadine Frye,5.0,,English,w
24145,The Gold Tinderbox,Paul Camster,5.0,,English,m
24156,زوار السفارات,محمد صالح الشمراني,3.49,Novels,Arabic,m
24157,Motel Life,Willy Vlautin,3.9,Fiction,German,m
24159,The Tsar's Dwarf,Peter H. Fogtdal,3.72,Historical Fiction,English,m
24160,OFW Struggles Hopes and Dreams,Fernando Lachica,4.43,,English,m
24162,Mrs. Jeffries and the Missing Alibi,Emily Brightwell,4.01,Mystery,English,w
24168,"Welcome to the World, Baby Girl!",Fannie Flagg,3.87,Fiction,English,w
24171,حاصل (Hasil),Umera Ahmed,3.92,Religion,Urdu,m
24172,On a Wing and a Dare,Linda Ulleseit,4.28,Horses,English,w
24173,A Knight of Battle,Candace C. Bowen,4.33,,English,w
24179,You Win Even When You Lose: 50 Secrets And Tips For Effective And Permanent Weight Loss.,D. Terry,0.0,,English,m
24181,Mainacht in Wien: Romanfragmente; Kleine Erzählprosa; Feuilletons: aus dem Nachlass (Ausgewählte Werke in Einzelbänden),Leo Perutz,4.11,,German,m
24184,The Reflection Tree,A.J. Bialo,3.67,,English,m
24186,The Decision is Yours,Tawfiq Al Refaie,4.64,,English,m
24188,Ten Small Beds,Kate Kasten,3.75,,English,w
24190,Circle In the Sand,Andrew James Pritchard,3.5,Psychology,English,m
24195,Gun Control & The Second Amendment 2nd Edition Revised & Expanded,Byron Goines,3.14,,English,m
24204,Ricasoli Soldier: A Novel Inspired by True Events,Joe Scicluna,4.15,,English,m
24207,Los días de la noche,Silvina Ocampo,4.17,Short Stories,Spanish,w
24209,Aku Yang Kau Tinggalkan,Alina Haizar,3.99,Novels,Malay,w
24210,"Language, Torah, And Hermeneutics In Abraham Abulafia",Moshe Idel,4.63,,,m
24211,"Scarlet & Jason : When the destiny unites us ( Scarlet & Jason ,#1)",Pet Torres,4.6,,English,m
24214,فلسفتي,خالص جلبي,3.56,,,m
24218,Brilliant Pain,Edita Birschbach,4.8,,English,w
24227,Muhammad: Vie Du Prophète: Les Enseignements Spirituels Et Contemporains,Tariq Ramadan,4.34,Islam,French,m
24228,December 2012 and after what really happened,Keion Alexis,0.0,,,m
24230,"Burnt Lips: Thoughts, jokes, sadness, joy, love of the alien",Yuriy Grigoryants (Editor),4.71,,,m
24234,Sifar Se Aik Tak: Cyberspace Ke Munshi Ki Sargazasht / صفر سے ایک تک: سائبرسپیس کے منشی کی سرگزشت,Mirza Athar Baig,4.15,,Urdu,m
24241,Revealing Heaven,Kat Kerr,4.42,Christian,English,w
24251,They Feed (Bloodborne),Steve French,3.56,Zombies,English,m
24252,Temple of a Thousand Faces,John Shors,3.81,Historical Fiction,English,m
24258,Attitude - Your Best hope for Happiness (A look at the men who founded the Positive Attitude Movement),Martin Gover,4.75,,,m
24260,The Ghost Hunter,W.M. Scott,4.44,,English,m
24262,"Je to inak, mami...",Tamara Tainová,3.58,LGBT,Slovak,w
24263,Maverick Touch: The Cat,Ashley Nemer,4.0,Mystery,English,m
24266,Repercussions,Glyn Smith-Wild,4.13,,English,m
24268,The Sacketts 5 Vol,Louis L'Amour,4.43,Westerns,,m
24280,More Than 4 Admirers Reloaded: The Threat to a Legacy,Black Coffee,4.58,,English,m
24283,Sophias Krieger,Dana Graham,3.89,Historical Fiction,German,w
24285,Jiwo J#ncuk,Sujiwo Tejo,4.09,,Indonesian,m
24287,Project: Hero,Rick L. Phillips,3.58,,English,m
24289,Zomboro Virus,Brenda Dyer,3.63,Zombies,English,w
24293,ஆயிஷா [Ayeesha],Era. Natarasan,4.38,Short Stories,Tamil,m
24296,Telling Time by the Shadows,John Fitzgerald,5.0,,English,m
24302,Murder Your Darlings,J.J. Murphy,3.37,Mystery,English,m
24305,End of the Civil War,E.E. Doc Murdock,4.5,Historical Fiction,,m
24311,صفقات رابحة,خالد أبو شادي,4.27,Religion,Arabic,m
24312,دور المسلم ورسالته في الثلث الأخير من القرن العشرين,مالك بن نبي,3.71,Islam,Arabic,m
24313,The comforts of madness,Paul Sayer,3.74,Fiction,English,m
24316,"Haunted England: Royal Spirits, Castle Ghosts, Phantom Coaches and Wailing Ghouls",Terence Whitaker,3.63,,English,m
24317,Brooke: Brooke's Love Journey,Deborah Brooks Langford,4.83,,,w
24319,Hell Night,Jerry Van Cook,4.3,,English,m
24320,معركتك مع من ؟,عصام كرم الطوخي,3.46,,Arabic,m
24323,The Day That Changed My Life - For the Rest of My Life,Rita Dearion,4.0,,,w
24325,From Scratch,Diana Nixon,4.38,,English,w
24332,Eternal Immortality,K.S. Haigwood,4.48,,English,m
24346,ذائقة الموت,أيمن العتوم,4.0,Novels,Arabic,m
24348,The Irvine Welsh Omnibus: Trainspotting / The Acid House / Marabou Stork Nightmares,Irvine Welsh,4.35,Fiction,English,m
24351,Wicked Eddies,Beth Groundwater,3.8,Mystery,English,w
24354,I månens skygge,Pernille Eybye,3.93,,Danish,w
24367,معرفت امام عصر(ع),سید محمد بنی‌هاشمی,4.5,,Persian,m
24375,صياد الملائكة,هدرا جرجس زخارى,2.95,Fiction,,m
24379,The Midwife's Tale,Gretchen Moran Laskas,3.83,Historical Fiction,English,w
24382,"365 Fun, Uplifting, and Inspirational Quotes from All the Top Movies",Daniel Willey,4.37,Media Tie In,,m
24393,The Coach's Son,Jeffrey Hickey,4.8,,English,m
24401,Balika Badhu: A Representative Anthology Of Bengali Short Stories,Monish Ranjan Chatterjee,3.69,,English,m
24402,Great-Grandma's Gifts,Marianne Jones,4.17,,,w
24407,Scent of Fear,J.C. Gordon,4.85,,English,m
24408,Realm of the Northern Castle,Sharon Wheater,5.0,,English,w
24412,سير أعلام النبلاء,شمس الدين الذهبي,4.36,History,Arabic,m
24419,The Day the Cowboys Quit,Elmer Kelton,4.17,Westerns,English,m
24430,Coconut Delights Cookbook: A Collection of Coconut Recipes,Karen Jean Matsko Hood,4.07,Cookbooks,English,w
24435,You Can't and Won't Stop Me From My Purpose,Aleja Bennett,5.0,,,w
24445,Jodoh itu milik kita,Sara Aisha,4.08,Novels,Malay,w
24446,Savior,Debra Lee,5.0,,English,w
24447,In the Time of Greenbloom,Gabriel Fielding,4.2,British Literature,English,m
24448,The Secret Miss Rabbit Kept,Robin Cain,4.23,Fiction,English,m
24452,Bless the Bees: The Pending Extinction of our Pollinators and What You Can Do to Stop It,Kenneth Eade,4.22,,English,m
24453,What Beauty,Mark Beyer,4.0,,English,m
24464,Princess Lizzie and the Sabotaged Magic Bicycle: Book 2,Dr. Van,5.0,,,m
24477,The Night I danced with Rommel,Elisabeth Marrion,4.12,Historical Fiction,English,w
24480,القدوات الكبار بين التحطيم والانبهار,محمد موسى الشريف,3.96,,Arabic,m
24482,Si Amapola sa 65 na Kabanata,Ricky Lee,3.79,Humor,Filipino; Pilipino,m
24486,Trailer Trash,Rick Johnson,4.43,,English,m
24491,Purpureo Re-Birth,Aura Conte,4.0,,Italian,w
24501,La joya de Alejandro Magno,Isaac Palmiola,3.83,Spanish Literature,Spanish,m
24507,Horn OK Please: The Scrotum Scrolls,Kartik Iyengar,3.7,,English,m
24512,Muhammad Ibn 'Abd al-Wahhab: The Man and his Works,ʻAbd Allāh al-Ṣāliḥ ʻUthaymīn,5.0,,English,m
24513,Overshadowed Hope,Becca Lee Nyx,3.33,,English,w
24514,Return to Shadow Lake,B.L. Hoffman,4.53,,English,m
24515,Lest the Dew Rust Them,Michael Drakich,4.0,,English,m
24519,Love Anthony,Lisa Genova,3.96,Fiction,English,w
24520,Maestro: Menyingkap Rahasia Sukses Rudy Hartono,Teguh Budiarto,5.0,,Indonesian,m
24522,Nimed marmortahvlil,Albert Kivikas,3.8,Fiction,Estonian,m
24523,The Noir Dera: Beacon of Sound,R.M. Garry,4.08,,English,m
24524,Stebuklinga Spanguolė,Jurga Ivanauskaitė,4.21,Fiction,Lithuanian,w
24531,"Guarding Abigail (Divine Sacrifice Trilogy, Book 1)",T.E. Ridener,4.53,Paranormal,English,m
24539,"Deceptions of the Ages: ""Mormons"" Freemasons and Extraterrestrials",Matthew D. Heines,4.83,,English,m
24543,My Two Cents: Cici and Tati: Where The World of Fitness Meets The Multiple Shades of Gray,Ahmad Baari,5.0,,,m
24548,"The Fighting Chance (The Human Race, Book #2)",Tahnee Fritz,4.33,,English,w
24550,راوي قرطبة,عبد الجبار عدوان,3.87,Novels,Arabic,m
24554,Metráček,Stanislav Rudolf,3.69,Czech Literature,Czech,m
24556,The Leopard Apocalypse,T.A. Uner,4.43,,English,m
24559,WAR - Horseman of the Apocalypse (Love Blooms Eternal),Jeff Fuell,4.44,,,m
24560,ذات,صنع الله إبراهيم,3.55,Novels,Arabic,m
24566,Yohannes Ishi,Nabse Bamato,3.76,Ethiopia,English,m
24573,It's Time to Wake Up!: Poems and Messages that inspire the black experience,Marie Yvette,4.38,,English,w
24581,Taken in the Woods,Sarah Richards,4.33,,English,w
24584,Anne Hawksmoor: Time in the Tower,K.C. Harry,4.25,,English,m
24591,Solan,Jonathon Jones,4.38,,English,m
24596,The World at Night,Alan Furst,4.06,Historical Fiction,English,m
24599,Blow Your House Down,Pat Barker,3.72,Fiction,English,m
24601,Forgiveness,Rain Murphy,4.23,,English,m
24610,Blood and Water,Beth Daley,4.1,,English,w
24612,6 Steps To Forgiveness: A Live Forgiveness Session With A Step-By-Step Process,Josephine Hasan-Kerr,5.0,,English,w
24613,House of Shadows,Misha M. Herwin,3.86,,English,m
24617,Find Her Free Her,Robyn Roze,4.48,,English,w
24618,İki Cami Arasında Aşk,Mürvet Sarıyıldız,2.86,Turkish Literature,Turkish,w
24623,Il Capitano,Michele Scalini,0.0,,Italian,w
24634,The Measure of Days,Cynthia Harrod-Eagles,4.32,Historical Fiction,English,w
24638,Estórias Abensonhadas,Mia Couto,4.2,Short Stories,Portuguese,w
24640,"Surviving The Cuts, And Other Disasters",Korban Blake,5.0,,English,m
24641,Agaat,Marlene van Niekerk,4.05,Africa,English,w
24643,War Against the Animals,Paul Russell,3.96,Fiction,English,m
24651,The All-Girl Filling Station's Last Reunion,Fannie Flagg,4.0,Fiction,English,w
24654,Optužena,Slavenka Drakulić,4.3,Fiction,Croatian,w
24656,Stone Virgin,Barry Unsworth,3.68,Fiction,English,m
24662,"Adversity Builds Character; An Inspirational True Life Story of Disability, Addiction and Acceptance",Tom Ufert,4.76,,English,m
24663,Estas ruinas que ves,Jorge Ibargüengoitia,4.18,Fiction,Spanish,m
24666,Taylor Swift: The Whole Story,Chas Newkey-Burden,3.78,Biography,,m
24670,Your Husband My Man 3,K.C. Blaze,4.46,,English,m
24674,Sevdalinka,Ayşe Kulin,3.86,Historical Fiction,Turkish,w
24688,Mis juhtus krokodilliga?,Marina Moskvina,3.8,,Estonian,w
24696,Watershed Adventures of a Water Bottle,Jennifer Chambers,4.5,,English,w
24700,Parco,Jordi Sierra i Fabra,3.5,,Spanish,m
24705,Phoenix Rising,JoLynne Valerie,4.24,,English,m
24711,A Deeper Shade of Red,Dominick Anderson,3.27,,English,m
24712,Bring It,Seeley James,4.37,Action,English,m
24715,Artificial Love,Alisa Mullen,4.57,,English,w
24716,The Silent Soldiers,Travis Stinnett,3.71,,English,m
24730,"DOCTOR MARI TEACHES ABOUT HEALTHY ANGER (Psychological Wholeness Series, #1)",Denise Marie Mari,5.0,,English,w
24734,Romans et nouvelles I,Stendhal,4.58,,French,m
24738,Cowboy's Bride,J.J. Fox,4.5,,English,m
24739,The Beautiful American,Jeanne Mackin,3.83,Historical Fiction,English,w
24740,Quest on the Thorny Path,David Beaupre,4.18,Adventure,English,m
24751,Angosta,Héctor Abad Faciolince,4.19,Spanish Literature,Spanish,m
24752,The Struggles of an Ordinary Man (China 1930-2000),Weihua Liu,5.0,,English,m
24755,Uncle Harry's Stories: Looking Back Blackly and Proudly Growing Up in America,Harry R. Irving,5.0,,English,m
24757,Victoria's Beginning,A'Mera Frieman,4.12,,,m
24764,The Grub-And-Stakers Pinch a Poke,"Alisa Craig, Charlotte MacLeod",3.91,Mystery,English,w;w
24777,Codependent No More: Life Can Be Better When You Overcome Codependency,Megan Coulter,4.2,,English,w
24778,Grog Wars,Anne Sweazy-Kulju,4.47,Historical Fiction,,w
24781,The Reagan Paradox,The Editors of Time Magazine,4.13,Politics,English,m
24786,Ace It,John Blandly,5.0,,,m
24793,The Hunt for Sandringham,Richard McDowall,4.16,,English,m
24794,Miles from Nowhere,Nami Mun,3.56,Fiction,English,w
24795,Siete cuentos,Orlando Araujo,4.6,,Spanish,m
24801,"I Love You, Stupid!",Melur Jelita,4.52,Novels,Malay,m
24805,Want Not,Jonathan Miles,3.68,Fiction,English,m
24807,هدي السيرة النبوية في التغيير الاجتماعي,حنان اللحام,4.36,Religion,Arabic,m
24816,ناصر,انتوني ناتنج,3.0,,,m
24819,I Am Beauty-Full just for Being Me,Tanya Curtis,4.83,,English,w
24827,The Stories of The Prophets: (Peace be upon them all),Danyal Nicholson,3.0,,English,m
24829,O Meu Nome é Legião,António Lobo Antunes,3.56,Fiction,Portuguese,m
24836,24 Cheap and Easy Gluten-Free Breakfast Recipes (Cheap Gluten-Free Recipes Book 1),Michael Zhang,5.0,,English,m
24842,Diario de guerra (1914-1918),Ernst Jünger,4.16,,Spanish,m
24844,The View on the Way Down,Rebecca Wait,3.91,Contemporary,,w
24845,Gjemia e mbytur,Fatos Kongoli,4.0,,Albanian,m
24846,Bane of the Innocent,Oliver Phipps,4.19,,English,m
24861,HIDDEN MICKEY 3: Wolf! The Legend of Tom Sawyer's Island,Nancy Temple Rodrigue,4.2,,English,w
24862,Off The Map,Max Davine,4.22,,,m
24863,Qaisar o Kisra / قیصر و کسریٰ,Naseem Hijazi,4.22,Pakistan,Urdu,m
24872,Levant Fever: True Stories from Syria's Underground,Wajdy Mustafa,3.88,Biography,English,m
24884,Life After,Kira Adams,4.2,Contemporary Romance,,w
24889,The Long March Home,Zoë S. Roy,4.25,Historical Fiction,English,w
24898,Genduk Duku,Y.B. Mangunwijaya,4.03,Indonesian Literature,Indonesian,m
24904,Misli očešljane vetrom,Lazar Janic,4.83,,Serbian,m
24908,12 Step Rule,aggressively,4.17,,,m
24916,When Strangers meet..,K.Hari Kumar,3.74,Fiction,English,m
24917,El Mar Invisible,Juan Cobos Wilkins,4.5,,Spanish,m
24918,Voda nešto nosi,Lajos Zilahy,4.39,,Serbian,m
24921,"The Four Secrets Your Dentist Never Told You: White Teeth, Pink Gums, Fresh Breath for Life! (The 4 Secrets Your Dentist Never Told You Book 1)",Garry Bonsall,5.0,,English,m
24924,Frog,Mo Yan,3.73,Fiction,English,m
24937,লাইনে আসুন,চরম উদাস,4.24,Humor,Bengali,m
24939,A Mother Scorned,Unique Penn,3.77,,English,m
24941,"(Q)ueen (Franklin Academy, #2)",Allison Simon,5.0,,English,w
24943,Larceny and Old Lace,Tamar Myers,3.53,Mystery,English,w
24945,"The Journey of Elizabeth Ann Rose (Seasons of Love and War Saga, #3)",Brenda Ashworth Barry,4.53,,English,w
24948,The Cain Casey Series: Volume 1,Ali Vali,4.8,,English,m
24952,Duke,KirLarson,4.18,Historical Fiction,English,m
24953,How to Freedive: A beginners guide to apnea diving: How to reach 100 feet on one breath: A guide to the art and science of breath hold freediving.,Eduardo Marchese,4.0,,English,m
24954,Necessary Evil,Killarney Traynor,4.17,Romantic Suspense,English,m
24956,Paradis: Clef en main,Nelly Arcan,3.47,Fiction,French,w
24965,Stillwater,Nicole Helget,3.52,Historical Fiction,,w
24967,The Ferrymen,Jason Gehlert,4.17,,English,m
24973,Because I'm Bella,Joe Hackett,3.5,,,m
24975,الغرباء,Amr Algendy - عمرو الجندي,3.44,Short Stories,Arabic,m
24980,"The Find (Mouse Nick Adventures, #2)","Liliya Akhmadeeva , Elena Sinitcyna",5.0,,English,w;w
24983,Los hijos del mar,Pedro Feijóo,3.8,,Spanish,m
24984,El traficante de cómics,Pierdomenico Baccalario,3.92,,Spanish,m
24989,En clave de Sol,Luis F. F. Simón,3.94,,Spanish,m
24991,Pulp Fiction to Film Noir: The Great Depression and the Development of a Genre,William Hare,4.36,,English,m
24993,The Emperor's Bones,Adam Williams,3.6,Historical Fiction,English,m
25003,The Complete Mother-Daughter Book Club Collection: The Mother-Daughter Book Club / Much Ado About Anne / Dear Pen Pal / Pies & Prejudice / Home for the Holidays / Wish You Were Eyre,Heather Vogel Frederick,4.63,,English,w
25017,Yoga The Science of Well-Being,Amit Ray,4.93,Inspirational,English,m
25021,"Reclaiming our intentionality: from ""victims"" to ""creators of our destiny""",Srinivas Venkatram,4.5,,,m
25029,"Romance Box Set:Billionaire Romance: Feel The Music: Books 1-3, Music in his Bones, Soul and Heart",Amerine Graham,5.0,,English,m
25034,Spiritual Intelligence: The Ultimate Intelligence,Danah Zohar,4.0,Psychology,,w
25035,Conversations with Peter Rosei,"Peter Rosei, Wilhelm Schwarz",5.0,,English,m;m
25038,A True Novel,Minae Mizumura,4.16,Fiction,English,m
25043,The Hole of Tank Girl,Alan C. Martin,4.46,Graphic Novels,English,m
25045,High Plains Fort,A.H. Holt,4.21,,English,m
25047,Memoria de unos ojos pintados,Lluís Llach,4.21,Roman,Spanish,m
25048,Gathering Ashes,Michael Shean,4.0,,English,m
25064,"Sayonara, Zetsubou-Sensei: The Power of Negative Thinking Volume 2",Koji Kumeta,3.87,Manga,English,m
25066,Das Verlorene Buch Von Montamar,Mari Ronberg,4.2,German Literature,,w
25070,The General Danced at Dawn,George MacDonald Fraser,4.22,Fiction,English,m
25074,The Coming of the Night,John Rechy,3.64,LGBT,English,m
25076,Raja ShivChatrapati,Babasaheb Purandare,4.42,Marathi,Marathi,m
25082,Sebastian's Way: The Paladin,George Steger,5.0,,,m
25083,The Light Keeper's Daughter,Jean Thompson Kinsey,3.94,Fiction,English,m
25084,Weapon,Ryan Schow,4.6,,English,m
25087,El líder interior,David Fischman,4.17,,Spanish,m
25088,The Skinwalker:Resurrection,Dedra L. Stevenson,4.75,,English,w
25091,The Venomous Monster,"Melissa Mahinay, Melissa M. Futrell",4.71,,English,w;w
25095,Şüphe (Sherlock Holmes),Arthur Conan Doyle,4.61,,Turkish,m
25096,Tied to a Boss,J.L. Rose,4.3,Urban,English,m
25097,2 A.M. at The Cat's Pajamas,Marie-Helene Bertino,3.45,Fiction,,m
25098,Karibu Keňa,Hana Hindráková,3.2,Africa,Czech,w
25099,Bollywood Cinema: Temples of Desire,Vijay Mishra,3.76,India,English,m
25111,Rani,Jaishree Misra,3.92,Historical Fiction,English,m
25117,Dark Strands: Stirrings beneath the surface,J.D. Estrada,4.53,,English,m
25121,The Tiniest Elf,Laurențiu M. Badea,4.47,,English,m
25128,Summary of The Total Money Makeover: by Dave Ramsey | Includes Analysis,NOT A BOOK,4.71,,English,m
25130,एक गधे की आत्मकथा,Krishan Chander,3.95,Fiction,Hindi,m
25131,عجايب الآثار في التراجم و الأخبار : الغزو العثماني لمصر,عبد الرحمن الجبرتي,3.5,,Arabic,m
25132,22's Diary,Maitresse P.,4.17,Erotica,English,m
25135,"Městečko, kde se zastavil čas",Bohumil Hrabal,3.85,Czech Literature,Czech,m
25139,Undressing the Moon,T. Greenwood,3.89,Fiction,English,m
25143,"El alma del guerrero, y otros cuentos de oídas",Joseph Conrad,3.45,Fiction,Spanish,m
25150,Tan: Sebuah Novel,Hendri Teja,4.18,Novels,Indonesian,m
25152,De dömdas ö,Stig Dagerman,3.79,Fiction,Swedish,m
25163,Malafa,Hakan Günday,3.79,Turkish Literature,Turkish,m
25168,Kadınsız Erkekler,Haruki Murakami,3.77,Short Stories,Turkish,m
25176,La niña que creó las estrellas. Relatos orales de los bosquimanos |xam,José Manuel de Prada Samper,4.0,,Spanish,m
25178,Historia de Lanzarote del Lago,Anonymous,4.44,,Spanish,m
25181,When Darkness Tries to Hide,Stacy A. Padula,4.95,,English,m
25182,Apricots and Wolfsbane,K.M. Pohlkamp,4.35,Historical Fiction,English,m
25185,Lawyers Gone Bad,Vincent L. Scarsella,3.72,,English,m
25195,Miss Milky Ray,Leena Parkkinen,3.75,,Finnish,w
25201,The Candy Shop,S.R. Claridge,5.0,,,m
25202,Le combat ordinaire,Manu Larcenet,4.2,Bande Dessinée,French,m
25206,Music of the Ghosts,Vaddey Ratner,3.82,Fiction,English,m
25213,"The Four Arcanes: The Complete Arcane Collection of Four Books (the Arcane Teaching, Arcane Formulas, Vril & the Mystery of Sex)",William Walker Atkinson,4.33,,,m
25214,How to Think Like a Millionaire,"Mark Fisher, Marc Allen",3.95,Business,English,m;m
25217,Ironfire,David Ball,4.3,Historical Fiction,English,m
25225,Generative Energy: Protecting and Restoring the Wholeness of Life,Raymond Peat,4.7,Science,,m
25227,Shine Little Light: Bittersweet Memories of Miracles & Wonders,Jonathan Nettles,3.29,,English,m
25230,"The Songs of Black Folks: The Joy, The Pain and The Determination of Black People",Raymond Sturgis,5.0,,English,m
25237,Back to Planet Hoola,Sudipta Das,5.0,,English,w
25241,"Sanskrit für Anfänger, Lehrbuch",Thomas Lehmann,0.0,,German,m
25254,Ja sam pas i zovem se Salvatore,Veselin Gatalo,4.29,,Bosnian,m
25256,China Dolls,Lisa See,3.62,Historical Fiction,English,w
25259,E niente: La mia vita con Andonio che non saluta mai!,Marco Morrone,1.0,,Italian,m
25260,Splintered Courage,J.E. Sawyer,3.81,,English,m
25261,The Fatal Flame,Lyndsay Faye,4.16,Historical Fiction,English,m
25264,The Fahrenheit Twins,Michel Faber,3.78,Short Stories,English,m
25268,ترکش لغزنده,آیت دولتشاه,2.13,,Persian,m
25274,ক্রীতদাসের হাসি,Shawkat Osman,3.8,Fiction,Bengali,m
25276,The Paris Husband: How It Really Was Between Ernest and Hadley Hemingway,Scott Donaldson,3.73,,,m
25278,Camping Killers: Cultists,Oliver Oyanadel,5.0,,English,m
25286,Stepfather Affair,Zoe Jasmine,5.0,,,w
25289,Adventures of Love: Games of Love 1,Gideon Cecil,0.0,,,m
25291,ከአድማስ ባሻገር,በዓሉ ግርማ,3.59,,Amharic,m
25293,Secure Your Success!: A Guide To Planning Events Like A Boss!,Twanita Dozier,5.0,,,m
25294,"Papa, est-ce que je peux venir mourir à la maison?",Tony Delsham,4.0,,French,m
25296,Black Nationhood: Resurgence of African Consciousness,LaTonya Page-Balkcom,5.0,,,m
25298,Postcard From Paris,Holly Willow,4.2,,English,w
25299,Whispers Beneath the Waves,Sharon McDonnell,5.0,,English,w
25301,Vacanța,Costache Anton,4.5,,Romanian,m
25303,Chimera (Hazel Eyes Series #1),C.B. Blankenship,4.14,,English,m
25307,Hot Flashes/Cold Cases (The Peg Shaw series Book 1),Sue Hawley,4.52,,,w
25313,અગ્નિકન્યા,Dhruv Bhatt,4.18,,Gujarati,m
25320,The Mountain Story,Lori Lansens,3.95,Fiction,English,w
25325,Boring Bob,Anfaney Gladwin,4.76,,,m
25327,Zanthia (Adonai's Prophecy),Nicklous Adams II,3.86,,,m
25337,Hearts of Resistance,Soraya M. Lane,4.36,Historical Fiction,,w
25338,The Detour,Travis Pearson,4.25,,,m
25342,Stealing the Moon: A Woman's Quest to Heal the Shadow Self,Sienna Lea,4.87,,English,w
25343,INFALLIBLE BOOK 4: THE COMMITMENT FORGOTTEN,T.J. Spencer Jacques,4.3,,English,m
25344,İpek Sabahlık: Bir Suat Derviş Romanı,Osman Balcıgil,4.29,,Turkish,m
25350,Đảo,Nguyễn Ngọc Tư,3.97,Short Stories,,m
25351,You Can't Drive Your Car to Your Own Funeral,Ann Marie Hancock,4.59,,,w
25356,Charlotte and the Seven Frat Brothers,Jessica Carter,4.5,,,w
25358,Spindrift,Cindy Brandner,4.62,,English,w
25360,Beauty Grown From a Concrete Life: Blossoming In My Greatness,Shirley Lucas Cain,4.0,,English,w
25361,Elle voulait juste marcher tout droit,Sarah Barukh,4.08,Historical Fiction,French,w
25363,ดีไซน์ + คัลเจอร์,ประชา สุวีรานนท์,4.65,,,m
25365,Between the Shadow and Lo,Lauren Sapala,3.24,Memoir,English,m
25368,Anarchoshnitzel schrieen sie: Ein Punkroman für die besseren Kreise,Oliver Maria Schmitt,3.47,,German,m
25371,CHANGE!: Warum wir eine radikale Wende brauchen,Graeme Maxton,4.46,,,m
25384,L'eredità della spada,Cristina Azzali,4.33,,English,w
25385,The Ignited Series: Complete Set,Desni Dantone,4.0,,,m
25388,Morötesi Requiem: Ağzıbozuk Bir Minyatür,Ece Ayhan,4.1,,Turkish,w
25390,Peter Pan: The Story of a Lost Childhood,Kathleen Kelley-Laine,3.68,Psychology,English,w
25398,"Absolute Y: The Last Man, Volume 3",Brian K. Vaughan  (Writer),4.34,Comics,,m
25400,Godson : The Son Of The Sun,Divyansh Mishra DM,5.0,,,m
25406,Leopard at the Door,Jennifer McVeigh,4.03,Historical Fiction,,w
25412,Ποιήματα 1978-1987,Έκτωρ Κακναβάτος,5.0,,"Greek, Modern (1453-)",m
25422,"Mac, el microbio desconocido",Hernán del Solar,3.49,,Spanish,m
25423,Renegades Chapter Sampler,Marissa Meyer,4.36,,,w
25435,Ežiukas rūke,Sergei Kozlov,4.45,Fiction,Lithuanian,m
25443,"The Bait Of Death: In a world swamped with terrifying dark secrets.....there are many ways in, but no way out",Guy Patrick Angono Allogho,3.0,,,m
25445,Peter Pants: who lives each day down to its dregs (upside-down fairy tales Book 2),Anne Murray,5.0,,,w
25446,No Presents Please: Mumbai Stories,Jayant Kaikini,3.88,Short Stories,English,m
25447,The Ice Cream Man and Other Stories,Sam Pink,4.13,Short Stories,,m
25453,LEARN TO FLY AND BECOME A PILOT!: THE ULTIMATE GUIDE FOR DETERMINING YOUR CAPABILITIES OF BECOMING A PROFESSIONAL PILOT AND GETTING STARTED WITH FLIGHT TRAINING (The Pilot Career Series # 1),Vesa Turpeinen,4.65,,English,w
25458,الحقائق الأربعون في القضية الفلسطينية,محسن محمد صالح,3.94,,Arabic,m
25463,Chocolate Chip Cookie Murder,Joanne Fluke,3.71,Mystery,English,w
25466,Black Swan,"Mark Heyman, Darren Aronofsky",4.07,Media Tie In,English,m;m
25468,بماذا يفكر طفلي؟,Richard C. Woolfson,3.84,,Arabic,m
25469,يا أمة ضحكت,يوسف السباعي,3.74,Fiction,Arabic,m
25470,يحكى أن وقصص أخرى,محمود طاهر لاشين,3.6,,Arabic,m
25472,بياعين الفرح,مكاوي سعيد,3.47,,Arabic,m
25482,"Say Something Sammy, Say Something",L.J. McBayne,5.0,,,m
25483,Strangulation: Kubishime Romanticist,NisiOisiN,4.29,Light Novel,English,m
25489,الأساطير العربية قبل الإسلام,محمد عبد المعيد خان,3.38,Historical,Arabic,m
25491,To the Lost one,Abu Bakr Zafar,4.91,,English,m
25498,The Legend of Ned Kelly: Australia's Outlaw Hero,"Robert Melville, Nolan",4.33,,English,m;m
25501,الحكمة الخالصة : أشياء بسيطة ستغير حياتك اليومية,Dean Cunningham,3.81,Self Help,Arabic,m
25505,"Frances Hardinge Collection 5 Books Set (Gullstruck Island, Verdigris Deep, Cuckoo Song, The Lie Tree, Fly By Night)",Frances Hardinge,4.5,,,w
25507,The Bridge to Eternal Life,Jozef Rulof,5.0,,,m
25516,Margaret,L.A. Parchment,4.17,Novels,English,m
25521,"Words to Ponder About Life, Love and Men",Karen Michelle Miller,4.3,Drama,English,w
25533,Fire and Grace,Melissa Plantz,4.67,,English,w
25535,غربة تحت الصفر,غادة السمان,3.81,,Arabic,m
25539,john lars zwerenz the complete anthology,John Lars Zwerenz,5.0,,English,m
25543,The Lost and Found Journal of a Miner 49er: Vol. 1,Jack Dublin,4.0,,English,m
25551,Suspect 21 (The Perfect Medium Book 1),I. D. Cortez,5.0,,,m
25553,WAR HERO,Wing Commander M K Devidasan,3.94,,,m
25555,Mr. Rosenblum Dreams in English,Natasha Solomons,3.59,Fiction,English,w
25556,Surface Children,Dean Blake,4.38,,English,m
25568,Cinco espinas tiene La Rosa,Alejandra Abraham,4.83,,Spanish,w
25570,Framed! Crime-Fighting Collection: Framed!; Vanished!; Trapped!,James Ponti,5.0,,,m
25572,A World of Vampire. Volume 1,Dani Hoots,3.5,,English,m
25573,99 Quotes and Affirmations For Self-Love & Personal Development,Izey Victoria Odiase,5.0,,,m
25576,Plague of Witches,John Patrick Kennedy,3.95,,,m
25578,O menino feito de blocos,Keith Stuart,4.29,Fiction,Portuguese,m
25579,Buck Rogers and the children of Hopetown,Ravena Dwight,2.5,,,m
25595,Chico Bento: Arvorada,Orlandeli,4.72,Comics,Portuguese,m
25601,The choice of Death: A Jack Steel Adventure,Sebastian Dove,5.0,,English,m
25607,Hooked: Confessions of a London Call Girl,Clare Gee,3.2,,,w
25608,Lowering Clouds,Núria Añó,4.0,Gay,English,w
25613,Cricut for Beginners: The Ultimate Step by Step Guide to Cricut Maker and Design Space. Unleash your Creativity and Start Crafting Unique Handmade Projects Today! Includes Original Project Ideas,L.A. Creative Academy,5.0,,English,m
25615,"Mentes In-Formadas, Ondas de In-Formação: Transferência de Consciências Arquetípicas e outras Infinitas Possiblidades",Hélio Couto,4.58,,English,m
25619,The Thresher,Paul Christensen,4.6,,,m
25620,Worse Than Dying,Brett Van Valkenburg,5.0,Zombies,English,m
25621,"The Viking's Kurdish Love: A True Story of Zoroastrians' Fight for Survival, Part I: 988-1003",Dr Widad Akreyi,5.0,,,m
25622,El loco y la triste,Juan Radrigán,3.86,,Spanish,m
25624,The Unquiet Spirit,Penny Hampson,4.33,,English,w
25631,Through the Windshield,"Mike DeCapite, Michael DeCapite",4.56,,English,m;m
25637,Pafko at the Wall,Don DeLillo,4.13,Fiction,English,m
25639,Forever Panting,Peter De Vries,3.87,Fiction,English,m
25643,Going Native,Stephen Wright,3.57,Fiction,English,m
25645,For Fucks Sake,Robert Lasner,3.14,Fiction,English,m
25646,Spiritland,Nava Renek,3.67,Fiction,English,w
25648,The Syringa Tree,Pamela Gien,3.77,Fiction,English,w
25656,The Fisherman,Larry Huntsperger,4.37,Christian Fiction,English,m
25660,Why Are You Doing This?,Jason,4.06,Graphic Novels,English,m
25661,Reflections of Christ,Mark Mabry,4.64,Religion,English,m
25663,In Search Of The Excellent Self: Personal Health And Integrity As A Guide To A Life Of Choice,Carl A. Flecker,5.0,,,m
25666,The Glass Mountain,Sharon Sparling,3.55,,English,w
25670,Henryk Grossman and the Recovery of Marxism,Rick Kuhn,4.1,,English,m
25673,To Hell in a Handbasket,Beth Groundwater,3.77,Mystery,English,w
25676,"Love, Dad",Evan Hunter,3.71,Fiction,English,m
25680,Dare to Make A Difference - Success 101,John A. Andrews,5.0,,English,m
25681,Your Secrets Sleep With Me,Darren O'Donnell,3.46,Fiction,English,m
25682,The Orchard Keeper,Cormac McCarthy,3.55,Fiction,English,m
25687,Being Twenty - Something is Hard,Dewi Pravitasari,3.18,Chick Lit,Indonesian,m
25690,Angels and Insects,A.S. Byatt,3.64,Fiction,English,m
25691,Le Cran D'Arret,Emmanuèle Bernheim,2.7,Fiction,French,m
25692,"Emoções, Sociedade e Cultura",Mauro Guilherme Pinheiro Koury,5.0,,Portuguese,m
25702,The Love He Saved,Carol Denise Mitchell,5.0,,,m
25706,Mermaids on the Moon,Elizabeth Stuckey-French,3.21,Fiction,English,w
25721,Bright Shiny Morning,James Frey,3.82,Fiction,English,m
25727,Leo Tolstoy's Anna Karenina: A Guide to Understanding the Classics,Herbert Reaske,3.7,,English,m
25734,Little Paul; From the Dombey and Son of Charles Dickens,Charles Dickens,5.0,,English,m
25746,Popular Music from Vittula,Mikael Niemi,3.65,Fiction,English,m
25749,The Great Man,Kate Christensen,3.5,Fiction,English,w
25751,Good Harbor,Anita Diamant,3.26,Fiction,English,w
25752,Memórias da Família Tomazella,Geraldo Tomazela Filho,4.5,,Portuguese,m
25762,Recherche avancée dans le catalogue,Andréa Novick,4.5,,,w
25763,Life Blood,S. Jean Brenner,3.52,,English,m
25767,Mr. Everit's Secret: What I Learned from the World's Richest Man,Alan Cohen,4.44,,English,m
25769,They're All Dead Aren't They? A Grieving Mother's Journey Toward Hope,Joy Swift,4.16,Biography,English,w
25775,Tales from the East,L.T. Suzuki,4.41,,English,m
25777,Animal's People,Indra Sinha,3.88,Fiction,English,w
25778,Lieve Jongens,Gerard Reve,3.36,Fiction,Dutch,m
25787,Jobless at 50: Where to Go From Here?,R. Trent Thompson,0.0,,English,m
25788,Breathing Room Volume 2: Rhymes & Relics,Tom Waters,3.5,,,m
25793,Living Sacrifice: Willing to Be Whittled as an Arrow,Helen Roseveare,4.64,Christian,English,w
25801,"Fire in My Heart, Ice in My Veins: A Journal for Teenagers Experiencing Loss",Enid Samuel Traisman,4.05,,English,w
25803,Hideous Kinky,Esther Freud,3.48,Fiction,,w
25809,Fango,Niccolò Ammaniti,3.64,Italian Literature,Italian,m
25811,Over Your Dead Body,David L.,4.45,,English,m
25812,Odio gli italiani,Michele Ponte,3.29,,Italian,w
25822,Beyond Borders,James W. Ellison,3.82,Fiction,English,m
25828,كلمات في الوسطية الإسلامية ومعالمها,يوسف القرضاوي,3.8,Religion,Arabic,m
25830,Jazz in Search of Itself,Larry Kart,4.13,,English,m
25831,Corner Shop,Roopa Farooki,3.25,Fiction,,m
25832,Cheating on My Mistress,S. Dodson,3.89,,English,m
25833,For Stars and Stripes: American-Arabs in the U.S. Military,Aladdin Elaasar,4.75,,English,m
25836,Britain And The First Carlist War,Alexander Gallardo,5.0,,English,m
25846,Pug Sheridan,Sandra Cline,3.53,,English,w
25847,Leave the Light On: A Memoir of Recovery and Self-Discovery,Jennifer Storm,3.97,Memoir,English,w
25849,Un miracle en équilibre,Lucía Etxebarria,3.51,Fiction,,w
25855,Pleasing Him,Elinor Carr,3.29,,English,w
25860,Knee Deep in the Game,Boston George,4.23,,English,m
25863,Nostalgia,Mircea Cărtărescu,4.3,Fiction,English,m
25865,Sword of Sand,Jon Oden,4.5,,English,m
25868,Miz Lil: And the Chronicles of Grace,Walter Wangerin Jr.,4.28,Fiction,English,m
25871,Gaining Favor with God and Man,William Makepeace Thayer,4.59,Biography,English,m
25872,Short Stories of Twisted Tales,Robin Renee Ray,4.55,,English,m
25885,Critical Insights: The Handmaid's Tale,J. Brooks Bouson (Editor),3.65,,English,m
25889,Os Impetuosos,Luísa Beltrão,3.93,Historical Fiction,Portuguese,w
25892,October Ferry To Gabriola,Malcolm Lowry,3.58,Fiction,,m
25897,Barbed Wire And Roses,Peter Yeldham,3.98,Historical Fiction,English,m
25898,Sillabari,Goffredo Parise,3.87,Short Stories,Italian,m
25902,Gentleman Jigger: A Novel of the Harlem Renaissance,Richard Bruce Nugent,3.53,Historical,English,m
25909,Boy in the Air,Don Bajema,4.31,Short Stories,English,m
25915,The Raspberry Rules,Karen McCombie,3.91,Contemporary,English,w
25925,El vel de Maia. Dietari de la Guerra Civil (1936-39),Marià Manent,3.22,,Catalan; Valencian,m
25928,Drug Related,Roy Glenn,4.47,Urban,English,m
25931,Fifty-Seven Reasons Not to Have a Nuclear War,Marty Asher,4.0,,English,m
25937,"My Father, My King: Connecting with the Creator",Zelig Pliskin,4.6,,English,m
25940,Peso leggero,Olivier Adam,3.51,France,Italian,m
25941,2011 Children's Writer's & Illustrator's Market [With Access Code],Alice Pope,4.32,Writing,English,w
25950,Cabot Island: The Alex Gill Story,Gary Collins,4.5,,English,m
25953,Fallen Angel,Kevin Lewis,4.23,,English,m
25954,"De monstertrilogie: Het goddelijke monster, Zwarte tranen, Boze tongen",Tom Lanoye,3.77,Novels,Dutch,m
25955,Hallucinating Foucault,Patricia Duncker,3.98,Fiction,English,w
25959,Troldmanden fra Waterloo,Ole Clifford,3.59,,Danish,m
25963,Aku Terima Nikahnya 2: Bercinta Sampai Ke Syurga,Hasrizal Abdul Jamil,4.24,Islam,Malay,m
25967,ألوان و قلوب,إيهاب عبد الواحد,4.44,,Arabic,m
25972,Pyar Ka Pehla Shehr / پیار کا پہلا شہر,Mustansar Hussain Tarar,4.02,Fiction,Urdu,m
25975,Metal Buttons: C.900 BC - C.1700 Ad,Brian Read,4.0,,English,m
25978,We Are All Made Of Glue,Marina Lewycka,3.51,Fiction,English,w
25979,The Book of Words,Jenny Erpenbeck,3.7,Fiction,English,w
25981,Halfback Tough,Thomas J. Dygard,3.94,Sports,English,m
25984,The Rider,Tim Krabbé,4.23,Cycling,English,m
25986,Todas las almas,Javier Marías,3.65,Fiction,Spanish,m
25994,Phenomena: A Book of Wonders,"John Michell, Robert J. Rickard",4.0,,English,m;m
25995,Hotel No Tell,Daphne Uviller,3.39,Mystery,English,w
26008,Begonia Brown: A Philadelphia Story,Julia Press Simmons,4.45,Urban,English,w
26015,No Love Lost,J.W. Smith,4.23,,English,m
26016,إليها بطبيعة الحال - نصوص خادشة للحياد العام,محمد طمليه,4.16,,,m
26021,The Million Dollar Divorce,R.M. Johnson,4.34,African American,English,m
26023,The Dazzle Disaster Dinner Party,Sharon M. Draper,4.22,Humor,English,w
26025,City of God,Augustine of Hippo,3.93,,English,w
26031,The Love of Stones,Tobias Hill,3.52,Fiction,English,m
26034,1001 Nights with Shara Azod....Ares Nymph,Shara Azod,3.8,,English,w
26036,Sparrow's Tears,Bernard Cenney,5.0,,English,m
26043,Gifts from Eykis,Wayne W. Dyer,3.88,Self Help,English,m
26051,J'ai nom sans bruit,Isabelle Jarry,3.85,France,French,w
26056,Healthcare Kaizen: Engaging Front-Line Staff in Sustainable Continuous Improvements,"Mark Graban , Joseph E. Swartz",4.18,,English,m;m
26062,Illumination Idyllic Comfort To Opt,Yolanda Williams,0.0,,English,w
26066,السوسن,إيمان مصعبين,3.88,,Arabic,m
26070,A Necrografia de Neolídio,R.M.Peteffi,5.0,,Portuguese,m
26082,"World of Satish Gujral, In His Own Words",Satish Gujral,4.33,,,m
26085,فن الإلقاء الرائع,طارق السويدان,3.97,Self Help,Arabic,m
26086,Children of Heaven,Enang Rokajat Asura,3.94,Media Tie In,Indonesian,m
26088,The Iron Hand of Mars,Lindsey Davis,4.07,Mystery,English,m
26095,In a Strange Room,Damon Galgut,3.57,Fiction,English,m
26098,Dynamics of Character: Self-regulation in Psychopathology,David A. Shapiro,4.4,Psychology,English,m
26104,The Art of Predictive Astrology: Forcasting Your Life Events,Carol Rushman,3.67,Astrology,English,m
26113,كاترينا,Dace Ruksane,3.56,German Literature,Arabic,w
26116,The Life and Times of Elizabeth and the Duchess,Etta King,3.91,,English,w
26117,Flin's Destiny: Cobble Cavern,Jon Erik Olsen,3.85,,English,m
26119,"Cut, Paste, Kill",Marshall Karp,4.11,Mystery,English,m
26130,العاطل,ناصر عراق,2.7,Novels,Arabic,m
26131,Ecology Of The Automobile,"Peter E.S. Freund, George T. Martin",4.31,,English,m;m
26132,A Cat's Life: Dulcy's Story,Dee Ready  (As Told to),4.45,Cats,English,m
26135,Стари хипари,Михаил Вешим,3.65,Bulgarian Literature,Bulgarian,m
26139,Can Kırıkları,Karin Karakaşlı,4.15,Turkish Literature,Turkish,w
26141,Serpent's Keep,David R. Beshears,4.0,,English,m
26143,The Witches of Jericho,Sam Hammack,3.94,Fiction,English,m
26160,Apocalypse,Paul Camster,4.33,,English,m
26168,"You Are Special To, Not Forsaken By, God",Dianne Michelle Rankin Taylor,5.0,,English,w
26169,The McFadden Chronicles: Killing Me Softly With Your Love,Dan Anderson,4.67,,English,m
26174,Twisted Love: The Mayan Legend Returns,Fernando Lachica,4.0,,English,m
26175,Mrs. Jeffries and the Mistletoe Mix-Up,Emily Brightwell,3.92,Mystery,English,w
26182,Beside the Sea,Véronique Olmi,3.89,Fiction,English,w
26184,Akhri Chattan / آخری چٹان,Naseem Hijazi,4.18,History,Urdu,m
26193,Pretty Near Perfect: : 40 Skin Care Tips To Help You Put Your Best Face Forward.,D. Terry,0.0,,English,m
26198,The Secret History of Costaguana,Juan Gabriel Vásquez,3.65,Fiction,English,m
26205,Non-Euclidean Geometry,Robert Bonola,3.74,Mathematics,English,m
26209,Sex in Marriage,Byron Goines,4.0,,English,m
26217,Terlerai Kasih,Rehan Makhtar,4.0,,Malay,m
26218,Hasidism: Between Ecstasy and Magic,Moshe Idel,4.15,Jewish,English,m
26220,"Valkyrie -The vampire princess’s Clothes (Valkyrie -The vampire princess,#0)",Pet Torres,3.27,,English,m
26224,Mr. Monk is Miserable,Lee Goldberg,3.97,Mystery,English,m
26228,Näkimadalad,Herman Sergo,4.35,,Estonian,m
26229,Brilliant Nightmare,Edita Birschbach,4.21,,English,w
26233,Misteri Dendam Seorang Istri,S. Mara Gd,3.44,,Indonesian,m
26236,In my imagination this is how I made my millions,Keion Alexis,0.0,,English,m
26251,Intelligent Universe,Ilyan Kei Lavanway,4.67,,English,m
26252,When God Walked the Earth,Rick Joyner,4.34,Spirituality,English,m
26259,"Suspects & Sleuth's Murder Mystery Design Guide: A Guide to Creating, Writing, and Hosting your own Murder Mystery Dinner Party Games","Brianna Carlisle, Steve French",3.82,,English,w;m
26262,الجنة حين أتمنى,محمد الصوياني,3.68,,Arabic,m
26268,Leadership Authority Influence - Creating a Life of Value-knowing the,Martin Gover,4.5,Leadership,,m
26275,Cruentus: Rise to Power,L.S. Broomfield,4.65,,English,m
26280,Cyclops,John Reinhard Dizon,5.0,,English,m
26284,Silka,Ilse Losa,4.05,,Portuguese,w
26285,Time to Love Reloaded,Black Coffee,4.8,,English,m
26288,"Twitografi Asma Nadia: Biografi Mini Asma Nadia, Masa Lalu, Kisah Cinta, Perjuangan, Pemikiran, Ide, Opini, Dan Berbagai Hal Yang Belum Pernah Diungkap Sebelumnya",Asma Nadia,3.81,,Indonesian,w
26289,Dinky the Elf,Rick L. Phillips,4.0,,English,m
26290,Act Veneţian,Camil Petrescu,3.65,Romanian Literature,Romanian,m
26293,The Collector of Worlds,Ilija Trojanow,3.44,Fiction,English,m
26295,Angela's Ashes / 'Tis / Teacher Man,Frank McCourt,4.35,Biography,English,m
26300,Who Owns Arizona?: A Drew Steele Civil War Mystery,E.E. Doc Murdock,3.8,,English,m
26303,للبنات وبس,د.مصطفى إبراهيم زايد,3.8,Religion,Arabic,m
26307,"Diana, A Cultural History: Gender, Race, Nation and the People's Princess",Jude Davies,3.88,,English,m
26308,Pendant,Stephen C. Orms,3.67,,English,m
26309,تلخيص البيان في ذكر فرق أهل الأديان,علي بن محمد الفخري,4.33,,Arabic,m
26311,Frontier Fury,"Don Pendleton (Series Creator), Michael Newton",4.03,Adventure,English,m;m
26312,Salvador Strike,"Don Pendleton (Series Creator), Jon Guenther",3.77,Pulp,Latvian,m;m
26313,An Unexpected Blessing,Unoma Nwankwor,4.15,,English,m
26314,Songs of the Wind,Diana Nixon,4.44,,English,w
26323,A Student of Weather,Elizabeth Hay,3.68,Fiction,,w
26335,Best Buds,Catherine R. Daly,4.1,,English,w
26340,İdeolocya Örgüsü,Necip Fazıl Kısakürek,3.95,Politics,Turkish,m
26349,از نخلستان تا خيابان,علیرضا قزوه,3.35,,Persian,m
26354,Chasing Merlin,Sarah White,3.7,Contemporary,English,w
26357,Not Fade Away,Jim Dodge,4.0,Fiction,English,m
26358,313,Amr Algendy - عمرو الجندي,3.03,Novels,Arabic,m
26362,أبابيل,شريف عبدالهادي,3.52,Novels,Arabic,m
26363,رجال الفكر والدعوة في الإسلام - الجزء الأول,أبو الحسن علي الندوي,4.25,History,Arabic,m
26365,Pasadena,David Ebershoff,3.42,Fiction,English,m
26367,Writing from the Heart,Janet Bond,5.0,,English,w
26369,"The Top 365 Fun, Uplifting, Motivating, and Inspirational Quotes of All Time",Daniel Willey,4.5,,,m
26377,Wandering Feelings,Boyko Ovcharov,4.66,,English,m
26379,"Scary, Man",Jeffrey Hickey,4.44,,English,m
26387,Tinisima: Novela,Elena Poniatowska,4.1,Fiction,,w
26395,Circle of Destiny,Caddy Rowland,4.03,,English,m
26405,Die hellen Tage,Zsuzsa Bánk,3.94,Fiction,German,w
26410,Hacı Komünist,Ferhan Şensoy,4.2,Novels,Turkish,m
26420,Thoughts Deeply Rooted Within Me: All I Can Do Is Stand,Aleja Bennett,5.0,,English,w
26428,Gods and Kings,Lynn Austin,4.33,Christian Fiction,English,m
26429,American Cookery,Laura Kalpakian,3.59,Fiction,English,w
26434,The Burmese Box : Two Novellas,Leela Majumdar,4.21,,English,w
26436,The Waking of Carag Cri'eth,Steve Jones Snr,5.0,,English,m
26445,Book Marketing For Beginners,Heather Hart,4.77,,English,w
26452,Darkwing Duck: High Wave Robbery,Walt Disney Company,4.29,,,m
26453,"Lone Wolf and Cub, Vol. 1: The Assassin's Road",Kazuo Koike,4.23,Manga,English,m
26456,Das Känguru-Manifest,Marc-Uwe Kling,4.47,Humor,German,m
26459,Penembak Misterius: Kumpulan Cerita Pendek,Seno Gumira Ajidarma,3.87,Short Stories,Indonesian,m
26462,تسبيح ومناجاة وثناء على ملك الأرض والسماء,محمد موسى الشريف,4.21,,,m
26463,Master of Dreams: A Memoir of Isaac Bashevis Singer,Dvorah Telushkin,3.78,Biography,English,w
26472,The Kings of Angkor: Army of a Thousand Elephants,Mary Moriarty,4.55,,English,m
26473,Son in the Sky,LibLayfield,5.0,,English,m
26484,Samenspel van gedichten,Blauwhartje,5.0,,Dutch,m
26488,Kerana Terpaksa... Aku Relakan,Umie Nadzimah,4.16,Novels,,m
26492,The Lake Dweller (Spencer Kane Adventure #4),B.L. Hoffman,4.75,,English,m
26493,Feliz Ano Novo,Rubem Fonseca,4.1,Fiction,Portuguese,m
26502,"Selfish Little Bob, Selfish No More!",Joyce Mitchell,4.38,,English,w
26504,A Stroke Of Luck,Desiree DeOrto,3.86,,English,w
26510,Girl Next Door,Max Cummings,3.72,Erotica,English,m
26511,Those Small Lil' Things In Life And Love,Rahul Saini,3.09,Fiction,English,m
26512,أنتظر قوس قزح,خضر سلامة,4.01,,Arabic,m
26516,BROKEN,Ryanne Anthony,4.47,,English,w
26521,The Nightingale Scripts,Jason Nightingale,5.0,,,m
26522,The Perfect Woman,Jeff Fuell,4.43,,English,m
26536,Forbidden Acts,Skylar Nightingale,4.0,,English,m
26538,La línea del corazón,Lena Michell,3.7,,Spanish,w
26539,Drowned by Fear,Sarah Richards,0.0,,English,w
26547,From the Heart - A Journey of Love,Hadel S. Ma'ayeh,4.83,,English,m
26557,My Husband's Lover,E.M. Leya,3.18,,English,m
26564,Base Building,Paul Carter,3.87,Health,English,m
26567,Mushaf / مصحف,Nemrah Ahmed,4.4,Fiction,Urdu,m
26569,Black Flower,Young-Ha Kim,3.47,Historical Fiction,English,m
26570,Why I Don't Want to Write This Book: D: Eleven Reasons Teens Should Not Have to Write a Book While on Vacation,Asia Monet Lewis,5.0,,English,w
26575,The Quilting Bee,Sarah Price,4.3,Amish,English,w
26576,مفاهيم ينبغي أن تصحح,محمد قطب,4.31,Religion,Arabic,m
26577,The Beastly Beatitudes of Balthazar B,J.P. Donleavy,3.94,Fiction,English,m
26581,Stealing Atlanta,Cary Allen Stone,4.5,,English,m
26586,Fiziologjia e Njeriut,Artan Shkoza,4.26,,,m
26588,Whernside,Kevin Grigg,5.0,,English,m
26591,البحث عن الحقيقة الكبرى,عصام قصاب,4.21,,Arabic,m
26593,O Tímido e as Mulheres,Pepetela,3.97,,Portuguese,m
26601,Visions of darkness; masterpieces of Edgar Allan Poe,Edgar Allan Poe,4.31,,,m
26606,El infierno prometido,Elsa Drucaroff,3.62,,Spanish,w
26608,"Louise Rennison Collection 12 Books Set Georgia Nicolson (Withering Tights Luuurve And Other Ramblings, Luuurve Is A Many Trousered Thing... , Then He Ate My Boy Entrancers, Stop In The Name And More)",Louise Rennison,4.51,,,w
26614,Lottery,Patricia Wood,3.87,Fiction,English,w
26615,Friends with Explicit Benefits Boxed Set,"Luke Young , Ian Dalton",4.24,,English,m;m
26617,Bella's choice,Lynelle Clark,3.86,,English,w
26624,"Your Husband, My Man 2",K.C. Blaze,4.37,,English,m
26646,The Last Word,Lisa Lutz,3.97,Mystery,English,w
26654,A Game of Greed and Deception,John Mathews,3.49,Mystery,English,m
26655,Give Me A Reason,JoLynne Valerie,4.8,,English,m
26657,St Bartholomew's Man,Mary Delorme,4.2,Historical Fiction,English,m
26661,Sejarah Indonesia Modern 1200-2004,M.C. Ricklefs,3.99,History,Indonesian,m
26662,Îndemn la simplitate,Ernest Bernea,4.16,Romanian Literature,Romanian,m
26663,One Missing Link,Alisa Mullen,4.31,Romantic Suspense,English,w
26664,Die Ambassadeur,André Brink,3.68,Fiction,Afrikaans,m
26667,The Darkness of the Womb,Richard B. Knight,3.71,,English,m
26673,مذكرات علي عزت بيجوفيتش,"Alija Izetbegović, Alija Izetbegović",3.85,Biography,Arabic,m;m
26675,Arkansas: Three Novellas,David Leavitt,3.74,Fiction,English,m
26676,Der Räuber Hotzenplotz 1,Dietmar Bär,4.75,,,m
26677,"DOCTOR MARI TEACHES ABOUT A HEALTHY FEELING HEART (Psychological Wholeness Series, #2)",Denise Marie Mari,5.0,,English,w
26683,I Love Dick,Chris Kraus,3.53,Fiction,English,m
26685,Effie and A Terrible Toothache (Elephant),Auntie Ant,5.0,,English,m
26686,Gillespie and I,Jane Harris,3.83,Historical Fiction,English,w
26687,Perfect Season,Tim Green,4.52,Sports,,m
26688,Ra' Gangajaliyo,Jhaverchand Meghani,4.53,,Gujarati,m
26692,"Shamsiah Fakeh: Pejuang, Pemimpin dan Perempuan",Azzah A.R.,3.33,History,Malay,w
26694,Return to Innocence,G.M. Frazier,4.12,Coming Of Age,English,m
26700,السيدة خديجة أم المؤمنين,أحمد محمد صقر,3.93,School,,m
26701,Il nero e l'argento,Paolo Giordano,3.46,Fiction,Italian,m
26706,Victoria's Choice,A'Mera Frieman,4.4,,,m
26714,El corazón helado,Almudena Grandes,4.26,Historical Fiction,Spanish,w
26717,Choices,Eve Newton,4.43,Vampires,English,w
26718,The Magic Of Thinking Big: Achieve Whatever You Dream For,Megan Coulter,4.75,,English,w
26729,Walking on Water,Richard Paul Evans,4.32,Fiction,English,m
26733,Liebesbrise - Zwischen Ebbe und Flut,Hilke-Gesa Bußmann,4.6,,English,m
26735,Yaşamın Ucuna Yolculuk,Tezer Özlü,4.06,Turkish Literature,Turkish,m
26737,"Barinas son los ríos, el tabaco y el viento",Orlando Araujo,5.0,,Spanish,m
26738,The Spirit Realm,Emily Page,4.0,,,w
26740,On Self-Denial,John Calvin,4.5,Christian,English,m
26747,"Sur la Route d'Anfield, Liverpool",Serge Gloumeaud,5.0,,French,m
26767,Love at First Plight,"Amanda Giasson , Julie B. Campbell",4.64,,English,w;w
26775,11 Cheap Diabetic Recipes under 10$ (Bonus! 5 Cheap Diabetic Desserts),Michael Zhang,3.5,,English,m
26779,Bockin perheen saaga,Ior Bock,3.62,,Finnish,m
26795,"Vicky, nu Victoria",Cristina Nemerovschi,4.5,Romanian Literature,Romanian,w
26796,Deranged,Debbie Lacy,5.0,,English,w
26798,Le Combat Ordinaire [Intégrale],Manu Larcenet,4.51,Comics,French,m
26810,Omega Wildcat,Noah Harris,2.86,M M Romance,English,m
26812,La suerte de los irlandeses (edición revisada),J.L. Rod,3.89,,English,m
26814,Punto de inflexión,Martín Mehsen,3.63,,Spanish,m
26819,The Unofficial Divergent Aptitude Test: Discover Your True Faction!,Noel St. Clair,3.57,,,m
26820,Iron and Smoke,Brandon Nolta,4.89,,English,m
26822,"Crystals: Your Beginners Guide To Crystals And Healing Stones (Power of Crystals, Healing Stones,Relieve Stress, Energy Healing)",Michele Gilbert,3.82,,,w
26823,No Way Out,"Jane McNulty, Olivia Hauvuy",5.0,,English,w;w
26828,Roro Mendut,Y.B. Mangunwijaya,4.06,Novels,Indonesian,m
26830,Etta and Otto and Russell and James,Emma Hooper,3.67,Fiction,English,w
26831,Los papeles de Narciso Lima-Achá,Jaime Sáenz,4.18,,Spanish,m
26837,Il mio cuore è più stanco della mia voce,Oriana Fallaci,4.19,,Italian,w
26838,Kuća obrasla bršljanom,Lazar Janic,4.71,,Serbian,m
26843,"The Dust Lands Trilogy: Blood Red Road; Rebel Heart; Raging Star (Dust Lands, #1-3)",Moira Young,4.27,,English,w
26846,Devilish,Michaela Adams,3.74,Paranormal,English,w
26853,Kad duša zamire,Lajos Zilahy,4.31,,Serbian,m
26855,And Laugh at Digital Butterflies,Holly Blackstone,4.45,BDSM,English,w
26856,The Bomber,David O'Sullivan,4.31,Fiction,English,m
26862,الحشاش,محمود أمين,3.5,Novels,Arabic,m
26865,High Dive,Jonathan Lee,3.49,Fiction,English,m
26866,The Glittering Art of Falling Apart,Ilana Fox,4.01,Fiction,,w
26868,La vieja tigresa o el erotismo en la senectud,Miguel Noguera,3.86,Humor,Spanish,m
26871,Hot Girl,Prince Landi,4.0,,English,m
26874,Murder Past Due,Miranda James,3.82,Mystery,English,w
26875,June’s Stolen Rose (Seasons of Love and War Book 4),Brenda Ashworth Barry,4.73,Fiction,English,w
26880,Quest in the Caribbean: A True Caribbean Sailing Adventure,David Beaupre,4.32,,English,m
26882,Summer Shadows,Killarney Traynor,4.33,Mystery,,m
26885,Extreme Fishing,Robson Green,3.58,,English,m
26887,Parallel Stories: A Novel,Péter Nádas,3.71,Fiction,English,m
26890,Jake's Law,William J. Coleman,5.0,,,m
26891,"Sufis of Andalusia: The ""Ruh al-Quds"" & ""al-Durrat al-Fakhirah""",Ibn Arabi,4.49,Islam,English,m
26894,İnce Memed 1-2-3-4,Yaşar Kemal,4.7,Fiction,Turkish,m
26895,Diário da Sibila Rubra: O retorno da bruxa,Kizzy Ysatis,3.37,,Portuguese,w
26896,A Candle in the Dark Shewing the Divine Cause of the Distractions of the Whole Nation of England and of the Christian World ... / By Thomas Ady ... (1655),Thomas Ady,4.0,,English,m
26900,Journal d'une tueuse,V.I. Prates,4.14,,French,m
26903,كيف أتوب ؟,محمد حسين يعقوب,4.22,Islam,Arabic,m
26914,Old Filth,Jane Gardam,3.94,Fiction,English,w
26920,"Boxing Films, Mobsters, Dames!: Volume One; How Kirk Douglas and Robert Ryan Fought Their Way To Stardom",William Hare,5.0,,English,m
26928,Dix Petits Poèmes and More,Teddy Crispin,4.0,,English,m
26930,Mask of the Evergones (Neversuch House #2),Elliot Skell,4.11,,English,m
26936,The Gold,Krista Wagner,4.11,,English,w
26944,Can we see life as a series of 'moments of success' (Little Books),Srinivas Venkatram,5.0,,English,m
26947,Billionaire Romance: Music in His soul,Amerine Graham,4.33,,English,m
26952,Karachi Halwa,Prabhu Dayal,3.73,India,English,m
26954,Short Stories,Louis Becke,3.13,,English,m
26960,From Fear to Faith: A Worrier's Guide to Discovering Peace,Gary Zimak,4.32,Catholic,English,m
26962,To,Stephen King,4.2,,,m
26967,The Awakening of Perception: A Collection of Talks and Articles,Belsebuub,4.73,,English,m
26969,Resolution,Robert B. Parker,3.98,Westerns,English,m
26971,Polvo,Benito Taibo,4.14,,Spanish,m
26977,The Cosmopolitans,Sarah Schulman,3.86,Fiction,English,w
26979,The Lagunitas Story: So you want to start a brewery..?,Tony Magee,4.3,Beer,English,m
26986,Bodies and Souls: A Novel,John Rechy,3.71,Fiction,English,m
26987,Personal Injuries,Vincent L. Scarsella,3.82,,English,m
26990,Devotion and the Devil,Mark Montgomery,4.5,Historical Fiction,English,m
26993,Tiger Lilly,Sharon Vander Meer,3.62,,,w
26995,Other Worlds,Michael Hoffman,5.0,,,m
26996,Masochist,Ryan Schow,4.56,,English,m
26999,"How to Win Football Bets Easily, Every Time: Top Secrets, Tips and Best Strategies for Winning Big",Betting Guru,4.0,,,m
27000,The Skinwalker: Resurrection,Dedra L. Stevenson,4.5,,,w
27007,Očarovaná,Hana Hindráková,3.0,,Czech,w
27014,Nowe Średniowiecze. Felietony zebrane,Lech Jęczmyk,3.83,,Polish,m
27016,The Twelve Tribes of Hattie,Ayana Mathis,3.5,Fiction,English,w
27018,Berlin Wild,Elly Welt,3.94,Fiction,English,w
27024,The Judgement Conundrum,Lacerant Plainer,4.0,,English,m
27026,Happy Place,L.P. Maxa,4.33,,English,m
27028,Nu mă păcălești,Laurențiu M. Badea,4.38,,Romanian,m
27037,50 Hours,Loree Lough,4.68,,English,m
27042,Duy Biểu Học- Hiểu sự vận hành của tâm,Thich Nhat Hanh,5.0,,Vietnamese,m
27043,The 4-Hour Work Week: by Timothy Ferriss | Summary & Analysis,NOT A BOOK,4.0,,English,m
27046,عجايب الآثار في التراجم و الأخبار : محمد علي وتجربة الاستقلال,عبد الرحمن الجبرتي,3.67,,Arabic,m
27051,La profesional - PRIMERA ENTREGA: INCITACIÓN (Trilogía La Profesional nº 1),Kris Buendia,4.08,,English,m
27060,Face Of Our Father,G. Egore Pitir,3.69,Fiction,English,m
27065,Tiny Sunbirds Far Away,Christie Watson,4.08,Fiction,English,m
27066,O,Eka Kurniawan,4.1,Fiction,Indonesian,w
27078,Episodios Nacionales: Primera Serie,Benito Pérez Galdós,4.42,Spanish Literature,Spanish,m
27082,Daisy Jones,Mack Mama,3.74,,English,m
27085,"Gange, fleuve et déesse",Vijay Singh (Writer),5.0,,French,m
27088,Points of View,Tony Thorne,3.9,,,m
27094,El universo dereniano: Textos fundamentales de la cineasta Maya Deren,Maya Deren,4.38,,Spanish,w
27097,The Battle for Innocence,Stacy A. Padula,5.0,,English,m
27107,No Easy Way,S.R. Claridge,3.69,,,m
27110,Sweet Disaster,Sierra Hill,4.26,Sports,English,w
27114,Антихрист,Емилиян Станев,4.12,Bulgarian Literature,Bulgarian,m
27130,The Twins,Tessa de Loo,3.62,Fiction,English,w
27132,"Can You Handle This Penis?: Black Man's Sex, Is Your Orgasms Worth The Pain?",America Speaks,5.0,,English,w
27135,The Revolution of the Moon,Andrea Camilleri,4.12,Historical Fiction,,w
27137,The Rain Before it Falls,Jonathan Coe,3.66,Fiction,English,m
27139,Mudras of India: A Comprehensive Guide to the Hand Gestures of Yoga and Indian Dance,"Cain Carroll , Revital Carroll",4.43,,English,m;w
27141,Food Festival and a Funeral,Harper Lin,4.34,Cozy Mystery,English,m
27142,Alguna vez estuve muerto,Fernando Quiroz,3.55,,Spanish,m
27144,In Falling Snow,Mary-Rose MacColl,3.86,Historical Fiction,English,m
27145,Hers the Kingdom,Shirley Streshinsky,4.24,Historical Fiction,English,w
27147,Before We Ever Spoke,Dan Largent,4.12,,,m
27149,Ours Are the Streets,Sunjeev Sahota,3.37,Fiction,English,m
27154,Agent Z and the Killer Bananas,Mark Haddon,4.16,,English,m
27155,Donde vuelan las mariposas,Andrea Adrich,3.97,,Spanish,w
27160,همسایه ها,Ahmad Mahmoud,4.16,Novels,Persian,m
27161,مولانا و معنای زندگی,مهدی کمپانی زارع,3.6,,Persian,m
27167,The Glorious Heresies,Lisa McInerney,3.77,Fiction,English,w
27168,Unified Field Theory Solved,Oliver Oyanadel,3.67,,,m
27174,My Lust For Boys,Zoe Jasmine,5.0,,,w
27178,Inside The Fire: A Tale of the Insane,Ivan de Monbrison,0.0,,,m
27182,The Illumination of Ursula Flight,Anna-Marie Crowhurst,4.03,Historical Fiction,English,m
27183,Sweetbitter,Stephanie Danler,3.29,Fiction,English,w
27188,Residual Effects of Slavery,LaTonya Page-Balkcom,5.0,,English,m
27189,Tony Benn's Greatest Hits,Tony Benn,4.4,,,m
27192,Et tu trouveras le trésor qui dort en toi,Laurent Gounelle,3.85,Fiction,English,m
27199,Tudo São Histórias de Amor,Dulce Maria Cardoso,3.92,Short Stories,Portuguese,w
27203,Hakkâri'de Bir Mevsim,Ferit Edgü,4.46,Turkish Literature,Turkish,m
27204,ஒரு சிறு இசை,வண்ணதாசன் (vannadasan),4.13,,Tamil,m
27205,Living Easy With Ayurveda,J.V. Hebbar,3.74,,English,m
27206,What Do You Say?,Maiyang Saridjo,4.75,,,m
27216,Absolution: Wie man eine Sünde überlebt,Jasmin Romana Welsch,3.67,,English,w
27228,INFALLIBLE (BOOK 3) THE COMMITMENT FALLOUT,T.J. Spencer Jacques,4.6,,English,m
27231,"Online Safety: Scams, SPAM, Viruses and Clouds",A.M. Perry,4.25,,,m
27236,Barkskins,Annie Proulx,3.79,Historical Fiction,English,w
27241,บ้านและเรื่องในบ้าน: ครอบครัว รัฐ และการเมืองวัฒนธรรม,สายพิณ ศุพุทธมงคล,3.89,,Thai,m
27251,Border Songs,Jim Lynch,3.64,Fiction,English,m
27261,The Safest Place,Suzanne Bugler,3.6,Fiction,English,w
27262,La spia e il guaritore,Cristina Azzali,4.4,,Italian,w
27282,Una vida de abundancia: La mente exitosa,Agustín V. Startari,5.0,,,m
27287,Uni Lifehacks: Insights From The UK's Most Successful Students,George MacGill,4.4,,,m
27290,Thirteen Offerings: Stories of Ithiria,April Wahlin,4.86,,,w
27297,Shipwrecks,Akira Yoshimura,3.99,Japan,English,m
27304,EDICIÓN ESPECIAL DE CIENCIA FICCIÓN. G.G.MELIES.: TRES LIBROS EN UNO.,G.G. Melies,3.5,,,m
27305,ALGOCRACIA CUÁNTICA: Las conciencias muertas de Sagitario A* (Novela de Ciencia Ficción en español),G.G. Melies,4.63,,,m
27323,The Dark Room,Rachel Seiffert,3.74,Fiction,English,w
27326,Even the Dogs,Jon McGregor,3.48,Fiction,English,m
27327,Imaginary Museums,Nicolette Polek,3.62,Short Stories,English,w
27329,Save Him,William M. Hayes,4.08,,English,m
27331,Tao te king,Lao Tze,4.23,,,m
27333,The Seavers Conspiracy,Travis Pearson,4.47,,,m
27338,Written In Blood,Silvana G. Sánchez,5.0,,,w
27341,ملك من شعاع,عادل كامل,4.02,Fiction,Arabic,m
27343,4.50 From Paddington/They Do It With Mirrors,Agatha Christie,3.84,Mystery,English,w
27346,أرض الخطايا,أمين يوسف غراب,3.53,Short Stories,Arabic,m
27348,هتاف الصامتين,سيد عويس,3.3,Sociology,Arabic,m
27356,قطار الجحيم,Robert Bloch,3.66,,Arabic,m
27359,Black Eden,Dr. Mildred Dumas,5.0,,English,m
27360,خوخة السعدان,محمود السعدني,3.39,Short Stories,Arabic,m
27362,Los Hijos de la IRA: Trilog�a Los Hijos del Caos,Alessandra Neymar,4.67,,,w
27368,"There's a Winner in You: Unlocking Faith Over Fear, Trauma and Worries to Fulfill Your Dream",Pastor Pauline Sutton,4.78,,,m
27381,"Hipernova: Sang Paradoks, Pesujud, dan Monotheisme",Fariza Aulia Jasmine,4.89,,Indonesian,m
27383,To Hear the Angels Sing: An Odyssey of Co-Creation With the Devic Kingdom,Dorothy MacLean,4.08,Spirituality,English,w
27387,روض الأدب: مختارات قصصية من الأدب الأمريكي,O. Henry,3.65,,Arabic,m
27389,From Sit to Gundog,Steven B. Reider,5.0,,,m
27390,حقول الرماد,أحمد إبراهيم الفقيه,3.73,,Arabic,m
27391,Beneath a Sunless Sky,Jessica Alter,4.32,Fiction,English,w
27392,An Orchestra of Minorities,Chigozie Obioma,3.69,Fiction,English,m
27395,فلاسفة وفنانون,رجاء النقاش,3.96,,Arabic,m
27396,"Ain't No Makin' It: Aspirations and Attainment in a Low-Income Neighborhood, Third Edition",Jay MacLeod,4.5,,,m
27397,Rebecca's Destiny (Redemption #2),Gary Green,4.27,Epic,English,m
27398,The Geek,Jonathan Latt,4.15,Epic,English,m
27406,Scruncher Goes Wandering,Tessa Krailing,3.83,,English,w
27415,A Flower Reborn,Kirstin Graham,5.0,,English,w
27421,The Lost and Found Journal of a Miner 49er: Vol. 2,Jack Dublin,4.6,,English,m
27422,Forest Dark,Nicole Krauss,3.08,Fiction,English,w
27430,Enemies Within : An air force thriller,Wing Commander M K Devidasan,4.33,,,m
27431,In the Night Cafe,Joyce Johnson,3.74,Fiction,English,w
27444,A Ladeira da Memória,José Geraldo Vieira,4.62,,English,m
27445,Antología helada,Alejandra Abraham,4.77,,,w
27451,School and My Bully Experience,Frank Joseph Minichetti,5.0,,English,m
27454,Buck Rogers in the 25th Century: The Dailies and Sundays 1979-1980,Jim Lawrence,4.0,,English,m
27463,The Band Room,Bob Seay,4.89,,,m
27473,A Ladder to the Sky,John Boyne,4.21,Fiction,English,m
27480,Tara's Book (Taras Bog),Widad Akreyi,4.25,,Danish,w
27481,The Cry of the Lake,Charlie Tyler,3.9,Mystery,English,m
27487,My Secret History,Paul Theroux,3.83,Fiction,English,m
27493,Anything Boys Can Do,Angie Abdou,3.88,Fiction,English,w
27494,The Man Who Wrote the Book,Erik Tarloff,3.85,Fiction,English,m
27497,Fuck America. Bronskys Geständnis,Edgar Hilsenrath,3.71,German Literature,German,m
27502,Göttin der Jagd,Heleen van Royen,2.8,Roman,,m
27523,The Good Life,Jay McInerney,3.46,Fiction,English,m
27525,قصة كاملة لم يؤلفها بشر,علي الطنطاوي,3.99,Short Stories,Arabic,m
27528,For Keepsies,Gary Fincke,4.0,,English,m
27535,Scent of Cloves,Norah Lofts,3.89,Historical Fiction,English,w
27538,Recollection Creek,Fred Gipson,3.93,,,m
27544,The Beautiful Room Is Empty,Edmund White,3.94,Fiction,English,m
27548,Thunder on the Mountain,David Poyer,4.07,,English,m
27549,Shadows of the Heart,Lord' Williams,4.42,,English,m
27556,I Love You Like a Tomato,Marie Giordano,3.79,Fiction,English,w
27557,'Til Death,Miasha,4.2,Fiction,English,m
27559,"Eyeshield 21, Vol. 7: Musashi",Riichiro Inagaki,4.3,Manga,English,m
27565,The Rest of Her Life,Laura Moriarty,3.39,Fiction,English,w
27571,Chinese Whispers,Marisa Mackle,3.15,Chick Lit,English,w
27574,Braided Lives,Marge Piercy,3.88,Fiction,English,w
27576,Unpublished Revelations of the Prophets and Presidents of The Church of Jesus Christ of Latter Day Saints Vol. 1,Fred C. Collier,4.21,,English,m
27577,Blade Of Grass,Lewis DeSoto,3.66,Fiction,,m
27578,July,Karen Roberts,4.08,Fiction,English,w
27579,Nobody Loves A Drunken Indian,Clair Huffaker,4.31,,English,m
27581,The Big Rusty Lie,Ryan Speck,4.25,,English,m
27582,The Epicure's Lament,Kate Christensen,3.73,Fiction,English,w
27583,Together Is All We Need,Michael R. Phillips,4.4,Historical Fiction,English,m
27587,When We Meet Again,Christina Corlett,5.0,,English,w
27588,A Year in the Merde,Stephen Clarke,3.54,Travel,English,m
27596,Titus et Bouboule en Egypte,Andréa Novick,4.5,,French,w
27597,Turning Hearts,Deanne Blackhurst,3.47,Lds Fiction,English,w
27600,Poppy Shakespeare,Clare Allan,3.31,Fiction,English,w
27602,Unknown Book 8431510,Unknown Author 509,5.0,,,m
27603,Sepharad,Antonio Muñoz Molina,3.97,Fiction,Spanish,m
27605,Mary Anita and the Second Liberation in Kenya,Milton O. Esitubi,4.78,,English,m
27614,10 Lucky Things That Have Happened to Me Since I Nearly Got Hit by Lightning,Mary Hershey,3.79,Juvenile,English,m
27615,De taal der Liefde,Gerard Reve,3.41,Fiction,,m
27620,"Bright Days, Dark Nights: With Charles Spurgeon in Triumph Over Emotional Pain",Elizabeth R. Skoglund,4.24,,English,w
27623,"First Person, Last Straw",Tom Waters,4.0,,English,m
27632,"Secret Six, Vol. 1: Unhinged",Gail Simone,4.18,Comics,English,m
27635,Meister Der Wünsche. Roman,Ali Sethi,2.86,Fiction,German,m
27641,Daun Pun Berzikir,Taufiqurrahman al-Azizy,3.72,Novels,Malay,m
27664,The DMZ,Jeanette Windle,4.46,Fiction,English,w
27665,Dia!: Terungkapnya Si Tuan Besar,Fahri Asiza,4.11,,Indonesian,m
27672,Restricted,Takerra Allen,4.58,Urban,English,m
27683,"O Livro dos Dias, um diário das Cruzadas",Stephen J. Rivele,4.12,Fiction,Portuguese,m
27689,Degenerates,Neil D. Ostroff,4.42,,English,m
27692,Unknown Book 11775787,Unknown Author 788,4.0,,,m
27701,"Israel, My Beloved",Kay Arthur,4.15,Fiction,English,m
27702,Os Mal-Amados,Luísa Beltrão,3.97,Historical Fiction,Portuguese,w
27706,La grande peur dans la montagne,Charles-Ferdinand Ramuz,3.66,Roman,French,m
27715,Naughty Delivery,Lucy Felthouse,3.8,Erotica,English,w
27717,Dalí and Me,Catherine Millet,3.78,,English,w
27721,Love Warps the Mind a Little,John Dufresne,3.73,Fiction,English,m
27735,Saving Seven (Book 1),Flint Ory,4.92,,,m
27737,"A Mere Six Degrees of Separation: Social Networks, Kevin Bacon, and the Small World Experiment",Beatriz Scaglia,0.0,,English,w
27743,Saga of the Wolf,D.J. Manly,4.08,Paranormal,English,m
27747,Payback,Roy Glenn,4.45,Urban,English,m
27759,Furiously Tempted,Karen Fuller,4.0,,English,w
27760,"Love, Acceptance & Forgiveness","Jerry Cook, Stanley C. Baldwin",4.51,Christian Living,English,m;m
27764,La palabra del mudo: Cuentos 52/72,Julio Ramón Ribeyro,4.51,Short Stories,Spanish,m
27771,Stoker's Shadow,Paul Butler,3.67,,English,m
27773,Vapor,Amanda Filipacchi,3.89,Fiction,English,w
27778,Prométeme que serás libre,Jorge Molist,4.06,Historical Fiction,Spanish,m
27779,"Hidup Bukan Rahsia Anda, Saya dan Kita",Zabrina A. Bakar,4.32,,Malay,m
27784,Wench,Dolen Perkins-Valdez,3.7,Fiction,English,m
27785,The Slave Factory,Julian Darius,4.03,Historical Fiction,English,m
27788,Vanishing Worlds - Annelies' Journal,Nadine May,5.0,,English,w
27789,Dragonworld ETC,L'Poni Baldwin,4.0,,English,m
27792,بين التاريخ والواقع: الجزء الأول,راغب السرجاني,3.85,History,Arabic,m
27801,Boy Scouts of America Scout Stuff: Illuminating a Century of the Scouting Experience,Robert Birkby,4.38,History,English,m
27804,Moving Can Be Murder,Susan Santangelo,3.96,Cozy Mystery,,w
27806,Las orquídeas rojas de Shanghai,Juliette Morillot,4.3,Drama,Spanish,w
27818,Strawberry Mansion: A Philadelphia Story,Julia Press Simmons,4.28,African American,,w
27820,Moving On,Larry McMurtry,3.81,Fiction,English,m
27821,Jedan od onih života,Đorđe Balašević,4.42,Fiction,Serbian,m
27823,"Grande seno, fianchi larghi",Mo Yan,3.78,Fiction,Italian,m
27824,Samhane,D. I. Russell,4.34,Fiction,English,m
27839,A Good Man in Africa,William Boyd,3.85,Fiction,English,m
27842,Night Feast: A Vampire Novel,Yvonne Bruton,3.4,,English,w
27843,Trois gouttes de sang,Martine Pouchain,3.44,,French,w
27844,Prijatelji sa Kosančićevog venca 7,Slobodan Selenić,4.14,Fiction,Serbian,m
27847,Vinyl Cafe Unplugged,Stuart McLean,4.25,Fiction,English,m
27860,Fresh Eggs,Rob Levandoski,3.53,Fiction,English,m
27865,"Lake Wobegon die wahre Geschichte einer kleinen Stadt, die auf keiner Landkarte steht",Garrison Keillor,3.64,Fiction,,m
27870,Lean Six SIGMA Statistics: Calculating Process Efficiencies in Transactional Project,Alastair Muir,4.2,,English,m
27876,Hotdogs & Coleslaw,Yolanda Williams,3.5,,English,w
27882,ملاك الحب,إيمان مصعبين,4.05,,Arabic,m
27899,"Sin City: Una Dura Despedida, #1 de 3",Frank Miller,4.18,Graphic Novels,Spanish,m
27900,Die Mumins: Abenteuer im Mumintal,Tove Jansson,4.39,,German,w
27914,The Country Girl,Clifford Odets,3.74,Plays,English,m
27924,What The Torah Teaches Us About Life / Through The Themes Of The Weekly Torah Portions (4),Laura Weakley,4.55,,English,w
27929,Pedigree,Georges Simenon,3.89,Fiction,English,m
27932,Middle Damned,Shane Stilson,4.21,,English,m
27940,The Occupation,David R. Beshears,4.6,,English,m
27943,العالم الضيق,نجيب الكيلاني,3.16,Literature,Arabic,m
27953,The Queen's Man,Sharon Kay Penman,3.88,Historical Fiction,English,w
27966,Parrot and Olivier in America,Peter Carey,3.43,Fiction,English,m
27971,Born of Blood,Diana Collins,4.39,,English,w
27975,The Philippines and International Restaurants Food Recipes Kindle Edition,Fernando Lachica,5.0,,English,m
27976,Mrs. Jeffries Takes the Stage,Emily Brightwell,3.95,Mystery,English,w
27983,We Sinners,Hanna Pylväinen,3.48,Fiction,English,w
27984,"Six-Pack Abs: A Quick, Concise Guide To Obtaining And Keeping Toned Abdominal Muscles.",D. Terry,0.0,,English,m
27991,Living A Long Life,Byron Goines,5.0,,English,m
27999,The Sky's the Limit: Canadian Women Bush Pilots,Spring Joyce,0.0,,English,w
28002,Pabila Cinta Memanggilku,Syamnuriezmil,3.84,,Malay,m
28003,Studies in Ecstatic Kabbalah,Moshe Idel,4.24,Judaism,English,m
28004,Leione's Diary: How Everything Should Have Been,Pet Torres,4.0,,English,m
28009,Karu süda,Nikolai Baturin,4.29,,Estonian,m
28013,The Annabran Rosary,Barbara,4.0,,English,w
28017,Digital mind jail,Gojim Oavin,5.0,,English,m
28029,Zombie Novel Writing 101: How to Write a Zombie Novel,Steve French,4.33,,English,m
28035,Time Control - Taking Control and Achieving Goals,Martin Gover,4.47,Business,English,m
28043,The Mercenary,Johanna Rae,4.44,Shapeshifters,English,w
28044,Sinergi,Hilal Asyraf,4.49,Novels,Malay,w
28048,عِش عظيماً,كريم الشاذلي,3.69,Self Help,Arabic,m
28051,Tiara,John Reinhard Dizon,4.21,Mystery Thriller,English,m
28052,"Ghost Stations (The True Lives Of The Fabulous Killjoys, #2)","Gerard Way, Shaun Simon",4.59,Comics,English,m;m
28060,The Making Of Ajay: Every Man,Black Coffee,5.0,,English,m
28066,Flower In the Dark,Elizabeth Paradise,4.67,,English,w
28071,The Wiccan Diaries / Neophyte / Adept,T.D. McMichael,4.33,,English,m
28073,The Burgess Boys,Elizabeth Strout,3.58,Fiction,English,w
28078,My Vietnam War,E.E. Doc Murdock,3.67,History,English,m
28081,L'aveugle de la cathédrale,Farjallah Haik,4.69,,French,m
28088,The Quiet,Rolly A. Chabot,5.0,,English,m
28089,ديوان عبد الله البردوني المجلد الاول,عبد الله البردوني,4.35,,Arabic,m
28092,Positively Bodyful,LaQuisha Hall,4.67,,,m
28096,Better Out Than In,Adam Wallace,4.14,,,m
28099,Such a Perfect Sister,Donna Hay,3.61,Chick Lit,English,w
28101,The Five Fingers,Gayle Rivers,4.14,Fiction,English,m
28112,Pearl,Mary Gordon,3.19,Fiction,English,m
28113,Fatal Descent,Beth Groundwater,3.96,Mystery,English,w
28115,Flower Feud,Catherine R. Daly,4.07,Realistic Fiction,English,w
28119,Amy and Isabelle,Elizabeth Strout,3.84,Fiction,English,w
28121,Dissent and Heterodoxy in the Late Ottoman Empire Dissent and Heterodoxy in the Late Ottoman Empire Dissent and Heterodoxy in the Late Ottoman Empire,Necati Alkan,5.0,,English,m
28136,Wireless Communications: Principles and Practice,Theodore S. Rappaport,3.96,Textbooks,English,m
28139,آخر أحلام الدانتيل,معتز هاني,3.17,,,m
28140,يا صاحبي السجن,أيمن العتوم,3.95,Novels,Arabic,m
28149,Uciekinierka z San Benito,Chufo Lloréns,3.92,Historical Fiction,Polish,m
28151,Goal Achiever,Bob Proctor,4.03,Personal Development,,m
28162,Withnail and I: The Screenplay,Bruce Robinson,4.67,Fiction,English,m
28170,The No. 1 Ladies' Detective Agency Collection,Alexander McCall Smith,4.11,Fiction,English,m
28175,Giselle: Keeper of the Flame,Caddy Rowland,4.23,,English,m
28184,Status of Women in Islam,Yusuf Al-Hajj Ahmad,4.36,Islam,English,m
28187,"El Principito, El Príncipe feliz y otros cuentos","Antoine de Saint-Exupéry, Oscar Wilde",4.48,,Spanish,m;m
28189,All I Can Do Is Stand Part Two,Aleja Bennett,5.0,,English,w
28197,Les Cendres Froides,Valentin Musso,3.91,Crime,French,m
28205,The Gates of Sparak Th'ur: A Thoughts of Mountains Novel,Steve Jones Snr,5.0,,,m
28208,Cartas desde mi celda,Gustavo Adolfo Bécquer,3.83,Spanish Literature,English,m
28221,Zaira,Cătălin Dorian Florescu,4.16,Romanian Literature,German,m
28226,Shoes To Die For,Laura Levine,3.92,Mystery,English,w
28230,The Case of the Missing Servant,Tarquin Hall,3.74,Mystery,English,m
28233,Ranger Mosby,Virgil Carrington Jones,4.0,Civil War,English,m
28234,Lost in America,Isaac Bashevis Singer,4.03,Fiction,English,m
28243,I've Been Waiting for You,Mary Moriarty,4.43,Paranormal,English,m
28250,Freak Show,Patti Larsen,4.3,Mystery,English,w
28251,Preservation,Phillip Tomasso III,4.14,Zombies,English,m
28254,Horn Ok Please - HOPping To Conclusions,Kartik Iyengar,3.09,Travel,English,m
28260,King of Rome,Dave Sudbury,3.56,Picture Books,English,m
28268,Ant laiko ašmenų,Gintaras Beresnevičius,3.85,,,m
28270,Innocent Temptation (Divine Temptations #2),Lolo Mayaya,4.33,,Spanish,m
28272,Thanks Lil Ren,Joyce Mitchell,4.11,,English,w
28278,Fears of Darkness,J.M. Northup,4.31,,,m
28284,La Peste des âmes,Jürgen Seidel,2.61,,French,m
28289,One Last Time,Jan Strnad,4.78,,English,m
28294,The Goatman,Jeff Fuell,3.94,,English,m
28304,Petr Nikl: The Game of Time,Petr Nikl (Contributor),4.5,,,m
28305,The Larks: Wars are fought by ordinary people,Jem Shaw,4.13,,English,m
28312,Staples for Success: From Business Plan to Billion-Dollar Business in Just a Decade,"Thomas G. Stemberg, David D. Busch",3.46,,English,m;m
28316,Muzici și faze,Ovidiu Verdeş,4.01,Fiction,Romanian,m
28322,"Zend-Avesta, Ouvrage De Zoroastre (Myth & romanticism)",A.H. Anquetil-Duperron,5.0,,,m
28327,Zıkkımın Kökü,Muzaffer İzgü,4.2,Turkish Literature,Turkish,m
28328,Julie,E.M. Leya,3.67,,English,m
28330,Albert Angelo,B.S. Johnson,3.89,Fiction,English,m
28334,LRB 365,Paul Carter,3.88,,English,m
28339,6 Steps to Forgiveness: A Live Forgiveness Session with a Step-By-Step Process,Josephine D. Hasan-Kerr,4.8,,,w
28343,Keluarga Gerilya,Pramoedya Ananta Toer,4.11,Fiction,Indonesian,m
28353,Meet My Maker The Mad Molecule,J.P. Donleavy,3.83,Fiction,English,m
28357,Pirates: The Midnight Passage,James R. Hannibal,4.24,Adventure,,m
28364,"A Lexicon of Lunacy: Metaphoric Malady, Moral Responsibility & Psychiatry",Thomas Szasz,3.83,,English,m
28383,The Parrot's Theorem,Denis Guedj,3.65,Fiction,English,m
28384,Ninguna mujer nace para puta,María Galindo,3.91,Feminism,Spanish,m
28387,Flight of Fancy (Cora's Daughters - The Fancy Series),Mercedes Keyes,4.46,,English,w
28389,Suitable for Hanging,Lynne Stanshine,4.88,,English,w
28390,My Weekly Walk (The Walk Book 2),Alan E. Freedman,5.0,,English,m
28392,Mysteries of the Red Coyote Inn,Lorraine Carey,4.8,,English,w
28394,Rajatabla,Luis Britto García,4.04,,Spanish,m
28396,Your Husband My Man,K.C. Blaze,4.29,Urban,English,m
28402,Run!,Patricia Wentworth,3.85,Mystery,English,w
28404,Karma Destiny or Choice,Himaksh Kashyap,4.33,,English,m
28405,Clandestine Classics: A Princess of Mars,"Bebe Balocca , Edgar Rice Burroughs",4.0,,,w;m
28411,Karma's a Bitch,J. Gail,4.12,,English,m
28412,Hasil Ghat / حاصل گھاٹ,Bano Qudsia,3.93,Fiction,Urdu,w
28415,Aurelien d'Aragon,"Daniel Bougnoux, Cécile Narjoux",4.67,,French,m;w
28418,La estrella de Sevilla,Lope de Vega,3.59,Theatre,Spanish,m
28419,Trail of the Spellmans,Lisa Lutz,4.03,Mystery,English,w
28421,I Hotel,Karen Tei Yamashita,3.82,Fiction,English,w
28429,Sun & Moon,Kelle J. Brown,4.8,,English,m
28430,Castle Grey - A Katt and Mouse Mystery,L.C. Wright,4.19,Mystery,,m
28436,يا فتاة الإسلام اقرئي حتى لا تخدعي,صالح بن إبراهيم البليهي,3.33,,Arabic,m
28440,Jacob's Story,Seeley James,4.56,Mystery,English,m
28443,Unrequited,Alisa Mullen,4.37,New Adult,English,w
28458,"DOCTOR MARI TEACHES ABOUT HEALTHY CONCEPTS OF GOD (Psychological Wholeness Series, #3)",Denise Marie Mari,5.0,,English,w
28461,Last Sun Standing,Arthur J. Wu,4.0,,,m
28464,"Books for kids: My Mom is A SuperWoman (Bedtime Superhero For Kids Ages 3-10) Short story, Game & Puzzle - children's books, Early readers (Funny Series for Early Learning Readers)",Auntie Ant,4.43,,,m
28468,When Love Never Ends,J. Alec Keaton,4.0,,English,m
28472,giveaways,A.N. Shekarnia,0.0,,English,m
28487,Mexican Eskimo Book 1: Exmikan,Anker Frankoni,3.77,,English,m
28490,Le Operette Morali Di Giacomo Leopardi (1870),"Giuseppe Chiarini, Pietro Giordani",4.35,,Italian,m;m
28491,Omega Minor,Paul Verhaeghen,3.94,Fiction,English,m
28497,"Romance of the Three Kingdoms, Vol. 1 (chapter 1-30)",Luo Guanzhong,4.78,,English,m
28498,Adi Parva - Churning of the Ocean,Amruta Patil,4.24,Graphic Novels,English,m
28501,Herr Lehmann,Sven Regener,3.88,Fiction,German,m
28506,Super Intelligence: Getting Ahead With Super Intelligence,Renee B. Williams,3.75,,English,w
28508,"Les Intrigantes (Les Intrigantes, #1)",Christine Féret-Fleury,2.75,,French,w
28509,Forgotten Lore: Volume II,Alexei Maxim Russell,4.1,,English,m
28518,The Horse Healer,Gonzalo Giner,4.14,Historical Fiction,English,m
28522,The Fallow Season of Hugo Hunter,Craig Lancaster,3.71,Fiction,,m
28524,Mi novia Ítala come flores y otras novias,Miguel James,4.33,,Spanish,m
28537,الرئيس,محمد العدوي,3.93,Novels,Arabic,m
28539,Kenau,Tessa de Loo,3.36,Historical Fiction,Dutch,w
28554,Standing in the Rainbow,Fannie Flagg,4.04,Fiction,English,w
28555,কালো বরফ,Mahmudul Haque,4.31,Fiction,Bengali,m
28559,The Antichrist and Armageddon,Danyal Nicholson,3.33,,English,m
28568,Easy Ways to Earn Money and Get Free Stuff When Bored and Broke!,Michael Zhang,3.0,,English,m
28569,All Our Names,Dinaw Mengestu,3.61,Fiction,,m
28576,Hidden Depths,Ally Rose,4.08,,English,w
28587,The Peeping Tom,Debbie Lacy,5.0,,English,w
28588,Odesse,Evelina Leickt,3.67,,Swedish,w
28589,El centro del mundo,Angélica Liddell,4.45,,Spanish,w
28596,Mr. Right Berkopiah,Ain Maisarah,4.34,,Malay,m
28598,Necessary Lies,Diane Chamberlain,4.25,Historical Fiction,English,w
28599,The Most Important Game,Noah Harris,2.98,M M Romance,English,m
28604,Children of Rosehaven,Christopher St. John Sampayo,4.81,,English,m
28612,Semi-Tough,Dan Jenkins,3.84,Sports,English,m
28615,Čitas burtnīca,Anna Sakse,3.97,,Latvian,w
28618,مملكة البنغال,محمد بن عبد العزيز الداود,2.83,,Arabic,m
28622,Bog se nikad ne smeje: zapis o ateističkom autovanju,Aleksandar Lambros,4.19,,Serbian,m
28640,الجاحد,الحسن البخاري,3.35,Novels,Arabic,m
28641,On a Bad Boy Note: Don't Curse Me!,Ansh Seth,4.08,,,m
28648,Pure Vision: The Magdalene Revelation,Perri Birney,4.24,Amazon,English,m
28649,Ser madre hoy,Miguel Noguera,3.95,Humor,Spanish,m
28653,Thirst Trap - An Instagram Scandal,Aisha Linnea,4.61,,English,w
28659,April's Secret Storm,Brenda Ashworth Barry,4.61,Historical Fiction,,w
28662,Vault Dweller's Secrets: An Unauthorized Guide to Fallout 4,Corey Hardin,4.11,,,m
28667,Chasing the Rainbow: Facilitating a Pagan Festival,Tish Owen,4.11,,English,m
28669,V.M. 18,Isabella Santacroce,3.12,Fiction,Italian,w
28670,The Surprising Truth about Sales: A Holistic Approach to Closing a Deal,Maria Johnsen,4.98,Business,English,w
28674,Lob der Disziplin. Eine Streitschrift,Bernhard Bueb,3.38,,German,m
28677,L'exil,Estelle Vagner,3.98,Urban Fantasy,French,w
28683,The Capture of Paul Beck,Matthias McDonnell Bodkin,4.33,,English,m
28685,Arabian War Games : Cataclysmic Wars Redraw the Map of the Middle East,Ali Al Shihabi,4.23,,English,m
28688,No me debes nada,Conti Constanzo,4.05,,Spanish,m
28694,"Whose God? Whose Land?: The Great Empires and The Making of the Modern Middle East (JUDAISM, CHRISTIANITY, ISLAM: THE THREE PILLARS OF MONOTHEISM Book 1)",William Hare,4.83,,English,m
28695,Romancing the Grinch,Tamara Philip,3.85,Christmas,English,w
28697,"God's Promises For You: Divine Promises and Affirmations For Your Success, All-round Prosperity and Total Well-being",Theo John Paul,4.14,,English,m
28702,Thomas Gainsborough: Artist of England,Sally Glendinning,4.0,,English,w
28704,La ragazza dai capelli strani,David Foster Wallace,3.88,Short Stories,Italian,m
28712,The Freelancer's Bible,Tiffani Velez,4.33,,English,m
28713,Devlet-i Aliyye - Köprülüler Devri,Halil İnalcık,4.63,History,Turkish,m
28715,دروب,Mikhail Naimy,3.81,,Arabic,m
28720,The Smoke at Dawn,Jeff Shaara,4.25,Historical Fiction,English,m
28725,Billionaire Romance: Music in His Bones (Feel The Music Book 1),Amerine Graham,4.06,,English,m
28729,The Eck-Vidya: Ancient Science of Prophecy,Paul Twitchell,4.22,,English,m
28733,The Forgotten One and Other True Tales of the South Seas,James Norman Hall,4.71,,English,m
28736,Richmond Unchained: The Biography of the World's First Black Sporting Superstar,Luke G. Williams,4.2,History,English,m
28744,Three Weeks in December,Audrey Schulman,3.93,Fiction,English,w
28750,Appaloosa,Robert B. Parker,3.98,Westerns,English,m
28752,Caracreatura,Pino Roveredo,4.36,,Italian,m
28758,"The Dialogues of Plato, vol. 1, translated into English with Analyses and Introductions in Five Volumes",Plato,5.0,,English,m
28764,On Solway Sand,Mark Montgomery,4.6,,English,m
28766,Clone,Ryan Schow,4.58,,English,m
28767,Le Quatrième Mur,Sorj Chalandon,4.26,France,French,m
28768,Profitable Chicken Rearing For Beginners : Raisng Chickens For Meat & Eggs And Markets And Marketing Strategies,Francis Okumu,4.0,,,m
28769,Desert Magnolia,Dedra L. Stevenson,4.48,,English,w
28773,A Zebra Branca,Milton Camargo (Author),5.0,,Portuguese,m
28774,Sherlock Holmes : Ölümle Randevu,Arthur Conan Doyle,3.77,,Turkish,m
28775,Back to the Hood,Treasure Hernandez,4.48,African American,English,m
28787,Captured Moments: Inspiration captured in verse,J.D. Estrada,4.5,,English,m
28792,Judging Angels,Tim Capps,4.67,,English,m
28800,Summary of Capital in the Twenty-First Century: by Thomas Piketty | Includes Analysis,NOT A BOOK,3.44,,English,m
28801,عجايب الآثار في التراجم والأخبار :الجزء الخامس,عبد الرحمن الجبرتي (تأليف),4.21,History,Arabic,m
28806,Cuban Heels Covermount (B Magazine),Emily Barr,3.4,Chick Lit,,w
28809,V Hérakleitově řece,Wisława Szymborska,5.0,,Czech,m
28811,Play With Strangers,Annie Hardacre,5.0,,English,w
28813,Sweet Remembrance: The Little Match Girl Retelling,Emily Ann Putzke,4.25,Fairy Tale Retellings,English,w
28814,Live With Lightning,Mitchell Wilson,3.96,,English,m
28817,Callisto,Torsten Krol,3.84,Fiction,English,m
28822,Operetta,Witold Gombrowicz,3.81,Plays,English,m
28826,Piç,Hakan Günday,3.78,Turkish Literature,Turkish,m
28827,Ali,Küçük İskender,3.65,,Turkish,m
28829,Trail of the Beast,Edward Fallon,4.27,Fiction,English,m
28833,"Drama Free Dating: Learn From Others, So You Can Stop Wasting Your Time",Camie L. Vincent,4.8,,,m
28835,El origen musical de los animales-símbolos en la mitología y la escultura antiguas,Marius Schneider,4.38,,Spanish,m
28839,The Aftermath,Stacy A. Padula,5.0,,English,m
28842,The Black Tower,P.D. James,3.99,Mystery,English,m
28846,Konfōto Zōn No Tsukurikata: Zukai Tīpīaiī Puroguramu Mokuhyō Tassei Shigoto Ningen Kankei Benkyō Okane Ren'ai Ni Kiku,Hideto Tomabechi,5.0,,,m
28855,House of Lies,S.R. Claridge,4.0,,,m
28856,Idées noires : L'intégrale,André Franquin,4.36,Comics,French,m
28878,Broken Verses,Kamila Shamsie,3.59,Fiction,English,w
28880,"Twelve Ways to Please and Keep Your Woman or Wife: Do These Things, and No One Will Take Your Woman or Wife",Raymond Sturgis,5.0,,,m
28889,Jasnowidz na policyjnym etacie,"Krzysztof Jackowski, Krzysztof Janoszka",3.14,,Polish,m;m
28893,صراط,علی صفایی حائری,4.27,,,m
28902,The Meanderers,Dhawal Trivedi,4.79,,English,m
28903,"En el otro lado del corazón, Volumen 1",Andrea Adrich,4.19,,Spanish,w
28907,Scritti Politici,Antonio Gramsci,5.0,,Italian,m
28911,فلسفه و معنای زندگی,محمّد آزاده,4.17,,Persian,m
28914,Grimasz,Frigyes Karinthy,3.75,,Hungarian,m
28915,Nuclear Peace: The Story of the Trident Three,John Mayer (Foreword),5.0,,English,m
28916,عزاداران بیل,غلامحسین ساعدی,3.98,Short Stories,Persian,m
28920,The Ten Thousand: A Novel of Ancient Greece,Michael Curtis Ford,3.86,Historical Fiction,English,m
28921,Shamati (I Heard),Michael Laitman,4.47,,English,m
28925,The Art of Wealth Mastery: Secrets of the Self-Made Millionaire,Zack Bowman,4.5,,,m
28927,Saving Jasmine,Rose Nickol,4.0,,,w
28935,Words Of A Poetic Goddess,LaTonya Page-Balkcom,5.0,,,m
28937,I.,Stephen Dixon,3.52,Fiction,English,m
28948,I Am Riley (Riley Hammerson #1),Jenna Pratt,4.5,,English,w
28953,The Mastery of Submission: Inventions of Masochism,John K. Noyes,3.88,BDSM,English,m
28954,Aganta Burina Burinata,Halikarnas Balıkçısı,3.97,Fiction,Turkish,m
28956,சில நேரங்களில் சில மனிதர்கள் [Sila Nerangalil Sila Manithargal],Jayakanthan,3.99,Fiction,Tamil,m
28957,"Christianity mainly saw Jesus as God, others as man, and still others as teacher but never a God",Rodolfo Martin Vitangcol,5.0,,English,m
28965,L'Acrobata,Agnes Moon,4.21,M M Romance,Italian,w
28967,"Der Golem-Faktor, Der zweite Weltkrieg soll anders enden",Moritz Römstein,5.0,,German,m
28969,"Ska vi leka mamma, mamma, barn?",Lisa Kärmander,4.5,,Swedish,w
28970,El informe de Brodeck,Philippe Claudel,4.13,Fiction,Spanish,m
28972,INFALLIBLE (BOOK 2) THE COMMITMENT FAILURE,T.J. Spencer Jacques,4.22,,English,m
28973,Ela Gözlü Pars Celile,Osman Balcıgil,4.12,Biography,Turkish,m
28975,CATASTROPHE: How To Be Ready WHEN A Catastrophe Strikes Your Computer,Warren Beatty,3.83,,English,m
28979,Whisper I Love You,Mila Olsen,4.48,,,w
28982,Bare Knuckle,Cindy Brandner,4.62,Ireland,,w
28983,Heated,J.C. Gardner,4.83,,,m
28985,บุหงารายา : ประวัติศาสตร์จากคำบอกเล่าของชาวมลายู,ชุลีพร วิรุณหะ,3.0,,Thai,m
28988,L'accompagnatrice,Nina Berberova,3.48,Russia,Italian,w
28996,Canarino,Katherine Bucknell,3.68,,English,w
29002,Φ,Γεώργιος Φραγκάκης,4.4,,"Greek, Modern (1453-)",m
29008,The Ghost Becomes A Friend,Divyansh Mishra DM,5.0,,,m
29013,The Birth of Death,L.E. Parker,3.67,,English,m
29014,Pandora Syndrome,April Wahlin,4.8,,,w
29015,Deciphering the Gospels: Proves Jesus Never Existed,R.G. Price,4.23,Religion,,m
29020,Upstate Mob Story,Dennis Heretz,4.5,,,m
29026,Palestina. Laisvė yra labai graži,Giedrė Steikūnaitė,3.98,Unfinished,Lithuanian,w
29031,Mengobati Penyakit Hati,Abu Hamid al-Ghazali,4.15,,Indonesian,m
29035,In the Country of Men,Hisham Matar,3.69,Fiction,English,m
29042,The Romance of Wind & Fire: a.k.a. Hamlet & Juliet (Shakespeare Remix Book 1),Brady Wilkinson,5.0,,,m
29043,Autoportrait au radiateur,Christian Bobin,4.05,France,French,m
29049,Call of Blood: A Novel of The Unnatural Brethren,Silvana G. Sánchez,5.0,,,w
29052,حكايات قهوة كتكوت,محمود السعدني,3.72,Literature,Arabic,m
29055,Sikur te isha djale,Haki Stërmilli,4.43,Albanian Literature,Albanian,m
29058,موعدنا غداً وقصص أخرى,نجيب الكيلاني,3.42,Novels,Arabic,m
29060,Simon Bolivar: The Bolivarian Revolution (Revolutions Series),Simón Bolívar,3.63,History,English,m
29061,Los Hijos del Caos,Alessandra Neymar,4.21,Erotic Romance,Spanish,w
29069,One Tree One Book and One Cancer that changed the world: your time to change yours,Bassel Hamdan,4.25,,,m
29070,The Little Hero,Ronald Destra,4.85,,,m
29073,‫البرجوازي النبيل: هزلية تمثيلية ذات خمسة فصول‬,موليير,3.33,,,m
29081,The Jeshua Channelings: Christ Consciousness in a New Era,Pamela Kribbe,4.7,Spirituality,English,w
29085,Resistance Women,Jennifer Chiaverini,4.05,Historical Fiction,,w
29086,روح السياسة,Gustave Le Bon,3.45,Politics,Arabic,m
29088,The Last Town on Earth,Thomas Mullen,3.64,Historical Fiction,English,m
29094,روبنسون كروزو,دانيال ديفو,3.75,,Arabic,m
29097,Lily to the Rescue: Dog Dog Goose,W. Bruce Cameron,5.0,,,m
29103,Kintu,Jennifer Nansubuga Makumbi,4.14,Fiction,English,w
29123,Jalat ilmassa,Antti Rönkä,3.89,Fiction,Finnish,m
29124,Un amor cualquiera,Jane Smiley,3.85,Fiction,Spanish,w
29130,A World of Vampires: Volume 2,Dani Hoots,4.29,,English,m
29134,Buck Rogers in the 25th Century: The Complete Newspaper Dailies Volume 8,Dille Family Trust,4.33,,English,m
29136,Тридцатая любовь Марины ; Очередь,Vladimir Sorokin,3.94,Fiction,Russian,m
29137,Himmelweg,Juan Mayorga,4.35,Plays,Spanish,m
29140,Babygirl,Lorna Jackie Wilson,3.96,,English,w
29141,Batman Special #1,Mike W. Barr,3.97,Batman,English,m
29146,"Tam Lin: A Modern, Queer Retelling",T.J. Deschamps,5.0,,English,m
29155,"Soltar, Individuação e Iluminação: Soltar é o maior poder que existe",Hélio Couto,4.43,,,m
29158,Motherhood,Sheila Heti,3.64,Fiction,English,w
29160,"Linspired, Kids Edition: The Jeremy Lin Story","Mike Yorkey, Jesse Florea",4.08,Sports,English,m;m
29161,"""Dead Rock Stars""",Guy Mankowski,4.76,,English,m
29163,Killer Quotes: Quotes from Serial Killers,Hadness Fontenot,3.49,True Crime,English,m
29176,The Deal: A Novel of Hollywood,Peter Lefcourt,3.84,Fiction,English,m
29178,Crack of Doom,Willi Heinrich,3.9,Fiction,English,m
29182,La Playa,Cesare Pavese,3.41,Italian Literature,,m
29185,The Beauty of Gods Holiness,Thomas L. Trevethan,4.6,Christian,English,m
29191,"Lions and Tigers and Crocs, Oh My!: A Pearls Before Swine Treasury",Stephan Pastis,4.39,Comics,English,m
29192,The Cheese Monkeys,Chip Kidd,3.75,Fiction,English,m
29196,My Name is John,Thomas D. Eno,3.73,Fiction,English,m
29200,Zenzele: A Letter for My Daughter,J. Nozipo Maraire,4.13,Africa,English,m
29205,Daddy's Girl,Debbie Drechsler,3.75,Graphic Novels,English,w
29206,Matahari di atas Gilli,Lintang Sugianto,3.65,Fiction,Indonesian,m
29207,Rude Buay ... The Unstoppable,John A. Andrews,4.23,,English,m
29208,المنتظر,عبد الله غازي المضف,2.46,,Arabic,m
29220,The Suffolk Trilogy: Knight's Acre / The Homecoming / The Lonely Furrow,Norah Lofts,4.42,Historical Fiction,English,w
29228,Inkheart Movie: Reader,Gail Herman,3.57,,,m
29238,"Eyeshield 21, Vol. 6: Devil Bats Take Flight",Riichiro Inagaki,4.28,Manga,English,m
29239,แม่เบี้ย,วาณิช จรุงกิจอนันต์,4.0,,Thai,m
29240,"Hermann Hesse, Der Steppenwolf: Interpretation",Helga Esselborn-Krumbiegel,4.4,,,w
29242,The Virgin in the Garden,A.S. Byatt,3.7,Fiction,English,m
29252,Tales of Protection,Erik Fosnes Hansen,4.17,Fiction,English,m
29257,The Book of Bunny Suicides,Andy Riley,4.05,Humor,English,m
29259,Environmental Science Earth As A Living Planet,"Daniel B. Botkin, Edward A. Keller",3.8,Science,,m;m
29269,Forest Wars,Graham Diamond,3.54,,English,m
29273,Islam Esoteris: Kemuliaan Dan Keindahannya,Anand Krishna,4.37,,Indonesian,m
29274,Titus Et Bouboule Au Japon,Andréa Novick,5.0,,French,w
29275,The Sacrament of Conception,Muriel Lede,3.27,Erotica,English,w
29276,Sloop of War,"Alexander Kent, Douglas Reeman",4.14,Historical Fiction,English,m;m
29295,Zany Hijinx!,Tom Waters,4.0,,English,m
29302,The Toughest Indian in the World,Sherman Alexie,4.07,Short Stories,English,m
29307,"The ""Weak"" Subject: On Modernity, Eros, and Women's Playwriting",Serena Anderlini-D'Onofrio,4.5,Gender Studies,English,w
29312,Rogue River Feud,Zane Grey,4.12,Westerns,English,w
29319,Souls Raised from the Dead,Doris Betts,3.66,Fiction,English,w
29328,Barracuda: The Unauthorized Biography of Sarah Palin,Aladdin Elaasar,3.36,,English,m
29330,The Southpaw,Mark Harris,3.97,Baseball,English,m
29340,Shrugging Off The Wind: Tall Tales From Easington Writers,Wendy Robertson,4.0,,,w
29341,Dixie North,Herbert Burton,4.37,,,m
29345,Master,N.T. Morley  (Editor),4.05,Erotica,English,m
29350,"Too Little, Too Late",Portia Cosby,4.29,,,w
29362,K - I - L - L FM 100: Music to Die For,Teric Darken,4.73,Christian Fiction,English,m
29369,Bitter Fruit,Roza Chukwumah,0.0,,,w
29375,The Shawl,Cynthia Ozick,3.88,Short Stories,English,w
29378,Os Pioneiros,Luísa Beltrão,3.96,Historical Fiction,Portuguese,w
29388,Drop Out,Neil D. Ostroff,4.03,,English,m
29390,Sticks and Stones,Ilsa Evans,4.22,,English,w
29395,A Bit of Rough,Lucy Felthouse,3.47,Erotica,English,w
29400,Apex Hides the Hurt,Colson Whitehead,3.48,Fiction,English,m
29404,Volume A: From Antiquity To 1500: Volume of ...McKay-A History of World Societies,John P. McKay,3.0,,,m
29405,A Cat in My Eyes: Karena Bertanya Tak Membuatmu Berdosa,Fahd Pahdepie,3.59,Fiction,Indonesian,m
29425,Secrets of a Kept Woman,Shani Greene-Dowdell,4.14,Urban,English,w
29426,Ajaran dan Sejarah Islam untuk Anda,Rosihan Anwar,4.5,,Indonesian,m
29434,The Path She Trod,Robert Hamill Nassau,5.0,,,m
29439,"""El Aleph"" de Jorge Luis Borges","Julio Ortega, Jorge Luis Borges",4.37,,Spanish,m;m
29445,Easton,Paul Butler,3.75,,English,m
29453,Falsafah Sains : Pendekatan Kualitatif,Mat Rofa Ismail,4.65,,Malay,w
29458,Charagh Talay / چراغ تلے,Mushtaq Ahmad Yousufi,4.29,Humor,Urdu,m
29465,The Cosmic Traveller - Richard's journal,Nadine May,5.0,,English,w
29466,Dino Macro,L'Poni Baldwin,4.0,,English,m
29467,Lieve Céline,Hanna Bervoets,3.4,Fiction,Dutch,w
29469,Une Forme de vie,Amélie Nothomb,3.51,Fiction,French,w
29471,The Year of Fog,Michelle Richmond,3.47,Fiction,English,w
29472,They,Marya Mannes,3.78,,,w
29475,Heave,Christy-Ann Conlin,3.62,Canada,English,m
29480,A Hood Chick's Story,Lashonda Devaughn,4.47,Urban,English,w
29483,Samana: Luangta Maha Boowa,Silaratano Bhikkhu (Compiler),4.17,Buddhism,English,m
29495,Le Mariage de Marie-Hélène,Yvonne Bruton,4.17,,French,w
29496,Claudine De Lyon,Marie-Christine Helgerson,3.82,France,,m
29497,Secrets from the Vinyl Cafe,Stuart McLean,4.2,Fiction,,m
29509,The Bewitching Blood Series,Emma Dask,4.8,,,w
29510,The Legend of Goat Head Lodge,Wendy Lohr,5.0,,English,w
29514,أجمل بنت في العالم,ناصر الشافعي,3.75,,,m
29521,أحبك .. ولن أنطقها,إيمان مصعبين,3.86,Novels,,m
29522,Optimization Theory for Large Systems,Leon S. Lasdon,4.14,,English,m
29526,"Senhores da Escuridão (O Reino das Sombras, #2)",Robson Pinheiro,4.5,,,m
29532,Ang Sandali ng mga Mata,Alvin B. Yapan,4.26,,Filipino; Pilipino,m
29538,Gods Go Begging,Alfredo Véa,4.1,Fiction,English,m
29539,My Mother's Wish: An American Christmas Carol,Jerry Camery-Hoggatt,3.56,Christmas,,m
29540,"Articles on Novels by John Irving, Including: The Cider House Rules, the World According to Garp, the Hotel New Hampshire, a Prayer for Owen Meany, the 158-Pound Marriage, the Water-Method Man, a Widow for One Year, the Fourth Hand",Hephaestus Books,4.23,,,m
29545,Rainbow Drive,Roderick Thorp,3.52,,English,m
29551,A Dream in Polar Fog,Yuri Rytkheu,4.15,Fiction,English,m
29553,De Winst,Afifah Afra,3.82,Novels,Indonesian,w
29554,Quinn's Book,William Kennedy,3.75,Fiction,English,m
29559,Louis de Bernières Box Set of 3 books: The War of Don Emmanuel's Nether Parts / Señor Vivo and the Coca Lord / The Troublesome Offspring of Cardinal Guzmán,Louis de Bernières,4.5,Fiction,English,m
29565,Suland,Violetta Botzet Luetgers,5.0,,English,w
29570,Shipwreck on ShadowWorld,David R. Beshears,5.0,,English,m
29571,Кладенецът на мълчанието,Владимир Свинтила,4.21,,Bulgarian,m
29577,Lapsuuteni,Toivo Pekkanen,3.72,Finnish Literature,Finnish,m
29588,Europe Central,William T. Vollmann,3.92,Fiction,English,m
29592,Wanted: Ghostbusting Bride,"Margaret Breashears , Donna Helmedag",4.08,,English,w;w
29594,Housewives Cookbook Guide for Dining Pleasure,Fernando Lachica,5.0,,English,m
29595,Mrs. Jeffries Rocks the Boat,Emily Brightwell,4.01,Mystery,English,w
29601,Yaşamak,Cahit Zarifoğlu,4.33,Turkish Literature,Turkish,m
29604,"Clutter, Clutter & Peanut Butter: A Quick Guide To Organizing Your Messy Home, Office, LIFE!",D. Terry,5.0,,English,m
29605,The Virtues of War: A Novel of Alexander the Great,Steven Pressfield,3.97,Historical Fiction,English,m
29606,Expansion and Contraction Within Being: Dahm = [Dam],Salaheddin Ali Nader Shah Angha,4.64,,,m
29608,Ne të tre,Fatos Kongoli,3.81,Albanian Literature,Albanian,m
29611,Veiled Madness,Greer Noble,4.5,,English,m
29619,Kisah Naz dan Khaalish,Hanina Abdullah,4.17,Novels,Malay,m
29620,The Mystical Experience in Abraham Abulafia,Moshe Idel,4.45,Esoterica,English,m
29621,Prince: Heir of darkness : ANKH,Pet Torres,4.75,,English,m
29630,Corto Maltese: The Ballad of the Salt Sea,Hugo Pratt,4.26,Comics,English,m
29639,Far to Go,Alison Pick,3.78,Historical Fiction,English,w
29641,Marketing Management,Russell S. Winer,3.13,Business,English,m
29645,"Advent of the Scathing (The Nocent, #2)",Paul Loh,4.67,Zombies,English,m
29648,Can't Buy Me Love,Dan McNeil,4.14,,English,m
29651,"Hati Muda Bulan Muda: Kumpulan Cerpen, 1954-1992",A. Samad Said,4.0,,Malay,m
29656,Gordon,Edith Templeton,3.39,Erotica,English,w
29658,1511H [KOMBAT],Faisal Tehrani,4.31,Novels,Malay,m
29661,Destroyer (Abaddon),Johnny Favorite,5.0,,English,m
29670,When Huai Flowers Bloom: Stories of the Cultural Revolution,Shu Jiang Lu,3.57,China,English,m
29674,Portal: The Timeslip Trilogy: Book I,Brian Reaves,3.7,,English,m
29675,Sevenfold,Ilyan Kei Lavanway,4.2,,English,m
29678,Boven is het stil,Gerbrand Bakker,3.87,Fiction,Dutch,m
29681,Blues In The Key Of B (Bluesday Book III),Adrienne Thompson,4.6,,English,w
29695,The Balcony View Revisited,Katrina Gurl,4.73,,English,w
29697,"W.F. Hermans, Nooit Meer Slapen (Memoreeks)",Jef van de Sande,4.29,,Dutch,m
29704,Genocide: My Stolen Rwanda,Reverien Rurangwa,4.4,History,English,m
29712,A Basket of Trouble,Beth Groundwater,3.68,Mystery,English,w
29715,Abide with Me,Elizabeth Strout,3.84,Fiction,English,w
29716,The Insurrectionist Mindset of Pro-Gun Facets of Society,Byron Goines,5.0,,English,m
29726,Look to See Me: A Collection of Reflections,Chris Pepple,5.0,,,m
29728,بريود - صمت أنثوي صاخب,محمد متولي,3.02,Short Stories,,m
29730,Sweetness in the Belly,Camilla Gibb,3.91,Fiction,English,w
29746,A Fool Among Fools,John Terracuso,3.88,Fiction,English,m
29748,The Jilbab Traveller,Asma Nadia,3.66,Travel,Indonesian,w
29751,The Echo Maker,Richard Powers,3.4,Fiction,English,m
29754,"The Other Half (Revelations, #1)",Elaina M. Roberts,4.17,Elves,English,w
29758,Tristan Michel: Bloodline of Passion,Caddy Rowland,4.07,,English,m
29766,What Happened to Alex Manning? (The Manning Family Series #1),Kim Scott,4.43,,English,m
29767,Giddar (Giddar #1),Erbuğ Kaya,4.38,,Turkish,m
29770,Book of Purification,Yusuf Al-Hajj Ahmad,4.37,,English,m
29774,Libram of Incredible Tomes,Erik Torkelson,5.0,,English,m
29776,Seasons With And Without Love (Only The Strong Can Survive),Aleja Bennett,5.0,,English,w
29783,Martuk... the Holy,Jonathan Winn,4.09,,English,m
29784,الرياض - نوفمبر 90,سعد الدوسري,3.51,Novels,Arabic,m
29787,Réquiem para una muñeca rota.,Eve Gil,3.58,,Spanish,w
29790,Semiotics and the Analysis of Film,"Jean Mitry, Christopher King",4.33,Semiotics,English,m;m
29805,The Four Streets,Nadine Dorries,4.06,Historical Fiction,English,w
29809,A Young Man in Search of Love,Isaac Bashevis Singer,3.96,Fiction,English,m
29815,Five Queen's Road,Sorayya Khan,4.08,Fiction,English,m
29824,Perguntas-me?,Manuel Alves,3.68,,Portuguese,m
29826,"Poison, Perennials, and a Poltergeist",Tina D.C. Hayes,3.51,Mystery,English,w
29828,Exotica,Patti Larsen,4.68,,English,w
29830,Sacred Freedom: Western Liberalist Ideologies in the Light of Islam,Haneef Oliver,4.55,,English,m
29833,ارمیا,Reza Amirkhani,3.21,Novels,Persian,m
29836,Membangun Bangsa Merajut Keindonesiaan: Biografi A.R. Bawesdan,Suratmin,4.14,,Indonesian,m
29837,Carpe Bead'em,Tonya Kappes,4.18,Chick Lit,English,w
29838,Where Are Ayden's Easter Eggs?,Joyce Mitchell,4.14,,English,w
29842,Selected from I Know Why the Caged Bird Sings and the Heart of a Woman,Maya Angelou,4.31,,English,w
29844,Pequeño y tentador engaño,S.M. Afonso,3.78,Contemporary Romance,Spanish,m
29858,Lizzie,Evan Hunter,3.22,Historical Fiction,English,m
29859,Beethoven's Immortal,Jeff Fuell,3.89,,English,m
29862,A Creative Tension: The Foreign Policy Roles of the President and Congress,Lee H. Hamilton,3.36,Politics,English,m
29864,thirteen o'clock,David Gerrold,4.04,,English,m
29871,Best Thing in Life is a Friend,Susan Polis Schutz (Editor),3.92,,English,w
29873,Capital D: Adult,Ash Stone,4.5,,English,m
29875,The Chocolate Debacle,Karen Winters Schwartz,3.75,,English,w
29878,Fishbourne Roman Palace,Barry W. Cunliffe,4.38,,English,m
29881,Debt Paid,E.M. Leya,3.52,Menage,,m
29884,Strength Life Legacy,Paul Carter,4.0,Fitness,English,m
29892,The Mute's Soliloquy: a Memoir,Pramoedya Ananta Toer,4.17,Memoir,English,m
29895,Miriam's Letter,Sarah Price,4.31,Christian Fiction,English,w
29897,The Saddest Summer Of Samuel S,J.P. Donleavy,3.49,Fiction,English,m
29898,Growing Deep With God: Integrating Theology And Prayer,Edmund Chan,4.41,Prayer,,m
29902,Separate from the World,P.L. Gaus,3.69,Mystery,,m
29905,Interpretimi i EKG-së,Dale Dublin,5.0,,,m
29925,حوارات الموتى,محمد عبد الستار البدري,3.47,History,Arabic,m
29929,"DOCTOR MARI TEACHES ABOUT A HEALTHY THINKING MIND (Psychological Wholeness Series, #4)",Denise Marie Mari,5.0,,English,w
29934,Homeland and Other Stories,Barbara Kingsolver,3.82,Fiction,English,w
29935,My Dad is A Superman,Auntie Ann,3.75,,English,m
29944,Dare to Be,John Mason,4.0,,English,m
29949,Twilight on the Amber Cliffs,Tom Hobbs,4.27,,English,m
29956,Trials,Eve Newton,4.46,Vampires,English,w
29957,A Curious Mind: Foster Your Creative Potential For Better Life,Megan Coulter,5.0,,English,w
29965,Flores de verano,Tamiki Hara,3.75,Japan,Spanish,m
29970,Vom Tod geküsst,Amanda Frost,4.46,,German,w
29971,Cartas A Sebastián Para Que No Me Olvide,Orlando Araujo,3.52,,,m
29976,Tuan Anas Mikael,Syamnuriezmil,4.06,Novels,Malay,m
29979,The House of Love,Elizabeth Cheney,4.14,Fiction,English,w
29981,Above Us Only Sky: Liverpool FC's Global Revolution,Paul Tomkins,4.05,Football,English,m
29983,Beauty Salon,Mario Bellatin,3.84,Fiction,English,m
29991,Qyteti i fundit,Petro Marko,4.32,Albanian Literature,,m
29996,White Girl Problems,Babe Walker,3.74,Chick Lit,English,m
29997,What is Prophetic Medicine?,Abdul-Jabbar Khan,3.67,,English,m
30006,The Night of Fright: When the monsters in your closet come to life...,Michael Zhang,4.0,,English,m
30010,Singulière : Lien du sang,Juliette Bonte,4.38,,English,w
30012,شلة الأنس,مصطفى محمود,3.43,Fiction,Arabic,m
30013,A Veil Of Blood Hangs Over Africa: The Birthplace Of Slavery,Lucia Mann,5.0,,English,w
30019,Flight 117,Debbie Lacy,4.75,,English,w
30020,The Family Fang,Kevin Wilson,3.6,Fiction,English,m
30025,Death by Default,Trish Reeb,4.17,,English,w
30028,Vaslav,Arthur Japin,3.71,Dutch Literature,Dutch,m
30033,Shadows of the Inferno,Christopher St. John Sampayo,4.57,,English,m
30035,Spectaccolo,Christine Catlin,1.67,,English,w
30036,The Broken Coast,Bruce Lee Bond,4.08,,English,m
30042,مدائن الرماد,بدرية العبد الرحمن,3.81,Novels,,m
30051,How to Write Fiction: Tools and Techniques,E.E. Doc Murdock,4.0,Writing,English,m
30052,How to write about Your Story: A Simple & Comprehensive Guide for Writers,Kristoff Harry,5.0,,English,m
30053,Grad izbeglica,Lajos Zilahy,4.06,,,m
30054,حلل شخصيتك بنفسك,إبراهيم الفقي,3.4,Psychology,Arabic,m
30059,Nous serons comme des dieux,Ève de Castro,4.11,,French,w
30062,Sânge Satanic,Cristina Nemerovschi,4.1,Romanian Literature,Romanian,w
30063,A Flight and a Ferrari,Karuppan,4.2,,,m
30064,Neighborhood Kandii,Tee Renee,4.02,,English,m
30065,An Appetite for Murder,Lucy Burdette,3.75,Mystery,English,w
30066,The Death of the Adversary,Hans Keilson,3.61,Fiction,English,m
30073,Une Anglaise à bicyclette,Didier Decoin,3.0,Roman,French,m
30075,A Death On Sunday,Tish Owen,4.45,,,m
30076,Lulù Delacroix,Isabella Santacroce,3.46,Fiction,Italian,w
30077,The Princess Who Liked to Be Popular,Violet's Vegan Comics,4.79,,English,m
30078,How Many Friends Could a Bibbolybob Make If a Bibbolybob Came to Earth?: Aka Wibbolywub and the Earthlings,Edward Benn,4.5,,,m
30079,God's Tissues (From 100% Cerebral Palsy to 100% Realization & Fulfillment in Life),Eyal Sabag,4.36,,English,m
30093,Bigger the Secrets: Greater the Passion,Laura Jane Hermanson,4.0,,English,w
30094,K. L. Reich,Joaquim Amat-Piniella,4.01,History,Catalan; Valencian,m
30096,The Piano Tuner,Daniel Mason,3.57,Fiction,English,m
30100,Shining Hero,Sara Banerji,3.56,India,English,w
30102,Three-Martini Lunch,Suzanne Rindell,3.8,Fiction,English,w
30109,Freud Meets Hitler,William Hare,4.78,,English,m
30111,"Life of St. Rita of Cascia, O.S.A.",Richard Connolly,2.5,,English,m
30112,This is Just Exactly Like You,Drew Perry,3.6,Fiction,English,m
30125,"Deadpool: World's Greatest, Volume 3: Deadpool vs. Sabretooth",Gerry Duggan  (Writer),3.65,Comics,English,m
30126,The Fateful Lightning,Jeff Shaara,4.3,Historical Fiction,English,m
30132,Dziennik 1957-1961,Witold Gombrowicz,4.41,Polish Literature,Polish,m
30138,من بیابان، همسرم باد,عرفان نظرآهاری,3.35,,Persian,m
30139,Sofía de los presagios,Gioconda Belli,3.85,Fiction,Spanish,w
30141,Silver Creek,A.H. Holt,4.32,Historical Fiction,English,m
30142,Threading in C#,Joseph Albahari,4.6,Programming,English,m
30144,The Diary of a Social Butterfly,Moni Mohsin,3.41,Fiction,English,w
30147,Ölü Zaman Gezginleri,Hasan Ali Toptaş,4.07,Turkish Literature,Turkish,m
30149,Missing from Action: A Powerful Historical Response to the Crisis Among American Men,Weldon M. Hardenbrook,3.92,,English,m
30150,Nashville 1864: The Dying of the Light,Madison Jones,3.52,Fiction,English,m
30160,Monarch,Ryan Schow,4.44,,English,m
30162,QUAIL FARMING FOR BEGINNERS: Everything You Need To Know,Francis Okumu,3.96,,English,m
30163,The Hakima's Tale: The Revenge of the Blue Jinni,Dedra L. Stevenson,4.22,,English,w
30167,Choosing Sides,Treasure Hernandez,4.45,African American,English,m
30170,Bollywood Story,Nate Briggs,4.75,,,w
30171,"Bedbug's Writing: A Collection of Short Stories + Poetry, Volume One",Tony Lovell,5.0,,English,m
30172,Erasure,Percival Everett,4.19,Fiction,English,m
30173,Uncle Anton's Atomic Bomb,Ian Woollen,4.04,,,m
30183,Dusk,F. Sionil José,4.14,Fiction,English,m
30185,Prošlo nesavršeno vrijeme,Julian Fellowes,3.57,Fiction,Croatian,m
30195,Goals!(Tamil),Brain Tracy,4.5,,Tamil,m
30198,Summary of MONEY Master The Game: 7 Simple Steps to Financial Freedom by Tony Robbins | Includes Analysis,NOT A BOOK,4.6,,English,m
30200,Случаят Джем,Вера Мутафчиева,4.24,Bulgarian Literature,Bulgarian,m
30201,विकलांग श्रद्धा का दौर,Harishankar Parsai,4.24,Essays,Hindi,m
30202,عجايب الآثار في التراجم والأخبار :الجزء السابع,عبد الرحمن الجبرتي (تأليف),4.35,History,Arabic,m
30215,Rogue Elephant and Man-Eaters Don't Laugh (Missionary Adventure Stories),Charles Ludwig,4.17,,,m
30222,Injustice: Gods Among Us: Year Two #2,Tom Taylor,4.18,Comics,English,m
30225,Jaya Ganga: In Search Of The River Goddess,Vijay Singh,3.73,,,m
30226,Poesia - II,Jorge de Sena,4.57,,Portuguese,m
30228,10 Things To Change Your Life: Small Steps In The Right Direction,Shawn C. Harris,4.0,,,m
30229,Oswald the Monkey,Egon Mathiesen,4.14,,English,m
30235,Love Won't Let Me Wait,Leonard Anderson Jr.,0.0,,,m
30237,La Lampara Maravillosa,Valle-Inclan,4.18,,,m
30243,Louie the Llama Discovers Christmas,Jerrye Woods,5.0,,English,m
30260,Why Do Black Men Hurt Their Women?: Discovering Why Black Men Cause So Much Hurt On Women They Love,Raymond Sturgis,5.0,,,m
30261,The Last Testament of Oscar Wilde,Peter Ackroyd,3.83,Fiction,English,m
30267,The Lost Writings of Wu Hsin: Pointers to Non Duality in Five Volumes,Roy Melvyn,5.0,,English,m
30275,"Donald Duck Comics: Donald Duck Comics by Carl Barks, Donald Duck Comics by Don Rosa, the Life and Times of Scrooge McDuck",Source Wikipedia,0.0,,,m
30277,Anguish,Donna Cummins,4.69,,English,w
30278,The Hummingbird Effect,S. P. Jordans,4.8,,English,m
30280,Paraíso inhabitado,Ana María Matute,3.94,Spain,Spanish,w
30282,"Ljubav je Sihirbaz, Babo",Nura Bazdulj-Hubijar,4.52,,Bosnian,m
30285,Your Presence Is Enough: Based on a True Story,Kseniya Wolkowicz,5.0,,,w
30286,"En el otro lado del corazón, Volumen 2",Andrea Adrich,4.1,,Spanish,w
30288,Oscar Wilde: El retrato de Dorian Gray / De Profundis / El fantasma de Canterville y otros cuentos / La importancia de llamarse Ernesto / El abanico de Lady Windermere,Oscar Wilde,4.33,Fiction,Spanish,m
30292,The Bones (The Parliament House Books Book 3),John Mayer,4.58,,English,m
30300,O.m.g I'm Lesbian,Zoe Jasmine,5.0,,,w
30303,The Rushes,Richard Natale,3.67,,,m
30306,"Compassionate Artificial Superintelligence AI 5.0 - AI with Blockchain, BMI, Drone, IOT, and Biometric Technologies",Amit Ray,4.42,Artificial Intelligence,English,m
30307,Мястото или сказание за Иракли,Димитър Б. Димов,4.67,,Bulgarian,m
30308,Spirit Of Lesbianism Within The Soul of A Prophetess (Volume Book 2),LaTonya Page-Balkcom,5.0,,,m
30309,End of I.,Stephen Dixon,3.73,Fiction,English,m
30324,அசோகமித்திரன் குறுநாவல்கள்,அசோகமித்திரன்,4.21,,Tamil,m
30326,"Christianity treated life on earth like burden, not gift, while life in heaven as gift, not reward",Rodolfo Martin Vitangcol,5.0,,English,m
30340,Nine Notches: The Quadroon Ball Of Lies,T.J. Spencer Jacques,4.49,,English,m
30341,Yeşil Mürekkep,Osman Balcıgil,4.37,,Turkish,m
30342,HOW TO MANUALLY UPDATE YOUR KINDLE DEVICE: The Ultimate Step By Step Guide On How To Manually Upgrade Your Kindle E-Reader And Fire Tablet In Few Minutes. Easy Guide For All Kindle Users,Andrew Myerson,3.08,,,m
30351,Sepultura,Guy Portman,3.39,,English,m
30355,Roald Dahl's Wonderful Mr Willy Wonka,Roald Dahl,4.0,,English,m
30356,Risiko,Steffen Kopetzky,4.03,German Literature,German,m
30359,A Walk in the Night and Other Stories,Alex La Guma,3.67,Africa,English,m
30373,The Boy Lost In A World,Divyansh Mishra DM,4.86,,,m
30376,Bewegungstraining: Praktische Anleitung zur Steigerung der Leistungsfähigkeit,Kenneth H. Cooper,4.5,,German,m
30378,Notes from an Exhibition,Patrick Gale,3.86,Fiction,English,m
30380,The Dawn of Evil,L.E. Parker,3.55,,English,m
30381,Ghostbusters: 35th Anniversary: Ghostbusters,Erik Burnham,4.0,,,m
30393,The 11:05 Murders,Brian O'Hare,4.07,Mystery,English,m
30400,Adam 31 Meter,Bambang Tri,5.0,,Indonesian,m
30402,Death in Paraiso,Jack Polo,5.0,,,m
30405,The ABC's of Positivity,Laura Lynn Doyle,4.75,,English,w
30406,You Exist Too Much,Zaina Arafat,3.69,Fiction,English,m
30411,"Written in Blood: A New Adult Vampire Romance Novella, Part Two.",Silvana G. Sánchez,5.0,,,w
30414,حكايات مارك توين,Mark Twain,3.6,Novels,Arabic,m
30418,En dag i oktober,Sigurd Hoel,3.67,,Norwegian,m
30421,علبة من الصفيح,إحسان عبد القدوس,3.67,Short Stories,Arabic,m
30422,عودة الغريب,محمد عبد الحليم عبد الله,3.42,,Arabic,m
30428,The Tattoo,Ronald Destra,4.85,,,m
30429,Namal / نمل,Nemrah Ahmed,4.52,Spirituality,Urdu,m
30436,ملاعيب الظل,شيرين هنائي,3.64,Fiction,Arabic,m
30440,النخلة والجيران,غائب طعمة فرمان,3.97,Novels,Arabic,m
30444,Life is Big,Kiki Denis,4.22,,English,w
30445,صهاريج اللؤلؤ,خيري شلبي,3.48,Novels,Arabic,m
30448,Katharine the Almost Great Uses Her Common Cents,Lisa Mullarkey,4.0,,English,w
30452,نائب عزرائيل,يوسف السباعي,3.42,Novels,,m
30454,كاسر الندى,Edwidge Danticat,3.81,Fiction,Arabic,m
30463,"Whimsy and Woe: The Final Act (Whimsy & Woe, #2)",Rebecca McRitchie,4.0,Mystery,English,w
30466,Il Sapore del Piombo e il Profumo dei Limoni,Phil Dale,5.0,,Italian,m
30469,Who Cares about Elderly People?,Pam Adams,3.0,,English,w
30471,天觀雙俠（全四卷）,鄭丰,5.0,,Chinese,m
30474,"Buck Rogers in the 25th Century: The Complete Newspaper Dailies, Vol. 6: 1936-1938",Philip Francis Nowlan,4.75,Comics,English,m
30476,La fattoria degli animali,George Orwell,4.39,,,m
30487,Girl Out of Place,Syl van Duyn,3.88,,English,m
30489,The Blindfold,Siri Hustvedt,3.72,Fiction,English,w
30495,Kingdom's End and Other Stories,Saadat Hasan Manto,4.18,Short Stories,English,w
30497,The Colour of Light,William Goldman,3.87,Fiction,English,m
30498,The Fate of the Artist,Eddie Campbell,3.35,Comics,English,m
30500,Cold Town,Sarah Diamond,3.05,,English,w
30508,Feuerfrau,Federica de Cesco,4.09,,German,w
30509,The Crass Menagerie: A Pearls Before Swine Treasury,Stephan Pastis,4.46,Comics,English,m
30511,Horse Crazy,Gary Indiana,3.98,Fiction,English,m
30516,Ibid,Mark Dunn,3.22,Fiction,English,m
30526,Prime,Poppy Z. Brite,4.05,Fiction,English,w
30532,The Dissident,Nell Freudenberger,3.35,Fiction,English,w
30534,Meggie's Journal,Robin Wasserman,4.25,,English,m
30535,Horse Latitudes,Quentin R. Bufogle,4.38,,English,m
30539,Chaser,Miasha,4.19,Audiobook,English,m
30541,"Airport, 1968. The Final Diagnosis, 1959",Arthur Hailey,4.0,Fiction,English,m
30543,"Eyeshield 21, Vol. 5: Powerful",Riichiro Inagaki,4.23,Manga,English,m
30551,Day by Day Kid's Bible,Karyn Henley,4.34,,English,w
30558,The Words of Joseph Smith: The Contemporary Accounts of the Nauvoo Debates of the Prophet Joseph (Religious Studies Monograph Series),Andrew F. Ehat,4.61,,English,m
30575,Titus et Bouboule au Sénégal,Andréa Novick,4.62,,,w
30576,Form Line of Battle,"Alexander Kent, Douglas Reeman",4.16,Historical Fiction,English,m;m
30579,Jalansutra: Kumpulan kolom tentang Jalan-jalan dan Makan-makan di Suara Pembaruan Minggu dan Kompas Cyber Media,Bondan Winarno,3.89,,Indonesian,m
30585,Een Circusjongen: Levensroman,Gerard Reve,3.34,Dutch Literature,English,m
30591,Born Pissed,Thomas Waters,5.0,,English,m
30594,Various Antidotes,Joanna Scott,3.97,Short Stories,English,w
30603,Bila Allah Menduga Kita,Alwi Alatas,4.23,Islam,Malay,m
30605,"Millie Keith Boxed Set, Books 5-8",Martha Finley,4.52,Fiction,English,w
30611,Au bout de la route,Michel David,4.1,Historical Fiction,French,m
30613,Armouron: Prisoner on Kasteesh,Richard Dungworth,5.0,,Finnish,m
30615,A Gangster's Girl,Chunichi Knott,4.45,Urban,English,m
30617,Arthur Miller's Death of a Salesman,Eric J. Sterling (Contributor),3.55,,English,m
30626,Robin,Zdena Frýbová,4.16,Humor,Czech,w
30629,Motherless Soul,Steve Lindahl,4.32,,English,m
30630,Serenade Biru Dinda,Asma Nadia,3.69,Novels,Indonesian,w
30633,Lesson Learned: It Is What It Is,Portia A. Cos,4.6,,English,w
30637,The Double Musky Inn Cookbook: Alaska's Mountain Cajun Cuisine,"Bob Persons, Deanna Persons",4.42,,English,m;w
30642,Rabos de lagartija,Juan Marsé,3.62,Spanish Literature,Spanish,m
30647,Look at Me,Jennifer Egan,3.41,Fiction,English,w
30659,Os Bem-Aventurados,Luísa Beltrão,4.0,Historical Fiction,Portuguese,w
30663,Liberté pour les ours,John Irving,3.3,Fiction,,m
30664,Seven Days in Utopia: Golf's Sacred Journey,David Lamar Cook,4.07,Sports,English,m
30667,Fusion,Maria Savva,4.61,Short Stories,English,w
30672,"Nopți albe, zile negre",Marian Coman,4.24,,Romanian,m
30673,Russka: the Novel of Russia,Edward Rutherfurd,4.02,Historical Fiction,English,m
30697,Dagboek van een poes,Remco Campert,3.73,Fiction,Dutch,m
30699,The Golden Hustla,Wahida Clark,4.4,Urban,English,m
30708,Dagger's Lust,Diane Story  (Author),3.38,,English,w
30710,Dream of the Walled City,Lisa Huang Fleischman,4.01,Historical Fiction,English,w
30714,Rogues & Heroes of the Island of Newfoundland,"Paul Butler , Maura Hanrahan",3.71,,English,m;w
30723,Sebastian Cupid,J.J. Martin,3.48,Paranormal,English,m
30724,Qafla e Hijaz / قافلہ حجاز,Naseem Hijazi,4.25,,Urdu,m
30726,Classics on Infinite Earths: The Justice League and DC Crossover Canon,Julian Darius,4.19,Comics,English,m
30729,نحو أصول جديدة للفقه الإسلامي: فقه المرأة,محمد شحرور,4.11,Religion,Arabic,m
30731,Hunting with the Heart,Graham S. Saayman,5.0,,English,m
30733,"Obra reunida. Incluye Cartucho, Las manos de mama, etc (Letras Mexicanas) (Spanish Edition)",Nellie Campobello,4.5,,,w
30736,Conspiracy Theories,"David Southwell, Sean Twist",3.5,,English,m;m
30743,Under This Unbroken Sky,Shandi Mitchell,4.05,Historical Fiction,,m
30744,"Awaiting Fullness: A Collection Of Dark Poetry, 1994 2000",Jane Timm Baxter,5.0,,,w
30750,Het meisje dat verdween,Els Florijn,3.87,Dutch Literature,Dutch,m
30752,True to the Game III,Teri Woods,4.46,Urban,English,w
30761,لعلك تضحك,أنيس منصور,3.35,,Arabic,m
30768,Selena Gomez (All Access),Riley Brooks,4.56,,English,m
30777,Spanish Intrigue,Wendy Lohr,4.8,,English,w
30785,The House of Blue Mangoes,David Davidar,3.56,Fiction,English,m
30788,إيماني,إيمان مصعبين,4.68,,Arabic,m
30792,The Theory of Spectra and Atomic Constitution,Niels Bohr,4.07,,English,m
30793,Trust No One,Laurel Bradley,4.13,,English,w
30800,The Magic Flute: Die Zauberflote. an Alchemical Allegory [With CD],M.F.M. van den Berk,5.0,,English,m
30803,Geçen Zaman,Ziya Osman Saba,3.88,,Turkish,m
30805,Marc Isambard Brunel,"Paul Clements, Paul Clements",4.22,,English,m;m
30807,The Double Edged Sword,Lorraine Jean Bush,3.89,,English,w
30826,Hunted Past,Elle Hill,4.43,Paranormal,,w
30828,Broken Sky,David R. Beshears,5.0,,English,m
30832,The Peculiar Memories of Thomas Penman,Bruce Robinson,3.8,Fiction,English,m
30853,"Articles on Raymond E. Feist, Including: Midkemia, Novindus, Betrayal at Krondor, the Riftwar Saga, Kelewan, the Kingdom of the Isles, the Empire of Great Kesh, Return to Krondor, Empire Trilogy, Tsurani, Krondor's Sons, Triagia, Elvandar",Hephaestus Books,4.87,,,m
30857,Mrs. Jeffries Stands Corrected,Emily Brightwell,3.96,Mystery,English,w
30864,Dineyri Papazı,Safiye Erol,4.45,,Turkish,w
30869,Manifestations of Thought,Sadegh Angha,4.64,,English,m
30877,Once We Were Brothers,Ronald H. Balson,4.32,Historical Fiction,English,m
30879,Nyanyian Hati,Rodier,4.23,Novels,Malay,m
30880,MOON,Pet Torres,4.89,,English,m
30886,Meet the Real Jesus,John Blanchard,4.15,,English,m
30887,Francine and the Super Spy Bunny Coloring Book,Dea Lenihan,4.64,,English,w
30891,Baagh / باگھ,Abdullah Hussein,3.69,Novels,Urdu,m
30899,The Judas Apocalypse,Dan McNeil,4.05,Historical Fiction,English,m
30903,"My Dear Frank: The Letters That Inspired the Novel, The Last Letter",Jeanie Scouller Arthur,3.0,,English,w
30905,Bila Tuhan Berbicara,Faisal Tehrani,3.9,Fiction,Malay,m
30907,Addicted to Greed,Catherine Rose Putsche,4.67,,English,w
30911,أنثى السراب,واسيني الأعرج,3.54,Novels,Arabic,m
30913,Ngawur Karena Benar,Sujiwo Tejo,3.99,,Indonesian,m
30917,Stolen Lives,Brian Reaves,3.66,Christian,English,m
30918,Post Omerican Easter,Ilyan Kei Lavanway,5.0,,English,m
30922,Been So Long 2 (Body And Soul),Adrienne Thompson,4.46,,English,w
30934,Kit Kat's Coaching Guide,Katrina Gurl,5.0,,English,w
30935,Witchwood Estate - Books 1 & 2,Patti Roberts,4.11,,English,w
30945,Beauty from Ashes: Journeys of Recovery from the Rwandan Genocide,Callum Henderson,4.0,Rwanda,English,m
30952,Home Run,Travis Thrasher  (Novelization),4.12,Christian Fiction,English,m
30957,21st Century American,Byron Goines,5.0,,English,m
30958,Crimson Thorns Through the Whispers of Love: A Love That Was Decorous and Wicked Simultaneously,Jacqueline Susann,5.0,,,w
30964,Harriet Beamer Takes the Bus,Joyce Magnin,3.93,Fiction,English,w
30966,قميص جامعة الدول,أحمد الواصل,2.87,,,m
30973,Das zweite Königreich,Rebecca Gablé,4.4,Historical Fiction,German,w
30977,The Headmaster's Wager,Vincent Lam,3.87,Historical Fiction,English,m
30986,Cornelius Castoriadis,Cornelius Castoriadis,4.33,,German,m
30993,Beşlerin Çağı (Giddar #2),Erbuğ Kaya,4.62,,Turkish,m
30995,Book of Nikah (marriage),Yusuf Al-Hajj Ahmad,4.42,Islam,English,m
30999,پرندگان می‌روند در پرو می‌میرند,Romain Gary,3.7,Short Stories,Persian,m
31000,Unlocking The Doors Of The Spoken Word (Only The Strong Can Survive),Aleja Bennett,5.0,,English,w
31002,Calling Out,Rae Meadows,3.19,Fiction,English,m
31004,Solomon's Tale,Sheila Jeffries,4.06,Cats,English,w
31014,The Village Wit,Mark Beyer,3.6,,English,m
31017,من وصايا الرسول صلى الله عليه و سلم : خمس و خمسون وصية,حمزة محمد صالح عجاج (اعداد),4.19,Religion,,m
31040,From the Abyss,John Emil Augustine,4.72,,English,m
31042,مسافر وحيد,أحمد إبراهيم إسماعيل,3.84,,,m
31048,"Secrets, Snapdragons, and a Spirit",Tina D.C. Hayes,4.24,,English,w
31052,The 'Wahhabi Myth': Dispelling Prevalent Fallacies and the Fictitious link with Bin Laden,Haneef James Oliver,4.11,Islam,,m
31057,مرد رویاها,سیدمهدی شجاعی,4.25,,,m
31062,Telling Time with Dinosaurs,Joyce Mitchell,5.0,,English,w
31077,Fidel Castro - Caudillo 20. století,Vladimír Nálevka,3.33,,Czech,m
31078,Աշնան արև,Hrant Matevosyan,4.53,,Armenian,m
31082,Earth Angel,Jeff Fuell,3.83,,English,m
31090,Merry-Go-Round and Other Words,Bryn Fortey,4.33,,English,m
31093,Un tal Lucas,Julio Cortázar,4.02,Short Stories,Spanish,m
31109,Cemile,Orhan Kemal,3.74,Turkish Literature,Turkish,m
31110,My Son's Best Friend,E.M. Leya,3.24,M M Romance,,m
31119,Hujan Pagi,A. Samad Said,4.23,Novels,Malay,m
31135,Farmakologjia Mjekësore,Elton Bahtiri,4.25,,,m
31137,The Blood Feud,Shelley Young,4.24,Contemporary Romance,English,w
31138,In Zeiten des abnehmenden Lichts,Eugen Ruge,3.68,Fiction,German,m
31140,For Men of Understanding,Harun Yahya,4.06,,,m
31146,O spánku a mizení,Katharina Hagena,3.29,Fiction,Czech,w
31150,"Mockeries and Metamorphoses of an Aztec God: Tezcatlipoca, Lord of the Smoking Mirror'",Guilhem Olivier,4.38,,English,m
31153,Family Reunion,"Mercedes Keyes , Lawrence James",4.68,Interracial Romance,English,w;m
31161,For I Am With You,Judy Haar,3.33,,English,w
31176,A Gangster's Melody,Sean A. Wright,4.28,Fiction,English,m
31187,"El día que se perdió la cordura, Parte 1",Javier Castillo,3.98,,Spanish,m
31192,Falling Petals: A Story About First Chances,Thea Gonzales,3.6,,English,w
31197,The Desperate,Seeley James,4.56,,English,m
31202,Thanos: Epiphany,Jim Starlin,3.43,Comics,English,m
31207,"DOCTOR MARI TEACHES ABOUT HEALTHY SELF-LOVE (Psychological Wholeness Series, #5)",Denise Marie Mari,5.0,,English,w
31209,The Little Sophia Vol.1,T.K. Layla,4.29,,English,m
31210,City Lights,Julie Morgan,4.72,Contemporary Romance,English,w
31211,The Dig,Cynan Jones,3.96,Fiction,English,m
31218,Are We There Yet?: The Ultimate Challenge,Martin L. Davis,5.0,,English,m
31224,Crónicas de un ser como...,Arantxa Comes,4.67,,Spanish,w
31229,Switch,Eve Newton,4.53,Vampires,English,w
31230,Yoga For Beginners: Best Yoga Poses For Weight Loss And Other Benefits,Laura Serio,4.0,,English,w
31232,The Invention of Wings: by Sue Monk Kidd -- Review,Expert Book Reviews,4.36,Historical Fiction,English,m
31234,Codename E.L.I.A.S.: Kaltgestellt,Mila Roth,4.78,,German,w
31240,A Century of Collies,Gayle Kaye,4.5,,English,m
31242,Bahasa Hati Kita,Rehan Makhtar,4.28,,Malay,m
31245,Screw Friendship,R.G. Manse,3.66,Mystery,,m
31255,La medicina en la obra de Gabriel García Márquez,Fernando Sanchez Torres,4.9,,Spanish,m
31258,Energy Healing and Magnum Power,Abdul-Jabbar Khan,2.33,,English,m
31261,المختار من أجمل أشعار ابن الفارض,ابن الفارض,4.12,,Arabic,m
31265,24 Recipes for the Diabetic Vegetarian,Michael Zhang,2.33,,English,m
31267,"The Daughter We Didn't Know We Had: The Tears, Fears, and Joys of a Mother of a Transgender Child",Marilyn Phillips,3.75,LGBT,English,w
31273,Scary Mary,Debbie Lacy,4.0,,English,w
31278,After the Parade,Lori Ostlund,3.91,Fiction,English,w
31281,Stolen life,Karel Josef Beneš,3.98,,English,m
31284,King of the Celts,Rose Christo,3.48,Historical,English,w
31287,Oracle of Delphi,James Gurley,4.4,,,m
31292,The Mathematics of Sorrow: A Heart-based Model That Turns Sorrow Into A Gift,Gary K. Smith,5.0,,English,m
31293,Beat to their Heart,Whiskey Starr,4.13,,English,m
31298,Vorholov Kod I Druge Misterije Popa,Aleksandar Lambros,5.0,,,m
31318,Diary of a Serial Monogamist,Jade King,4.25,,English,w
31324,Spell It Correctly,Tish Owen,4.36,Spirituality,English,m
31328,Humans Are Not Omnivores!: [poems your teacher might not like],Violet's Vegan Comics,5.0,,,m
31329,Grandpa Wollemi’s Birthday,Edward Benn,5.0,,English,m
31334,Psalm 44,Danilo Kiš,3.98,Fiction,English,m
31335,Rudolf Höß: Der Kommandant von Auschwitz. Eine Biographie,Volker Koop,3.83,,English,m
31336,The Madonnas of Echo Park,Brando Skyhorse,3.62,Fiction,English,m
31339,We zullen niet te pletter slaan,Nina Polak,3.53,Fiction,Dutch,w
31354,Jamming the Media,Gareth Branwyn,3.61,,English,m
31356,A Taste for Nightshade,Martine Bailey,3.78,Historical Fiction,English,w
31357,"Early Film Noir: Greed, Lust and Murder Hollywood Style",William Hare,4.1,Film,English,m
31362,Ill Wind and Dead Reckoning (Valkyrie #1 & #2),Karen Perkins,3.39,Historical Fiction,English,w
31369,A Chain of Thunder,Jeff Shaara,4.18,Historical Fiction,English,m
31370,Witch's Reflection (The Young and The Powerful Book 1),Jen A. Durand,4.26,,English,w
31371,Per Isabel. Un mandala,Antonio Tabucchi,3.45,Fiction,Italian,m
31372,...and the man who loved cats,D.M. Samson,5.0,,English,m
31376,Eckankar: The Key to Secret Worlds,Paul Twitchell,4.25,,English,m
31379,Three-and-a-Half Heartbeats,Amanda Prowse,4.39,Fiction,English,w
31381,Stolen Beauty,Laurie Lico Albanese,4.09,Historical Fiction,,w
31385,Blanco Sol,A.H. Holt,4.26,,English,m
31387,C# 3.0 Design Patterns: Use the Power of C# 3.0 to Solve Real-World Problems,Judith Bishop,3.57,Programming,English,w
31390,When I Go to Sleep,Belzebuub,4.27,,English,m
31395,The Homesman,Glendon Swarthout,3.86,Historical Fiction,,m
31405,The Fractured Life of Jimmy Dice,Ronan Ryan,4.0,,English,m
31407,Quails: About Raising Quails,Francis Okumu,4.09,,English,m
31409,The Rise of the Warrior,Dedra L. Stevenson,4.18,,English,w
31414,رحلة حياة تأملات ودلالات,محمد عبدالرحمن العريفي,4.17,Religion,Arabic,m
31422,Daydreams on the Sherbet Shore,J.D. Estrada,4.18,,English,m
31425,Hethiter: Die Unbekannte Weltmacht,Birgit Brandau,4.07,History,,w
31429,Summary of Outliers: The Story Of Success by Malcolm Gladwell | Includes Analysis,NOT A BOOK,4.18,,English,m
31430,Lucca,Jens Christian Grøndahl,3.5,Fiction,English,m
31431,عجايب الآثار في التراجم والأخبار :الجزء الثالث,عبد الرحمن الجبرتي (تأليف),4.03,History,Arabic,m
31435,Supersymmetry and Beyond: From the Higgs Boson to the New Physics,Gordon L. Kane,4.14,Physics,English,m
31439,Básně,Gottfried Benn,4.5,,Czech,m
31440,Orang Hodoh Cantik,Stam Mustapha,3.49,,Malay,m
31444,Drums for Rancas,Manuel Scorza,4.04,Fiction,English,m
31446,The Fight for Kidsboro,Marshal Younger,4.5,Christian,English,m
31454,Zargana,Hakan Günday,3.75,Turkish Literature,Turkish,m
31461,The River Goddess,Vijay Singh,3.17,,English,m
31467,I'll Never Let You Go,Leonard Anderson Jr.,5.0,,,m
31469,Estrella distante,Roberto Bolaño,3.91,Fiction,Spanish,m
31472,Love and Compassion Is My Religion: A Beginner's Book Into Spirituality,Jane Zarse,4.35,,,w
31476,Louie the Llama and Kingsley,Jerrye Woods,5.0,,,m
31482,Иван Кондарев,Емилиян Станев,4.14,,Bulgarian,m
31484,The Golden Thread: Esoteric Hitlerism,Miguel Serrano,4.22,Conspiracy Theories,English,m
31498,Not All Bastards Are From Vienna,Andrea Molesini,3.53,Historical Fiction,English,w
31499,Everything Here Is Beautiful,Mira T. Lee,3.93,Fiction,English,w
31500,Twelve Ways to Please and Keep Your Man,Raymond Sturgis,3.67,,English,m
31521,La decisión del señor Baker,Andrea Adrich,4.05,,Spanish,w
31524,I tre moschettieri,"Clementina Coppini (Editor/Adapter), Alexandre Dumas",4.1,,Italian,w;m
31528,Cruel Minds,Malcolm Richards,4.12,Mystery,,m
31529,"Batman: Earth One, Volume 2",Geoff Johns (Writer),4.25,Graphic Novels,English,m
31531,Under the Flame Tree,Karen Wood,4.37,,English,w
31532,Adam Buenosayres: A Critical Edition,"Leopoldo Marechal, Sheila Ethier",4.32,Fiction,English,m;w
31534,Healthy Dinner Recipes: With Essential Nutritional Requirements For A Healthy Diet,Violet Karma,4.33,,English,w
31538,Heute ist leider schlecht,Ronja von Rönne,3.66,,German,w
31541,Keeping Lucy,T. Greenwood,4.04,Historical Fiction,,m
31542,"NO MORE Hook Ups, Hang Ups & Horrors With Black Online Dating",LaTonya Page-Balkcom,5.0,,English,m
31547,Wolf Hall / Bring Up the Bodies,Hilary Mantel,4.31,Historical Fiction,English,w
31549,A Son For Glory: Job Through New Eyes,ToJ. Sumpter,4.38,Theology,English,m
31550,Capital,John Lanchester,3.71,Fiction,English,m
31557,நாளை மற்றுமொரு நாளே...,ஜி நாகராஜன்,3.78,Fiction,Tamil,m
31562,"Christianity made Jesus’ Mission as taking people to heaven, instead of bringing heaven to the world",Rodolfo Martin Vitangcol,5.0,,English,m
31567,Sukiyaki,Andrew James Pritchard,4.0,,English,m
31573,Ters Kanatlı Şahin,Osman Balcıgil,3.75,,Turkish,m
31577,A to Z The Total Noob's Guide to Growing Orchids for Total Beginners,Lisa Bond,3.78,,,w
31583,Hope: A Tragedy,Shalom Auslander,3.38,Fiction,English,m
31591,جو: رواية المعتقل جهاد,Anonymous,4.31,,Arabic,m
31597,Blackout - Die Epidemie,Jörg Liemann,3.5,,German,m
31605,The Spice Princess,Shanna Riley,5.0,,English,w
31606,No One Reads Me,Divyansh Mishra DM,5.0,,,m
31607,Bliss of the Celibate,Julian Lee,4.2,,,m
31610,A Perfectly Good Man,Patrick Gale,3.92,Fiction,English,m
31617,Breaking Cat News: Cats Reporting on the News that Matters to Cats,Georgia Dunn,4.33,Graphic Novels,English,w
31620,Magla i mjesečina,Meša Selimović,4.16,,Bosnian,m
31623,Hamsunas. Svajotojas ir užkariautojas,Ingar Sletten Kolloen,3.71,Biography,Lithuanian,m
31629,When the One You Love Doesn't Love You Anymore: A Journey of Self Discovery,Cynthia R. Williams,5.0,,English,w
31640,خرافة التنمية: الاقتصادات غير القابلة للحياة في القرن الحادي والعشرين,Oswaldo De Rivero,3.94,Economics,Arabic,m
31641,من حياتي,يوسف السباعي,4.13,Biography,Arabic,m
31642,الولد الشقي في المنفى,محمود السعدني,3.67,Biography,Arabic,m
31643,آثار علي الشفاه,أمين يوسف غراب,3.47,Short Stories,Arabic,m
31645,وقصص أخرى,سميرة عزام,3.81,,Arabic,m
31646,النافذة الغربية,محمد عبد الحليم عبد الله,3.53,,Arabic,m
31654,"The Black Witch Chronicles, Volume 1",Laurie Forest,4.45,Magic,English,w
31658,Jonny Appleseed,Joshua Whitehead,4.19,Fiction,English,m
31660,Dark Money,Larry D. Thompson,4.31,Contemporary,English,m
31666,اعترافات مضيفة جوية,Noha Mady,3.94,,Arabic,w
31668,The Grouchy Mom,Rebecca Ventre,5.0,,,w
31677,"To Baby, From Daddy: A Love Letter from a Father to a Daughter",Steve Nguyen,4.0,,,m
31681,Tiger Mosquitoes: A Medical Crime Thriller,Kenneth J. Stein,4.09,,,m
31682,Rewind,Juan Tallón,4.09,Fiction,Spanish,m
31690,Rot,Uwe Timm,3.75,German Literature,,m
31692,Buck Rogers: 25th Century A.D. FCBD 2013,Rick Yager,3.0,Comics,English,m
31695,Se fosse tuo figlio,Nicolò Govoni,4.63,Fiction,Italian,m
31708,Crime Never Pays (10 Short Crime Stories),Bill Bernico,4.0,,English,m
31715,Christmas Jars,Jason F. Wright,3.97,Christmas,English,m
31717,Moscow,Theodor Plievier,3.77,Historical Fiction,English,m
31719,Unknown Book 5623268,Unknown,0.0,,,m
31728,Sgt. Piggy's Lonely Hearts Club Comic: A Pearls Before Swine Treasury,Stephan Pastis,4.3,Comics,English,m
31735,Hell at the Breech,Tom Franklin,4.05,Fiction,English,m
31753,Lucky Girls,Nell Freudenberger,3.43,Short Stories,English,w
31755,Dustfinger's Magical World Of Inkheart,Betsy Howie,4.3,,English,w
31758,Sin Remedio,Antonio Caballero,4.27,Spanish Literature,English,m
31762,Fierce People,Dirk Wittenborn,4.01,Fiction,English,m
31769,The Miracles of Santo Fico,D.L. Smith,3.85,Fiction,English,m
31775,Serendipity Boxed Set,Stephen Cosgrove,0.0,,English,m
31776,I Sailed with Magellan,Stuart Dybek,4.07,Short Stories,English,m
31777,Matemaattisia olioita tai jaettuja unia,Leena Krohn,3.73,Finnish Literature,Finnish,w
31779,Historie Van Mejuffrouw Cornelia Wildschut,Betje Wolff,3.33,,,m
31783,The Beasts of Hades,Graham Diamond,3.9,,,m
31787,Titus Et Bouboule En Vadrouille,Andréa Novick,5.0,,French,w
31790,Midshipman Bolitho,Alexander Kent,3.98,Historical Fiction,English,m
31797,Angel's Rest,Charles Davis,3.88,Fiction,English,m
31802,Heartbreak Soup,Gilbert Hernández,4.36,Comics,English,m
31809,"Clean Up After Me, I'm Irish: A Cheap Degenerate's Guide To Buffalo Bars",Tom Waters,5.0,,English,m
31817,The Halfway House,Guillermo Rosales,3.89,Fiction,English,m
31818,Z: en kärlekshistoria,Vigdís Grímsdóttir,3.76,Fiction,Swedish,w
31819,Blue Nude,Elizabeth Rosner,3.55,Historical Fiction,English,w
31823,Sur le boulevard,Michel David,4.04,Historical Fiction,French,m
31833,Wszystko czerwone,Joanna Chmielewska,4.28,Polish Literature,Polish,w
31845,Absolute Truths,Susan Howatch,4.35,Fiction,English,w
31847,The Secret Self,Christina Shelly,3.82,BDSM,English,w
31851,Sinfest,Tatsuya Ishida,4.06,Comics,English,m
31857,The Dance of Life: Weaving Sorrows and Blessings Into One Joyful Step,Henri J.M. Nouwen,4.23,Christian Living,English,m
31858,The Egos Have Landed: Rise and Fall of Palace Pictures,Angus Finney,3.71,Film,English,m
31864,"Pauliska, ou la perversité moderne",Jacques-Antoine de Révéroni Saint-Cyr,3.6,French Literature,French,m
31878,The Great Outdoors Vol 2,Lucy Felthouse  (Author),4.2,Erotica,English,w
31879,Hélène de Champlain - Manchon et dentelles,Nicole Fyfe-Martel,4.03,Historical Fiction,French,w
31898,The Leak,K'wan,4.22,Urban,English,m
31909,Celeste Nites,Clarrissa Lee Moon,4.12,Paranormal Romance,English,m
31914,Cupids,Paul Butler,3.43,Fiction,English,m
31919,A Simple Habana Melody,Oscar Hijuelos,3.45,Fiction,English,m
31924,الشوارع الخلفية,عبد الرحمن الشرقاوي,3.83,Novels,Arabic,m
31927,Looking for the Light: The Hidden Life and Art of Marion Post Wolcott,"Paul Hendrickson, Marion Post Wolcott",4.07,Biography,English,m;w
31928,عصي الدم,منهل السّراج,3.7,Novels,Arabic,m
31932,Sintel: The Story of Sintel and Scales,L'Poni Baldwin,3.0,,English,m
31938,Die Buying,Laura DiSilverio,3.88,Mystery,English,w
31942,Frostproof,Neil D. Ostroff,4.63,,English,m
31945,True to the Game II,Teri Woods,4.48,Urban,English,w
31946,The Heavens Declare: Astrological Ages and the Evolution of Consciousness,Alice O. Howell,4.62,Astrology,English,w
31949,An Arrow for Coco (Cupids Erotic Tales #1),Aalexxa Aarows,4.6,,English,m
31954,هموم هذا الزمان,أنيس منصور,3.6,,Arabic,m
31957,"Slam Dunk, Tome 1",Takehiko Inoue,4.38,Manga,French,m
31958,Shadows of Blood,Yvonne Bruton,5.0,,,w
31962,"Matters to a Head: Cannabis, Mental Illness and Recovery",Kate K.,3.5,,English,w
31964,Taylor Swift: Fearless,Taylor Swift (Contributor),4.59,Music,English,m
31967,"Numbelan, il regno degli animali",Mbacke Gadji,3.38,Short Stories,Italian,m
31975,The Price of Liberty (The Story of the Liberty Bell),Wayne Whipple,4.67,,English,m
31976,The Art of Deceit,Wendy Lohr,5.0,,English,w
31985,لا ترحلي,هند إدريس عبد السلام,4.08,,Arabic,m
31991,"The Twisted Sword, Part 2 (Poldark, #11)",Winston Graham,4.27,,English,m
32005,Rich Like Us,Nayantara Sahgal,3.43,India,English,m
32016,"ChocoMimi, Volume 5",Konami Sonoda,4.65,Manga,Korean,w
32017,Self Portraits: Tales from the Life of Japan's Great Decadent Romantic,Osamu Dazai,4.41,Japan,English,m
32023,A Decadência dos Olfactos,Luís Caminha,4.83,,Portuguese,m
32027,The Mystery Roast,Peter Gadol,3.71,Fiction,English,m
32033,"""Evil"" Arabs in American Popular Film: Orientalist Fear",Tim Jon Semmerling,4.5,,English,m
32037,الثوب الضيق,فتحي أبو الفضل,3.39,,Arabic,m
32040,The Shifted,Natalie Carlisle,4.5,,English,w
32043,Mrs. Jeffries Questions the Answer,Emily Brightwell,4.04,Mystery,English,w
32050,Yaşayan Ölü,Sâmiha Ayverdi,4.65,,Turkish,m
32051,Lee,Clifford Dowdey,4.06,Civil War,,m
32055,আগুনের পরশমণি,Humayun Ahmed,4.43,Fiction,Bengali,m
32056,The Edge of Ruin: An Emily Weiss Mystery,Irene Fleming,3.18,Mystery,English,w
32059,"Paris Fashions of the 1890s: A Picture Sourcebook with 350 Designs, Including 24 in Full Color",Stella Blum (Editor),4.06,Fashion,English,w
32060,"On Attaining Buddhahood in This Lifetime (Lectures on, #1)",Daisaku Ikeda,4.68,Buddhism,English,m
32065,World of Valkyrie – the vampire princess,Pet Torres,3.67,,English,m
32072,Nashaib / نشیب,Abdullah Hussein,4.08,,Urdu,m
32081,Cross Currents,John Shors,3.83,Fiction,English,m
32082,Ocean's Daughter,Faith Anna Brown,3.65,,English,w
32083,Heaven's Gate,Deborah Leitch,3.5,,,w
32088,Langit Ilahi 2: Kembara Hamba Mencari Cahaya,Hilal Asyraf,4.28,Religion,Malay,w
32091,A Saved Soul,Catherine Rose Putsche,5.0,,English,w
32095,Time to Feel,Black Coffee,4.92,,English,m
32098,S.O.L.A.D.™: Soldiers of Light Against Darkness™,Tyrone Tony Reed Jr.,4.6,,English,m
32100,Anima Mundi,Susanna Tamaro,3.52,Fiction,French,w
32103,Teru-Teru Bozu,Rafandha,3.13,Fiction,Indonesian,m
32106,الدين والمجتمع: دراسة سوسيولوجية للتدين بالمغرب,عبد الغني منديب,3.14,,Arabic,m
32109,Hunger's Brides,W. Paul Anderson,3.66,Fiction,English,m
32110,Ghosts of the North Carolina Shores,Micheal Rivers,4.11,Paranormal,English,m
32132,Cystic Fibrosis: The Ultimate Teen Guide,Melanie Ann Apel,3.75,,English,w
32136,Facing the Music,Larry Brown,4.15,Short Stories,English,m
32141,Gun Control,Byron Goines,3.67,,English,m
32147,آيات علمانية,عماد نصر ذكرى,3.1,,Arabic,m
32148,The Ice Age,Kirsten Reed,3.3,Fiction,English,w
32150,Sweet Bro and Hella Jeff,Andrew Hussie (Artist),4.7,Comics,English,m
32159,باب الخروج: رسالة علي المفعمة ببهجة غير متوقعة,عزالدين شكري فشير,3.87,Novels,Arabic,m
32162,Sakinah Bersamamu,Asma Nadia,4.01,Islam,Indonesian,w
32164,Little Boy Blue,Edward Bunker,4.03,Crime,English,m
32165,Beyond Angels and Demons: The Truth Behind the Fiction,Rene Chandelle,3.75,,English,m
32172,Swimming with Dolphins,Deborah Wright,3.89,Chick Lit,English,w
32178,40 Ways To Please A Good Man (40 Ways To Please a Good Woman),Aleja Bennett,3.67,,English,w
32188,Late Nights on Air,Elizabeth Hay,3.55,Fiction,English,w
32189,نظریه جامعه‌شناسی در دوران معاصر,George Ritzer,3.91,Sociology,Persian,m
32191,الفتاوى,محمد متولي الشعراوي,4.3,Religion,Arabic,m
32202,Strugurii s-au copt în lipsa ei,Zully Mustafa,3.71,Romanian Literature,Romanian,m
32210,Vegetarian Weight Loss,Jonathan Vine,3.89,Cooking,English,m
32216,Before You Sleep,Linn Ullmann,3.34,Fiction,English,w
32220,"Annabran Documents, The Holy Book of Pantheism",Barbara,4.38,,English,w
32223,Fourth of July Creek,Smith Henderson,3.83,Fiction,English,m
32227,Steve Bloomer: The Story of Football's First Superstar,Peter J. Seddon,4.67,,,m
32231,Di Tengah Keluarga,Ajip Rosidi,3.73,Indonesian Literature,Indonesian,m
32233,رقعه,سید حمیدرضا برقعی,4.14,,Farsi,m
32236,The Bang Bang Family,Gahan Wilson,4.09,,English,m
32237,"The 'Fishy' Adventures of Gus, Toby and TooToo: Big Tale 1",Joyce Mitchell,4.11,,English,w
32239,Tol,Murat Uyurkulak,3.85,Turkish Literature,Turkish,m
32243,اللهو أكبر,أسعد ذبيان,4.14,,Arabic,m
32244,I figli della Repubblica: Un'invettiva,Maurizio Maggiani,3.83,,Italian,m
32251,Across Time,Jeff Fuell,3.85,,English,m
32254,"The Causes of War, Revised and Enlarged Edition",Michael Eliot Howard,3.94,Military Fiction,English,m
32267,Pérez Galdós: Miau,"Eamonn Rodgers, Benito Pérez Galdós",4.29,,English,m;m
32272,Every Day is for the Thief,Teju Cole,3.7,Fiction,English,m
32282,Sibling Seduction,E.M. Leya,3.45,M F Romance,,m
32299,Oftalmologjia,Kelmend Spahiu,5.0,,,m
32301,Clausewitz,Joost de Vries,3.23,Fiction,Dutch,m
32308,The Kingmakers,Serafia Cross,4.27,,English,m
32314,The Rockin' Chair,Steven Manchester,3.85,Fiction,English,m
32315,The Commitments,Roddy Doyle,3.95,Fiction,English,m
32316,Sleep Paralysis: What It Is and How To Stop It,Chris White,3.88,,English,m
32317,Princess Ces'alena,Mercedes Keyes,4.6,Interracial Romance,English,w
32319,Dante's Divine Comedy: Inferno,Dante Alighieri,4.38,,English,m
32320,The JPS Bible Commentary: Ruth,"Tamara Cohn Eskenazi, Tikva Frymer-Kensky",4.33,Religion,English,w;w
32328,Khói Trời Lộng Lẫy,Nguyễn Ngọc Tư,4.01,Short Stories,Vietnamese,m
32329,قصص القرآن,محمود المصري,4.16,,Arabic,m
32333,Un estiu amb l'Anna,Núria Prades,3.47,,Catalan; Valencian,w
32338,Short Thrills: Pia Sabel Stories,Seeley James,4.89,,English,m
32339,Lords of the Underworld 10 Books Collection Pack Set,Gena Showalter,4.73,Paranormal Romance,English,w
32348,"DOCTOR MARI TEACHES ABOUT HEALTHY RELATIONS WITH THINGS (Psychological Wholeness Series, #6)",Denise Marie Mari,5.0,,English,w
32352,The Little Sophia Vol.2,T.K. Layla,4.6,,English,m
32354,كتاب أعز ما يطلب,ابن تومرت,5.0,,Arabic,m
32360,O Herdeiro de Antioquia,Paulo Costa Gonçalves,4.71,,Portuguese,m
32363,تفصيل النشأتين وتحصيل السعادتين,الراغب الأصفهاني,3.95,,Arabic,m
32367,"Eat Nourish And Grow: Live Healthy, Grow Better & Lose Weight",Cheryl Barnhart,4.0,,English,w
32371,The Summer We Got Free,Mia McKenzie,4.34,Fiction,English,w
32373,Golden Shadows: Shadows Golden Under the Sun,Amitava Mazumdar,3.67,,,m
32380,Selimut Malam,Hani Fazuha,3.93,,Malay,w
32381,He's Into Her Season 2,Maxinejiji,4.69,Love,Filipino; Pilipino,m
32382,Pride and Prejudice II: The Sequel,Victoria Park,3.0,,English,w
32383,Pursue Friendship,R.G. Manse,4.39,,English,m
32389,المعارك الحربية على الجبهة المصرية,جمال حماد,4.41,History,Arabic,m
32399,What is Numerology?,Abdul-Jabbar Khan,3.33,,English,m
32405,Fi5th Assasin,Charles Omo,4.35,,English,m
32407,Slightly Noble,Lilly Gayle,4.25,Historical Romance,English,w
32409,Amsterdam,Ian McEwan,3.43,Fiction,English,m
32418,Riding on a Beam of Light,Ramsey Dean,4.42,,English,m
32421,Dystopia Boy: The Unauthorized Files,Trevor D. Richardson,4.52,Dystopia,,m
32447,A Long Long Way,Sebastian Barry,4.15,Fiction,English,m
32448,The Christie Curse,Victoria Abbott,3.77,Mystery,English,w
32455,What's Good for the Goose Is Not Good for the Panda,Lavender Laine,4.75,,,m
32460,Grasse carcasse,Manu Larcenet,4.24,Bande Dessinée,French,m
32461,Premier Sang,Florence Cochet,3.62,,French,w
32471,Last Friends,Jane Gardam,3.83,Fiction,English,w
32481,Obsessed: The Compulsions and Creations of Dr. Jeffrey Schwartz,Steve Volk,4.03,Psychology,English,m
32488,A Blaze of Glory,Jeff Shaara,4.07,Historical Fiction,English,m
32489,Jaguar Nights: Lies,Jen A. Durand,4.41,,English,w
32494,The Flute of God,Paul Twitchell,4.49,Spirituality,English,m
32496,El intenso calor de la luna,Gioconda Belli,3.45,Spanish Literature,Spanish,w
32500,Enterrer La Haine Et La Vengeance,"Ghassan Tuéni, Ghassan Tuwayni",4.0,,French,m;m
32508,Garçons de cristal,Bai Xianyong,4.19,Fiction,French,m
32510,Backyard Chickens for Beginners: Everything You Need to Know,Francis Okumu,5.0,,,m
32512,The Dawn of Redemption,Dedra L. Stevenson,4.8,,English,w
32517,A King is Born,Treasure Hernandez,4.49,African American,English,m
32520,Bollywood Memories: A journey through the best Hindi movies of the last 25 years.,Chetan Surya,3.14,,,m
32524,The Cattle,Greg M. Sarwa,2.97,,English,m
32528,A Far Cry from Sunset,Billy Franks,4.33,,English,m
32534,Summary of The Power of Habit: Why We Do What We Do in Life and Business by Charles Duhigg | Includes Analysis,NOT A BOOK,3.32,,English,m
32538,عجايب الآثار في التراجم والأخبار :الجزء السادس,عبد الرحمن الجبرتي (تأليف),4.53,History,Arabic,m
32543,Taubat Si Tanggang,AdiFitri Ahmad (Illustrator),4.03,Comics,Malay,m
32555,Whirlpool Of Shadows,Vijay Singh,3.33,,,m
32559,Hvad der videre hændte Tudemarie,"Maria Andersen, Gudrun Eriksen",3.61,,Danish,w;w
32562,Sprouting Into Greatness: Principles of Personal Development That Will Empower You to Create Your Own Destiny,Thea Long White,4.94,,English,w
32565,Las ninfas,Francisco Umbral,3.81,Literature,Spanish,m
32573,Christianity in These Last Days,J.J. Woods,5.0,,,m
32574,Tales of the Nine: Apothecary,J.L. Lahey,4.86,,,m
32577,Elephant and Rabbit As Told By Skib Bricluster,T.A. Young,5.0,,,m
32578,"Si es amor, no duele",Pamela Palenciano,4.26,Feminism,Spanish,w
32579,Enochi: 3 of Light,Syquan Perrett,4.75,,,m
32582,Hoch-Zeit der Menschheit,Rudolf John Gorsleben,4.2,,,m
32593,Changing the White Woman in the Mirror,Raymond Sturgis,5.0,,English,m
32598,Sonic Theology: Hinduism and Sacred Sound (Studies in Comparative Religion),Guy L. Beck,4.0,Music,,m
32601,La agonía de una flor,Fernando Soto Aparicio,3.75,,Spanish,m
32604,That Woman,Wayne Clark,4.23,Fiction,English,m
32606,Why Women Fail,Ann Dally,3.5,,English,w
32608,Loving God,N. Kasturi,4.79,,English,m
32609,Árboles Petrificados (Edición Conmemorativa),Amparo Dávila,3.41,,Spanish,w
32614,آداب بی‌قراری,یعقوب یادعلی,3.28,Novels,Persian,m
32616,عقرب روی پله‌های راه‌ آهن اندیمشک یا از این قطار خون می‌چکه قربان,حسين مرتضائیان آبکنار,3.45,Novels,Persian,m
32617,"Hell High: Warning: Contains Strong Sexual Content, Violence, Drug Use, and Language. For Readers 18+ (Hell High #1)",John Raptor,3.59,Fiction,English,m
32622,Breakfast Recipe Ideas,Violet Karma,5.0,,,w
32625,Racing the Rain,John L. Parker Jr.,4.11,Fiction,English,m
32627,La Biblia Latinoamericana,Various,4.34,Religion,Spanish,m
32642,Christianity turned Jesus’ Mission of Life into a church,Rodolfo Martin Vitangcol,5.0,,English,m
32646,Monsoon Love and Other Nepali Stories,Andrew James Pritchard,3.67,Short Stories,English,m
32651,At School With Ruskin Bond,Ruskin Bond,4.32,,English,m
32657,The Weight of Ink,Rachel Kadish,4.08,Historical Fiction,English,w
32659,The Ha-Ha,Dave King,3.6,Fiction,English,m
32661,Las Reglas del Destino,Jazmín Riera,4.14,,Spanish,m
32670,This Tender Land,William Kent Krueger,4.38,Historical Fiction,English,m
32672,The Negative Power,Divyansh Mishra DM,4.85,,,m
32674,The Last Honey Bee,Wayne Gerard Trotman,5.0,,English,m
32687,My Friend Marilyn: The Great American Destination Series,Christopher Lentz,4.15,Historical Fiction,English,m
32694,The Condemner,M.C. Glan,4.0,,English,m
32698,Caracol Beach,Eliseo Alberto,3.75,Spanish Literature,Spanish,m
32710,سارق الكحل,يحيى حقي,3.13,Short Stories,Arabic,m
32711,الكابوس وقصص أخرى,نجيب الكيلاني,3.43,Novels,Arabic,m
32712,حلم آخر الليل,محمد عبد الحليم عبد الله,3.51,,Arabic,m
32713,Concerto para Corpo e Alma,Rubem Alves,4.61,,Portuguese,m
32722,The Real Education of TJ Crowley,Grant Overstake,4.47,,English,m
32724,In Pursuit of Joy,Gary Green,4.18,Fiction,English,m
32733,Potty Palooza: A Step-by-Step Guide to Using a Potty,Rachel Gordon,3.53,,,w
32740,Circe o el placer del azul,Begoña Caamaño,4.17,Feminism,Spanish,w
32742,Rugrats in Paris Storybook,Kiki Thorpe,4.11,,English,w
32747,Tuhan dalam Secangkir Kopi,Denny Siregar,3.97,Religion,Indonesian,m
32772,Lala,Jacek Dehnel,4.06,Polish Literature,Polish,m
32774,"Maria, ihm schmeckt's nicht!",Jan Weiler,3.66,Humor,German,m
32778,Sportsman's Paradise,Nancy Lemann,3.97,Fiction,English,w
32779,Magic City,Jewell Parker Rhodes,4.05,Historical Fiction,English,m
32792,Smonk,Tom Franklin,3.67,Fiction,English,m
32795,The Scorching Wind,Walter Macken,4.13,Ireland,English,m
32801,"The Bloom County Library, Vol. 1: 1980-1982",Berkeley Breathed,4.36,Comics,English,m
32805,Nickel Mountain,John Gardner,3.74,Fiction,English,m
32814,Lion's Gaze: A Commentary on Tsig Sum Nedek,Palden Sherab,4.44,,English,m
32818,The Boy Who Loved Anne Frank,Ellen Feldman,3.66,Historical Fiction,English,w
32822,Sistah for Sale,Miasha,4.35,,English,m
32823,The Path of the Hero King,Nigel Tranter,4.33,Historical Fiction,English,m
32824,"Eyeshield 21, Vol. 4: Intimidation",Riichiro Inagaki,4.29,Sports,English,m
32834,Dreaming in Cuban,Cristina García,3.69,Fiction,English,w
32847,To Glory We Steer,Alexander Kent,4.17,Historical Fiction,English,m
32851,Attending Alaska's Birds: A Wildlife Pilot's Story,James Gore (Jim) King,5.0,,English,m
32863,Just Breeze,Beverly Stowe McClure,4.48,,English,w
32875,Warkah Cinta Berbau Syurga,A. Ubaidillah Alias,3.94,Novels,Malay,m
32878,Frydenholm,Hans Scherfig,4.05,Historical Fiction,Danish,m
32879,Rue de la Glacière,Michel David,4.03,Historical Fiction,French,m
32880,Rovella Starr: A Love-Starved Bitch,Carol Denise Mitchell,5.0,,English,m
32883,The 2 1/2 Pillars of Wisdom,Alexander McCall Smith,3.7,Fiction,English,m
32892,An Unexpected Woman,Sandi Layne,4.39,Christian Fiction,English,m
32894,"Missing, Believed Crazy",Terence Blacker,3.79,Mystery,English,m
32896,Holy Bible: Prophecy Study Bible,Anonymous,4.17,,,m
32900,Glittering Images,Susan Howatch,4.07,Fiction,English,w
32907,Freaks' Amour,Tom De Haven,4.19,Fiction,English,m
32918,"Até Amanhã, Camaradas","Manuel Tiago, Álvaro Cunhal",4.18,Portugal,Portuguese,m;m
32926,The Gold Of Friendship,Gail Peterson,4.86,,,m
32936,Warum ich euch belogen habe.,Julijana Matanović,3.57,Fiction,German,w
32943,Skin of Culture: Investigating the New Electronic Reality,Derrick de Kerckhove,4.08,Academic,English,m
32948,From Harlem With Love,K'wan,4.33,Urban,English,m
32956,Little Orphan Anvil,Joseph Beekman,4.65,Magic,English,m
32962,NaGeira,Paul Butler,4.1,,English,m
32963,A Hundred Hills,Howard Breslin,4.07,Historical Fiction,,m
32976,Stacy's Last Contact,L'Poni Baldwin,0.0,,English,m
32989,Dream Traveler,Neil D. Ostroff,5.0,,English,m
32991,The Blackwater Lightship,Colm Tóibín,3.87,Fiction,English,m
32997,وحدي مع الآخرين,أنيس منصور,4.0,,Arabic,m
33002,The Bruno Mars Handbook - Everything You Need to Know about Bruno Mars,Debra Lew (Editor),4.42,,English,w
33008,The Bar Sinister,Richard Harding Davis,4.06,Short Stories,English,m
33011,She Shall Be Called Woman: Victoria Botkin's Study of Practical Wisdom From Scripture for the 21st Century Woman,Victoria Botkin,4.79,Christianity,English,w
33013,Ape House,Sara Gruen,3.49,Fiction,English,w
33021,Nocturnes: Five Stories of Music and Nightfall,Kazuo Ishiguro,3.47,Short Stories,English,m
33027,Recessional,James A. Michener,3.71,Fiction,English,m
33034,Abby's Vampire,Anjela Renee,3.31,Vampires,English,w
33038,De Zondvloed,Jeroen Brouwers,4.02,Literature,Dutch,m
33040,"Brookhaven (Web of Fate, #1)",J.C. Eggleton,4.13,Dystopia,English,m
33045,Nexus,C.L. Parker,4.31,Paranormal,English,m
33052,Fair Play,Tove Jansson,3.94,Fiction,English,w
33054,"ChocoMimi, Vol. 4",Konami Sonoda,4.58,Manga,English,w
33059,"Hannah, Mable, and the Moving Van",Darlene Weinbrenner,5.0,,English,w
33060,Um Pinguim na Garagem,Luís Caminha,4.07,,Portuguese,m
33070,Frabato the Magician,Franz Bardon,4.09,Occult,English,m
33074,Saving Elizabeth,Amy Machelle,4.22,,,w
33076,Mrs. Jeffries Plays the Cook,Emily Brightwell,3.97,Mystery,English,w
33084,मेरी श्रेष्ठ कविताएँ,हरिवंश राय बच्चन [Harivansh Rai Bachchan],4.33,,Hindi,m
33085,İnsan ve Şeytan,Sâmiha Ayverdi,4.35,,Turkish,m
33093,"Children's Fashions, 1860–1912: 1,065 Costume Designs from ""La Mode Illustree""",JoAnne Olian,3.8,,English,m
33096,Kinderen,S. Carmiggelt,3.94,Humor,Dutch,m
33099,Illusory Love IV,Pet Torres,5.0,,English,m
33104,نوافذ بلا قمر,إيمان أحمد,3.68,,Arabic,m
33109,Raat / رات,Abdullah Hussein,3.71,,Urdu,m
33110,من غرائب التاريخ,سمير شيخاني,3.33,,Arabic,m
33115,Sugar Baby,Aaron B. Powell,4.03,Erotica,English,m
33119,Endless Seasons,Faith Anna Brown,4.33,,English,w
33122,Idioti v politike,Jozef Banáš,3.61,Politics,Slovak,m
33129,Living Canvas,Karla Brandenburg,4.08,,English,w
33135,Time To Know,Black Coffee,4.77,,,m
33145,شش سال در میان زنان وحشی آمازون,منوچهر مطیعی,3.2,,,m
33153,Bird Of Prey,Danielle-Claude Ngontang Mba,4.14,Mystery,English,m
33156,Weg van Lila,Patrick van Rhijn,3.95,Roman,Dutch,m
33165,"چمران به روایت همسر شهید (نیمه‌ی پنهان ماه, #1)",حبیبه جعفریان,4.13,Short Stories,Persian,m
33167,My Sister's Voice,Mary Carter,3.43,Fiction,English,m
33181,Hiobs Brüder,Rebecca Gablé,4.17,Historical Fiction,German,w
33187,The Lizard Cage,Karen Connelly,4.22,Fiction,English,w
33198,The Prophecy: The Prophecy of the Vikings - The Creation of the World,Bernard Scudder (Translator),3.67,,English,m
33204,Into The Land Of Shadows,Kristy McCaffrey,4.57,Historical,English,w
33206,Una,Momo Kapor,4.03,Fiction,Serbian,w
33216,قصص القرءان,عبد الحميد عبد المقصود,3.5,Historical,,m
33217,Meerestosen,Patricia Schröder,3.76,Urban Fantasy,German,w
33230,Lucid Exposition Of The Middle Way: The Essential Chapters From The Prasannapadā Of Candrakīrti,Mervyn Sprung,0.0,,,m
33236,حقق حلمك في حفظ القرآن الكريم,عبد الله الملحم,4.33,Religion,Arabic,m
33237,آدم المصري,هشام الخشن,3.52,Novels,Arabic,m
33246,The Kabbalist,Nathan Erez,3.88,,English,m
33250,The Red Carpet: Bangalore Stories,Lavanya Sankaran,3.36,Short Stories,English,m
33253,Sharh Al-Aqidat-il-Wasitiyyah: Fundamental Beliefs of Islam and Rejection of False Concepts,محمد خليل هراس,4.19,,English,m
33267,Hope,Joyce Mitchell,4.6,,English,w
33284,Transference,Jeff Fuell,3.75,,English,m
33290,In The Cemetery Where Al Jolsen is Buried,Amy Hempel,4.25,Short Stories,English,w
33291,In the Broken Birdcage of Kathleen Fair,Cate Gardner,4.13,,English,w
33299,Pérez Galdós: Fortunata y Jacinta,Geoffrey Ribbans,4.18,,English,m
33316,Issuance of Insanity 2,Jamie Lewis,4.77,,English,m
33328,Rise of the Black Hand: The Case Files of Thomas Morelli,C.J. Fella,3.85,Mystery,English,m
33340,Les 7 Roses De Tôkyô,Hisashi Inoue,3.8,Japan,French,m
33344,False Christ: Will the Antichrist Claim to Be the Jewish Messiah?,Chris White,4.29,Theology,,m
33353,Gangsta Girl 2: The Lick,George Sherman Hudson,4.51,,,m
33356,Fifth Seal,Bodie Thoene,4.42,Christian Fiction,English,m
33367,The Reckoning Road,Seeley James,4.33,,English,m
33370,Schiava per vendetta,Ann Owen,3.91,Historical Romance,Italian,w
33372,"Greg Iles Collection: The Quiet Game, 24 Hours, Dead Sleep",Greg Iles,4.3,,English,m
33373,200 Years of Australian Cricket: 1804-2004,Garrie Hutchinson,4.25,,English,m
33379,"Sexy, Healthy, Food - 25 Clean-eats, Gluten-free Recipes",JoLynne Valerie,4.25,,,m
33380,ذاكرة ملك,Hassan II,3.93,Politics,Arabic,m
33384,A Screen Away,HaveYouSeenThisGirL,4.09,,Filipino; Pilipino,m
33390,Lawak Kampus Kompilasi Mantap,Keith,4.52,Comics,Malay,m
33393,"Conflict & Obsession: DOUBLE EDITION: The Forever Series, Book 11 & 12",Eve Newton,4.51,,,w
33394,The Power Of Introverts: Learn To Speak Up Without Raising Volume,Megan Coulter,2.8,,English,w
33396,Haz el Amor y no la Cama,Federico Traeger,4.04,,Spanish,m
33397,Australians All,Nadia Wheatley,5.0,History,,w
33401,Босоногий Гэн. Том 1,Keiji Nakazawa,4.43,Manga,Russian,m
33402,Оройгүй сүм,Л. Түдэв,4.44,Fiction,Mongolian,m
33407,Faith Unfeigned,John Calvin,4.3,,English,m
33408,Larkswood,Valerie Mendes,3.54,Historical Fiction,English,w
33409,Hati Kala Cinta,Hani Fazuha,4.06,,Malay,w
33411,He's Into Her,Maxinejiji,4.61,Love,Tagalog,m
33412,The Story Of Charles Ogilvie,George Eliel Sargent,4.31,,English,m
33413,Deny Friendship: Darkly Fun Mystery,R.G. Manse,4.81,,English,m
33415,Plays 3: The Homecoming / Tea Party / The Basement / Landscape / Silence / Night / That's Your Trouble / That's All / Applicant / Interview / Dialogue for Three / Old Times / No Man's Land,Harold Pinter,4.0,Plays,,m
33417,Frog Music,Emma Donoghue,3.17,Historical Fiction,English,w
33421,جوع,محمد البساطي,3.35,Novels,Arabic,m
33431,RUMI: Adherent of The Appointed,Omar Ali Zafar,3.0,,English,m
33437,Tobias: a short story,Hallie M. Smith,5.0,,English,w
33438,বনের খবর,Promodaranjan Ray,4.23,Adventure,Bengali,m
33447,الله و الإنسان,البابا شنودة الثالث,3.74,,Arabic,m
33453,"Oni su ovde, sa nama",Lazar Janic,4.83,,Serbian,m
33460,Big Magic: by Elizabeth Gilbert (Creative Living Beyond Fear) | A 15-Minute Summary,Bern Bolo,4.42,,English,m
33463,The Voyage of Life: A Journey From the Cradle to the Grave,S.L. Louis (Compiler),5.0,,English,m
33465,Shadow Mist,Kert Masters,5.0,,English,w
33469,On What Grounds,Cleo Coyle,3.7,Mystery,English,m
33470,Engaging Students Through Social Media: Evidence-Based Practices for Use in Student Affairs,Reynol Junco,4.21,Education,,m
33471,2003 - Thanks for the Vodka,Harpie,4.5,,English,m
33476,L'adieu à Baker Street,Luc Brunschwig,3.75,Comics,French,m
33481,Me and Luke,Audrey O'Hearn,3.86,,English,w
33484,Other Stories and other stories,Ali Smith,3.96,Short Stories,English,m
33485,The Man in the Wooden Hat,Jane Gardam,4.05,Fiction,English,w
33486,All Involved,Ryan Gattis,4.01,Fiction,English,m
33492,Show Adult,Peter Sotos,4.13,,English,m
33500,To Kill a Mocking Bird Study Guide,KDI Publishers,4.25,Fiction,English,m
33501,Pearl Moon: Betrayal,Jen A. Durand,4.38,,English,w
33512,Ten In Texas,A.H. Holt,4.21,Westerns,English,m
33519,Tecumseh,James Alexander Thom,4.48,Historical Fiction,,m
33534,The Bird Markets Around The World,Francis Okumu,4.0,,English,m
33540,Back to the Streets,Treasure Hernandez,4.59,African American,English,m
33542,1970s Bollywood: The 50 Must See Hindi Movies,Sabeha Peach,3.33,,,m
33547,The Mary Smokes Boys,Patrick Holland,3.43,Fiction,,m
33550,All the Sweet Promises,Elizabeth Elgin,4.38,Historical Fiction,English,w
33552,The Happy Gospel: Effortless Union with a Happy God,Benjamin Dunn,4.46,,,m
33554,Summary of Start with Why: How Great Leaders Inspire Everyone to Take Action by Simon Sinek | Includes Analysis,NOT A BOOK,4.17,,English,m
33556,عجائب الآثار في التراجم والأخبا ر الجزء الثامن,عبد الرحمن الجبرتي,4.2,,,m
33558,El Golfo de Cádiz y la Estrecha de Gibraltar,Lara Smirnov,3.27,Erotic Romance,Spanish,w
33562,Bercakap Dengan Jun,Hasrul Rizwan,4.06,Novels,Malay,m
33571,The Path of Oneness,Shinjo Ito,5.0,,English,m
33576,Tudemarie søger plads,Maria Andersen,3.73,,Danish,w
33578,Poesia Completa Alfonsina Storni (Spanish Edition),Julieta Gomez Paz,5.0,,,w
33580,Riches of Heaven upon Earth: Financial Toughness A New Transformed Better Lifestyle,Wanjiru Gachie,5.0,,,m
33582,Mr. Confidence,Rahiem Brooks,3.54,,,m
33584,Hide & Seek,Felicity Brandon,4.0,Erotica,English,w
33587,Put It Down: Going from Bullied to Bold,Maya Claridge,5.0,,,w
33589,Is Bob My Father?,Melanie Pinnock,3.0,,,w
33592,De opluchting: in één dag van het roken af,Jan Geurtz,4.25,,Dutch,m
33594,Photographer's Dream,Ronder Scott,4.57,,English,m
33595,فرهنگ اصطلاحات و تعبیرات عرفانی,سیدجعفر سجادی,5.0,,Persian,m
33597,The Falls Trilogy Boxed Set,Heather Renee,4.7,,English,w
33598,Diary of A Sick Chick: A Year in The Life of A Chronically Ill Woman,Sonya Dickerson,3.79,Historical Fiction,English,w
33599,Black Lives Matter: Is It Open Season on Killing and Mistreating Blacks in America,Raymond Sturgis,3.6,,,m
33612,Man of God,Gregg Bell,4.26,Christian Fiction,English,m
33613,Super Sons (2017-) #16,Peter J. Tomasi,4.37,Dc Comics,,m
33614,Teil der Welt,Heinz von Foerster,4.6,,German,m
33617,Healthy Dinner Recipes,Violet Karma,5.0,,,w
33620,Spirit-Led Approach to Parenting,LaTonya Page-Balkcom,5.0,,,m
33631,News of the World,Paulette Jiles,4.07,Historical Fiction,English,w
33633,கோடைக்கால குறிப்புகள்,சுகுமாரன்,4.5,,Tamil,m
33636,Christianity Presented a Most Confusing Bible and Called it—the Word of God,Rodolfo Martin Vitangcol,5.0,,English,m
33654,"Savage Dragon, Vol. 1: Baptism of Fire",Erik Larsen,3.73,Comics,English,m
33659,Heitere Verse - Von Menschen und Unmenschen,Eugen Roth,0.0,,German,m
33661,The Shadow Hour,Kate Riordan,3.81,Historical Fiction,English,w
33665,"Wake Up, Sir!",Jonathan Ames,3.75,Fiction,English,m
33667,The Boy Lost In A World 2,Divyansh Mishra DM,4.88,,English,m
33670,The Promise Between Us,Barbara Claypole White,4.1,Fiction,,w
33673,Der Reisende,Ulrich Alexander Boschwitz,4.07,Fiction,German,m
33685,Godshot,Chelsea Bieker,3.84,Fiction,English,w
33686,Exquisite Mariposa,Fiona Alison Duncan,3.64,Fiction,English,w
33689,País de las sombras largas,Hans Ruesch,4.1,Fiction,Spanish,m
33692,"The Roald Dahl : Collection 5 Books Collection Charlie and the Chocolate Factor, Charlie and The Great Glass Elevator, The Witches, Fantastic Mr Fox and Matilda",R Dahl,4.54,,,m
33695,الشمندورة,محمد خليل قاسم,3.98,Novels,,m
33698,"P'Knocks, A New Kid That Rocks!: Keys To Success",Nelson Paul Ragas Sr.,5.0,,,m
33701,دنيا جديدة,محمود تيمور,3.35,Short Stories,Arabic,m
33704,حافة الجريمة,محمد عبد الحليم عبد الله,3.46,,Arabic,m
33708,A Teddy for Jackie Jr: (Bedtime Story Books about Teddy Bear and Parents' Love),"Ronald Destra , Renald Destra",4.9,,,m;m
33717,"At the Beginning, in the Blues",Virginia Bond,5.0,,,w
33718,Come To Pass,Michael Wyndham Thomas,4.2,Fiction,English,m
33719,Awakened by You,K.L. Stockton,4.32,Contemporary,,m
33734,"I saw The Same Dream, Again!",Guru Prudhvi,5.0,,,m
33737,Mendaki Tanjakan Ilmu & Tobat,Kh. Abdullah Bin Nuh,4.67,,Indonesian,m
33739,Tout ce que tu vas vivre,Lorraine Fouchet,3.88,Chick Lit,French,w
33741,Arctic Snare,Lucas Pederson,4.17,,,m
33746,Island Survival,Lloyd Davis,4.75,,English,m
33750,"On the Bright Side: The New Secret Diary of Hendrik Groen, 85 Years Old",Hendrik Groen,4.14,Fiction,,m
33754,Fun And Educational Places To Go With Kids And Adults In Southern California,Susan Peterson,4.28,Parenting,English,w
33777,The Coast of Chicago,Stuart Dybek,4.05,Short Stories,English,m
33793,Mommy's Angel,Miasha,4.3,Urban,English,m
33795,Absolution by Murder,Peter Tremayne,3.85,Mystery,English,m
33802,One Vacant Chair,Joe Coomer,3.84,Fiction,English,m
33803,And Then There Were None/The Secret Adversary/Towards Zero/N or M?,Agatha Christie,4.21,Mystery,English,w
33804,The Truelove,Patrick O'Brian,4.36,Historical Fiction,English,m
33810,Finding Reason,Bryce Anderson,4.45,Fiction,English,m
33814,The End of Vandalism,Tom Drury,3.88,Fiction,,m
33816,Happiness,Will Ferguson,3.79,Fiction,English,m
33817,The Rise of American Research Universities: Elites and Challengers in the Postwar Era,"Hugh Davis Graham, Nancy Diamond",3.5,,English,m;w
33821,In Gallant Company,"Alexander Kent, Douglas Reeman",4.13,Historical Fiction,English,m;m
33822,Leaving Cheyenne,Larry McMurtry,3.98,Fiction,English,m
33823,Home to Holly Springs,Jan Karon,4.16,Fiction,English,m
33824,The Caine Batter,Devin Pugliano,3.2,,English,m
33828,شرق النخيل,بهاء طاهر,3.66,Novels,,m
33830,Thera,Zeruya Shalev,4.16,Fiction,,m
33831,christian faith and practice in the experience of the society of friends,london yearly meeting,4.56,,,m
33833,The Passport,Herta Müller,3.32,Fiction,English,w
33837,The Crystal Frontier,Carlos Fuentes,3.83,Fiction,English,m
33840,"Junie B. Jones is a Graduation Girl & Junie B., First Grader (at Last!)","Barbara Park, Lana Quintal",4.08,Fiction,English,w;w
33849,"Bcp Chapel, Red",Church Publishing (Creator),4.65,Christian,English,m
33850,Denyut Kasih Medik,Farhan Hadi Mohd Taib,4.14,Fiction,Malay,m
33855,Immortal Bride,Lisa Childs,3.69,Paranormal Romance,English,w
33858,Rue Notre-Dame,Michel David,4.06,Historical Fiction,French,m
33859,"Your Rights, What Employers Do Not Want You to Know",Carol Denise Mitchell,5.0,,,m
33872,Mommy's Bed (Just For You!),Sonia Black,3.44,,,w
33883,طوق الطهارة,محمد حسن علوان,3.38,Novels,Arabic,m
33909,Pravi se da ovo nisi vidio,Hrvoje Šalković,3.83,Fiction,Croatian,m
33912,Samuel II,Anonymous,5.0,,English,m
33914,Lydia Cassatt Reading the Morning Paper,Harriet Scott Chessman,3.73,Historical Fiction,English,w
33916,Explicações de Português,Miguel Esteves Cardoso,3.82,Portugal,,m
33919,Welfare Wifeys,K'wan,4.47,Urban,English,m
33929,Agent of Artifice,S. Evan Townsend,4.33,Urban Fantasy,English,m
33930,Natural Order,Brian Francis,3.91,Fiction,English,m
33934,1892,Paul Butler,3.82,Historical Fiction,English,m
33942,حجرتان وصالة: متتالية منزلية,إبراهيم أصلان,3.64,Short Stories,Arabic,m
33946,The Insufferable Gaucho,Roberto Bolaño,3.83,Short Stories,English,m
33951,Space Dragon Poetry,L'Poni Baldwin,5.0,,English,m
33952,In naam van mijn vader,Aefke ten Hagen,2.82,Roman,Dutch,m
33956,Aliens Among Us,Ruth Montgomery,3.72,Metaphysics,English,w
33962,Black Friday Vol 1,Noah A.J. Wright,4.27,,English,m
33969,Selena Gomez,Maria Nelson,4.33,,English,w
33974,Whit,Iain Banks,3.83,Fiction,English,m
33978,Missionary Patriarch: The True Story of John G. Paton: Evangelist for Jesus Christ Among the South Sea Cannibals,John G. Paton,4.37,Biography,English,m
33979,The Twelve Planets Speak!: An Ongoing True Story,J. Carl Van Vlierden,3.0,,English,m
33984,Malgudi Landscapes,R.K. Narayan (Contributor),3.81,Fiction,English,m
33989,Manorama Yearbook 2012,Mammen Mathew (Chief Editor),4.39,,English,m
34004,Mudbound,Hillary Jordan,4.03,Historical Fiction,English,w
34014,Mrs Trimble's Magic Tea-Pot,Steven Watson-Morris,4.57,,English,m
34025,Há Vida em Markl,Nuno Markl,3.85,Humor,Portuguese,m
34028,Das Labyrinth der Wörter,Marie-Sabine Roger,3.83,Fiction,German,m
34031,"ChocoMimi, Volume 3",Konami Sonoda,4.54,Manga,English,w
34042,Ultimate Justice,Mimi Lavenda Latt,3.78,Fiction,English,w
34049,Echoes Down a Dark Well,Ric Wasley,5.0,,English,m
34051,Mrs. Jeffries Takes Stock,Emily Brightwell,3.9,Mystery,English,w
34056,Sanat ve Felsefe,Dücane Cündioğlu,3.99,,Turkish,m
34065,Kroeglopen,S. Carmiggelt,3.95,Short Stories,Dutch,m
34068,Aku Bukan Mistress,Acik Lana,4.07,Novels,Malay,m
34070,Children of the Mist,Nigel Tranter,3.81,Scotland,English,m
34071,Atas Nama Malam,Seno Gumira Ajidarma,3.72,Indonesian Literature,Indonesian,m
34072,Qaid / قید,Abdullah Hussein,3.86,,Urdu,m
34074,Benjamin,Aaron B. Powell,3.91,Fiction,English,m
34085,Nagasasra dan Sabuk Inten,S.H. Mintardja,4.08,Novels,Indonesian,m
34086,Slechte mensen,J.M.A. Biesheuvel,3.71,Fiction,Dutch,m
34088,"Mr. Wrong and the Rats Reloaded: Sweet Ray, Sonya, Shuntay & Tina",Black Coffee,4.29,,English,m
34089,One Good Dog,Susan Wilson,4.1,Fiction,English,w
34092,Asking For Trouble,Kristina Lloyd,3.61,Erotica,English,w
34093,Hero's Curse,Jack J. Lee,3.94,Speculative Fiction,English,m
34095,Journey to the Well,Diana Wallis Taylor,4.23,Christian Fiction,English,w
34097,Little Sister (Cleo’s Story – a companion novel to Been So Long),Adrienne Thompson,4.41,,English,w
34108,Meet Me At the Altar,Tamika Hall,5.0,,,w
34113,The Rolling Stones,Robert Palmer,4.13,Music,English,m
34121,أورارا,فضل ساسي,3.35,,,m
34122,"IMMIGRATION: ""United States Citizenship for Immigrants""",Byron Goines,5.0,,English,m
34126,Brother of the Third Degree,Will L. Garver,4.36,Fiction,,m
34130,Horrid Henry and the Scary Sitter: 4 Laugh-Out-Loud Stories!,Francesca Simon,3.97,2nd Grade,English,w
34142,Choosing Christmas,Danielle Stewart,4.38,,English,w
34145,Dylan and the Croak Orleans Gang,Rhonda Patton,4.83,,English,w
34146,Adopted Abused And Still Standing (All I can Do is Stand),Aleja Bennett,5.0,,English,w
34166,The Jewish Way: A Lucid Exposition of Jewish Observances and Proper Conduct,David H. Weisenberg,0.0,,,m
34169,Krat,Christian Jungersen,3.6,Danish,Danish,m
34178,Šifra podle kabaly,"Nathan Erez , Dorit Silmberman",3.63,,Czech,m;w
34180,The Twelve Days of Christmas Cookbook,Suzanne Huntley,3.33,Christmas,English,w
34184,Provisions For The Hereafter - (Mukhtasar Zad Al-Ma'ad),محمد بن عبد الوهاب Muhammad bin Abdul-Wahhab,4.11,Islam,English,m
34191,"Doa Mencabut Kutukan, Tarian Rembulan, Kenduri Cinta: Sebuah Trilogi",Emha Ainun Nadjib,4.0,,Indonesian,m
34200,Si le soleil ne revenait pas,Charles-Ferdinand Ramuz,4.11,,French,m
34203,Good People in an Evil Time,Svetlana Broz,4.35,War,English,w
34212,Making War to Keep Peace,Jeane J. Kirkpatrick,3.71,Politics,English,w
34215,Rumours of the Marvellous,Peter Atkins,4.6,,English,m
34237,Strength Under Control: Meekness & Zeal in the Christian Life,John Keating,4.5,,English,m
34239,Warkah Eropah,A. Samad Said,4.55,Travelogue,,m
34243,Josiah Stubb: The Siege of Louisbourg,C.W. Lovatt,4.36,Historical Fiction,English,m
34250,Imunoprofilaksa,Isuf Dedushaj,4.3,,,m
34251,Het hout,Jeroen Brouwers,3.85,Dutch Literature,Dutch,m
34253,Riding the Wind,Barbara Garland Polikoff,3.83,,English,w
34256,Ricordi di un vicolo cieco,Banana Yoshimoto,3.7,Japanese Literature,Italian,m
34268,The First Six Days: Confronting the God-Plus-Evolution Myth,Douglas Hamp,3.5,,English,m
34271,The Seven Wonders,Steven Saylor,3.79,Historical Fiction,English,m
34272,"Max Frisch: ' Stiller', ' Homo Faber' und 'Mein Name sei Gantenbein'.",Frederick Alfred Lubich,5.0,,,m
34273,Street Dreams,K'wan,4.43,Urban,English,m
34284,جمهورية العبث,بلال فضل Belal Fadl,3.6,Politics,Arabic,m
34299,The Slave Auction (Scotia Saga #1),Ray Anselmo,4.0,,English,m
34300,House Share Hero,Steve Julien,3.67,,English,m
34303,Noite de voraces sombras,Agustín Fernández Paz,3.38,,Galician,m
34304,One Bad Move (Memo Clarkson's story),HaveYouSeenThisGirL,4.22,,Filipino; Pilipino,m
34305,Becoming Divergent: An Unofficial Biography of Shailene Woodley and Theo James,Joe Allan,3.96,,English,m
34312,House On The Hill,JoLynne Valerie,4.88,,English,m
34314,Mindfulness For Beginners: Live Stress Free Life To Fullest,Megan Coulter,3.14,,English,w
34321,The Funeral Dress,Susan Gregg Gilmore,3.93,Fiction,English,w
34322,Spionin wider Willen,Mila Roth,4.18,,German,w
34325,This Book Needs a Title: Volume 2,Theodore Ficklestein,3.59,,English,m
34328,Last Night: Stories,James Salter,3.89,Short Stories,English,m
34330,Mr. Muo's Travelling Couch,Dai Sijie,2.79,Fiction,English,m
34331,Las historias de terror del libro rojo de David,José María Plaza,3.74,,Spanish,m
34332,"The Empath, the Warrior & the Wind Rider",Jeff Fuell,4.67,,English,m
34333,The Forester's Daughter (Fatherland Series),Urban Olivier,4.29,,English,m
34342,Dungeon Tales,Venita Coelho,4.48,,English,w
34343,Leah's Way,Richard Botelho,3.35,,English,m
34344,The Scandalous Billionaires Collection,Drew Sinclair,4.03,,,m
34351,هكذا لقي الله عمر,علي أحمد باكثير,3.93,Plays,Arabic,m
34362,The Sins of The Tongue,Omar Ali Zafar,3.0,,English,m
34364,Люлеещият се стол,Олга Кръстева,4.38,,Bulgarian,m
34366,Het lot van de familie Meijer,Charles Lewinsky,4.0,Fiction,Dutch,m
34370,بستان الروح -الجزء الثالث,الأنبا يوأنس أسقف الغربية,4.62,,Arabic,m
34373,White Whale,Rose Christo,4.22,Historical Fiction,English,w
34374,Titanus McDuff and the Birthday Surprise (The Treasure Chest Mysteries #1),Gretchen M Fogelstrom,5.0,,English,w
34375,Beyond Hercules,Paul A. Bussard,4.5,,English,m
34380,شاپرک خانوم,بیژن مفید,4.54,,Persian,m
34383,El Arte de La Prudencia: La Tregua de Los Doce Anos En La Europa de Los Pacificadores,Bernardo José García García (Contributor),5.0,,,m
34387,ممنوع الضحك,حنان لاشين,3.21,Comedy,Arabic,m
34389,Al otro lado del espejo,Jordi Sierra i Fabra,3.62,,Spanish,m
34390,The Five Dysfunctions of a Team: by Patrick Lencioni (A Leadership Fable) | A 13-Minute Summary,Bern Bolo,4.25,,English,m
34402,Il ciclo di Retief vol.2,Keith Laumer,5.0,,Italian,m
34404,Kayıp Hayaller Kitabı,Hasan Ali Toptaş,4.23,Turkish Literature,Turkish,m
34405,Forged by Fire: How God Shapes Those He Loves,"Bob Reccord, Bob E. Reccord",4.17,,English,m;m
34417,Dear Dork / Holiday Heartbreak,Rachel Renée Russell,4.47,,,w
34421,Des milliers d'étincelles,Tania Boulet,3.83,,,w
34428,The Book of Eve,Constance Beresford-Howe,3.88,Fiction,English,w
34436,Shadowy Lights: Fear,Jen A. Durand,4.32,,English,w
34446,El otro barrio,Elvira Lindo,3.38,Spanish Literature,Spanish,w
34451,"Grant Writing Step By Step: A Simple, straightforward guidebook for getting the money you need.",Anne Haw Holt,4.0,,,w
34454,La sirena varada,Alejandro Casona,3.79,Theatre,Spanish,m
34457,Mountain Man,Vardis Fisher,4.11,Westerns,English,m
34466,The Second Violin,Grace S. Richmond,4.06,Fiction,English,w
34469,QUAIL FARMING: Markets and Marketing Strategies,Francis Okumu,5.0,,English,m
34474,The Finale,Treasure Hernandez,4.14,,English,m
34476,Cartas a um Jovem Investidor,Gustavo Cerbasi,3.63,,Portuguese,m
34487,Summary of The 48 Laws of Power: by Robert Greene | Includes Analysis,NOT A BOOK,4.83,,English,m
34506,Dank,Sinem Sal,3.55,,Turkish,w
34509,For Beau: The Sarah Ashdown Story,Simon Gandossi,4.38,,,m
34512,Hap & Leonard: Una stagione selvaggia - Mucho mojo - Il mambo degli orsi,Joe R. Lansdale,4.12,Noir,Italian,m
34522,Servant To The Wolf,Sue Wentz,4.46,,English,w
34523,A Night at the Opera,Felicity Brandon,4.53,BDSM,English,w
34530,A Verdadeira História de Jota Cristo,Ricardo Ferrand,4.0,,Portuguese,m
34535,El Vizconde de Bragelonne Tomos I & II,Alexandre Dumas,4.08,,English,m
34537,WHEN A BLACK WOMAN PRAYS: How Church and Faith Change BLACK WOMEN (REVISED EDITION),Raymond Sturgis,4.71,,English,m
34542,Joe Speedboot,Tommy Wieringa,3.71,Fiction,Dutch,m
34550,زمین سوخته,Ahmad Mahmoud,3.86,Novels,Persian,m
34553,عادت می‌کنیم,Zoya Pirzad,3.17,Novels,Persian,w
34558,Soup Recipes: Delicious Soup Stews and Chili Cookbook,Violet Karma,4.67,,English,w
34562,Threshold of The Soul,LaTonya Page-Balkcom,5.0,,English,m
34565,Paper-son Poet: when rails were young,Koon Woon,0.0,,,m
34569,Reasons to Live,Amy Hempel,4.16,Short Stories,English,w
34578,யாமம்,S. Ramakrishnan,3.87,Fiction,Tamil,m
34580,"Christianity turned God and Jesus into a religion, never to meddle in state affairs, much less rule the world",Rodolfo Martin Vitangcol,5.0,,English,m
34582,Dooi,Rascha Peper,3.31,Fiction,Dutch,m
34584,Тътени,Цончо Родев,4.89,,Bulgarian,m
34586,Nox Atra,Victoriane Vadi,4.07,Paranormal,French,m
34587,চাঁদের পাহাড়,Bibhutibhushan Bandyopadhyay,4.44,Adventure,Bengali,m
34591,Zło,Pär Lagerkvist,4.0,,Polish,m
34595,The Association of Small Bombs,Karan Mahajan,3.57,Fiction,English,w
34600,Batwoman: Elegy,Greg Rucka,4.16,Comics,English,m
34601,My Home Hero - tome 01,Naoki Yamakawa,3.86,Manga,,m
34604,Trail of Pyres,L. James Rice,4.57,,English,m
34609,Why Animals Saved humans?,Divyansh Mishra DM,5.0,,English,m
34619,Минувшие дни,Abdulla Qodiriy,4.4,,Russian,m
34623,The Redeemer,M.C. Glan,4.38,,,m
34631,Shane Filan: My Autobiography,Shane Filan,4.58,,,m
34632,أشياء للذكرى,محمد عبد الحليم عبد الله,3.51,Novels,Arabic,m
34633,Which Gate?,Byron L. Reeder,5.0,,,m
34635,Scrappy the Dog,"Ronald Destra , Juanita Destra",4.89,,,m;w
34639,The Rebel Mages/Wandfasted/Light Mage (The Black Witch Chronicles Books 0.5 & 1.5),Laurie Forest,4.58,Audiobook,,w
34664,Casas vacías,Brenda Navarro,4.3,Feminism,Spanish,w
34670,Complete Buck Rogers,Philip Francis Nowlan,3.67,,English,m
34676,Avrupa ve Biz,İlber Ortaylı,3.98,Politics,Turkish,m
34681,King: A Street Story,John Berger,3.77,Fiction,English,m
34683,Babouk: Voices of Resistance,Guy Endore,4.23,Read For School,English,m
34692,Windfalls,Jean Hegland,3.71,Fiction,English,m
34695,Efendi 2: Beyaz Müslümanların Büyük Sırrı,Soner Yalçın,3.59,Turkish,Turkish,m
34698,"Scorpion, a Good Bad Horse",Will James,4.27,Horses,English,m
34711,Selena Gomez: Day by Day with,Kayleen Reusser,4.24,,English,m
34721,Diary of a Mistress,Miasha,4.34,African American,English,m
34723,Shroud for the Archbishop,Peter Tremayne,3.98,Mystery,English,m
34733,Vems lilla mössa flyger,Barbro Lindgren,4.31,,Swedish,w
34738,"Ernest Hemingway's ""A Farewell to Arms""",Harold Bloom,3.8,,,m
34740,Make Love! the Bruce Campbell Way,Bruce Campbell,3.68,Humor,English,m
34742,"Tears Of Passion, Tears Of Shame",Graham Diamond,4.25,,,m
34744,Command a King's Ship,"Alexander Kent, Douglas Reeman",4.13,Historical Fiction,English,m;m
34748,God's Blogs,Lanny Donoho,4.14,Christian,English,m
34749,Selfish Pigs,Andy Riley,3.87,Humor,English,m
34753,Între Freud și Hristos,Savatie Baștovoi,4.09,Religion,Romanian,m
34761,The Sackett Brand,Louis L'Amour,4.18,Westerns,English,m
34768,Oodi rakkaudelle,Tuomas Timonen,4.25,,Finnish,m
34780,Understanding Bible Prophecy for Yourself,Tim LaHaye,4.01,Christian Non Fiction,English,m
34790,The Best Awful,Carrie Fisher,3.45,Fiction,English,w
34793,JLS : Our Story So Far,JLS,4.04,Music,English,m
34796,Beware of God: Stories,Shalom Auslander,3.83,Short Stories,English,m
34797,Black Robe,Brian Moore,3.75,Historical Fiction,English,m
34798,Missing Mom,Joyce Carol Oates,3.55,Fiction,English,w
34801,The Men Who Loved Evelyn Cotton,Frank Ronan,3.8,Fiction,English,m
34802,The Great Outdoors,Lucy Felthouse,4.0,Erotica,English,w
34816,Praga,Teresa Pàmies,4.5,,,w
34821,Section 8,K'wan,4.47,Urban,English,m
34823,Triage,Scott Anderson,3.5,Fiction,English,m
34829,Easton's Gold,Paul Butler,3.67,,English,m
34830,Numb Toes And Other Woes: More On Peripheral Neuropathy,John A. Senneff,3.75,,English,m
34837,The Liberator,Rob Lacey,4.19,Christian,English,m
34847,Dragon's War Reborn,L'Poni Baldwin,0.0,,,m
34856,Flights from the Lowlands,Florence Morris Rose,5.0,,English,w
34857,"Ripleys Believe It or Not Encyclopedia of the Bizarre: Amazing, Strange, Inexplicable, Weird and All True!",Ripley Entertainment Inc.,4.18,,English,m
34863,The Sea House,Esther Freud,3.42,Fiction,English,w
34866,The Prada Plan,Ashley Antoinette,4.64,Urban,English,m
34867,DETECTIVE CONAN Vol. 5 (DETECTIVE CONAN@5tuno juyoshorui) (in Japanese),Gosho Aoyama,4.6,Manga,,m
34887,The Icarus Files,Laurie Grove,3.9,,English,w
34891,The Glass Room,Simon Mawer,3.91,Fiction,English,m
34894,The Revival of Death,Tony Walter,4.38,,English,m
34897,The Holy Road,Michael Blake,3.72,Fiction,English,m
34898,Mesut İnsanlar Fotoğrafhanesi / Değişen İstanbul,Ziya Osman Saba,3.79,,Turkish,m
34901,The Only Boy for Me,Gil McNeil,3.83,Fiction,English,m
34904,Bellazard: When the Dragons Went Missing,Ruth Watson-Morris,4.86,,English,w
34910,God and the Big Bang (1st Edition): Discovering Harmony Between Science & Spirituality,Daniel C. Matt,4.17,Judaism,English,m
34918,A Place for Margaret,Bernice Thurman Hunter,3.84,Fiction,,w
34922,"Race/Gender/Media: Considering Diversity Across Audiences, Content, And Producers",Rebecca Ann Lind,3.66,,English,w
34935,"Just Married, Please Excuse",Yashodhara Lal,3.58,Indian Literature,English,m
34937,Diapason,Thomas Sullivan,3.25,,English,m
34939,Mrs. Jeffries Forges Ahead,Emily Brightwell,4.1,Mystery,English,w
34941,شعلۂ عشق,"Mir Taqi Mir, William Carmichael Smyth",4.0,,Urdu,m;m
34943,Aynadaki Yalan,Necip Fazıl Kısakürek,4.04,Roman,Turkish,m
34945,Hats,Dilys E. Blum,5.0,,,w
34947,Collins Gem Dictionary of FIRST NAMES,Collins Gem,4.0,Reference,English,m
34949,The Predator of the Meadow,Stephen Cote,5.0,,English,m
34952,Jauh Dari Cinta,Adah Hamidah,3.63,Novels,Malay,m
34953,Omega,Pet Torres,5.0,,English,m
34956,Nadaar Log / نادار لوگ,Abdullah Hussein,4.05,,Urdu,m
34958,Trial of Marriage,R. Lynn Archie,3.65,,English,m
34960,Vibora!,F. Sionil José,3.67,Fiction,English,m
34967,Always in His Keeping,Unknown,3.95,Fiction,English,m
34968,Syabab Musafir Kasih,Fatimah Syarha Mohd Noordin,4.32,Novels,Malay,w
34971,Het Glinsterend Pantser: Roman,Simon Vestdijk,3.7,Dutch Literature,Dutch,m
34972,Erotic The Door on the Left,Vonda Norwood,3.75,,English,w
34977,Paint Me a Tragedy,Elizabeth Paradise,5.0,,English,w
34980,Lovely Blues (Bluesday Book II),Adrienne Thompson,4.66,,English,w
34997,"Excalibur Visionaries: Alan Davis, Vol. 1",Alan Davis,4.1,Graphic Novels,English,m
34999,رزیتا خاتون,سیدمهدی شجاعی,3.25,Politics,Persian,m
35002,الشوارع الجانبية للميدان,طارق مصطفى,3.7,,Arabic,m
35003,A Lennon Pastiche,Judith Furedi,5.0,,English,w
35006,Exiled,J.R. Wagner,3.58,Wizards,English,m
35011,Texasville,Larry McMurtry,3.71,Fiction,English,m
35012,Melukis Pelangi: Catatan Hati Oki Setiana Dewi,Oki Setiana Dewi,4.12,Islam,Indonesian,m
35017,The Church,Byron Goines,5.0,,English,m
35023,Deus Ex Machina 2.0,Mara Oliver,4.49,,Spanish,w
35025,"Harold, Freddie, and Milo: (Children's book filled with adventure and frogs)",Rhonda Patton,4.8,,English,w
35026,40 Ways To Please A Good Woman: For Good Men,Aleja Bennett,3.0,,English,w
35034,Čovek i njegov identitet,Vladeta Jerotić,4.33,,Serbian,m
35035,Fish and Chips,Erynn Mangum,4.04,Christian Fiction,English,m
35037,جامعه‌شناسی سیاسی: نقش نیروهای اجتماعی در زندگی سیاسی,حسین بشیریه,3.86,Sociology,Persian,m
35038,In the Fall,Jeffrey Lent,3.87,Historical Fiction,English,m
35045,Spartacus: Talons of an Empire,Robert Southworth,3.98,Historical Fiction,English,m
35055,Lucid Exposition of the Middle Way: The Essential Chapters From The Prasannapada of Candrakirti: Volume 18 (Routledge Library Editions: Buddhism),Mervyn Sprung,0.0,,English,m
35057,Kisah Sukses Pebisnis Dunia,Helen Ishwara,4.33,,Indonesian,w
35058,Les Miserables,"Tony Evans (Retelling), Victor Hugo",4.14,,,m;m
35062,مجلة المغرب العلمي - العدد الخامس,المجتمع العلمي المغربي,4.61,Science,Arabic,m
35064,Save Us a Seat,Fletcher McHale,4.76,Fiction,English,m
35065,"Power, Politics, and Change: What can I do to help make the world a better place?",Osho,3.99,,English,m
35067,Fyrsten,Henrik H. Langeland,3.71,Fiction,"Bokmål, Norwegian; Norwegian Bokmål",m
35068,رجل العواطف يجلس على المقهى ويدخن الشيشة,محمد المرسي,4.08,,Arabic,m
35070,The Witching Stone,Georgia Paton,3.25,,English,w
35071,Heartbreak and Happiness,Teresa Kander,5.0,,English,w
35073,Rock 'n' roll ja ridamaja,Klaus-Peter Wolf,4.12,Fiction,Estonian,m
35099,Babel Tower,A.S. Byatt,3.82,Fiction,English,m
35110,The Songcatcher,Sharyn McCrumb,4.04,Mystery,English,w
35111,A Stitch on Time,Yolanda Sfetsos,3.88,Urban Fantasy,,w
35115,Vacation (Fates Calling book 1),E.M. Leya,3.88,M F Romance,English,m
35123,Im Land der Nachtschattenvögel,Katjana May,4.53,,German,m
35130,Leading Beyond The Second Chair,Tony Yeo,3.91,,English,m
35132,As palavras que ninguém diz,Carlos Drummond de Andrade,3.78,,Portuguese,m
35136,Zomb,A.g. Apolloni,4.4,,,m
35137,Captain Of The Queens,"Harry Grattridge, Richard Collier",3.59,,English,m;m
35140,شخصيات من القرآن الكريم,عائض القرني,3.78,Religion,Arabic,m
35141,El Criminólogo/ Criminology,José Ramón Garmabella,3.81,,Spanish,m
35145,The Bitterweed Path,Thomas Hal Phillips,3.89,Gay,English,m
35148,Jacob se odhodlá milovat,Cătălin Dorian Florescu,3.96,Romania,Czech,m
35152,100 Christian Quotes by 10 Great Christians,Duke Taber,3.78,Christian,English,m
35155,Road Dawgz,K'wan,4.44,Urban,English,m
35159,A Hustler's Promise,Jackie Chanel,4.46,Urban,English,m
35160,Benito Mussolini,Roberto Mares,3.69,,Spanish,m
35166,The Last Unicorn #1,"Peter B. Gillis (Adaptor), Peter S. Beagle",4.47,Graphic Novels Comics,English,m;m
35167,!از قر و قمبیل‌های قلمی بی‌قال و قیل,بزرگمهر حسین پور,3.95,Comics,Persian,m
35177,"Martin Guitar Masterpieces: A Showcase Of Artists' Editions, Limited Editions, And Custom Guitars",Dick Boak,4.29,Music,English,m
35190,الشفا بتعريف حقوق المصطفى,القاضي عياض,4.56,,Arabic,m
35193,Strange Love,JoLynne Valerie,4.88,,English,m
35194,How To Talk To Anyone: Mastering The Art Of Talking,Megan Coulter,2.29,,English,w
35203,Jamies Quest - Aufgabe gesucht (Jamies Quest #1),"Cornelia Franke , Dominic Franke",3.71,,German,w;m
35206,Lifting Up Our Hearts - 150 Selected Prayers from John Calvin,John Calvin,4.14,,English,m
35215,Transference: An Out-of-Body Adventure/Thriller Novel,Jeff Fuell,3.0,,English,m
35220,هكذا تكلم نيتشه,سمير عبده,3.93,,,m
35222,Marcos Ramírez,Carlos Luis Fallas,4.22,Historical Fiction,Spanish,m
35224,দাঁড়কাকের সংসার কিংবা মাঝে মাঝে তব দেখা পাই,Humayun Ahmed,2.76,Novels,Bengali,m
35226,Diane Warner's Big Book of Parties,Diane Warner,2.43,,English,w
35227,Blue Karma,J.K. Ullrich,4.27,,English,m
35231,"How Strong Are You, Little Wave?",Joyce Mitchell,3.67,,English,w
35239,Toward a Global Civilization of Love and Tolerance,M. Fethullah Gülen,4.22,Religion,English,m
35242,Your Friend E,Anne Ousby,3.83,,,w
35243,Spanish Islam: A Concise History,Omar Ali Zafar,2.33,,English,m
35247,Приказки на съветските народи. Приказки на прибалтийските народи,Robert Babloyan (Editor),4.06,,Bulgarian,m
35265,ماه و پلنگ,بیژن مفید,4.29,,Persian,m
35267,Bridget Wilder: Spy-in-Training,Jonathan Bernstein,3.88,Humor,English,m
35268,Escaping The Wheel: A Novel,Eric Artisan,3.81,,English,m
35271,Delirio,Laura Restrepo,3.9,Fiction,Spanish,w
35274,A Summary of Essentialism: The Disciplined Pursuit of Less Master in 15 Minutes,Bern Bolo,4.38,,,m
35278,Mauvaise fille,Justine Lévy,3.41,France,,w
35294,Heba,Hasan Ali Toptaş,4.27,Turkish Literature,Turkish,m
35296,Animae - l'Intégrale,Roxane Dambre,4.5,,English,w
35306,No Less Than Victory,Jeff Shaara,4.28,Historical Fiction,English,m
35308,Stuck Between Two Millionaires,Jen A. Durand,4.2,,English,w
35309,Bottle,D.M. Samson,4.76,,English,m
35312,Black-Naped Oriole in Hokkaido Snow,Leonard Seet,4.67,Short Stories,English,m
35313,Horizonte Vermelho,Elizabeth Pereira,4.53,,,w
35318,From Writer To Author: Prepare your Manuscript for Publication,Anne Haw Holt,5.0,,English,w
35319,Zdarzyło się pierwszego września (albo kiedy indziej),Pavol Rankov,4.21,Historical Fiction,Polish,m
35320,The Catholics Next Door: Adventures in Imperfect Living,"Greg Willits , Jennifer Willits",3.92,Catholic,English,m;w
35321,Erevan (FICTION FRANCAISE (SC)),Gilbert Sinoué,3.97,Historical Fiction,English,m
35322,Renegade Lawmen,Cameron Judd,4.0,,English,m
35324,The Lifeboat,Charlotte Rogan,3.2,Fiction,English,w
35343,Working Girls,Treasure Hernandez,4.54,African American,English,m
35345,"Temblores: Notas sobre sexo, cultura y sociedad",Chloe Rutter Jensen,4.83,,Spanish,w
35356,عجايب الآثار في التراجم والأخبار :الجزء الثانى,عبد الرحمن الجبرتي (تأليف),4.0,History,Arabic,m
35363,"Your Fathers, Where Are They? And the Prophets, Do They Live Forever?",Dave Eggers,3.62,Fiction,English,m
35367,A Fatal Grace,Louise Penny,4.1,Mystery,English,w
35376,Licensed to Thrill Sampler,Diane Capri,3.71,Mystery Thriller,,w
35386,"The Write Prescription: Finding the ""Right"" Spiritual Dosage to Overcome Any Obstacle",Amber Robins,4.5,,,w
35388,O Homem Que Não Parava de Urinar,Ricardo Ferrand,3.75,,Portuguese,m
35390,دیوان هاتف اصفهانی,هاتف اصفهانی,3.45,,Persian,m
35394,BLACK LIVES MATTER: Is It Open Season On Killing and Mistreating Blacks In America?,Raymond Sturgis,4.0,,English,m
35397,Dimensional Adventures With Arabella: A 5th Dimension Butterfly Fairy from The Land of Rom,Karen Dowers,4.78,,,w
35403,Seriously Sitara,Nishat Fatima,3.38,,English,m
35406,Swamp: Who Killed Margaret Clement?,Richard Shears,4.14,Crime,English,m
35408,Tratado das Paixões da Alma,António Lobo Antunes,3.9,Portugal,Portuguese,m
35410,Super Sons (2017-) #12,"Peter J. Tomasi, Patrick Gleason",4.07,Comics,,m;m
35416,"Green Smoothie Cleanse: 100% Natural Way To Burn 10 Pounds In Two Weeks, Easy Deliciouse Weight Loss Book",Violet Karma,5.0,,English,w
35418,The Springs: The Complete Series: Books 1-10,Elena Aitken,4.78,,English,w
35420,Surrendered Dreams,Indumathi,3.75,,,m
35421,Payment in Memories,Koon Woon,5.0,,English,m
35428,உறுபசி [Urupasi],S. Ramakrishnan,3.74,Fiction,Tamil,m
35429,La chambre des officiers,Marc Dugain,3.89,Fiction,French,m
35430,365 Daily Inspirational & Poetical Quotes of Rodolfo Martin Vitangcol: For the year 2019 [Volume One],Rodolfo Martin Vitangcol,5.0,,English,m
35437,Бурята,Цончо Родев,4.85,Bulgarian Literature,Bulgarian,m
35439,Breast Stories,Mahasweta Devi,4.04,Fiction,English,m
35441,Elveda Güzel Vatanım,Ahmet Ümit,4.05,Turkish Literature,Turkish,m
35445,ভৌতিক পালঙ্ক,Bibhutibhushan Bandyopadhyay,4.13,,Bengali,m
35449,Arrecife y la fábrica de melodías,Patricia García Sánchez,3.8,,Spanish,w
35456,"Last of the Gladiators: A Memoir of Love, Redemption, and the Mob",James M. LaRossa Jr.,4.56,,,m
35463,David Hitler And The Dark Side,Divyansh Mishra DM,4.85,,English,m
35483,Un hijo,Alejandro Palomas,4.29,Fiction,Spanish,m
35488,كشك الموسيقى,عبد الحميد جودة السحار,3.16,,Arabic,m
35492,Tommy the Giraffe,Ronald Destra,4.8,,,m
35496,Have you ever noticed that birds don't fly backwards: Birds don't fly backwards,Latoya Smith,5.0,,,m
35502,The Exorcism of Little Billy Wagner,Francis J. Flynn,4.27,,English,m
35520,Las estrellas,Paula Vázquez,4.0,,Spanish,w
35522,"Buck Rogers in the 25th Century: The Complete Newspaper Sundays, Vol. 2: 1933-1937","John F. Dille, Rick Yager",4.25,,English,m;m
35525,Wings of Fire Boxset: Books #6-10,Scholastic Inc (Contributor),4.8,,,m
35531,A Glória e Seu Cortejo de Horrores,Fernanda Torres,4.0,Fiction,Portuguese,w
35532,4 حالات نادرة,عبدالوهاب السيد الرفاعي,4.13,Novels,Arabic,m
35544,Müde bin ich Känguru: Nachrichten aus dem Krisengebiet Patchwork-Familie,Elfriede Hammerl,4.0,,German,w
35546,Hyssop,Kevin McIlvoy,4.37,Fiction,English,m
35549,A Banner Is Unfurled,"Marcie Gallacher, Kerri Robinson",4.0,Historical Fiction,,w;w
35552,Ablutions,Patrick deWitt,3.64,Fiction,English,m
35553,Living a Lie,Josephine Cox,4.26,Fiction,English,w
35556,July's People,Nadine Gordimer,3.53,Fiction,English,w
35565,Wrapped in Rain,Charles Martin,4.3,Fiction,English,m
35566,A Breath of Fresh Air,Amulya Malladi,3.86,Fiction,English,m
35573,Death Wish,Iceberg Slim,3.93,Fiction,English,m
35574,The Subtle Serpent,Peter Tremayne,4.08,Mystery,English,m
35584,The Valentine's Day Disaster,Brandi Dougherty,3.91,Realistic Fiction,,w
35589,Paradise News,David Lodge,3.75,Fiction,English,m
35595,Die großen Erzählungen: Iwan Denisowitsch/ Zum Nutzen der Sache/ Matrjonas Hof/ Zwischenfall,"Aleksandr Solzhenitsyn, Alexander Solschenizyn",3.71,,German,m;m
35603,Black Midnight,Graham Diamond,3.88,,English,m
35605,Stand into Danger,"Alexander Kent, Douglas Reeman",4.03,Historical Fiction,English,m;m
35608,EXTREME CONDITIONS: Big Oil and the Transformation of Alaska,John Strohmeyer,3.69,,,m
35611,God's Ear: A Play,Jenny Schwartz,4.06,Plays,English,w
35623,Vuosi oli kaatuneita puita,Tuomas Timonen,4.2,,Finnish,m
35629,Double Dippin',Allison Hobbs,4.37,Erotica,English,w
35632,لمحات,AHMED FAYEZ,3.67,Short Stories,Arabic,m
35637,The Lively Lives of Crispin Mobey,Gabriel Quyth,4.0,,English,m
35647,Seidman and Son,Elick Moll,4.0,,English,m
35656,Problem Solving Using C: Structured Programing Techniques,Yuksel Uckan,3.55,,English,m
35657,Ressusciter,Christian Bobin,3.4,France,French,m
35658,The Mike Black Saga Book One,Roy Glenn,4.79,,English,m
35662,Angel in the Storm,Lisa Grace,4.19,Christian Fiction,English,w
35665,Reconnecting with Nature: Finding Wellness Through Rebuilding Your Bond with the Earth,Michael J. Cohen,3.96,Nature,English,m
35668,Le nez qui voque,Réjean Ducharme,3.92,Fiction,French,m
35670,The Forest,Edward Rutherfurd,4.02,Historical Fiction,English,m
35671,"Defeat Chronic Pain Now!: Groundbreaking Strategies for Eliminating the Pain of Arthritis, Back and Neck Conditions, Migraines, Diabetic Neuropathy, and Chronic Illness","Bradley S. Galer, Charles E. Argoff",3.9,,English,m;m
35676,"ایمان اُمید اور محبت (Imaan, Umeed Aur Mohabbat)",Umera Ahmed,3.91,Novels,Urdu,m
35681,The 27th Kingdom,Alice Thomas Ellis,3.84,Fiction,English,w
35686,"Israël, parlons-en!",Michel Collon,4.44,Politics,French,m
35688,Dusan,Poppet,4.17,Paranormal,English,m
35690,The Book of 1 Ariel,Aaron Quincy,3.82,,English,m
35694,Countdown to Doomsday,Sean Salazar,4.2,,English,m
35696,Ik beken,Elise G. van der Stouw-Lengkeek,4.5,Dutch Literature,Dutch,w
35699,Leah's Story,Ashley Antoinette,4.6,Urban,English,m
35706,Lelejska gora,Mihailo Lalić,3.68,,,m
35710,"Eumeralla: Secrets, Tragedy and Love",Joanna Stephen-Ward,3.89,Australia,English,w
35713,Blue Water High,Shelley Birse,3.7,,,w
35726,The Forbidden Daughter,Shobhan Bantwal,3.67,India,English,m
35728,"Tutubi, Tutubi, 'Wag Kang Magpahuli Sa Mamang Salbahe",Jun Cruz Reyes,4.18,,,m
35731,George S. Kaufman and His Friends,Scott Meredith,4.53,Biography,English,m
35733,Il crollo della Baliverna,Dino Buzzati,4.07,Short Stories,Italian,m
35734,Bodily Harm,Margaret Atwood,3.34,Fiction,English,w
35742,License to Dream,Pat Brady,4.35,Humor,English,m
35751,The Monsters and Other Science Fiction Tales,Robert Sheckley,4.1,,English,m
35761,The Harbinger: The Ancient Mystery that Holds the Secret of America's Future,Jonathan Cahn,3.96,Christian,English,m
35765,Mrs. Jeffries Reveals Her Art,Emily Brightwell,4.02,Mystery,English,w
35771,Hiçbişey,Gökhan Özcan,3.89,Turkish,Turkish,m
35773,Fashion and Fiction: Dress in Art and Literature in Stuart England,Aileen Ribeiro,4.33,Fashion,English,w
35776,Anything But Rover: The Art and Science of Naming Your Dog,"Peter Mayle, Arthur Robins",5.0,,,m;m
35779,A Scrambling After Circumstance,Margaret-Love Denman,3.83,,English,m
35795,Facebook breaks up marriages.lol,Vonda Norwood,4.25,,English,w
35797,Creation and Destruction (Sun and Moon 3 & 4),Elizabeth Paradise,4.2,,English,w
35804,Godly Inspirations for the Troubled Soul,Lisa C. Miller,5.0,,English,w
35807,The John Green eSampler,John Green,4.46,Fiction,English,m
35823,Dear John: Letters From a Fan in New York City: An Interactive Book,"Arthur Waldhorn, Judith Furedi",5.0,,,m;w
35827,Nowhere Feels Like Home,L.K. Gardner-Griffie,4.77,,English,m
35828,The House We Grew Up In,Lisa Jewell,3.86,Fiction,English,w
35848,Café y Martinis,Helena Moran-Hayes,4.43,,Spanish,w
35851,5 Days FREE of Depression Anxiety and Panic Attacks,Rhonda Patton,4.96,Mental Health,English,w
35852,"Poems From The Heart Mind Body And Soul: Poetry, Non Fiction, Spiritual, Romance, Love, Poetic, Life Related, Valentines Day, Christmas, Self Help, All Ages, Positive (Volume 3)",Aleja Bennett,4.75,,English,w
35863,The Rise of the Forty-seven Percent,Byron Goines,5.0,,English,m
35871,Spartacus: The Gods Demand Sacrifice,Robert Southworth,4.1,Historical Fiction,English,m
35880,Wajah Liberal Islam Di Indonesia,Luthfi Assyaukanie (Editor),3.29,,Indonesian,m
35885,Francis Meyers lidenskap,Henrik H. Langeland,3.76,Novels,Norwegian,m
35889,The Charmed Fates,Christine Wenrick,4.51,Paranormal Romance,English,w
35890,Il cabalista,"Nathan Erez , Dorit silberman",2.7,,Italian,m;w
35895,The Pillars of Islam & Iman - And What Every Muslim Must Know About His Religion,Muhammad Bin Jamil Zeno,4.62,Islam,English,m
35896,El misterio del ataúd griego / Cara a cara,Ellery Queen,4.25,,Spanish,m
35897,Muhammad Al-Fatih: Penakluk Konstantinopel,Syaikh Ramzi Al-Munyawi,4.11,,Indonesian,m
35907,Un homme heureux,Arto Paasilinna,3.56,Fiction,French,m
35915,Invent-10n,Rod Rees,4.4,,English,m
35936,Tanrı Daima Tebdil-i Kıyafet Gezer,Laurent Gounelle,4.0,Fiction,Turkish,m
35941,Für Elise,Magda Szabó,4.51,Hungarian Literature,,w
35947,Zogj dhe Gurë,Azem Shkreli,5.0,,,m
35951,Red Midnight,Thomas Hal Phillips,3.9,,English,m
35954,Recklessly Yours,Yveta Germano,4.36,,English,w
35956,The Prewrath Rapture,Chris White,4.09,,English,m
35958,May We Be Forgiven,A.M. Homes,3.67,Fiction,English,m
35962,Gangsta,K'wan,4.5,Urban,English,m
35968,A Hustler's Promise 2,Jackie Chanel,4.56,Urban,English,m
35969,Dil Se Niklay Hain Jo Lafz / دل سے نکلے ہیں جو لفظ,Farhat Ishtiaq,3.96,,Urdu,m
35971,العقرب السام,محمد الباز,4.1,,Arabic,m
35984,The Exile,ERC,4.5,,,m
35992,"The Making of AJAY-""Every Man""-RELOADED-,A Time Will Reveal Novel (Time Will Reveal-RELOADED Book 8)",Black Coffee,4.8,,English,m
35996,That Girl,HaveYouSeenThisGirL,4.18,,Filipino; Pilipino,m
35999,الطريق إلى الله,علي جمعة,4.12,,Arabic,m
36001,Fueled Desire,Julie Morgan,4.69,Contemporary Romance,,w
36002,No Cabo Horn aos Vinte Anos,Jean-Michel Barrault,4.0,,Portuguese,m
36005,Natural Body Detox: How To Naturally Cleanse And Detox Your Body,Laura Serio,5.0,,English,w
36006,Bloodroot,Amy Greene,3.78,Fiction,English,w
36008,Trailerpark,Russell Banks,3.83,Fiction,French,m
36012,Josh & Emma - Soundtrack einer Liebe,Sina Müller,3.86,,German,w
36014,her other mouths,Lidia Yuknavitch,4.28,Fiction,,w
36020,WAR - Horseman of the Apocalypse (Love Blooms Eternal): A Fantasy Romance Adventure Novel,Jeff Fuell,4.5,,English,m
36021,La Ventana Pintada,José Carlos Somoza,2.99,,Spanish,m
36025,De Gales Hus,Karin Fossum,3.89,Fiction,"Bokmål, Norwegian; Norwegian Bokmål",w
36026,منخفض الهند الموسمي,أسامة أنور عكاشة,3.72,Novels,Arabic,m
36031,Button Goes to Hollywood,Joyce Mitchell,3.33,,English,w
36037,Too Clever by Half or the Diary of a Scoundrel,Aleksandr Ostrovsky,4.23,Plays,English,m
36055,দূরবীন,Shirshendu Mukhopadhyay,4.27,Fiction,Bengali,m
36058,The Angel Collector,Bali Rai,3.55,Mystery,English,m
36064,Das Letzte Marchen,Paul Keller,4.5,,,m
36066,Brian Wilson & the Beach Boys: How Deep Is the Ocean?,Paul Williams,3.76,Music,English,m
36071,The Incomparable Jesus,Grant H. Palmer,4.0,Religion,English,m
36076,"Agosto, moglie mia non ti conosco. Un'intricata vicenda di donne bellissime, dongiovanni impenitenti, cinture di castità e palombari",Achille Campanile,3.71,Humor,Italian,m
36094,The Final Storm,Jeff Shaara,4.23,Historical Fiction,English,m
36097,The Prince's Heart,Jen A. Durand,3.73,,English,w
36104,El país de las mujeres,Gioconda Belli,3.71,Feminism,Spanish,w
36106,A Primal Wisdom: Nature's Unifcation of Cooperation and Competition,V. Frank Asaro,4.46,,English,m
36109,Le Roman de Beyrouth,Alexandre Najjar,3.61,Lebanon,French,m
36110,Law of the Mountain Man,William W. Johnstone,4.31,Westerns,English,m
36113,De uitvreter / Titaantjes / Dichtertje,Nescio,3.77,Literature,Dutch,m
36116,Epitaph: A Novel of the O.K. Corral,Mary Doria Russell,4.11,Historical Fiction,English,m
36122,Football Betting: How To Increase Your Chances Of Winning,Francis Okumu,4.5,,English,m
36123,La palabra del mudo,Julio Ramón Ribeyro,4.38,Short Stories,Spanish,m
36129,Why Me?,Aleta L. Williams,4.45,Urban,English,w
36135,Casi Angeles El Hombre de Las mil caras,Leandro Calderone,4.27,,Spanish,m
36143,"The Devil in the White City: Murder, Magic, and Madness at the Fair That Changed America (Book Summary)",NOT A BOOK,4.29,,English,m
36144,عجايب الآثار في التراجم والأخبار :الجزء الرابع,عبد الرحمن الجبرتي (تأليف),4.28,History,Arabic,m
36150,Battement d'ailes,Milena Agus,3.33,Italy,French,w
36165,Sho-Rap Highway: The Native American Firefighters of Wind River,Robin P. Whiteplume,4.24,Historical,,m
36168,Twisted Wolf,Perry Perrett,3.62,Christian Fiction,English,m
36183,Empower Now for Women,Amber Robins,5.0,,,w
36186,A Criança Que Tinha 100 Anos,Ricardo Ferrand,3.17,,Portuguese,m
36194,"Love Can Make You Feel Good: The Sensual, The Sexy and The Romantic Side of Love",James Patterson,5.0,,,m
36198,Blueprints for Building Better Girls: Fiction,Elissa Schappell,3.57,Short Stories,English,w
36210,Super Sons (2017-) #14,Peter J. Tomasi,4.44,Comics,,m
36211,ملحمة الغوطة - حرملة: حبٌ وقدر,Rami Al-kaderi,4.5,,Arabic,m
36212,Orgasm,Violet Karma,5.0,,,w
36214,Mountain Men of Castle Lodge: The Complete Series #1-6,Elena Aitken,4.27,,,w
36217,Jack the Modernist,Robert Glück,4.11,Fiction,English,m
36218,The Burden of Sanity and Other Poems,Koon Woon,5.0,,,m
36223,The God of the Old Testament Is Not the Father of Jesus,Rodolfo Martin Vitangcol,5.0,,English,m
36228,И стана ден,Цончо Родев,4.88,,Bulgarian,m
36234,Night Train,Martin Amis,3.25,Fiction,English,m
36240,ضريح أبي,طارق إمام,3.37,,Arabic,m
36247,The Girl Must Die: A Monster Girl Memoir,Erika Lopez (Illustrations),3.39,Biography,English,w
36249,He Found An Invisible Boy,Divyansh Mishra DM,4.83,,,m
36263,Broken Glass,Alain Mabanckou,3.67,Fiction,,m
36268,صدى السنين,عبد الحميد جودة السحار,3.36,,Arabic,m
36274,Two Monsters and Me - Everybody gets Angry: A Fun Picture Children’s Book about Anger Management. (Emotions & Feelings),George Nesty,4.22,,English,m
36277,Before the Thaw (The Third Thaw Book 2),Karl J. Hanson,4.64,,,m
36278,Guided by Divine Love: An Inspiring True Story of a Young Man's Journey Out of the Darkness of Oppression and Discovery of the Inner Light That Was There All Along,David K. Haaland,4.26,Fiction,English,m
36279,Le Ventre de l'Atlantique,Fatou Diome,3.74,Fiction,French,m
36290,Gathering Gloom,Martin Shannon,4.71,,,m
36294,Duelo,Eduardo Halfon,3.92,Fiction,Spanish,m
36296,"Buck Rogers in the 25th Century: The Complete Newspaper Dailies, Vol. 5: 1935-1936",Philip Francis Nowlan,3.71,,English,m
36297,Loin,Alexis Michalik,4.12,,French,m
36298,The Alcoholic,Jonathan Ames,3.77,Graphic Novels,English,m
36301,Além do carma,Trigueirinho,4.0,,Portuguese,m
36302,حالات نادرة 3,عبدالوهاب السيد الرفاعي,4.18,Novels,Arabic,m
36312,Billy Liar On The Moon,Keith Waterhouse,3.59,Fiction,English,m
36316,Pedigree Girls,Sherwin Tija,3.38,,English,m
36327,Suffer Little Children,Peter Tremayne,4.06,Mystery,English,m
36335,The Ionian Mission,Patrick O'Brian,4.32,Historical Fiction,English,m
36340,Gardens in the Dunes,Leslie Marmon Silko,3.91,Fiction,English,m
36343,I See You Everywhere,Julia Glass,3.22,Fiction,English,w
36345,Bestrafe mich!,Nina Jansen,3.64,BDSM,,w
36350,The Flag Captain,"Alexander Kent, Douglas Reeman",4.15,Historical Fiction,English,m;m
36355,7,Cem Akaş,3.89,Turkish Literature,Turkish,m
36369,Lars Saabye Christensen's Beatles,Kerstin Ketteman,4.18,Fiction,English,w
36372,What They Didn't Know,Carrie Thigpen,4.33,,English,w
36381,Faded Coat of Blue,Owen Parry,4.02,Historical Fiction,English,m
36391,Invidia,Nicci Sefton,3.75,,English,m
36392,An Introduction To C Programming,C. Joseph Sass,0.0,,English,m
36396,Agatha Raisin and the Murderous Marriage,M.C. Beaton,3.81,Mystery,English,m
36400,The Playa Chronicles,Roy Glenn,4.83,,English,m
36405,Angel in the Ice,Lisa Grace,4.11,Christian Fiction,English,w
36408,The Word Processing Book: A Short Course in Computer Literacy,Peter A. McWilliams,3.5,Reference,English,m
36411,California Generation,Jacqueline Briskin,3.88,Fiction,,w
36424,The Story of Mimi and Simi,Yaffa Ganz,4.33,Jewish,English,w
36428,Narcissus and the Dragon Birth,L'Poni Baldwin,0.0,,English,m
36443,Ice Haven,Daniel Clowes,3.88,Comics,English,m
36447,Solomons Song,Bryce Courtenay,4.02,Historical Fiction,English,m
36452,The Come-back Girl,Katie Price,3.97,Chick Lit,English,w
36464,Pânico no Scala,Dino Buzzati,3.83,Italian Literature,Portuguese,m
36474,Flashman on the March,George MacDonald Fraser,4.08,Historical Fiction,English,m
36481,"Ursula, Under",Ingrid Hill,3.71,Fiction,English,w
36495,Mrs. Jeffries on the Ball,Emily Brightwell,3.95,Mystery,English,w
36503,"Men's Garments, 1830-1900: Guide to Pattern Cutting and Tailoring",R.I. Davis,4.42,Fashion,English,m
36506,Nog drie keer slapen en ik word wakker,Herman Brusselmans,3.56,Fiction,Dutch,m
36509,Prince: Heir of darkness,Pet Torres,4.29,,English,m
36511,The Gathering (The damnation Chronicles: Book 3),Joseph Sweet,4.6,,English,m
36512,Basti / بستی,Intizar Husain,3.95,Fiction,Urdu,m
36524,An Antiquity Calais Christmas - How the Liberator Saved Christmas!,Jim Henry,4.67,,English,m
36531,Indie Authors Make Better Lovers,Vonda Norwood,4.47,,English,w
36539,Life and Death of the Wicked Lady Skelton,Magdalen King-Hall,4.03,Historical Fiction,English,w
36545,The Children in The Shadows,Stuart S. Laing,5.0,,English,m
36577,Only the Strong Can Survive,Aleja Bennett,4.0,,English,w
36581,First Blast of the Trumpet Against the Monstrous Regiment of Women,Eric McCormack,3.54,Fiction,English,m
36586,The Church and The Tithe Debate,Byron Goines,5.0,,English,m
36589,Wrath of the Furies,Robert Southworth,4.16,,English,m
36599,من الطارق؟,خالد أبو شادي,3.86,,Arabic,m
36604,Wonderboy,Henrik H. Langeland,3.6,Fiction,Norwegian,m
36608,The Charmed Souls,Christine Wenrick,4.36,Paranormal Romance,English,w
36615,Him and Me,yoyopay,4.34,,English,m
36617,The Tooth and the Nail,Bill S. Ballinger,3.93,Crime,English,m
36619,Situs-Situs dalam Al-Quran: Dari Peperangan Daud Melawan Jalut hingga Gua Ashabul Kahfi,Syahruddin El-Fikri,4.0,Islam,Indonesian,m
36628,For the Love of Dogs,Suzanne Woods Fisher,4.28,Fiction,English,w
36640,The Nigger Factory,Gil Scott-Heron,3.8,Fiction,English,m
36643,Les Mille et Une Nuits Volume 1-12,Anonymous,4.17,,English,m
36650,"Wendy Richard...No ""S""",Wendy Richard,3.83,,English,w
36651,Issuance of Insanity 3: Nutritional Psycho,Jamie Lewis,4.57,,English,m
36653,Tuer le père,Amélie Nothomb,3.35,France,French,w
36659,Annie Dunne,Sebastian Barry,3.88,Fiction,English,m
36662,Mburoja e Muslimanit,Seid El-Kahtani,4.78,,,m
36670,Daniel: A Commentary,Chris White,3.67,,English,m
36672,Queenisms: 101 Jolts of Inspiration,Kathy Kinney,4.11,,English,w
36679,Act Of Darkness,Francis King,3.79,,,m
36680,"Gangsta Girl 3 ""The PayBack""",George Sherman Hudson,4.53,,English,m
36694,"Still..., All By My Lonely-THE ORGANIZATION part two",Black Coffee,5.0,,English,m
36705,The Most Painful Battle,HaveYouSeenThisGirL,4.41,,Filipino; Pilipino,m
36713,Culmination,Julie Morgan,4.65,,English,w
36715,Carb Cycling: Optimal Guide For Weight Loss,Laura Serio,3.0,,English,w
36718,Atticus,Ron Hansen,3.7,Fiction,English,m
36719,Gib mir meinen Stern zurück,Amanda Frost,4.29,,German,w
36725,TITAN: From Earth's Past A Hero Rises: A Young Adult Super Hero Adventure Novel (Adventures Of An Olympian Book 1),Jeff Fuell,2.75,,,m
36726,La caja de marfil,José Carlos Somoza,3.07,Contemporary,Spanish,m
36729,خريف المثقف في العراق,محمد غازي الأخرس,3.42,,,m
36736,Serenity's Heart,"Kathy Jean Bagley, Joyce Mitchell",4.25,,English,w;w
36740,Ooit zal alles anders zijn,Alexander Wolfram,3.63,,Dutch,m
36741,Sons of Fire: Volume 1,Adam Lance Garcia,3.86,Graphic Novels,English,m
36745,Bulevardi i yjeve,Arlinda Guma,4.75,,Albanian,w
36769,William Maxwell: A Meeting Mr. Mogul Bonus Book,Mel Ryle,3.92,,,m
36770,Outlaw Blues: A Book of Rock Music,"Paul Williams, Michael Lydon",4.07,Music,English,m;m
36777,Get Happy!: 7 Secrets to Creating the Life You Want,Elizabeth C. Bruce,3.94,,English,w
36784,Karıncanın Su İçtiği,Yaşar Kemal,4.52,Turkish Literature,Turkish,m
36786,شرح حلية طالب العلم,محمد بن صالح العثيمين,4.4,,Arabic,m
36799,To the Last Man: A Novel of the First World War,Jeff Shaara,4.23,Historical Fiction,English,m
36801,Fantasy Pieces in Callot's Manner,E.T.A. Hoffmann,3.6,19th Century,English,m
36802,Wicked Meets Bad Boy (Lipstick Diaries Book 2),Jen A. Durand,4.22,,English,w
36806,Ein Herz auf Flügeln zart,Helen Abele,3.86,,German,w
36809,Wilt On High,Tom Sharpe,3.87,Humor,English,m
36811,Unemployable!,David Thomas Roberts,4.15,Business,English,m
36813,Im Frühling sterben,Ralf Rothmann,3.78,Historical Fiction,German,m
36815,The Alamosa Trail,"Ralph Compton, Robert Vaughan",3.91,Westerns,English,m;m
36825,Palpasa Café,Narayan Wagle,3.95,Fiction,English,m
36832,Start With Why: by Simon Sinek | Summary & Analysis,NOT A BOOK,3.92,Business,English,m
36838,Ikhlas Tanpa Batas,Sepuluh Ulama-Psikolog Klasik,4.4,,Indonesian,m
36840,The Cruelest Month,Louise Penny,4.15,Mystery,English,w
36849,Presagios / Seguro azar / Fábula y signo,Pedro Salinas,4.0,,Spanish,m
36860,Kan ve Gül: Bir Kara Dejavu,Alper Canıgüz,3.97,Turkish Literature,Turkish,m
36861,The Mary Russell Series Books 1-4: The Beekeeper's Apprentice; A Monstrous Regiment of Women; A Letter of Mary; The Moor,Laurie R. King,4.41,Mystery,,w
36864,اندیشه‌های یک مغز بزرگ -خداوهستی- افکار کوچک و دنیای بزرگ,Maurice Maeterlinck,3.71,,Persian,m
36869,Pobrecito poeta que era yo (Colección Séptimo día),Roque Dalton,4.28,Fiction,Spanish,m
36871,Uncharted Freedoms: The Obama Change and How Black Men Stop Believing,James Patterson,3.17,,,m
36872,"Moeder, waarom leven wij?",Lode Zielens,3.21,Fiction,Dutch,m
36876,Gunpowder Soup,Karl Wiggins,4.83,,English,m
36880,Passion Heaven,籽月,3.29,,Chinese,m
36881,En un beso la vida,Isabel Acuña,4.5,,,w
36884,Super Sons #9,Peter J. Tomasi,3.93,Comics,English,m
36886,Healthy Breakfast Recipes: Kick Out Your Boring Diet Today (Healthy Recipes),Violet Karma,5.0,,English,w
36888,"The Seasons, Vol 2: The Springs Box Set",Elena Aitken,4.5,,English,w
36896,"Engineering Mechanics: Dynamics, SI Version & Engineering Mechanics: Statics, SI Version",J.L. Meriam,3.8,,English,m
36898,Oorlog en terpentijn,Stefan Hertmans,3.9,Fiction,Dutch,m
36916,مدينة الحوائط اللانهائية,طارق إمام,3.61,Short Stories,Arabic,m
36921,An Auctioneer's Lot,Philip Serrell,3.9,,English,m
36925,I'm Watching You / You Can't Hide,Karen Rose,4.4,,English,w
36931,Mažosios Europos tautos,Miroslav Hroch,4.4,Sociology,Lithuanian,m
36934,Alexandros: La trilogia,Valerio Massimo Manfredi,4.3,Historical,Italian,m
36941,Fluffy the Bird,"Ronald Destra , Juanita Destra",4.9,,,m;w
36947,The Mystery of Thomas Thormes,Davide Deidda,4.67,,,m
36949,A Journey of Dragons,Scott Robert Ladd,4.38,Contemporary,English,m
36954,George Washington's Rules of Civility and Decent Behavior: And Other Writings,George Washington,4.1,History,English,m
36957,John Lennon: Die Biographie,Philip Norman,5.0,,,m
36959,Dead Set,Martin Shannon,4.36,Urban Fantasy,English,m
36969,Irin Chronicles: The Complete Trilogy,Elizabeth Hunter,4.53,,,w
36978,Abiku,Debo Kotun,4.07,,English,m
36979,Momzillas,Jill Kargman,3.43,Chick Lit,English,w
36984,The FreeCapitalist Project PRIMER,C. Rick Koerber,4.09,,English,m
36994,The Pugilist at Rest,Thom Jones,4.16,Short Stories,English,m
37000,العذراء في القرية,أحمد رفيق عوض,3.85,,Arabic,m
37001,Mortals,Norman Rush,3.74,Fiction,English,m
37005,بنت الشيطان,محمود تيمور,3.68,Short Stories,Arabic,m
37007,The Haunted Abbot,Peter Tremayne,4.09,Mystery,English,m
37017,Changing Places,David Lodge,3.85,Fiction,English,m
37020,Emma Who Saved My Life,Wilton Barnhardt,3.72,Fiction,English,m
37024,The Language of Bees,Laurie R. King,4.16,Mystery,English,w
37025,The Child in Time,Ian McEwan,3.58,Fiction,English,m
37026,Marrakesh Nights,Graham Diamond,4.05,,English,m
37029,Enemy in Sight,"Alexander Kent, Douglas Reeman",4.17,Historical Fiction,English,m;m
37034,"East, West",Salman Rushdie,3.56,Fiction,English,m
37035,P.S. Your Cat Is Dead,James Kirkwood Jr.,3.75,Fiction,English,m
37051,Making a Diamond,Sandi Layne,4.0,Contemporary Romance,English,m
37054,Miss Fortune,Sara Mills,3.77,Mystery,English,w
37057,A Good House,Bonnie Burnard,3.61,Fiction,English,m
37062,Traktat o łuskaniu fasoli,Wiesław Myśliwski,4.25,Polish Literature,Polish,m
37073,Inner Grace: Augustine in the Traditions of Plato and Paul,Phillip Cary,4.09,,English,m
37076,A Structured Approach To Basic Programming,C. Joseph Sass,0.0,,English,m
37077,The Power of Being Different,John Paul Carinci,3.83,Self Help,English,m
37079,"Uf, va dir ell",Quim Monzó,3.67,Fiction,Catalan; Valencian,m
37084,Three The Hard Way,Roy Glenn,4.61,,,m
37102,The Love of an Italian Dragon,L'Poni Baldwin,3.25,,English,m
37104,تحت أقدام الأمهات,بثينة العيسى,3.56,Novels,Arabic,m
37106,La Bibliotheque De Mon Oncle (1898),"Rodolphe Töpffer, Robert Longley Taylor",3.86,,French,m;m
37109,فصل آخر في حياة الأشياء,أحمد البشري,2.73,,Arabic,m
37112,Sarmaşık,Şebnem İşigüzel,3.84,Contemporary,Turkish,w
37120,Music of the Swamp,Lewis Nordan,4.07,Fiction,English,m
37121,"B.F.C. Ink: Crushes, Blushes, And Friends Forever",Becky Brookes,3.85,,,w
37129,"Blue Blood, True Blood: Conflict and Creation",Stewart A. Swerdlow,4.0,Conspiracy Theories,English,m
37152,Pequena ala,Roy Berocay,3.98,,,m
37156,Life in the Fast-Food Lane,Brian Basset,3.5,Comics,English,m
37160,Flashman and the Tiger,George MacDonald Fraser,4.04,Historical Fiction,English,m
37163,Our Story Begins: New and Selected Stories,Tobias Wolff,4.15,Short Stories,English,m
37165,"ChocoMimi, Volume 2",Konami Sonoda,4.51,Manga,English,w
37177,Mrs. Jeffries Weeds the Plot,Emily Brightwell,4.08,Mystery,English,w
37179,Almodovar Teoremi,Antoni Casas Ros,3.84,Fiction,Turkish,m
37185,De man die werk vond,Herman Brusselmans,3.66,Dutch Literature,Dutch,m
37187,"Sinalyna - The Pink School ( Sinalyna,#1)",Pet Torres,4.25,,English,m
37188,The Clock of Life,Nancy Klann-Moren,4.24,Historical Fiction,English,w
37193,Hell on Ice,Edward M. Wolfe,4.29,Survival,English,m
37197,Star Lovers,Jim Henry,4.8,,English,m
37199,Howard the Duck MAX,Steve Gerber,3.67,Comics,English,m
37206,Damaged Girls II,Janice G. Ross,4.46,,English,w
37215,A Pound of Flesh,Stuart S. Laing,4.04,Mystery,English,m
37231,Altai,Wu Ming,3.82,Historical Fiction,Italian,m
37243,Der Duft von Erde und Zitronen,Margherita Oggero,3.69,Italy,German,w
37250,Aleja's Beautiful Poetic Strategy in Recovery,Aleja Bennett,5.0,,English,w
37254,"W Change !!, Vol. 1",Hiro Matsuba,3.83,Manga,Indonesian,m
37259,Daffodil: The Clumsy Fairy,Amy Telford,4.0,,English,w
37269,"رحلة المشتاق "" العمرة """,خالد أبو شادي,4.32,,Arabic,m
37270,633 Squadron,Frederick E. Smith,3.99,Historical Fiction,English,m
37272,مثنوی هفت اورنگ,Jami,4.05,,Persian,w
37284,موت مشتهى,عماد شيحة,2.91,,Arabic,m
37292,Seasoned Timber,Dorothy Canfield Fisher,3.94,Fiction,English,w
37297,The 2014 Midterm Elections,Byron Goines,5.0,,English,m
37298,The Cullens: Vampire Origins of Iordanus from The Cullens Series,Blaine Hislop,3.29,,English,m
37319,Barbe bleue,Amélie Nothomb,3.49,Fiction,French,w
37345,Tyce,Shareef Jaudon,4.46,Fiction,,m
37357,All By My Lonely-THE ORGANIZATION part one,Black Coffee,5.0,,,m
37363,She Died 2,HaveYouSeenThisGirL,4.4,Manga,Filipino; Pilipino,m
37370,Essential Oils For Beginners: Ultimate Guide To Aromatherapy And Essential Oils For Healing,Laura Serio,5.0,,English,w
37373,Conferencia sobre la lluvia,Juan Villoro,4.28,Fiction,Spanish,m
37377,Promises to Keep,Ann Tatlock,3.94,Fiction,English,w
37379,Die Unendlichkeit schläft,Melanie Meier,4.5,,German,w
37381,Máscaras,Ariel Dorfman,3.49,Fiction,Spanish,m
37384,Dafne desvanecida,José Carlos Somoza,3.48,Fiction,Spanish,m
37394,Count with Kenny: 1-20,Joyce Mitchell,4.71,,English,w
37401,Diamond Dogs,Alan Watt,3.46,Fiction,English,m
37404,বাংলাদেশের কিংবদন্তী,শামসুল ইসলাম,4.56,Fiction,,m
37411,Ghosthunter: Investigating the World of Ghosts & Spirits,"Eddie Burks, Gillian Cribbs",3.42,,English,m;w
37412,Bal masqué,Elia Barceló,3.79,Roman,Dutch,w
37425,Mays Landing,J.C. Mercer,4.56,Fiction,,m
37429,Gifts and Ministries of the Holy Spirit,Lester Sumrall,4.44,Christian,English,m
37485,Le Souffle de la lune,J. Arden,3.65,Urban Fantasy,French,m
37486,Das Superweib,Hera Lind,3.37,German Literature,German,w
37490,Obsessive-Compulsive and Related Disorders in Adults: A Comprehensive Clinical Guide,Lorrin Koran,5.0,,English,m
37491,The Profession of Ignorance: With Reference to Socrates,Martin McAvoy,4.5,,English,m
37494,Sword of the Shaheen,M.E. Morris,3.5,,,m
37499,Cold Sun: Obsession,Jen A. Durand,4.53,,English,w
37501,O céu não pode esperar,António Brito,4.5,,Portuguese,m
37505,Tainted by Hate,Patrice M. Foster,4.0,,,m
37507,The Spiritual Laws of Life,Harold Klemp,4.66,Spirituality,English,m
37508,She Bites,"Roger Arsht, Caitlin Hawker",4.47,,English,m;w
37516,The Electronic Mind Reader,"John Blaine, Harold Leland Goodwin",3.96,Fiction,English,m;m
37522,If My Pussy Could Talk,Tamika Smith,4.17,,English,w
37529,The Last Flannelled Fool: My small part in English cricket's demise and its large part in mine,Michael Simkins,3.95,,English,m
37532,Grey: Fifty Shades of Grey as Told by Christian | Book Summary,NOT A BOOK,2.73,,,m
37535,The Many Adventures of Winnie The Pooh (A Classic Disney Treasury),Walt Disney Company,4.41,,English,m
37538,"Lectures on Conversation, Volumes I and II",Harvey Sacks,4.73,Sociology,English,m
37539,The Toss of a Lemon,Padma Viswanathan,3.77,Fiction,English,w
37546,No Child of Mine,Susan Lewis,4.19,Fiction,English,w
37549,Med kup og kaffelikør,Catharina Ingelman-Sundberg,3.25,Fiction,Danish,w
37551,Jack Smith: Flaming Creature: His Amazing Life and Times,Edward Leffingwell (Editor),4.35,Queer,English,m
37552,The Van,Roddy Doyle,3.94,Fiction,English,m
37558,Love and Werewolves,Cate Farren,3.89,Paranormal,English,w
37560,To Play the Fool,Laurie R. King,3.89,Mystery,English,w
37570,"Act Like a Lady, Do Not Think Like a Man: The True Measure of How Men and Women View Love, Intimacy, Relationships and Faith",Raymond Sturgis,3.44,,English,m
37573,Mijn kleine oorlog,Louis Paul Boon,3.62,Fiction,Dutch,m
37576,The Sisters of St. Croix,Diney Costeloe,4.28,Historical Fiction,,m
37577,Een hart van prikkeldraad,Lisette Lewin,4.02,Roman,Dutch,w
37583,Super Sons (2017-) #13,Peter J. Tomasi,4.39,Comics,,m
37585,The Patron Saint of Liars,Ann Patchett,3.82,Fiction,English,w
37586,The Complete War Walks,Richard Holmes,4.43,History,English,m
37587,Summit of Passion,Elena Aitken,4.55,,English,w
37591,Paper-Son Poet,Koon Kau Woon,5.0,,,m
37595,The Jews and the Judaism the beginning of human civilization 7000 years ago,Nikolay Panayotov,5.0,,English,m
37596,How to Wine With Your Boss & 6 Other Tips To Fast Track Your Career,Tiffany Yarde,4.25,,English,w
37598,Lean Strategy,Michael Ballé,4.0,Management,,m
37600,Paul Destroyed Jesus,Rodolfo Martin Vitangcol,4.2,,English,m
37622,Angels at My Fingertips,Lorna Byrne,4.51,Spirituality,,w
37624,Gin & Daggers,"Jessica Fletcher, Donald Bain",3.84,Mystery,English,w;m
37631,Vilties formos: eseistika ir publicistika,Tomas Venclova,4.37,Essays,Lithuanian,m
37638,Santa's Little Helper,Ronald Destra,5.0,,,m
37643,somewhere between shadow and light,Mariesa Faer,4.75,,,m
37644,"The Key to Skandos: A tale of adventure, love and magic",William A. Prater,4.0,Epic,English,m
37651,Daddy's Disease: Helping Children Understand Alcoholism,Carolyn Bell,4.67,,English,w
37658,Hannah Montana: Recorder Fun! Pack,Miley Cyrus,4.15,Music,,m
37671,Heart Songs and Other Stories,Annie Proulx,3.94,Short Stories,English,w
37701,Crystal Clear,Cindy Bauer,4.63,,English,w
37706,Act of Mercy,Peter Tremayne,4.13,Mystery,English,m
37727,Passage to Mutiny,"Alexander Kent, Douglas Reeman",4.08,Historical Fiction,English,m;m
37728,Patagónia,Dušan Mitana,4.17,Fiction,Slovak,m
37733,The Creation of Eve,Lynn Cullen,3.69,Historical Fiction,English,m
37737,"The Naked Millionaire: The Ultimate Fast-Track Guide to Wealth, Freedom and Fulfillment",David Taylor,3.53,Business,English,m
37742,Live or Die in New York,T. Styles,4.56,,English,m
37749,Fruit for Tomorrow,Francena H. Arnold,4.2,Christian Fiction,English,m
37762,The Acid House,Irvine Welsh,3.72,Fiction,English,m
37764,Blockbuster,Patricia Marx,2.6,Fiction,,w
37770,The Contract,Jae Lynne Davies,3.96,Short Stories,English,m
37774,Computer Science: A Structured Programming Approach Using C,"Behrouz A. Forouzan, Richard F. Gilberg",3.89,Programming,English,m;m
37778,Els jugadors de whist,Vicenç Pagès Jordà,3.94,,Catalan; Valencian,m
37779,"Creating Animated Cartoons with Character: A Guide to Developing and Producing Your Own Series for TV, the Web, and Short Film",Joe Murray,4.41,Art Design,English,m
37781,Warrior Demoness,Fran Heckrotte,3.57,Lesbian,,w
37789,Fields of Fire,James Webb,4.22,Fiction,English,m
37793,Salut Galarneau!,Jacques Godbout,3.31,Fiction,French,m
37795,"Peripheral Neuropathies, An Issue of Neurologic Clinics (The Clinics: Internal Medicine)",Yadollah Harati,3.0,,,m
37803,عروس المطر,بثينة العيسى,3.42,Novels,Arabic,m
37806,أدب المرأة:دراسات نقدية,رابطة الأدب الإسلامي,4.2,,Arabic,m
37825,Vissi D'arte: A Story Of Love And Music,Joanna Stephen-Ward,4.12,,English,w
37829,The Berrybender Narratives,Larry McMurtry,4.16,Westerns,English,m
37836,Summer of Betrayal,Hong Ying,3.31,China,English,m
37839,Girl Reading,Katie Ward,3.54,Historical Fiction,English,w
37842,Bubbe Isabella and the Sukkot Cake,Kelly Terwilliger,3.61,Picture Books,English,m
37853,Growth Spurt,"Jerry Scott, Jim Borgman",4.2,Comics,English,m;m
37856,Flashman and the Angel of the Lord,George MacDonald Fraser,4.09,Historical Fiction,English,m
37869,Mrs. Jeffries Takes the Cake,Emily Brightwell,4.06,Mystery,English,w
37870,"Urdu Poetry: Urdu Poets, Muhammad Iqbal, Mehr Lal Soni Zia Fatehabadi, Mirza Ghalib, Bahadur Shah II, Waheed Akhtar, Amir Khusrow",Source Wikipedia,3.88,,English,m
37875,Love or Friendship,Pet Torres,3.67,,English,m
37876,Werewolves in Their Youth,Michael Chabon,3.65,Short Stories,English,m
37890,The Five Megilloth,Anonymous,5.0,,English,m
37894,DC Comics Presents: Wonder Woman #1,Eric Luke,3.36,Wonder Woman,English,m
37895,"Through Whose Eyes: Rise, Child of God",Jacqueline Rainey,5.0,,English,w
37902,A Capital Crime,Stuart S. Laing,4.58,,English,m
37905,The Autumn of the Patriarch by Gabriel Garcia Marquez Summary Study Guide,BookRags,3.89,,English,m
37921,Vida de Milarepa,Iñaki Preciado Idoeta (traductor),4.0,,Spanish,m
37928,The Complete Western Stories of Elmore Leonard,Elmore Leonard,4.09,Westerns,English,m
37934,Organizing by the Book,Sandra Felton,3.5,,English,w
37937,Passions Desires Of Aleja The Poet (Only The Strong Can Survive),Aleja Bennett,5.0,,English,w
37952,Legionary,Gordon Doherty,3.94,Historical Fiction,,m
37963,"Emily Dickinson's Secret Love: Mystery ""Master"" Behind Poems",Bill Arnold,5.0,,English,m
37965,Thirst of the Salt Mountain: Trilogy of Plays,Marin Sorescu,4.47,Plays,English,m
37980,Permata Dalam Lumpur: Merangkul Anak-Anak Pelacur Dari Lokalisasi Dolly,Satria Nova,4.08,,Indonesian,m
37984,Gli Slavi,Francis Conte,3.75,History,Italian,m
37999,Melody's Song,J.J. Keller,3.64,,English,m
38007,Clarissa's England: A Gamely Gallop Through the English Counties,Clarissa Dickson Wright,3.55,Travel,English,w
38012,Far Afield,Susanna Kaysen,3.83,Fiction,English,w
38019,The Poison Tree,Cynthia Harrod-Eagles,4.16,Historical Fiction,English,w
38021,$22.00 Per Hour Federal Minimum Wage,Byron Goines,5.0,,English,m
38033,Alani's Hustle Gets Bigger,Kai Storm,4.23,,English,m
38053,The Blazing World,Siri Hustvedt,3.68,Fiction,English,w
38064,Network Mapping And Network Scanning,Renee B. Williams,4.67,,English,w
38067,Arrecife,Juan Villoro,3.37,Fiction,Spanish,m
38069,The Shepherd's Song: A Story of Second Chances,"Betsy Duffey , Laurie Myers",4.11,Christian,English,w;w
38070,Exitus - Der Deal,Lena Sander,4.33,,German,w
38071,The Beauty and Glory of the Father,Joel R. Beeke (Editor),4.44,,English,m
38084,"Vengeance Is Mine: A Novel Of Anne Boleyn, Katherine Howard, And Lady Rochford The Woman Who Helped Destroy Them Both",Brandy Purdy,3.65,Historical Fiction,English,m
38086,চোখের জলে শ্যাওলা পড়ে না,Samaresh Majumdar,3.07,,Bengali,m
38087,Leaves,John Simmons,3.39,,,m
38110,Nincstelenek: Már elment a Mesijás?,Szilárd Borbély,4.02,Fiction,Hungarian,m
38113,La Ville des serpents d'eau,Brigitte Aubert,3.73,,English,w
38114,Jamie Dornan: Shades of Desire,Alice Montgomery,3.58,Biography,English,w
38127,River of Smoke: Ibis Trilogy Book 2,Amitav Ghosh,3.94,Fiction,English,m
38133,Rettet Markitta,Dagny Larsen,3.5,,Norwegian,w
38138,Closing The Deal,Jen A. Durand,4.53,,English,w
38141,A Modern Prophet Answers Your Key Questions about Life,Harold Klemp,4.36,,English,m
38142,Captain Nemo,Jules Verne,4.36,Fiction,,m
38143,Its All Over,Yolanda Tayler,3.73,,,w
38147,Ouija: The Devil's Doorway,Stephen E. Crockett,3.0,,English,m
38165,The Street Sparrows,Rose Ayers,4.5,,English,w
38166,Summary of The Martian: by Andy Weir | Includes Analysis,NOT A BOOK,3.55,,English,m
38168,Whitethorn,Bryce Courtenay,4.09,Fiction,English,m
38171,How Amazing,"Charles Snape, Heather Scott",4.0,,English,m;w
38173,Umar bin Abdul Aziz 29 Bulan Mengubah Dunia,Herfi Ghulam Faizi,4.25,,Indonesian,m
38182,El Dios De La Lluvia Llora Sobre Méjico (Spanish Edition),László Passuth,4.19,Historical Fiction,English,m
38186,Paula Spencer,Roddy Doyle,3.78,Fiction,English,m
38190,The Art of Hiding,Amanda Prowse,4.06,Fiction,,w
38192,دروازه زندگی و مرگ,Maurice Maeterlinck,3.38,,Persian,m
38199,I Killed A Black Man: The Sad Reality of why Black Men kill One Another,Raymond Sturgis,5.0,,English,m
38204,Bournemouth Boys and Boscombe Girls,"Danny Winter, Karl Wiggins",4.17,,English,m;m
38210,A Strangeness in My Mind,Orhan Pamuk,4.12,Fiction,English,m
38212,المصعد رقم 7,وائل رداد,3.83,,,m
38216,Super Sons #10,Peter J. Tomasi,4.36,Comics,English,m
38219,The Stone Summit Trilogy: Books 1-3,Elena Aitken,4.84,,English,w
38222,Imaginary Maps,Mahasweta Devi,3.83,Fiction,English,m
38228,Life After Death: A Romance Suspense,T.J. Graham,3.81,,English,m
38230,"Christianity teaches salvation through Jesus’ blood and resurrection, rather than repentance and doing Jesus’ Mission",Rodolfo Martin Vitangcol,5.0,,English,m
38250,Instants d'après,Daisuke Imai,3.61,Manga,French,m
38258,Sunflower Alley,Ava Miles,4.64,Contemporary Romance,English,w
38263,Dietland,Sarai Walker,3.56,Fiction,English,w
38264,Che la festa cominci,Niccolò Ammaniti,3.49,Fiction,Italian,m
38265,Gabrielis Garsija Markesas. Tikrovės magija,Harald Irnberger,3.88,,Lithuanian,m
38270,King of Joy,Richard Chiem,3.84,Fiction,English,m
38276,Black Souls: She had erased her past only to discover it was all a lie.,Sabina Gabrielli Carrara,4.4,,,w
38278,Pilgrims at the White Horizon,Michael Wyndham Thomas,4.26,Contemporary,English,m
38289,Mattie Boombalatty,Wayne Gerard Trotman,5.0,,English,m
38290,Sotto il burqa,Deborah Ellis,4.17,,,w
38293,"Wonder, Auggie & Me, 365 Days of Wonder Boxed Set",R.J. Palacio,4.46,,English,m
38298,The Unraveling of Cassidy Holmes,Elissa R. Sloan,3.6,Fiction,English,w
38300,Varying Degrees of Hopelessness,Lucy Ellmann,3.8,Fiction,English,w
38309,A Fistful of Kings,John Brotherton,3.2,,English,m
38311,The Tao of Detox: The Secrets of Yang-Sheng Dao; A Practical Guide to Preventing and Treating the Toxic Assualt on Our Bodies,Daniel Reid,4.22,Health,English,m
38313,The Mitford Years Boxed Set Volumes 1-3,Jan Karon,4.49,Fiction,English,m
38315,Spanking-A Loving Discipline: Helpful and Practical Answers for Today's Parents,Roy Lessin,2.63,Parenting,English,m
38317,Ела при мен,Богдан Русев,3.46,Bulgarian Literature,Bulgarian,m
38330,"Five for Sorrow, Ten for Joy",Rumer Godden,4.13,Fiction,English,m
38333,The Unknown Shore,Patrick O'Brian,4.17,Historical Fiction,English,m
38336,Badger's Moon,Peter Tremayne,4.06,Mystery,English,m
38338,Rescued,"John Bevere, Mark Andrew Olsen",4.04,Christian,English,m;m
38354,Signal-Close Action!,"Alexander Kent, Douglas Reeman",4.16,Historical Fiction,English,m;m
38358,Ce Monde Est Mon Partage Et Celui Du Démon: Poésie,Dylan Thomas,4.2,,,m
38362,Memoir from Antproof Case,Mark Helprin,4.0,Fiction,English,m
38376,Löydä minut tästä kaupungista,Mari Ahokoivu,3.49,Comics,Finnish,w
38386,The Deepening Stream,Francena H. Arnold,4.14,Fiction,English,m
38395,قلب من بنقلان,سيف الإسلام بن سعود بن عبد العزيز آل سعود,3.69,Biography,Arabic,m
38397,The Plague of Doves,Louise Erdrich,3.78,Fiction,English,w
38405,The Four Corners of the Sky,Michael Malone,3.31,Fiction,English,m
38406,Diabulus in musica,Espido Freire,3.45,,,m
38412,Naked Shorts: Steal Me / Captured to Breed / The Wrong Suitor,Tina Folsom,4.08,Erotica,English,w
38415,La Segunda Enciclopedia de Tlön,Sergio Meier,3.87,,Spanish,m
38423,That is All,John Hodgman,4.03,Humor,English,m
38424,A Sense of Honor,James Webb,4.07,Fiction,English,m
38427,The Cereal Murders,Diane Mott Davidson,3.87,Mystery,English,w
38431,A German Picturesque,Jason Schwartz,3.98,Fiction,English,m
38433,La Cicala di Italia: War of the Space Dragons,L'Poni Baldwin,2.0,,English,m
38435,Monsieur Songe,Robert Pinget,3.64,France,English,m
38436,على الأرجوحة..تتناثر الأسرار,أروى خميّس,4.18,Novels,Arabic,m
38443,The Koren Megillat Shir Hashirim: A Hebrew/English Illustrated Song of Songs (Hebrew Edition),Koren Publishers Jerusalem,5.0,,,m
38448,Be Not Content- A Subterranean Journal,William J. Craddock,4.45,Fiction,English,m
38450,The Quiche of Death,M.C. Beaton,3.74,Mystery,English,m
38460,Trespass,Rose Tremain,3.53,Fiction,English,w
38464,Anna Del Conte's Italian Kitchen,Anna Del Conte,3.33,Cookbooks,,w
38481,Flashman and the Dragon,George MacDonald Fraser,4.27,Historical Fiction,English,m
38483,أطلس تاريخ الإسلام,حسين مؤنس,4.24,History,Arabic,m
38490,খুনতি কড়াই : Bangladeshi Cuisine,Shawkat Osman,4.8,,English,m
38496,Mrs. Jeffries Pleads Her Case,Emily Brightwell,3.99,Mystery,English,w
38505,Little Deaths Like These,John Thomas Wood,5.0,,,m
38506,In the cage with the lions,Pet Torres,3.9,,English,m
38507,Ibn ul Waqt / ابن الوقت,Deputy Nazir Ahmad,3.94,,Urdu,m
38508,So Down I Fall,Alex Benedict,3.96,Mermaids,English,m
38520,Toni's Blues,Jacqueline Rainey,4.71,,English,w
38523,The Fat Woman Next Door Is Pregnant,Michel Tremblay,3.72,Canada,English,m
38524,The Flower Man,Donna Anders,3.62,Mystery,English,w
38529,The Death of Innocence,Stuart S. Laing,4.3,,English,m
38530,Redemption Falls,Joseph O'Connor,3.48,Historical Fiction,English,m
38532,Garcia Marquez: Los Funerales de la Mama Grande,Robin W. Fiddian,3.87,,English,m
38544,Can't Wait to Get to Heaven,Fannie Flagg,3.92,Fiction,English,w
38548,"Collected Westerns of Zane Grey (19 Complete Books: Desert Gold, Riders of the Purple Sage, Valley of Wild Horses, Lone Star Ranger, Rainbow Trail, Border Legion, Wildfire, Mysterious Rider, Heritage of the Desert, Rustlers of Pecos County, +)",Zane Grey,4.5,,,w
38557,Nine Wives,Dan Elish,2.77,Fiction,English,m
38563,"Lady and Butler, Tome 1",Rei Izawa (Text),3.9,Manga,French,w
38577,The Lake of Dreams,Kim Edwards,3.19,Fiction,English,m
38589,Amy Falls Down,Jincy Willett,3.67,Fiction,,m
38590,Ken Dedes: Sang Penggoda,Wawan Susetya,3.04,,Indonesian,m
38598,Amulette,Véronique Ajarrag,3.82,,French,w
38600,The Alchemy Press Book of Pulp Heroes 2,Mike Chinn  (Editor),4.33,,,m
38604,Tales from the Uncertain Country and Other Stories,Jacques Ferron,5.0,,English,m
38605,Believe,J.J. Keller,3.5,,English,m
38607,The Judge,E.M. Leya,3.82,M M F,English,m
38610,The Marx Sisters: A Kathy Kolla and David Brock Mystery,Barry Maitland,3.74,Mystery,English,m
38611,Prepare for War,Jamie Lewis,5.0,,English,m
38614,Amish Snow,Roger Rheinheimer,4.0,,English,m
38619,Cars of the Stars,George Barris,4.0,,English,m
38620,أفكار وقصص عالمية,حاتم بن خالد الزعبي,3.0,,Arabic,m
38623,Sastera dan Ilmu Sastera,A. Teeuw,4.06,,Indonesian,m
38630,Sincere's Rise Out The Hood,Ms. Venom,4.38,,English,m
38650,Steps to You,HaveYouSeenThisGirL,4.14,,Filipino; Pilipino,m
38658,Beginners Guide On PHP Programming: Quick And Easy Guide To Learn PHP With My-SQL,James P. Long,4.33,,,m
38664,Mit dem Gesicht zur Sonne,Yvonne Holthaus,5.0,,German,w
38665,Bad Dirt,Annie Proulx,3.97,Short Stories,English,w
38674,Snowman's 'Noggin and Neck' Award,Joyce Mitchell,5.0,,English,w
38690,پروانه,Hermann Hesse,3.79,German Literature,Farsi,m
38695,The Lovely Bones & Looking Glass,Alice Sebold,4.15,Mystery,,w
38703,Undocumented Immigrants,Byron Goines,5.0,,English,m
38713,Evening Star,Sigmund Brouwer,3.97,Historical Fiction,English,m
38717,Bibel 2000,Bibelkommissionen (Translator),3.85,,Swedish,m
38734,The Defiled and the Second Son,B.J. Leonard,4.0,,English,m
38737,Songs of Willow Frost,Jamie Ford,3.66,Historical Fiction,English,m
38741,Best Quail Breeds: 10 Types Of Quail Breeds That Are Good Layers And Are Best To Keep For Their Meat,Francis Okumu,5.0,,English,m
38742,The Accidental Salvation of Gracie Lee,Talya Tate Boerner,4.36,Fiction,English,w
38745,Blue Mimosa,Parijat,4.17,Fiction,English,m
38751,Bucky F*cking Dent,David Duchovny,3.85,Fiction,English,m
38752,Summary of Crazy Little Thing: by Tracy Brogan | Includes Analysis,NOT A BOOK,5.0,,,m
38761,Şu Sevdalar Tevatürü,Can Bonomo,4.05,,Turkish,m
38765,Talking Heads,Alan Bennett,4.28,Plays,English,m
38766,Morze ciche,Jeroen Van Haele,4.0,,Polish,m
38775,Changing the Black Woman in the Mirror: Words to Empower Today's Black Woman,Raymond Sturgis,4.25,,,m
38783,Benediction,Kent Haruf,4.0,Fiction,English,m
38788,Super Sons #11,"Peter J. Tomasi, Patrick Gleason",3.85,Comics,,m;m
38799,Plots: A Collection of Short Story Mysteries,PhilIp Pak,3.83,,English,m
38801,"Christianity made God and Jesus servants of man, rather than masters of man",Rodolfo Martin Vitangcol,5.0,,English,m
38802,Аутопсия на една любов,Viktor Paskov,4.01,Bulgarian Literature,Bulgarian,m
38807,"If You Liked School, You'll Love Work",Irvine Welsh,3.37,Fiction,English,m
38832,American Genius: A Comedy,Lynne Tillman,3.83,Fiction,,w
38835,Peñas arriba,José María de Pereda,3.69,Spanish Literature,Spanish,m
38837,Một chỗ trong đời,Annie Ernaux,3.69,France,Vietnamese,w
38845,Winnie: The Beginning,Trudi Tolani,5.0,,,w
38846,Canto yo y la montaña baila,Irene Solà,4.32,Fiction,Spanish,w
38850,The Great Passage,Shion Miura,3.78,Fiction,English,m
38853,حديث الذاكرة-الجزء الثاني,سلطان بن محمد القاسمي,4.39,,Arabic,m
38854,Un oscuro scrutare,Philip K. Dick,4.47,,,m
38858,The Trial of Colonel Sweeto and Other Stories,Nicholas Gurewitch,4.37,Comics,English,m
38861,The Angry Clam,Erik Quisling,4.37,Fiction,English,m
38869,Beautiful Children,Charles Bock,2.91,Fiction,English,m
38880,Enlightenment: The Only Revolution: Discourses on the Great Mystic Ashtavakra,Osho,4.51,Spirituality,English,m
38883,منمنمات تاريخية,سعد الله ونوس,4.1,Plays,Arabic,m
38889,Never Die Alone,Donald Goines,4.3,Fiction,English,m
38892,The Voice Of One Crying,John Bevere,4.39,Christian,English,m
38904,Down Among the Women,Fay Weldon,3.8,Fiction,English,m
38906,The Whole World Over,Julia Glass,3.49,Fiction,English,w
38912,With All Despatch,"Alexander Kent, Douglas Reeman",4.04,Historical Fiction,English,m;m
38927,Growing in Grace with Study Guide,Bob George,4.35,Christian,English,m
38931,The Cherry Pit,Donald Harington,3.54,Fiction,English,m
38948,Free to a Good Home,Eve Marie Mont,3.78,Fiction,English,w
38955,Christ Walks Where Evil Reigned: Responding to the Rwandan Genocide,"Emmanuel M. Kolini, Peter R. Holmes",3.89,Faith,English,m;m
38957,Melocotones helados,Espido Freire,3.16,Fiction,Spanish,m
38963,Tempus Fugit,Mavis Applewater,4.21,Lesbian,English,w
38964,La vida exagerada de Martín Romaña,Alfredo Bryce Echenique,4.28,Fiction,Spanish,m
38966,Hay un Zombi en mi Sopa,Dan Guajars,2.5,,Spanish,m
38979,Madame Roland,John S.C. Abbott,3.39,Historical,English,m
38983,In The Year Of Long Division: Stories,Dawn Raffel,3.98,Short Stories,English,w
38988,Imp Empress: Falling in Love with Dragons: Aaron and Seraphina's Tale,L'Poni Baldwin,0.0,,,m
38989,بين التاريخ والواقع: الجزء الثاني,راغب السرجاني,3.92,History,Arabic,m
38990,تحفة الذاكرين بعدة الحصن الحصين من كلام سيد المرسلين,محمد الشوكاني,4.18,Religion,Arabic,m
38994,Wife Verses Mistress,Michelle King,4.5,,English,w
38995,Wolf Whistle,Lewis Nordan,4.02,Fiction,,m
38999,Twentieth Century Eightball,Daniel Clowes,4.15,Comics,English,m
39013,Krazy Kat,George Herriman,4.45,Comics,,m
39018,Humongous Zits,"Jerry Scott, Jim Borgman",4.27,Comics,English,m;m
39019,The Last Chapter,Knut Hamsun,4.07,Fiction,English,m
39021,Flashman and the Redskins,George MacDonald Fraser,4.25,Historical Fiction,English,m
39029,Selected Poems Of Nirmalendu Goon,Nirmalendu Goon,3.83,,,m
39030,Uykuda Çocuk Ölümleri,Ali Teoman,4.05,Fiction,Turkish,m
39034,Mrs. Jeffries Holds the Trump,Emily Brightwell,4.08,Mystery,English,w
39044,Your Cartoon Time,Rolf Harris,4.33,,English,m
39062,A Life Not my Own,T.M. Brown,4.6,,English,m
39067,The Girl With Red Shoes,Kathryn Morgan Parry,3.89,Erotica,English,w
39073,The Great Plan of Happiness [With Poster],David Bowman,4.8,Religion,,m
39074,Skin Lane,Neil Bartlett,4.0,Fiction,English,m
39078,The N Days,John Murray McKay,4.14,,English,m
39107,F.M.L.: (F--K Miranda's Life),Jake Donald Stephens,5.0,,,m
39112,Monsters Past,Laney Cairo,3.65,M M Romance,English,w
39119,Lo que no se dice,Viviana Rivero,4.03,,Spanish,w
39121,"Bunga Tabur Terakhir: Cinta, Dendam, dan Karma di Balik Tragedi '65",G.M. Sudarta,4.11,,Indonesian,m
39136,Racing the Moon,Michelle Morgan,3.39,Historical,English,w
39141,"Finding Hope (Hope, Montana)",E.M. Leya,4.5,M F Romance,English,m
39166,Sin Carefully: Assume The Postion,Ashlynne,5.0,,English,m
39181,"Lahde Matkaan, Siniliina!",Silja Frangen,3.33,,English,w
39189,Beer Brewing At Home: Easy Ways of Brewing Homemade Beer,Mary L. Parker,5.0,,English,m
39191,Šlabikár šťastia (Návrat k sebe),Pavel Hirax Baričák,4.2,,Slovak,m
39197,Pământ şi apă,Julio Murillo Llerda,4.06,,Romanian,m
39199,Gefesselte Seelen,Hedy Loewe,4.08,,German,w
39201,Postcards,Annie Proulx,3.75,Fiction,English,w
39204,Bless This House,Norah Lofts,4.28,Historical Fiction,English,w
39213,الموت يمر من هنا,عبده خال,3.8,Novels,Arabic,m
39215,The Cowboy and the Cossack,Clair Huffaker,4.25,Westerns,English,m
39222,De duizend monden van onze dorst,Guido Conti,3.62,LGBT,Italian,m
39236,Il nuovo mondo amoroso. 2.,Charles Fourier,3.67,,,m
39238,The Devil's Fire,Rue Volley,4.15,Dark,English,m
39240,You Are a Badass: by Jen Sincero (How to Stop Doubting Your Greatness and Start Living an Awesome Life) | A 20-Minute Summary,Bern Bolo,3.88,,English,m
39241,Tizenhét hattyúk,Lili Csokonai,3.83,Literature,Hungarian,w
39243,Jesus Christ WOULD Support Food Stamps (SNAP),Byron Goines,5.0,,English,m
39266,101 Dicas do Feng Shui para o seu Lar,Richard Webster,3.48,,,m
39267,Stranger by the River,Paul Twitchell,4.47,,English,m
39269,Timber Creek,Cameron Judd,4.33,,English,m
39275,"Quail Diseases: Identification And Management Of Stress, Vices, And Diseases In Quails",Francis Okumu,5.0,,English,m
39280,Love To Hate,Christine McCullough,3.63,LGBT,English,w
39283,The Gospel Solution,"Tom Weaver, John Souter",4.0,,English,m;m
39286,Little Boxes Of Bewilderment: Suspense Comedies,Jack Ritchie,4.39,Short Stories,English,m
39288,"Summary of Eat Fat, Get Thin: by Mark Hyman | Includes Analysis",NOT A BOOK,4.0,,English,m
39292,В каждом молчании своя истерика,Ринат Валиуллин,3.28,,Russian,m
39294,Anekta,Sinem Sal,3.43,,Turkish,w
39296,Ladrones de tinta,Alfonso Mateo-Sagasta,3.59,History,Spanish,m
39297,Through Black Spruce,Joseph Boyden,4.12,Fiction,English,m
39302,The 158-Pound Marriage,John Irving,3.24,Fiction,English,m
39305,Dorothy Must Die 2-Book Box Set: Dorothy Must Die/The Wicked Will Rise,Danielle Paige,4.37,Retellings,,w
39312,Ditzabled Princess: A Comical Diary Inspired by Real Life,Jewel Kats,4.13,Graphic Novels,English,m
39313,When A Black Man Cries....His Pain Runs Deep: The Highs and Lows of Being A Black Man,Raymond Sturgis,5.0,,English,m
39314,My Moody Pup: ambKids Academy Learning Tools Read-Understanding Emotions,Jade Smith,5.0,,,w
39320,"Aktoriai, režisieriai ir gerbėjai. Ko nematė žiūrovai",Nijolė Narmontaitė,3.97,,Lithuanian,w
39324,Hot Snow,Yuri Bondarev,3.76,Russian Literature,,m
39326,Onyx Webb: Episode One: The Story Begins,"Richard Fenton , Andrea Waltz",4.0,Paranormal,English,m;w
39327,زمستان ۶۲,اسماعیل فصیح,3.75,Novels,Persian,m
39329,Super Sons of Tomorrow,Peter J. Tomasi,3.73,Comics,English,m
39334,Summit of Seduction,Elena Aitken,4.56,,English,w
39335,Georges Lebanc,Claude Ponti,4.33,,,m
39340,Nobody Knows Nobody,Manny Yunk,3.5,,,w
39341,قلادة مردوخ,أحمد سعد الدين,3.59,History,Arabic,m
39342,"Christianity looked to reading the Bible as finding life, to the neglect of Law of Nature that governs all life",Rodolfo Martin Vitangcol,5.0,,English,m
39351,"Invincible: Ultimate Collection, Vol. 9",Robert Kirkman,4.41,Graphic Novels,English,m
39353,ظلمة يائيل,محمد الغربي عمران,3.65,,Arabic,m
39364,Morti di sonno,Davide Reviati,3.76,Graphic Novels,Italian,m
39366,Antagonist,R.A. Steffan,4.44,,English,m
39374,The Summer Demands,Deborah Shapiro,3.01,Fiction,English,w
39380,Malice of the Devil,Michael Conklin,4.6,,,m
39381,King of Hades,R'Ocean,4.18,Contemporary,English,m
39388,Aquí estoy,Jonathan Safran Foer,3.64,Fiction,,m
39390,Lily y el pulpo,Steven Rowley,3.71,Fiction,Spanish,m
39391,Lone Stars: A Novel,Justin Deabler,4.11,LGBT,English,m
39392,Le Mal de mer,Marie Darrieussecq,3.4,Fiction,French,w
39394,Believe in Fairies,"Wayne Gerard Trotman , Sherrie Trotman",4.67,,English,m;w
39398,الأمير الثائر,سلطان بن محمد القاسمي,3.7,History,Arabic,m
39406,The Backslider,Levi S. Peterson,4.09,Fiction,English,m
39408,"Star-Spangled Kitsch: An astounding and tastelessly illustrated exploration of the bawdy, gaudy, shoddy mass-art culture in this grand land of ours",Curtis F. Brown,3.5,Art,,m
39409,"Alles, was du suchst",Gabriel Barylli,4.67,,,m
39412,İstanbul'un Nâzım Planı,Sunay Akın,3.96,Turkish Literature,Turkish,w
39426,The Last Year of Being Married,Sarah Tucker,3.16,Chick Lit,English,w
39427,The Sand Child,Tahar Ben Jelloun,3.49,Fiction,English,m
39431,Black Gangster,Donald Goines,4.3,Fiction,English,m
39433,A is for Alibi & J is for Judgment,Sue Grafton,4.26,Crime,English,w
39434,For Such A Time As This: A Prophetic View Of The Church In Esther,Fuchsia T. Pickett,3.56,,English,m
39440,Sugar and Other Stories,A.S. Byatt,3.63,Short Stories,English,m
39441,Songs of the Dead,Derrick Jensen,3.84,Fiction,English,m
39443,Female Friends,Fay Weldon,3.62,Fiction,English,m
39444,Between the Bridge and the River,Craig Ferguson,3.8,Fiction,English,m
39445,Celebration,Harry Crews,3.68,Fiction,English,m
39449,And the Shofar Blew,Francine Rivers,4.15,Christian Fiction,English,w
39452,Di Balik Layar Laskar Pelangi,Rita Triana Budiarti,3.69,Indonesian Literature,Indonesian,w
39454,کلیات مفاتیح الجنان با علامت وقف,عباس قمی,3.88,Religion,Persian,m
39459,Family Pictures,Sue Miller,3.81,Fiction,English,w
39461,Enduring,Donald Harington,4.05,Fiction,English,m
39463,Lady Oscar (1 - 2),Riyoko Ikeda,3.84,Manga,,m
39472,Absurdistan,Gary Shteyngart,3.31,Fiction,English,m
39475,Rethinking Life: What the Church Can Learn from Africa,Emmanual M. Kolini,3.5,,English,m
39476,15 fevrier 1839. lettres d'un patriote condamne a mort,Unknown,4.0,,,m
39496,The Captain and the Girl,Earl B. Pilgrim,3.96,,English,m
39502,The Missouri Breaks,Thomas McGuane,3.77,,English,m
39504,Raquel,Vicente García de la Huerta,3.04,Spanish Literature,,m
39505,il cyborg divina :: The Cyborg Divine,L'Poni Baldwin,3.0,,English,m
39507,بين التاريخ والواقع: الجزء الرابع,راغب السرجاني,4.02,History,Arabic,m
39509,Deadly Decisions,Starr Gardinier,4.38,,English,m
39511,A Preacher's Passion,Lutishia Lovely,4.39,Christian Fiction,English,m
39523,The Rising of the Moon,William Martin,3.77,Historical Fiction,English,m
39528,Chasing Charity,Marcia Gruver,3.93,Historical Romance,English,w
39541,Teenage Tales,"Jerry Scott, Jim Borgman",4.17,Humor,English,m;m
39544,Flashman and the Mountain of Light,George MacDonald Fraser,4.23,Historical Fiction,English,m
39556,Mrs. Jeffries Stalks the Hunter,Emily Brightwell,4.03,Mystery,English,w
39579,Three Adventures Of The Scarlet Pimpernel,Emmuska Orczy,3.73,Historical Fiction,English,m
39584,A River Moves Forward,Selena Haskins,4.53,,English,w
39600,El arte de la fuga,Sergio Pitol,4.1,Fiction,Spanish,m
39620,Hairy And Slug,Margaret Joy,4.0,,English,w
39622,The Purple Rift (Part One),Jake Donald Stephens,5.0,,,m
39632,Renaissance Society,"Rolf Jensen, Mika Aaltonen",3.48,Business,English,m;m
39640,Matinya Seorang Atheis,Zaim Rofiqi,4.0,,Indonesian,m
39653,Sara Will,Sue Ellen Bridgers,3.86,,English,w
39655,Entebbe: A Defining Moment in the War on Terrorism--The Jonathan Netanyahu Story,Iddo Netanyahu,4.13,,,m
39660,Messy Christmas,Jean-Yves Crozier,3.33,,English,m
39662,Western Inheritance,E.M. Leya,3.78,M M Romance,English,m
39669,Evil in the Beginning,"Gary Williams , Vicky Knerly",4.08,Fiction,English,m;w
39670,Brewing,Ian S. Hornsey,3.89,,,m
39681,Married To A Deadly Bitch 2,Elijah Foreman,4.27,,English,m
39683,Hadlaub,Gottfried Keller,3.13,German Literature,German,m
39698,10 Signatures to Bargain With God,HaveYouSeenThisGirL,4.47,,Filipino; Pilipino,m
39707,VEGAN (Go & Stay) Manual,Anne Peterson,4.25,,English,w
39709,El circo de la soledad,Patricia Laurent Kullick,4.57,,Spanish,w
39710,Šlabikár šťastia 2,Pavel Hirax Baričák,4.27,,Slovak,m
39723,Allah is Not Obliged,Ahmadou Kourouma,3.68,Africa,English,m
39728,Încă o dorinţă,Andres,4.51,,Romanian,m
39729,The Dying Grass: A Novel of the Nez Perce War,William T. Vollmann,4.12,Fiction,English,m
39730,"The Constant Sinner (Modern Classics, 400)",Mae West,4.04,,,w
39735,Platoon,Dale A. Dye,3.91,Fiction,Dutch,m
39747,Rising Strong: The Reckoning. The Rumble. The Revolution. by Brené Brown | An 8-Minute Summary,Bern Bolo,4.22,,English,m
39748,"Wenn nicht, dann jetzt",Edgar Rai,3.69,German Literature,German,m
39762,City Of Ash,Megan Chance,3.8,Historical Fiction,English,w
39763,Alexis: The Icing on the Cupcake,"Coco Simon, Elizabeth Doyle Carey",4.29,Middle Grade,English,w;w
39769,Las Aventuras de los Detectives del Faro,Klaus Bliesener,3.81,,Spanish,m
39775,The Devil's Hatband,Robert Greer,3.83,Mystery,English,m
39786,Matar a Leonardo da Vinci,Christian Gálvez,3.75,Historical Fiction,Spanish,m
39789,Horror Collection: Room 13 and Inside the Worm,Robert Swindells,4.15,,English,m
39791,The Shell Collector,Anthony Doerr,4.03,Short Stories,English,m
39792,Musical Allusions in the Works of James Joyce: Early Poetry Through Ulysses,Zack Bowen,3.6,,English,m
39795,Turned Out,Angel M. Hunter,3.77,,English,m
39798,"O que eu vi, o que nós veremos (Portuguese Edition)",Alberto Santos-Dumont,4.05,History,English,m
39803,The Intelligent Investor: by Benjamin Graham | Summary & Analysis,NOT A BOOK,4.6,,English,m
39804,Four Fires,Bryce Courtenay,4.24,Fiction,English,m
39816,Misteriosa Buenos Aires,Manuel Mujica Lainez,4.11,Latin American,Spanish,m
39817,El reino de los hombres sin amor,Alfonso Mateo-Sagasta,3.86,Historical Fiction,,m
39819,La tumba de Antígona,María Zambrano,4.2,Spanish Literature,Spanish,m
39826,Sex Right Now! Orgasm Overdue,Raymond Sturgis,4.5,,English,m
39831,"Aktoriai, režisieriai ir studentai. Ko nematė žiūrovai (Knyga nr. 2)",Nijolė Narmontaitė,3.86,,Lithuanian,w
39834,Les anges brûlent,Thibault de Montaigu,4.5,,,m
39837,La route d'Armilia,"François Schuiten (Illustrator), Benoît Peeters",3.64,Comics,French,m;m
39838,Super Sons (2017-) #15,Peter J. Tomasi,4.35,Comics,,m
39842,Accidental Gifts,Elena Aitken,4.45,,English,w
39851,"Christianity prostituted God’s name into a most lucrative business, under the guise of spreading the Gospel of Christ",Rodolfo Martin Vitangcol,5.0,,English,m
39858,Judy: A Legendary Film Career,John Fricke,4.22,Biography,English,m
39859,"Invincible: Ultimate Collection, Vol. 10",Robert Kirkman,4.45,Graphic Novels,English,m
39861,"Vinland Saga, Volume 1: For Honor and Vengeance",Makoto Yukimura,4.38,Manga,English,m
39873,Optic Nerve,María Gainza,3.94,Fiction,English,m
39877,Gallery Pieces: An Art Mystery,Larry Witham,4.31,Epic,English,m
39883,I Medici: Un uomo al potere,Matteo Strukul,3.58,Historical Fiction,Italian,m
39893,There Was Once A Tiny Painter,Brent Taylor,5.0,,,m
39894,Coletânea de Espiritualidade: Tomo 1,Hélio Couto,5.0,,,m
39905,Zu viele Männer,"Lily Brett , Melanie Walz",3.93,Fiction,German,w;w
39921,Wilde Heart,Daphne Clair,3.83,,English,w
39925,"Harlem Godfather: The Rap on My Husband, Ellsworth Bumpy Johnson","Mayme Johnson, Karen E. Quinones Miller",4.16,,English,w;w
39926,The Leper's Bell,Peter Tremayne,4.15,Mystery,English,m
39927,Worship Him: Discover The Joy of Pure Spiritual Worship,Fuchsia T. Pickett,3.2,,English,m
39933,De boeken der kleine zielen,Louis Couperus,4.13,Literature,Dutch,m
39937,Now This War Has Two Sides,Derrick Jensen,4.5,,English,m
39938,Maps for Lost Lovers,Nadeem Aslam,3.78,Fiction,English,m
39940,Requiem for a Woman's Soul,Omar Rivabella,4.26,Fiction,,m
39941,No Price Too High: a Novel,Madeleine A. Polland,4.0,,,w
39943,Scarlet Feather: Piyanah Leads Her Tribe,Joan Marshall Grant,4.58,,English,w
39946,The Inshore Squadron,"Alexander Kent, Douglas Reeman",4.09,Historical Fiction,English,m;m
39953,The Memory Stones,Kate O'Riordan,3.59,Family,English,w
39955,صحيفه سجاديه,علی بن الحسین,4.65,Literature,Farsi,m
39964,The Pitcher Shower,Donald Harington,3.65,Fiction,English,m
39973,A Brother Beloved,Francena H. Arnold,4.3,Fiction,English,m
39976,The Last Summer,Mary Jane Staples,4.3,Fiction,English,m
39980,The Painted Drum,Louise Erdrich,3.87,Fiction,English,w
39982,Germinal: Zola,Michel Erre,4.1,,French,m
39989,Maudit manège,Philippe Djian,3.75,French Literature,French,m
39990,Stumbling Toward Faith,Renee Altson,4.07,,English,w
40004,أما هذه.. فرقصتي أنا,غادة محمد محمود,3.59,,Arabic,m
40008,La Vida. Las Moradas.,Teresa of Ávila,3.76,,Spanish,w
40010,بين التاريخ والواقع: الجزء الثالث,راغب السرجاني,3.95,History,Arabic,m
40013,طفولة قلب,سلمان العودة,3.81,Biography,Arabic,m
40014,My Year of Meats,Ruth Ozeki,3.97,Fiction,English,w
40021,God Don't Play,Mary Monroe,4.34,African American,English,m
40022,Adventures of the Karaoke King,Harold Taw,2.75,Fiction,English,m
40031,Random Passage,Bernice Morgan,4.03,Historical Fiction,English,w
40052,Thrashed,"Jerry Scott, Jim Borgman",4.2,Comics,English,m;m
40053,Downtown Owl,Chuck Klosterman,3.55,Fiction,English,m
40055,Jerusalem in Prophecy,Randall Price,4.56,,English,m
40062,Deliler Boşandı,Aziz Nesin,4.14,Fiction,Turkish,m
40065,Mrs. Jeffries in the Nick of Time,Emily Brightwell,4.05,Mystery,English,w
40069,The Rhythm of the Gods,"Jerry Sarkwah , Jerry Yaw",5.0,,English,m;m
40073,Clara Morison,Catherine Helen Spence,3.73,Fiction,English,w
40074,হিমু অমনিবাস,Humayun Ahmed,3.93,Fiction,Bengali,m
40077,Barmy,Victoria Wood,4.55,Humor,English,w
40079,The Princess from the ice,Pet Torres,4.33,,,m
40083,Marija Modiljani,Vesna Aleksić,4.56,,Serbian,w
40094,A Story of the Scarlet Pimpernel,Emmuska Orczy,4.13,,,m
40099,Jumping Ship,Janice G. Ross,4.25,,English,w
40102,The Hunt is On,Natalie Herzer,4.06,Urban Fantasy,,w
40104,My Boss's Slave,Kathryn Morgan Parry,3.39,Erotica,English,w
40109,Suicide,Édouard Levé,4.12,Fiction,French,m
40112,Christie Malry's Own Double-Entry,B.S. Johnson,4.06,Fiction,English,m
40125,Atlas of the Islamic conquests Part II,Darussalam (Editor),3.7,,English,m
40137,To Bid Or Not To Bid (Master Bridge),Larry Cohen,5.0,,English,m
40141,Cliff and Liz,Jake Donald Stephens,4.6,,,m
40142,Care-i faza cu cititul?,Liviu Papadima (coord.),4.04,Romanian Literature,Romanian,m
40143,The March,E.L. Doctorow,3.8,Historical Fiction,English,m
40149,Urdu Novel: Mohabbat Subha Ka Sitara Hai by Umera Ahmed,Umera Ahmed,3.61,,English,m
40159,Biografi Ibnu Khaldun: Kehidupan dan Karya Bapak Sosiologi Dunia,Mohammad Abdullah Enan,3.99,,Indonesian,m
40167,Ananta Prahadi,Risa Saraswati,4.24,,Indonesian,w
40180,Make Haste My Beloved,Frances J. Roberts,4.67,Christian,English,w
40182,Before The Proof,"Gary Williams , Vicky Knerly",3.88,,,m;w
40191,A Man of Parts,David Lodge,3.52,Fiction,English,m
40200,Bachpan Ka December / بچپن کا دسمبر,Hashim Nadeem,4.16,Novels,Urdu,m
40204,My Bestfriend's Man,P. Dotson,4.33,Fiction,English,m
40213,Christopher,David Athey,4.33,Fiction,English,m
40228,Multiverse Ballad,"Andrea Atzori, Tim D.K.",4.47,,Italian,w;m
40229,Ultimate House Cleaning Guide: Learn To Keep Your House Clean & Organized,Mary L. Parker,4.0,,English,m
40234,Relax - das Ende aller Träume,Asta Müller,4.2,,German,w
40250,Close Up,Abbas Kiarostami,4.11,,,m
40256,The Republican Party that WAS,Byron Goines,5.0,,English,m
40277,The Virgin in the Ice,Ellis Peters,4.13,Mystery,English,m
40281,Astral Projection,Brad Steiger,3.65,Witchcraft,English,m
40282,Le Couvent de la Lune,Carole Dagher,4.31,,French,w
40284,A Boy Toy for Christmas,Mark A. Roeder,3.85,M M Romance,English,m
40289,"Chicken Diseases: Identification And Management Of Stress, Vices, And Diseases In Chickens",Francis Okumu,5.0,,English,m
40303,Summary of 14th Deadly Sin: by James Patterson | Includes Analysis,NOT A BOOK,5.0,,English,m
40311,El puente de los asesinos,Arturo Pérez-Reverte,3.86,Fiction,Spanish,m
40315,Joshua allora e oggi,Mordecai Richler,3.88,Fiction,Italian,m
40318,Only If they Could Hear Me Cry: A Personal Reflection of Poverty and Homelessness In America,Raymond Sturgis,5.0,,English,m
40323,"Aktoriai, režisieriai ir kasininkės. Ko nematė žiūrovai",Nijolė Narmontaitė,3.99,,Lithuanian,w
40331,Super Sons #8,Peter J. Tomasi,3.94,Comics,English,m
40337,Mr Percy's Magic Greenhouse,Anthea Kemp,4.33,,English,w
40338,Introspection: Transformation,Steven Hamburg,4.0,,English,m
40341,Jesus Must Rise!,Rodolfo Martin Vitangcol,5.0,,English,m
40342,I love Chanel,Daniela Farnese,3.52,,Italian,w
40344,Аз още броя дните,Георги Бърдаров,4.5,Bulgarian Literature,Bulgarian,m
40350,"Vinland Saga Omnibus, Vol. 8",Makoto Yukimura,4.5,Manga,English,m
40351,Geronimo: Wolf of the Warpath,Ralph Moody,3.86,History,English,m
40356,Breaking Free Day by Day,Beth Moore,4.67,,,w
40358,A Hologram for the King,Dave Eggers,3.29,Fiction,English,m
40365,The Verde Sanctuary,L.W. Samuelson,4.26,,English,m
40372,THE JEWISH NAZI,John Vocale,4.42,Historical Fiction,English,m
40377,Parādības,Eduards Aivars,3.6,,Latvian,m
40380,Aleister Crolwey - A Biografia de um Mago,Johann Heyss,4.2,,Portuguese,m
40381,The Only Book a Kid Needs to Read About Coronavirus,S.G. Jack,5.0,,English,m
40397,The Secret: Discourses on Sufism,Osho,3.78,Spirituality,English,m
40399,Corazones Perdidos,Heinz G. Konsalik,3.71,,Spanish,m
40405,A Sunday at the Pool in Kigali,Gil Courtemanche,3.96,Fiction,English,m
40406,Presenting the Holy Spirit,Fuchsia T. Pickett,4.5,,English,m
40413,Railroads and Clearcuts: Legacy of Congress's 1864 Northern Pacific Railroad Land Grant,"Derrick Jensen, George Draffan",3.06,,English,m;m
40415,Menangkap Unicorn,Koen Setyawan,3.46,,Indonesian,m
40417,Eyes Of Horus,Joan Marshall Grant,4.56,,English,w
40418,Tipperary,Frank Delaney,3.75,Historical Fiction,English,m
40423,Colours Aloft!,"Alexander Kent, Douglas Reeman",4.04,Historical Fiction,English,m;m
40432,Сказания о титанах,Яков Голосовкер,4.65,Russia,Russian,m
40433,River Rising,Athol Dickson,3.94,Christian Fiction,English,m
40436,The Fat Girl Chronicles: A Handbook For Fat Chicks,Kimberly M. Denesse,4.0,,English,m
40444,When Angels Rest,Donald Harington,3.87,Fiction,English,m
40445,Officer Factory,Hans Hellmut Kirst,4.25,World War II,English,m
40454,The Road Winds On,Francena H. Arnold,4.18,Fiction,English,m
40461,The Kitchen Maid,Valerie Wood,4.35,,English,w
40466,"Cherub Boxed Set, #1-12",Robert Muchamore,4.62,,English,m
40470,Para que no me olvides,Marcela Serrano,3.79,Fiction,Spanish,w
40485,The Ghost Of Ellen Dower,Earl B. Pilgrim,4.12,,English,m
40486,Ingratitude,Ying Chen,3.56,France,English,m
40489,The Spirit Cabinet,Paul Quarrington,3.57,Fiction,English,m
40492,Alix's Journal,Alix Cléo Roubaud,4.14,Journal,,m
40495,In The Place of Fallen Leaves,Tim Pears,3.8,Fiction,English,m
40506,Three Views of Crystal Water,Katherine Govier,3.81,Historical Fiction,English,w
40518,Accordion Crimes,Annie Proulx,3.59,Fiction,English,w
40520,Nop's Trials,Donald McCaig,4.1,Fiction,English,m
40523,Being Mentally Ill: A Sociological Theory,Thomas J. Scheff,4.08,Psychology,English,m
40531,Zübüklüğün Sonu Yok,Aziz Nesin,4.19,Turkish,Turkish,m
40534,Are We Out of the Driveway Yet?,"Jerry Scott, Jim Borgman",4.25,Comics,English,m;m
40536,Flashman's Lady,George MacDonald Fraser,4.16,Historical Fiction,English,m
40550,Ruh Adam,Hüseyin Nihal Atsız,4.31,Turkish Literature,Turkish,m
40553,Mrs. Jeffries Appeals the Verdict,Emily Brightwell,4.09,Mystery,English,w
40554,Mirza Ghalib: 100 Famous Ghazals,Mirza Asadullah Khan Ghalib,4.38,,English,m
40560,Prelude To Christopher,Eleanor Dark,3.84,Fiction,English,w
40561,Die Pension Grillparzer - eine Bärengeschichte,John Irving,3.66,Fiction,German,m
40562,Happy Beginnings: How I Became My Own Fairy Godmother,Lorena Bathey,4.15,Self Help,,w
40563,"INJURY : Origin (Injury,#1)",Pet Torres,4.83,,English,m
40571,Morality for Beautiful Girls,Alexander McCall Smith,3.98,Mystery,English,m
40574,The Life and Exploits of the Scarlet Pimpernel,"John Blakeney (pseudonym ), John Montagu Orczy Barstow",3.76,Historical Fiction,English,m;m
40586,Letters Home: Afghanistan,Teresa Jones,4.9,,English,w
40589,The Contractors,John Brendan Keane,4.05,Irish Literature,English,m
40590,Ngondro,Ole Nydahl,4.64,Buddhism,Spanish,m
40611,Mawsua (Encyclopedia) of Muslim Women,Darussalam (Editor),4.43,,English,m
40612,Mercy's Pen (The Redemption Series Book 5),Maeve Christopher,4.71,,English,w
40617,Yongbi the Invincible Book 1,Ki-Woon Ryu,4.04,Manga,English,m
40634,"I Can Cook ""Light Lunches""",Marika Germanis,4.76,Cooking,English,w
40635,Las maldecidas,Fernanda Pérez,3.81,,,w
40654,Les Grandes Marées,Jacques Poulin,3.6,School,French,m
40657,Out Of The Flames,E.M. Leya,3.47,M M Romance,English,m
40659,Four Corners,Debra Bloomfield (Photographs),4.4,,English,w
40660,As a Tree Grows: Reflections on Growing in the Image of Christ,W. Phillip Keller,4.34,Christian Living,English,m
40669,سر نی، در دو جلد,Abdolhosein Zarrinkob,4.05,Literature,Persian,m
40675,"The Fox's Craft in Japanese Religion and Folklore: Shapeshifters, Transformations, and Duplicities",Michael Bathgate,3.5,Japan,English,m
40676,The Ever After of Ashwin Rao,Padma Viswanathan,3.39,Fiction,English,w
40679,Faith Has No Color,Shona,4.08,,English,w
40703,"Creative Confidence: Learn It, Develop It & Change Your Life",Megan Coulter,4.0,,English,w
40709,"The Mute Christian, Under the Smarting Rod: With Sovereign Antidotes Against the Most Miserable Exigents: Or, a Christian with an Olive Leaf in His Mouth ... the Fifteenth Edition. by Mr. Thomas Brooks, ...",Thomas Brooks,4.61,Theology,English,m
40730,Unexpected,Roxann Season,4.62,,English,w
40735,Democratic Socialism,Byron Goines,5.0,,English,m
40736,Did You Ever Have a Family,Bill Clegg,3.8,Fiction,English,m
40742,Emma: Lights! Camera! Cupcakes!,Coco Simon,4.26,Realistic Fiction,,w
40744,Riven Rock,T. Coraghessan Boyle,3.64,Fiction,English,m
40752,A Saga de uma Sinhá,Maria Nazareth Dória,4.33,,,w
40756,Phenicia,Alexandre Najjar,4.5,,English,m
40759,Tombstone,Matt Braun,3.79,Westerns,English,m
40767,Ollie: The True Story of a Brief and Courageous Life,Stephen Venables,3.84,,English,m
40771,Baltimore Chronicles Volume 3,Treasure Hernandez,4.39,Urban,English,m
40778,Sport: A Novel,Mick Cochrane,4.02,,English,m
40781,Summary of Zero to One: by Peter Thiel | Includes Analysis,NOT A BOOK,4.6,,English,m
40784,Shumbachena,Nicholas Stanton,5.0,,English,m
40796,La fata carabina,Daniel Pennac,4.12,Fiction,Italian,m
40801,The Sparrow Conspiracy: Roamer,J.W. Lockwood,5.0,,,m
40804,Du temps qu'on existait,Marien Defalvard,2.88,French Literature,French,m
40812,Found Money,Peter Watson Jenkins,3.98,Short Stories,English,m
40814,Midnight Springs,Elena Aitken,4.46,,,w
40818,Prince of Secrets and Shadows,C.S. Johnson,4.62,,English,m
40822,The Seven Goals of Life,Rodolfo Martin Vitangcol,5.0,,English,m
40835,"Vinland Saga Omnibus, Vol. 9",Makoto Yukimura,4.49,Manga,English,m
40843,"Jesus and the Powers: Conflict, Covenant, and the Hope of the Poor",Richard A. Horsley,3.67,Theology,English,m
40847,The Golden House,Salman Rushdie,3.66,Fiction,English,m
40848,Black Card,Chris L. Terry,3.8,Fiction,English,m
40854,Rain No Evil,Michele Savaunah Zirkle,4.25,Book Club,,w
40860,Spark A Little Flame (Make A Little Magic #1),Jennifer Archer,4.0,,English,w
40862,The Simpsons Movie,Hal Leonard Corporation (Composer),4.4,,English,m
40871,حالات نادرة,عبدالوهاب السيد الرفاعي,4.08,Fiction,Arabic,m
40872,Ben and Leah's Business Adventure,Mazal Ezra,4.2,,,w
40875,Animal Behavior,John Paul Scott,4.05,,English,m
40876,Somebody Always Singing You,Kaylynn Sullivan Twotrees,3.0,,English,w
40885,Borden Chantry,Louis L'Amour,4.04,Westerns,English,m
40889,My Lady of Cleves,Margaret Campbell Barnes,3.99,Historical Fiction,English,w
40894,The Woppapotamus from Titan,Helen Bonney,4.5,,,w
40900,Next Move Of God: A divine revelation of the coming revival,Fuchsia T. Pickett,4.06,,English,m
40906,Lives Less Valuable,Derrick Jensen,4.31,Fiction,English,m
40908,Open Secrets,Alice Munro,4.06,Short Stories,English,w
40913,Lord Of The Horizon,Joan Marshall Grant,4.4,,English,w
40917,Success to the Brave,Alexander Kent,4.08,Historical Fiction,English,m
40922,Empire State,Colin Bateman,3.79,Fiction,English,m
40925,Something Like What It's Supposed to Be...,Kimberly M. Denesse,3.88,,English,m
40939,Thirteen Albatrosses:,Donald Harington,3.82,Fiction,English,m
40946,Straight Down a Crooked Lane,Francena H. Arnold,4.26,Christian Fiction,English,m
40954,The Cat Who Dropped a Bombshell,Lilian Jackson Braun,3.68,Mystery,English,w
40962,"Everything Ravaged, Everything Burned",Wells Tower,3.87,Short Stories,English,m
40980,Curse of the Red Cross Ring,Earl B. Pilgrim,4.12,Fiction,English,m
40982,Uitgeverij Guggenheimer,Herman Brusselmans,3.64,Fiction,Dutch,m
40986,Spell Caster,Clifton Elliott,4.27,,English,m
40987,Indian Country,Philip Caputo,3.79,Fiction,English,m
40991,Y Matarazo no llamó...,Elena Garro,4.26,,Spanish,w
40995,علم الإجتماع الآلي,علي محمد رحومة,3.78,,Arabic,m
40996,Medieval Menace,Terri Ann Armstrong,4.0,,English,w
41009,Bryant & May Investigate the Victoria Vanishes,Christopher Fowler,4.0,Mystery,English,m
41017,Three From Galilee: The Young Man from Nazareth,Marjorie Holmes,3.91,Historical Fiction,English,w
41032,Flash for Freedom,George MacDonald Fraser,4.2,Historical Fiction,English,m
41043,Mrs. Jeffries Speaks Her Mind,Emily Brightwell,4.18,Mystery,English,w
41051,Andromeda,Pet Torres,4.91,,English,m
41059,Girlfriends Secrets,Charmaine Galloway,4.48,Drama,English,w
41060,Le Grand Voyage,Jorge Semprún,4.22,Fiction,French,m
41061,No Unhallowed Hand,Gerald N. Lund,4.34,Historical Fiction,,m
41063,Escape to God: How Our Family Left the Rat Race Behind to Search for Genuine Spirituality and the Simple Life,Jim Hohnberger,4.21,,English,m
41074,Model Home,Eric Puchner,3.48,Fiction,English,m
41089,Life and times of the Messengers,Darussalam (Editor),4.52,Islam,English,m
41090,"Last Tangle in Paris (The Redemption Series, #4)",Maeve Christopher,4.67,,English,w
41093,Tommo and Hawk,Bryce Courtenay,4.05,Historical Fiction,English,m
41109,بات عمر بھر کی ہے [Baat Umar Bhar Ki Hai],Umera Ahmed,3.51,,Urdu,m
41114,"I Can Cook ""Pastry"" (My Children's Cook Book, #1)",Marika Germanis,4.63,,English,w
41115,Entre el valle y las sombras,Isabel Acuña,4.28,,Spanish,w
41125,Accabadora,Michela Murgia,3.96,Fiction,Italian,w
41136,Henri Cartier-Bresson: Photographer,"Henri Cartier-Bresson, Yves Bonnefoy",4.69,Photography,English,m;m
41143,Three Keys to Murder,"Gary Williams , Vicky Knerly",3.95,Fiction,,m;w
41144,24 Hours by Greg Iles Lesson Plans,BookRags,4.13,,English,m
41153,Josephine Wall's Palette of Dreams,Susan D. Brandenburg,4.5,,English,w
41159,Sincere's Rise Out The Hood II,Ms. Venom,4.0,,English,m
41161,Ancient Art And Ritual,Jane Ellen Harrison,3.78,Art,English,w
41183,The Rabbi's Cat,Joann Sfar,4.03,Graphic Novels,English,w
41184,Complete Guide For Python Programming: Quick & Easy Guide To Learn Python (Python Programming For Beginners Book 2),James P. Long,3.33,,English,m
41186,Mondscheinküsse halten länger,Carolin Wahl,3.91,,German,w
41193,Prins Valiant (Jaargang 1959),Hal Foster,4.0,,Dutch,m
41206,La colère des enfants déchus,Catherine Fradier,3.0,,French,w
41207,მელა მაშინ უკვე მონადირე იყო,Herta Müller,3.41,Fiction,Georgian,w
41212,401 காதல் கவிதைகள் [401 Kaadhal Kavithaikal],Sujatha,4.0,,Tamil,m
41217,Mia's Boiling Point,Coco Simon,4.35,Realistic Fiction,English,w
41228,Death Along the Cimarron,Ralph Cotton,4.09,Westerns,English,m
41235,The 4 Painful Life Stories: How We Contracted Hiv/AIDS,Francis Okumu,5.0,,,m
41238,Baltimore Chronicles Volume 4,Treasure Hernandez,4.33,Crime,English,m
41239,Conversations with Henry Miller,Henry Miller (Editor),4.11,,English,m
41244,Bullfrog Builds A House,"Rosamond Dauer, Byron Barton",4.31,,English,w;m
41247,Summary of Sophie's Choice (Open Road): by William Clark Styron | Includes Analysis,NOT A BOOK,3.0,,,m
41256,La prosivendola,Daniel Pennac,4.2,Fiction,Italian,m
41258,Lubna,Monica Naranjo,3.5,,Spanish,w
41259,هنر تئاتر,عبدالحسین نوشین,4.0,,,m
41260,The Potted Quiz: Volume Eight,Andy Rose,4.56,,English,m
41267,Super Sons #7,Peter J. Tomasi,4.26,Comics,English,m
41272,Internal Lockdown,Ernie Quatrani,4.58,,English,m
41274,Turist,Ruben Östlund,3.5,Film,Swedish,m
41297,Topaz and the Green Fairies,Pat Frayne,4.39,Contemporary,English,m
41298,Lily's Story,W. Bruce Cameron,4.33,Animals,,m
41300,"Christian Homeschooling Minus the Stress: Homeschool Any Age, Without Stress, and Teach Your Child with God-Given Courage (Christian Homeschooling Series Book 2)",Sue Rumsley,4.0,,,w
41303,Heathcliff In Outer Space,Laura Rose,3.0,,English,w
41305,White Boy in Watts,Karl Wiggins,4.8,,English,m
41309,O Poder do Silêncio,Eckhart Tolle,3.76,,,m
41311,"Mia and Anthony and the Hidden Treasures: Treasure Number One – A Big, Brave Heart",Joe Khoury,5.0,,English,m
41318,Snake and Bacon's Cartoon Cabaret,Michael Kupperman,4.49,Comics,English,m
41325,Flirting for Success: The Art of Building Rapport,Jill Spiegel,3.6,Relationships,English,w
41326,Love to Water My Soul,Jane Kirkpatrick,4.29,Historical Fiction,English,w
41331,Hot Rod Hundley: You Gotta Love It Baby!,Hot Rod Hundley,4.25,,English,m
41334,The Carreta,B. Traven,4.17,Historical Fiction,English,m
41338,What Remains,Rosemary Poole-Carter,4.11,,English,w
41346,The A to Z of Hate Groups: And Their Corporate Sponsors,Derrick Jensen (Editor),0.0,,English,m
41354,Honour this Day,"Alexander Kent, Douglas Reeman",4.03,Historical Fiction,English,m;m
41365,Jalat edellä,Reidar Palmgren,3.3,Fiction,Finnish,m
41373,Stain of Guilt,Brandilyn Collins,4.25,Christian Fiction,English,w
41378,The Cat Who Went Bananas,Lilian Jackson Braun,3.67,Mystery,English,w
41390,The Rebellion of Jane Clarke,Sally Cabot Gunning,3.75,Historical Fiction,English,w
41396,The Badger Confession,J.A. Ricketts,4.32,,,m
41397,Paul en appartement,Michel Rabagliati,4.02,Graphic Novels,French,m
41406,"Cordelia Underwood: Or, the Marvelous Beginnings of the Moosepath League",Van Reid,3.93,Historical Fiction,English,m
41414,Proverbs for Parenting: A Topical Guide for Child Raising from the Book of Proverbs/King James Version,Barbara Decker,4.49,Parenting,English,w
41417,"Ultra Cute, Vol. 6",Nami Akimoto,3.75,Manga,English,w
41418,Ang Huling Dalagang Bukid at ang Authobiography na Mali: Isang Imbestigasyon,Jun Cruz Reyes,4.22,,,m
41425,Eleventh Angel,T.D. Kaschalk,3.79,Mystery,English,m
41428,Разкази,Йордан Йовков,4.51,Bulgarian Literature,,m
41439,Movie Idols,"John Wrathall, Mick Molloy",3.5,,English,m;m
41452,Mrs. Jeffries and the Best Laid Plans,Emily Brightwell,4.08,Mystery,English,w
41463,Akhir-e-Shab Kay Hamsafar / آخر شب کے ہمسفر,Qurratulain Hyder,4.12,Fiction,Urdu,m
41466,Almost Yesterday,Dennis Higgins,4.55,Time Travel,English,m
41468,Novels II of Samuel Beckett: Volume II of The Grove Centenary Editions,Samuel Beckett,4.46,Fiction,English,m
41471,Miss Perfect,Nicole Dunlap,4.44,Drama,English,w
41478,Walt Disney's Ludwig Von Drake (A Little Golden Book),Gina Ingoglia,4.25,,English,w
41479,Essence,Joseph DiBartolo,4.61,,English,m
41489,Das Spiel der Könige,Rebecca Gablé,4.4,Historical Fiction,German,w
41491,Red Car: Stories,Sallie Bingham,3.4,Short Stories,English,w
41511,"Message to Adolf, Part 1",Osamu Tezuka,4.25,Manga,English,m
41512,کوئ لمحہ خواب نھیں ہوتا (Koi Lamha Khuwab Nahi Hota),Umera Ahmed,3.46,,Urdu,m
41546,Silence Once Begun,Jesse Ball,3.66,Fiction,English,m
41559,Body Snatchers,Love Maddox,4.33,,English,m
41561,"Lucia (Lucia, #1)",Cannie Möller,3.14,,Swedish,m
41570,Secrets of a Charmed Life,Susan Meissner,4.19,Historical Fiction,English,w
41571,I met a jerk whose name is Seven,HaveYouSeenThisGirL,4.43,,Tagalog,m
41576,Python Programming For Beginners: Quick And Easy Guide For Python Programmers,James P. Long,3.91,,,m
41581,Ohne Hintern wär ich sexy (German Edition),Sandra Hausser,4.25,,German,w
41585,كتيبة سوداء,محمد المنسي قنديل,3.83,Novels,Arabic,m
41586,With One Sky Above Us: The Story of Chief Joseph and the Nez Perce Indians,Nancy Plain,4.25,,English,w
41594,Summoned to Darkness,Anne-Marie Sheridan,4.0,Fiction,English,w
41599,The Finkler Question,Howard Jacobson,2.79,Fiction,English,m
41606,Chalkline,Jane Mitchell,3.65,School,English,w
41612,Die Flammen Der Dunkelheit,Evelyne Okonnek,3.75,,German,w
41616,A Vida Humana e o Espírito Imortal,Hercilio Maes,4.67,,,m
41619,Kadicha,Alexandre Najjar,4.4,,English,m
41620,Sun Mountain,Richard S. Wheeler,4.33,Fiction,English,m
41623,Der Junge und das Meer,Chingiz Aitmatov,4.27,Russia,German,m
41625,God Help the Child,Toni Morrison,3.75,Fiction,English,m
41626,Brazil: Insights,Francis Okumu,5.0,,English,m
41630,Baltimore Chronicles Volume 1,Treasure Hernandez,4.25,Urban,English,m
41632,The Wary Transgressor,James Hadley Chase,3.77,Crime,,m
41637,End Times Fiction: A Biblical Consideration of the Left Behind Theology,Gary DeMar,4.02,Theology,English,m
41639,The Magic String,Francene Sabin,4.38,Animals,English,m
41642,Summary of The Murder House: by James Patterson | Includes Analysis,NOT A BOOK,5.0,,English,m
41656,Signor Malaussène,Daniel Pennac,4.14,Fiction,Italian,m
41659,زنبورعسل مورچگان موریانه,Maurice Maeterlinck,3.9,,Persian,m
41662,Breadcrumbs: Bite Sized Musings on Leadership and Life,Matthew DiGeronimo,4.33,,,m
41665,Un léger passage à vide,Nicolas Rey,3.27,,French,m
41670,Super Sons #6,Peter J. Tomasi,4.21,Comics,English,m
41671,The Last Dance and Other Stories,Victoria Hislop,3.48,Short Stories,English,w
41672,ثاني لفة يمين: رحلة البحث عن مهنتك المناسبة‬,د.أمجد الجنباز,4.14,,Arabic,m
41677,The Venn Effect,W.K. Rader,5.0,,English,m
41687,مالك الحزين,إبراهيم أصلان,3.63,Novels,Arabic,m
41689,The Disinherited Journal Of A Palestinian Exile,Fawaz Turki,4.0,Memoir,,m
41697,"Desire & Decorum, Book 2 (Desire & Decorum, #2)",NOT A BOOK,4.12,Historical Fiction,English,m
41702,"A Holy Life, the Beauty of Christianity: Or, an Exhortation to Christians to Be Holy",John Bunyan,4.0,,English,m
41710,Move Over Shakespeare Tales From The Baron,Billy J. Barnum,5.0,,English,m
41713,El ruletista,Mircea Cărtărescu,4.18,Romanian Literature,Spanish,m
41714,Turned On: Decorative Lamps Of The Fifties,"Leland Payton, Crystal Payton",3.75,,English,m;w
41716,Cabbie with a Dangerous Mind,Karl Wiggins,5.0,,English,m
41718,A Piece of the World,Christina Baker Kline,3.86,Historical Fiction,English,w
41725,Oh My Stars,Lorna Landvik,3.89,Fiction,English,w
41727,Fatal Choice: Nuclear Weapons: Survival Or Sentence,Richard Butler,3.5,,English,m
41729,Jane and the Man of the Cloth,Stephanie Barron,3.85,Mystery,English,w
41731,The Search for Wallace Whipple,Donald S. Smurthwaite,3.97,Lds,,m
41746,"How to Disappear: From Abusive Spouses, Bloodhounds, and the CIA",Derrick Jensen (Editor),0.0,,English,m
41748,A Small Part of History,Peggy Elliott,3.41,Historical Fiction,English,w
41752,Come Winter,Evan Hunter,3.56,Fiction,English,m
41753,Lost Nation,Jeffrey Lent,3.99,Historical Fiction,English,m
41756,A Tradition Of Victory,"Alexander Kent, Douglas Reeman",4.11,Historical Fiction,English,m;m
41780,The Cat Who Had 60 Whiskers,Lilian Jackson Braun,3.43,Mystery,English,w
41794,Lying Awake,Mark Salzman,3.83,Fiction,English,m
41805,Harming Others,Casey Finch,4.75,,English,m
41806,Dark Spring,Unica Zürn,4.08,Fiction,English,m
41808,"Fiddler's Green: Or a Wedding, a Ball, and the Singular Adventures of Sundry Moss",Van Reid,4.17,Fiction,English,m
41818,Emily's Shoes,Dermot Bolger,3.55,Fiction,,m
41833,"Ultra Cute, Vol. 7",Nami Akimoto,3.75,Manga,English,w
41834,Of Love and Other Lemons,Katrina Stuart Santiago,4.16,,,w
41848,Bir Pervane İçin En Acı Şey Donarak Ölmektir,Ali Çakır,5.0,Turkish,Turkish,m
41852,Royal Flash,George MacDonald Fraser,4.13,Historical Fiction,English,m
41861,Coven of Celsus Elizabeth,Randy V.,3.33,Erotica,English,m
41862,Mrs. Jeffries and the Yuletide Weddings,Emily Brightwell,4.05,Mystery,English,w
41868,The Rape of Tamar,Dan Jacobson,3.29,Fiction,English,m
41871,A Highland Christmas,M.C. Beaton,3.86,Mystery,English,m
41875,Midnight all Day,Hanif Kureishi,3.37,Fiction,English,m
41878,Joe College,Tom Perrotta,3.39,Fiction,English,m
41883,Play For Life,Danish Sayanee,4.67,,English,m
41884,Miss Scandalous,Nicole Dunlap,4.25,Fiction,English,w
41886,A Season of Joy,Gerald N. Lund,4.32,Historical Fiction,,m
41895,The Last Samurai,Helen DeWitt,4.16,Fiction,English,w
41899,My Own Devices,Corey Frost,3.92,,English,m
41907,The Potato Factory,Bryce Courtenay,4.11,Historical Fiction,English,m
41918,"Message to Adolf, Part 2",Osamu Tezuka,4.35,Manga,English,m
41919,آؤ ہم پہلا قدم دھرتے ہیں [Aao Hum Pehla Qadam Dhartay Hain],Umera Ahmed,3.53,,Urdu,m
41921,Pasión y traición,Florencia Canale,3.43,,Spanish,w
41936,Grace Works,Dudley Hall,4.53,,English,m
41938,The Long Autumn,"Roger Rheinheimer , Crystal Linn",4.43,,English,m;w
41940,Map of Thieves,Michael J. Karpovage,4.21,Mystery,English,m
41951,Lunch with the Generals,Derek Hansen,4.18,Fiction,English,m
41955,Black Flies,Shannon Burke,3.73,Fiction,English,m
41957,Bankroll Squad Augusta,Cole Hart,4.41,,English,m
41961,Dengesiz Bir Aşkın Anatomisi,Duygu Özlem Yücel,3.65,,Turkish,m
41974,LICIK,"Sham Hashim, Julie Anne",3.87,Fiction,Malay,m;w
41979,zersetzt,Lena Sander,3.93,,English,w
41986,Drawing For Beginners: From Dot To Drawing Shapes And Forms,Renee B. Williams,4.0,,English,w
41995,خرده جنایتهای زن و شوهری,Éric-Emmanuel Schmitt,3.91,Plays,,m
42005,The Lost Manuscript of Martin Taylor Harrison,Stephen Bly,4.34,Christian Fiction,English,m
42009,"Чапаев и Пустота. Жёлтая стрела (Сочинения в 3-х т., Т. 1)",Victor Pelevin,4.41,Russia,Russian,m
42012,Memórias do Padre Germano,Amalia Domingo Soler,4.89,,,w
42015,Dziewczyna która pływała z delfinami,Sabina Berman,3.78,Fiction,Polish,w
42024,Baltimore Chronicles Volume 2,Treasure Hernandez,4.35,,English,m
42030,The Thirteen-Gun Salute,Patrick O'Brian,4.4,Historical Fiction,English,m
42034,"Billy's Log. The Hilarious Diary of One Man's Struggle With Life, Lager and the Female Race",Dougie Brimson,3.92,,English,m
42036,Max Danger: The Adventures of an Expat in Tokyo,Robert J. Collins,3.73,Japan,English,m
42037,"Summary of Thinking, Fast and Slow: by Daniel Kahneman | Includes Analysis",NOT A BOOK,3.91,,English,m
42042,Свръхбогатите. История на големите имущества.,Endre Gomori,3.94,,Bulgarian,m
42052,God Damn It Smith - a vigilante justice noir detective action thriller (Hit Man Smith Series Book 1),Mastho Vamsee,3.57,,,m
42056,Super Sons #5,Peter J. Tomasi,4.34,Comics,English,m
42059,يوميات مدرس في الأرياف,حسام مصطفى إبراهيم,3.51,,Arabic,m
42064,"Vagabond, Vol. 1",Takehiko Inoue,4.48,Manga,English,m
42071,The Shock of Your Life,Adrian Holloway,3.92,Christian,English,m
42083,Here Until August: Stories,Josephine Rowe,3.85,Short Stories,English,w
42097,"Woody Notes, and Heat Sneaking up Fast",Danny Winter,5.0,,English,m
42100,O Jardim Filosofal - Filosofia de Deuses e Demônios,Adriano Camargo Monteiro,4.0,,,m
42103,Fatal Choice: Nuclear Weapons And The Illusion Of Missile Defense,Richard Butler,0.0,,English,m
42107,Jane and the Wandering Eye,Stephanie Barron,3.86,Mystery,English,w
42122,Resistance Against Empire,Derrick Jensen,4.26,Politics,English,m
42125,Mrs. Kimble,Jennifer Haigh,3.65,Fiction,English,w
42127,Sword of Honour,"Alexander Kent, Douglas Reeman",4.09,Historical Fiction,English,m;m
42151,The Cat Who Brought Down the House,Lilian Jackson Braun,3.81,Mystery,English,w
42164,The Soloist,Mark Salzman,3.66,Fiction,English,m
42167,Edgar Cayce's Story of Jesus,Jeffrey Furst,4.07,Spirituality,English,m
42169,The Badger Riot,J.A. Ricketts,3.93,,English,m
42171,Lea,"Pascal Mercier, Peter Bieri",3.63,Fiction,German,m;m
42173,أبي اسمه إبراهيم,أحمد خيري العمري,3.73,Novels,Arabic,m
42184,Beyond My Wildest Dreams: Diary of a UFO Abductee,Kim Carlsberg,4.17,,English,m
42185,Getting Into Poetry: A Readers' and Writers' Guide to the Poetry Scene,Paul Hyland,3.65,,English,m
42186,The Family on Paradise Pier,Dermot Bolger,3.91,Fiction,English,m
42194,A Conquering Faith: Doctrinal Foundations for Christian Reformation,William O. Einwechter,4.9,Theology,English,m
42198,"Ultra Cute, Vol. 8",Nami Akimoto,4.08,Manga,English,w
42199,Mass,F. Sionil José,4.04,Fiction,English,m
42210,Deciding for Others: The Ethics of Surrogate Decision Making,"Allen Buchanan, Dan W. Brock",4.15,,English,m;m
42229,Janet Evanovich Three and Four Two-Book Set,Janet Evanovich,4.35,Mystery,,w
42230,Mrs. Jeffries and the Silent Knight,Emily Brightwell,4.03,Mystery,English,w
42234,A Cloud on Sand,Gabriella De Ferrari,3.67,,English,w
42239,Theo: Antworten aus dem Kinderzimmer,Daniel Glattauer,3.65,German Literature,German,m
42240,EMENGARDA,Pet Torres,5.0,,,m
42248,The Full Cupboard of Life,Alexander McCall Smith,4.02,Mystery,English,m
42253,So Great a Cause,Gerald N. Lund,4.34,Historical Fiction,,m
42271,Die Hüter der Rose,Rebecca Gablé,4.48,Historical Fiction,German,w
42276,Golden Words,Darussalam (Editor),4.17,,English,m
42288,مٹھی بھر مٹی (Muthi Bhar Mitti),Umera Ahmed,4.21,,Urdu,m
42295,El Sacramento,Fernanda Pérez,4.3,,,w
42314,Amish Forever : A New Journey - Volume 10 - Happiness for All,"Roger Rheinheimer , Crystal Linn",4.33,,English,m;w
42316,Crown of Serpents,Michael J. Karpovage,3.81,Fiction,English,m
42327,Street Bitches Don't Need Love 2,Alicia Howard,4.59,,English,w
42332,Rehat Bersama Kyai Kocak: Ronde #3 Demam Kampanye,Abdul Mutaqin,4.0,,Indonesian,m
42333,Delicious Love Triangle,Sedonia Guillone,3.4,Menage,,m
42349,Natural Body Scrubs At Home: Exfoliates To Make Your Skin Smooth And Soft,Megan Coulter,4.5,,English,w
42351,الانفجار,محمد حسنين هيكل,4.05,Politics,Arabic,m
42362,Hoop en andere gevaarlijke verlangens,Laila Lalami,3.71,Fiction,Dutch,w
42366,Les bestiaires,Henry de Montherlant,3.86,,French,m
42384,No Man's Land: What to Do When Your Company Is Too Big to Be Small but TooSmall to Be Big,Doug Tatum,3.92,Business,English,m
42386,"The Spiritual Exercises of ECK: Your Doorway to Wisdom, Freedom, and Love",Harold Klemp,4.4,New Age,English,m
42392,Precious Diamond when you play for keeps,AVN,4.5,,English,m
42393,The Prescribed Burn,Laryssa Wirstiuk,4.29,Coming Of Age,English,m
42398,Top Dog,Dougie Brimson,3.98,,English,m
42399,More Max Danger,Robert J. Collins,3.81,Japan,,m
42400,Summary of Shoe Dog: by Phil Knight | Includes Analysis,NOT A BOOK,5.0,,English,m
42404,Grand Days,Frank Moorhouse,3.7,Fiction,English,m
42408,Sheep Manual: The complete step-by-step guide to caring for your flock,Liz Shankland,4.8,,English,w
42410,Amore mio infinito,Aldo Nove,3.57,Fiction,Italian,m
42416,Ofendra,Earl T. Roske,4.5,,,m
42419,Un Sang D'aquarelle,Françoise Sagan,3.58,Fiction,English,w
42420,Super Sons Annual #1,Peter J. Tomasi,3.51,Comics,,m
42422,Kendine İyi Bak,Arda Erel,3.86,,Turkish,w
42425,Still Not Satisfied,S.A. Brown,3.88,,English,m
42428,The Slide,Kyle Beachy,3.57,Fiction,English,m
42429,لا أحب الآخرين,محمد قرنه,3.0,,Arabic,m
42434,Valley of Stars,Ava Miles,4.52,Contemporary Romance,,w
42439,PEN America Best Debut Short Stories 2019,Yuka Igarashi  (Editor),3.99,Short Stories,English,w
42446,'Til Undeath Do Us Part,Jessica Alter,4.25,Drama,,w
42447,"Seed Money: The Entrepreneur (The Delegate, #1)",Cyndie Shaffstall,4.07,,English,w
42450,Zia's Colors,Wendy Body,4.67,,English,w
42451,Top Producer,Laura Wolfe,4.43,,,w
42453,Heridas del viento,Virginia Mendoza,4.14,,Spanish,w
42458,Six Months in the Gold Mines: From a Journal of Three Years Residence in Upper and Lower California 1847-48-49.,Edward Gould Buffum,4.0,,English,m
42459,"No reino das Sombras: Desvendando o mistério dos mistérios, o segredo do segredo, o oculto e o ocultado",Hélio Couto,5.0,,,m
42461,Purple America,Rick Moody,3.45,Fiction,French,m
42462,North Dallas Forty,Peter Gent,3.89,Sports,English,m
42463,"Second to None: A Documentary History of American Women. Volume 1, From the Sixteenth Century to 1865","Ruth Barnes Moynihan (Editor), Ruth B. Moynihan",3.87,History,English,w;w
42465,Eating Mammals: Three Novellas,John Barlow,3.19,Fiction,English,m
42467,The Choice: Nuclear Weapons Versus Security,Gwyn Prins,0.0,,,m
42475,Murphy's Law,Rhys Bowen,3.86,Mystery,English,m
42477,The Authentic Death of Hendry Jones,Charles Neider,3.84,Westerns,English,m
42481,Toward Amnesia,Sarah Van Arsdale,3.43,Fiction,English,w
42484,Blitzfreeze,Sven Hassel,4.0,War,English,m
42485,"Filled With The Spirit, Understanding Gods Power in your life",Joyce Meyer,4.35,Christian,,w
42497,The Secret of the Bulls,José Raul Bernardo,3.33,Fiction,English,m
42505,"Don Quixote, U.S.A.",Richard Powell,4.32,Fiction,,m
42528,The Cat Who Sang for the Birds,Lilian Jackson Braun,3.89,Mystery,English,w
42546,The Dalai Lamas on Tantra,Glenn H. Mullin (Editor),3.91,,English,m
42550,Thereby Hangs a Tail,Spencer Quinn,4.02,Mystery,English,m
42554,"Farewell, I'm Bound to Leave You",Fred Chappell,4.18,Fiction,English,m
42557,Shedrow,Dean DeLuke,3.52,,English,m
42568,The Vampire Hunter's Daughter Collectors Edition,Jennifer Malone Wright,4.19,Vampires,,w
42579,The Jesus Touch,Lynn Anderson,4.43,,English,m
42583,Esmiuçar os Gato Fedorento,Rui Pedro Brás (Author),2.88,,Portuguese,m
42586,A Dispensational Theology,Charles F. Baker,5.0,Theology,,m
42594,Mrs. Jeffries and the Feast of St. Stephen,Emily Brightwell,4.05,Mystery,English,w
42612,Billy Graham: God's Ambassador,Russ Busby,4.05,Biography,English,m
42618,BASH,Mike Bartos,4.06,,English,m
42634,Second Person Singular,Sayed Kashua,3.97,Fiction,,m
42649,Partnership Defense,Kit Woolsey,4.67,,English,m
42655,سوگ سیاوش,Shahrokh Meskoob,3.91,Literature,Persian,m
42656,The Eighth Tale,lettered,3.38,Fan Fiction,English,m
42658,تیری یاد خار گلاب ہے (Teri Yaad Khaar-e-Gulaab Hai),Umera Ahmed,3.6,,Urdu,m
42663,Le cronache fantastiche. Delitti - Fantasmi,Dino Buzzati,4.29,Fiction,Italian,m
42671,Biggles Hits the Trail,W.E. Johns,3.59,Fiction,English,m
42673,The Unofficial Zack Warren Fan Club,J.C. Isabella,3.75,Sports,English,m
42681,Amish Forever - The Complete Series (Helping Hands Press Book 13),"Roger Rheinheimer , Crystal Linn",4.5,,English,m;w
42688,Lunch With The Stationmaster,Derek Hansen,4.34,Fiction,English,m
42689,Darling It's Death,Richard S. Prather,3.55,Mystery,English,m
42696,Saia,Djenar Maesa Ayu,3.35,Indonesian Literature,Indonesian,m
42702,Cowboy and the Crow,Sedonia Guillone,3.73,M M Romance,English,m
42715,Kari,Amruta Patil,3.82,Graphic Novels,English,m
42718,Lost Letters,Esraa Saad,3.86,,English,m
42725,Digital Photography,Renee B. Williams,5.0,,English,w
42728,Jurnal de război: 1916-1917,"Maria, Regina României",4.68,History,Romanian,w;w
42733,The First Christmas Carol,Marianne Jordan,4.43,Christmas,English,w
42736,"It's A Love/Hate Thing, Honey Series 1 - Highschool",Riela_pollie,3.0,Contemporary,,m
42744,Приглашение на казнь. Камера обскура. Отчаяние,Vladimir Nabokov,4.33,,Russian,m
42748,Geisterzeilen,Janina Ebert,4.04,,German,w
42754,L'Olympe des Infortunes,Yasmina Khadra,3.33,Fiction,French,w
42756,Traplines,Eden Robinson,4.02,Short Stories,English,w
42757,Lütt Matten und die weiße Muschel,Benno Pludra,4.22,,,m
42760,Pardonable Lies,Jacqueline Winspear,4.09,Mystery,English,w
42765,"Home, Sweet Tokyo: Life in a Weird and Wonderful City","Rick Kennedy, Akio Morita",3.82,Japan,English,m;m
42766,Summary of The Obstacle Is the Way: by Ryan Holiday | Includes Analysis,NOT A BOOK,4.75,,English,m
42781,"SELF-DISCIPLINE: ACHIEVE YOUR GOALS AND GAIN SUCCESS IN LIFE THROUGH THE MASTERY OF SELF DISCIPLINE (Self Help, Habits, Procrastination, Self Control, Productivity, Habits)",Floyd Callahan,3.5,,,m
42785,Siegfried,Harry Mulisch,3.65,Fiction,English,m
42787,Din zbuciumul captivităţii,Gheorghe Caracaș,3.78,,Romanian,m
42789,A Devoted Son,Anita Desai,3.59,Short Stories,,w
42793,Mirador de la Memoria,Ewa Miendlarzewska,3.67,,English,w
42815,Las nuevas noches árabes / Markheim,Robert Louis Stevenson,4.33,,Spanish,m
42819,The Commuter,Patrick Oster,4.23,Novels,,m
42822,Inspiring Animal Tales: Heartwarming Stories of Courage and Devotion,Roxanne Willems Snopek,4.4,,English,w
42824,My Flipping Life: The Furniture Flipping Guide for People Who Want More Than Just a Hobby,Michele Corwin,4.75,,,w
42825,Quién te cerrará los ojos. Historias de arraigo y soledad en la España rural,Virginia Mendoza,3.79,,Spanish,w
42828,"Cooking with Pooh: Yummy Tummy Cookie Cutter Treats, with Four Cookie Cutters",Marlene Brown,3.46,Cooking,English,w
42833,California Coast Trails; A Horseback Ride from Mexico to Oregon,J. Smeaton Chase,4.41,,English,m
42836,The Autobiography of Foudini M. Cat,Susan Fromberg Schaeffer,4.04,Fiction,English,w
42872,The Choiring of the Trees,Donald Harington,4.2,Fiction,English,m
42878,Make A Joyful Sound: The Romance of Mabel Hubbard and Alexander Graham Bell,Helen Elmira Waite,4.24,Biography,English,w
42887,The Cat Who Lived High,Lilian Jackson Braun,3.9,Mystery,English,w
42905,To Fetch a Thief,Spencer Quinn,4.06,Mystery,English,m
42908,The Grace That Keeps This World,Tom Bailey,3.76,Fiction,English,m
42918,Gabriel's Gate,Tom Galvin,3.63,,English,m
42925,Great with Child: A Story of the Thirteenth Colony,Helen Lawrence,4.0,,English,w
42926,Guard Your Tongue: A Practical Guide to the Laws of Loshon Hora (Gossip and Slander),Zelig Pliskin,4.18,Judaism,,m
42937,Céu Em Fogo,Mário de Sá-Carneiro,4.04,Fiction,Portuguese,m
42938,The Cop Next Door,Gia Blue,3.35,Erotica,English,m
42940,I Have Tampered with the Divine Plan,Tony Cochran,4.09,Comics,English,m
42949,Mrs. Jeffries Sweeps the Chimney,Emily Brightwell,4.05,Mystery,English,w
42952,Violet,Pet Torres,3.33,,English,m
42958,The Mystery at Marlatt Manor (Book One),Anne Loader McGee,3.89,Mystery,English,w
42960,Highland Magic,K.E. Saxon,4.12,Historical Romance,,m
42961,Boranla Gelen,Nikiforos Vrettakos,3.55,,Turkish,m
42983,The Healing,Jonathan Odell,3.99,Fiction,English,m
42986,"Three Novels of World War II: The Rising Tide, The Steel Wave, No Less Than Victory",Jeff Shaara,4.41,Historical Fiction,English,m
42987,"Smarter Than Man? Intelligence In Whales, Dolphins, And Humans",Karl Erik Fichtelius,3.43,,,m
43000,Matchpoints,Kit Woolsey,4.61,,English,m
43006,काळे पाणी,V.D. Savarkar,4.17,Marathi,Marathi,m
43007,ہلال جراءت (Halal-i-Jur'at),Umera Ahmed,4.2,,Urdu,m
43008,Čudo u Poskokovoj Dragi,Ante Tomić,4.28,Humor,Croatian,m
43012,El instante en que te vi,María Laura Gamberro,3.62,,Spanish,m
43016,Questa notte mi ha aperto gli occhi,Jonathan Coe,3.1,Fiction,Italian,m
43017,Skybound,Wendy Beck,4.33,New Adult,English,w
43018,Here Before Kilroy,Su Walton,5.0,Fiction,English,m
43023,Disputed Barricade,Fitzroy Maclean,5.0,,English,m
43025,"The Other Man: A West Coast Novel, Book 4",Jasmine Haynes,3.68,Contemporary,English,w
43026,Where's Ava,"Roger Rheinheimer , Crystal Linn",4.25,,English,m;w
43041,One More Thing: Stories and Other Stories,B.J. Novak,3.68,Short Stories,,m
43042,Rehat Bersama Kyai Kocak: Kyai Kocak vs Liberal Ronde #2,Abdul Mutaqin,3.92,,Indonesian,m
43043,My Hot Muse,Sedonia Guillone,3.31,M M Romance,English,m
43044,Marie's World,"Joe E. Legend, Kristal McKerrington",3.93,,English,m;w
43058,Marriage: Seven Principles of Making Marriage Work,Megan Coulter,5.0,,English,w
43061,Țara mea,"Maria, Regina României",4.39,,Romanian,w;w
43065,Le sang du monde : Le voyage de Théo,Catherine Clément,3.26,Fiction,English,w
43067,A Fortunate Age,Joanna Rakoff,3.09,Fiction,English,w
43068,تماما مخصوص,عباس معروفی,3.77,Novels,Persian,m
43077,Walking Naked,Nina Bawden,3.93,Fiction,English,w
43081,Indian Yell: The Heart of an American Insurgency,Michael Blake,3.94,History,English,m
43083,"Защита Лужина: романы, рассказы [Zashchita Luzhina: Romany, Rasskazy]",Vladimir Nabokov,4.3,Russian Literature,Russian,m
43089,Salmos de Redenção,Gilvanize Balbino Pereira,5.0,,,m
43091,La dernière nuit du Raïs,Yasmina Khadra,3.67,Fiction,French,w
43103,Summary of Contagious: by Jonah Berger | Includes Analysis,NOT A BOOK,5.0,,English,m
43111,La soledad de las parejas,Dorothy Parker,4.05,,Spanish,w
43113,The Mirror Crack’d from Side to Sided,"Anne Collins, Agatha Christie",3.5,,English,w;w
43119,ان خردمند دیگر,هنری ون دایک,4.14,,,m
43121,How to save 4 Figures this Year: Life Changing Techniques that will save you Money,Kenneth Bellard,3.75,,English,m
43123,As Bright as Heaven,Susan Meissner,4.07,Historical Fiction,English,w
43124,Toute ma vie,Jay McInerney,3.64,Fiction,French,m
43130,Revlenion and the Guardian Manifesto,Kalvin Klaus,4.67,,English,m
43145,Humiliation,Paulina Flores,3.77,Short Stories,English,w
43146,Reginald Bones 3,Lucian Bane,4.6,Dark,,m
43154,"Clyde Fans, Book 1",Seth,3.86,Comics,English,m
43156,Captain Quark and the Time Cheaters,"William Shatspeare , Timothy McGettigan",5.0,,,m;m
43160,Goethe en Dachau,Nico Rost,4.51,Memoir,Spanish,m
43163,Calling the Children of the Sun,Marcelo Ramos Motta,4.2,,English,m
43170,Weapons of Mass Destruction: Threat and Response,Michael Mandelbaum,4.5,,English,m
43171,Leaving Home,Garrison Keillor,3.81,Fiction,English,m
43174,"Lock Me Up or Let Me Go: The Protests, Arrest and Trial of an Environmental Activist",Betty Krawczyk,3.8,,English,w
43175,Funeral in Blue,Anne Perry,3.93,Mystery,English,w
43177,The Final Unfinished Voyage of Jack Aubrey,Patrick O'Brian,3.99,Historical Fiction,English,m
43181,Goldilocks,Ed McBain,3.72,Mystery,English,m
43205,Surrender in Moonlight,"Stella Price , Audra Price",4.26,Paranormal Romance,English,w;w
43215,The Abyss of Human Illusion,Gilbert Sorrentino,3.77,Fiction,English,m
43220,The All of It,Jeannette Haien,3.68,Fiction,English,w
43232,Ester Ried,"Pansy, Isabella MacDonald Alden",4.23,Christian Fiction,,w;w
43233,Dieu et nous seuls pouvons,Michel Folco,4.32,France,French,m
43235,Simple Prayers,Michael Golding,4.1,Fiction,English,m
43251,The Beginning Of The Road,Vasily Chuikov,3.92,Military History,English,m
43252,"Daredevil, Volume 3",Mark Waid (Writer),4.12,Comics,English,m
43254,"Oh, James! (James, #2)",Mark Tonra,3.79,,Portuguese,m
43263,Selena Gómez,Sarah Tieck,4.42,,English,w
43266,The Ghost and Mrs. Jeffries,Emily Brightwell,3.85,Mystery,English,w
43270,এইসব দিনরাত্রি,Humayun Ahmed,4.27,Fiction,Bengali,m
43271,Country of the Bad Wolfes,James Carlos Blake,4.07,Historical Fiction,English,m
43273,Arranged Marriage,Pet Torres,3.19,,,m
43280,Wonder Woman: Power Outage: Choose-Your-Fate Adventure Book,DC Comics,2.9,,English,m
43286,Dalí,Lluis Llongueras,3.53,,Spanish,m
43314,Maximum Submission,Kat Madrid,4.62,,Multiple languages,w
43318,حسنہ اور حسن آراء (Husna aur Husan Aara),Umera Ahmed,3.33,,Urdu,m
43320,Kronika o našem Malom mistu,Miljenko Smoje,4.79,Humor,Croatian,m
43321,Ghost Trio,Lillian Q. Irwin,3.77,Lesbian,English,w
43327,Satan's Children,Spider Robinson,4.33,,English,m
43332,Amish Forever - Volume 10 - Ava's Admirers,"Roger Rheiheimer, Crystal Linn",4.75,,English,m;w
43344,Rehat Bersama Kyai Kocak: Kyai Kocak vs Liberal,Abdul Mutaqin,3.76,Islam,Indonesian,m
43345,Blind Love,Sedonia Guillone,3.62,M M Romance,English,m
43353,Love Among The Stars,Nick Spalding,4.21,Comedy,English,m
43355,Monkey King,Patricia Chao,3.36,Fiction,English,w
43357,Hinter verborgenen Pfaden,Kerstin Hornung,4.2,,German,w
43359,Golf is a Game for Everyone,Timothy W.Davies,4.0,,English,m
43361,Anti Inflammatory Diet: Know Everything About Inflammation & Ways To Control It,Cheryl Barnhart,4.0,,English,w
43363,"Carl Hiaasen Collection: Hoot, Flush, Scat, Chomp",Carl Hiaasen,4.48,,,m
43364,معا على الطريق: محمد والمسيح,خالد محمد خالد,3.67,Religion,Arabic,m
43372,Congolese wiskunde,In Koli Jean Bofane,3.71,Fiction,Dutch,m
43391,Jornada Dos Anjos Portuguese,Sandra Carneiro,4.5,,English,w
43392,Everybody Knows,Kyra Lennon,4.15,,English,w
43393,The Tiger's Fang: Graphic Novel,Paul Twitchell,4.1,Spirituality,English,m
43395,Le souffle du jasmin,Gilbert Sinoué,3.88,France,French,m
43401,Henhouse: How to Raise Your Own Chickens: The International Book for Chickens and Their Lovers,Buddy Wakefield,4.6,,English,m
43406,The Letter of Marque,Patrick O'Brian,4.49,Historical Fiction,English,m
43410,Summary of Lean In: by Sheryl Sandberg | Includes Analysis,NOT A BOOK,5.0,,English,m
43426,"A Simpler Guide to Gmail: An unofficial user guide to setting up and using Gmail, Inbox and Google Calendar",Ceri Clark,5.0,,,m
43430,Super Sons #2,Peter J. Tomasi,4.25,Comics,English,m
43438,It Was Time to Turn Back: A Short Story,RuGranger,4.4,,,m
43439,The Unstrung Harp,Edward Gorey,4.24,Fiction,English,m
43453,Ozark Red,Jim R. Woolard,4.0,,,m
43456,París no se acaba nunca,Enrique Vila-Matas,3.84,Fiction,Spanish,m
43457,Managing a Dental Practice: The Genghis Khan Way,Michael Young,4.33,Business,English,m
43461,اعتماد,Ariel Dorfman,3.55,Fiction,Persian,m
43465,Black Mountain Breakdown,Lee Smith,3.87,Fiction,English,m
43466,Astral Attack & Defense,Marcelo Ramos Motta,3.9,,English,m
43478,"62/Modelo Para Armar, O, El Armado Del Sentido En Julio Cortázar",Aurora Maguhn,3.95,,,w
43481,The Street of a Thousand Blossoms,Gail Tsukiyama,3.97,Historical Fiction,English,m
43486,The Last Crossing,Guy Vanderhaeghe,3.85,Fiction,English,m
43503,The Cat Who Said Cheese,Lilian Jackson Braun,3.87,Mystery,English,w
43506,Entwined By Fate,S.A. Price,4.08,Paranormal Romance,,m
43514,I Spy Christmas: Three Christmas Plays Plus a Candlelight Service,"Dean A. Anderson, Rod Tkach",4.67,,English,m;m
43517,Five Skies,Ron Carlson,3.78,Fiction,English,m
43518,Hell's Phoenix,Gracen Miller,4.53,Paranormal Romance,,m
43522,Faustus,David Mamet,3.24,Plays,English,m
43531,Apocalypse Burning: The Earth's Last Days: The Battle Lines Are Drawn,Mel Odom,4.22,Christian Fiction,English,m
43533,The Baptist Confession of Faith and The Baptist Catechism,James M. Renihan,4.86,Theology,,m
43558,Die Vollmondnacht Chroniken - Gabriel: 1 (Die Vollmondnacht Chroniken #2),Ashley Kalandur,4.0,,German,m
43561,Mrs. Jeffries Dusts for Clues,Emily Brightwell,3.8,Mystery,English,w
43564,Destiny with Blood,Pet Torres,3.44,,English,m
43565,Our Lady of Alice Bhatti,Mohammed Hanif,3.39,Fiction,English,m
43568,Blue Shoes and Happiness,Alexander McCall Smith,4.06,Mystery,English,m
43573,Damaged Girls I,Janice G. Ross,4.52,Contemporary,English,w
43579,A Second Chance At Love,P.S. Olivier,4.67,,English,m
43596,"Always Outnumbered, Always Outgunned",Walter Mosley,4.17,Fiction,English,m
43603,عکس (Aks),Umera Ahmed,4.08,Fiction,Urdu,m
43616,Guess Who I Pulled Last Night?,Nikki Ashton,3.77,Chick Lit,English,w
43617,Where Has Love Gone?,"Roger Rheinheimer , Crystal Linn",4.5,,English,m;w
43623,"Not Paul, But Jesus",Jeremy Bentham (Introduction),3.5,Christianity,English,m
43624,Tenbin wa Hana to Asobu 2,Unohana Tsukasa,3.71,,Japanese,m
43644,I Want You to Be My Second,John-Mark Davidson,4.57,,English,m
43649,Das Haus in der Löwengasse,Petra Schier,4.0,,German,w
43651,DIY Ideas At Home: Make Best Out Of Waste,Megan Coulter,4.44,,English,w
43654,Song Yet Sung,James McBride,3.94,Historical Fiction,English,m
43658,Frida: A Novel of Frida Kahlo,Bárbara Mujica,3.91,Fiction,English,w
43660,Textos Dispersos,Max Stirner,3.94,,Portuguese,m
43682,Lições da Senzala,Maria Nazareth Dória,5.0,,Portuguese,w
43689,Your Safety And Security In Rio de Janeiro,Francis Okumu,5.0,,,m
43691,The Telling Of Lies,Timothy Findley,3.72,Fiction,English,m
43694,Amazing Ghosts & Other Mysteries,Peter Eldin,4.5,Ghost Stories,English,m
43698,Summary of Station Eleven: by Emily St. John Mandel | Includes Analysis,NOT A BOOK,4.4,,English,m
43705,كلمة الله,أيمن العتوم,3.93,Novels,Arabic,m
43714,"Don't Hire a Software Developer Until You Read this Book: The handbook for tech startups & entrepreneurs (from idea, to build, to product launch and everything in between.)",K.N. Kukoyi,4.1,Business,English,m
43718,Super Sons #4,Peter J. Tomasi,4.3,Comics,English,m
43719,Blinded,Jennifer Dean,5.0,,English,w
43724,Amar Chitra Katha - The Blue Umbrella,Nimmy Chacko,4.31,Indian Literature,,m
43735,Elmet,Fiona Mozley,3.8,Fiction,English,w
43736,Able Seacat Simon: The Wartime Hero of the High Seas,Lynne Barrett-Lee,4.37,Animals,,w
43742,The Zombie Chasers #7: World Zombination,John Kloepfer,4.58,Zombies,,m
43744,El huracán y la mariposa,Yolanda Guerrero,4.18,,,w
43748,Keeper of the lost cities short stories,Shannon Messenger,4.61,,,m
43761,George Wythe of Williamsburg,Joyce Blackburn,3.6,Biography,English,w
43764,The River Wife,Jonis Agee,3.42,Historical Fiction,English,m
43774,The Language of Threads,Gail Tsukiyama,4.1,Historical Fiction,English,m
43778,The Wednesday Sisters,Meg Waite Clayton,3.54,Fiction,English,w
43790,Farther Along,Donald Harington,3.71,Fiction,English,m
43793,Sunset Over Chocolate Mountains,Susan Elderkin,3.35,Fiction,English,w
43797,The Cat Who Turned On and Off,Lilian Jackson Braun,3.96,Mystery,English,w
43802,The Complete Tales of the City,Armistead Maupin,4.34,Audiobook,English,m
43804,The Prayers of Peter Marshall,Catherine Marshall,4.3,Prayer,,w
43812,Whores for Gloria,William T. Vollmann,3.69,Fiction,English,m
43815,On Agate Hill,Lee Smith,3.77,Historical Fiction,English,m
43816,Retirement Can Be Murder,Susan Santangelo,3.61,Cozy Mystery,English,w
43828,Apocalypse Crucible: The Earth's Last Days: The Battle Continues,Mel Odom,4.08,Christian Fiction,English,m
43830,God is Just: A Defense of the Old Testament Civil Laws,Steve C. Halbrook,4.54,Law,English,m
43831,Vie devant soi de Romain Gary (Émile Ajar),Éliane Lecarme-Tabone,4.4,France,French,m
43836,The Boat,"Nam Le, Matt Huynh",3.63,Short Stories,English,m;m
43842,Saving the Whole Woman: Natural Alternatives to Surgery for Pelvic Organ Prolapse,Christine Ann Kent,4.17,Health,English,w
43851,Halley's Bible Handbook: With the New International Version,Henry H. Halley,4.47,Religion,English,m
43858,The Inspector and Mrs. Jeffries,Emily Brightwell,3.65,Mystery,English,w
43865,Handsome Harry,James Carlos Blake,3.89,Historical Fiction,English,m
43868,Delhi,Khushwant Singh,3.8,Fiction,English,m
43871,In the Company of Cheerful Ladies,Alexander McCall Smith,4.08,Mystery,English,m
43878,اشتراكية الإسلام,مصطفى السباعي,3.37,,Arabic,m
43904,Fortunate Son,Walter Mosley,3.85,Fiction,English,m
43905,"Better Date than Never Boxed Set: Vol. #1, Books 1-3",Susan Hatler,4.1,Contemporary,English,w
43911,Frida's Bed,Slavenka Drakulić,3.88,Fiction,English,w
43919,Chairil Anwar: Sebuah Pertemuan,Arief Budiman,4.13,Indonesian Literature,Indonesian,m
43924,L'annonce faite à Marie,Paul Claudel,3.75,Plays,French,m
43926,Ava's Admirers,"Roger Rheinheimer , Crystal Linn",4.54,,English,m;w
43928,La letteratura nazista in America,Roberto Bolaño,3.88,Fiction,Italian,m
43929,The Princeling,Cynthia Harrod-Eagles,4.13,Fiction,English,w
43931,The man with two wives,Patrick Quentin,3.67,,English,m
43939,Depth Charging Ice Planet Goth,Andrez Bergen,4.34,,English,m
43944,teBak-tebAkan Junior Super lucu,Hape Hang (Author),3.0,,Indonesian,m
43946,Pack Your Bags and Get Out!,Dave Clarke,4.34,,English,m
43947,Three Plays: The Cherry Orchard / Three Sisters / Ivanov,Anton Chekhov,3.86,Plays,English,m
43956,Miss Julia Speaks Her Mind,Ann B. Ross,3.77,Fiction,English,w
43957,Sport und Mord gesellt sich gern,Mila Roth,4.67,,German,w
43960,The Magic Of Tidying Up: Understand The Secrets Of Good Life,Mary Parker,2.75,,English,m
43968,Of Letting Go,Le-an Lai Lacaba,5.0,,English,m
43987,To Master Self Is to Master Life,Comte de Saint-Germain,4.83,,English,m
43989,A Ditadura Da Beleza e a Revolução das Mulheres,Augusto Cury,3.88,Psychology,Portuguese,m
43990,Dla Was,Dominique Mainard,3.1,,Polish,m
43999,The World to Come,Dara Horn,3.85,Fiction,English,w
44003,The Reverse of the Medal,Patrick O'Brian,4.42,Historical Fiction,English,m
44004,The Magic Science of the Future,Joseph F. Goodavage,5.0,,English,m
44007,Summary of Blink: by Malcolm Gladwell | Includes Analysis,NOT A BOOK,4.5,,,m
44010,Livstycken,Sune Jonsson,4.2,Photography,Swedish,m
44016,"Ramona Boxed Set: Ramona and Her Mother / Ramona Quimby, Age 8 / Ramona Forever / Ramona's World",Beverly Cleary,3.56,,English,w
44021,How To Keep your Girlfriend Happy - Keep your Relationship to the level You Desire,Lalit Kumar Singh,4.0,,,m
44029,The Island of Sea Women,Lisa See,4.25,Historical Fiction,English,w
44038,Windows on the World,Frédéric Beigbeder,3.62,Fiction,English,m
44041,Celestial Bodies,Jokha Alharthi,3.44,Fiction,English,m
44048,La ragazza con la Leica,Helena Janeczek,2.75,Fiction,Italian,w
44049,La mejor madre del mundo,Nuria Labari,3.44,Feminism,Spanish,w
44050,Tackle Block Stop,Charlotte Towner Graeber,4.33,,English,w
44058,The Body Artist,Don DeLillo,3.25,Fiction,English,m
44073,Decision and Destiny: Colette's Legacy,DeVa Gantt,4.09,Historical Fiction,English,m
44082,Flowers of Fire,Peter H. Lee,4.0,,English,m
44084,Ratcatcher,James McGee,3.8,Historical Fiction,English,m
44086,One Man's Bible,Gao Xingjian,3.7,Fiction,English,m
44087,Midnight Come Again,Dana Stabenow,4.26,Mystery,English,w
44097,The Cat Who Knew Shakespeare,Lilian Jackson Braun,3.93,Mystery,English,w
44110,Zimble Zamble Zumble,M. Sarki,4.09,,English,m
44112,Colourbook,Rosalyn Chissick,3.44,,English,w
44117,The Lovely Lady,D.H. Lawrence,3.29,Short Stories,English,m
44120,Fantasyland (Disney's Golden Treasury),Walt Disney Company,4.0,,English,m
44124,America the Beautiful,Laura Hayden,3.62,Fiction,English,w
44125,For You They Signed,Marilyn Boyer,4.6,History,English,w
44128,La Maison de Rendez-Vous and Djinn,Alain Robbe-Grillet,3.93,Fiction,English,m
44143,Psychotherapy,Marie-Louise von Franz,4.52,Psychology,English,m
44147,Grange House,Sarah Blake,3.41,Historical Fiction,English,w
44155,The Colonel,Mahmoud Dowlatabadi,3.77,Fiction,English,m
44159,"Pleas, Praises and Promises",Evelyn M. Johnson,5.0,,English,w
44163,In the Rogue Blood,James Carlos Blake,4.05,Westerns,English,m
44166,Vampires Adversaries,Pet Torres,4.0,Paranormal Romance,,m
44168,The Beet Queen,Louise Erdrich,3.89,Fiction,English,w
44185,113 Things To Do By 13,"Brittany MacLeod, Terri MacLeod",4.17,,English,w;w
44188,Works of Stephen Crane,Stephen Crane,4.07,,,m
44201,नटरंग,Anand Yadav,4.08,Marathi,Marathi,m
44202,The Charmed,Christine Wenrick,4.02,Paranormal Romance,English,w
44210,Membaca Sapardi,Riris K. Toha Sarumpaet (editor),3.96,,Indonesian,m
44215,Ava's Birthday Surprises,"Roger Rheinheimer , Crystal Linn",4.36,,English,m;w
44218,A Spirit in Prison,Robert Smythe Hichens,4.0,,English,m
44227,Cerita Pendek Tentang Cerita Cinta Pendek,Djenar Maesa Ayu,3.39,Fiction,Indonesian,m
44228,Some Danger Involved,Will Thomas,3.91,Mystery,English,m
44230,Komeng Undercover,Boim Lebon,3.77,,Indonesian,m
44242,... dein Freund und Mörder,Mila Roth,4.42,,German,w
44244,The Gifts Of Imperfection: A Complete Guide to Live Life on Your Own Conditions,Megan Coulter,5.0,,English,w
44255,Less Than Three,Le-an Lai Lacaba,5.0,,English,m
44256,Ulvova mylläri,Arto Paasilinna,3.79,Fiction,Finnish,m
44268,SHE: a short story in verse,Jessica Bell,4.87,,English,w
44277,Quitting My Full Time Job To Raise Quails: How I Made A Fortune And What You Can Learn From My Experience,Francis Okumu,3.22,,,m
44283,The Accidental,Ali Smith,3.35,Fiction,English,m
44284,Storm on the Sun,Joseph F. Goodavage,4.5,,English,m
44288,Summary of Spark Joy: by Marie Kondo | Includes Analysis,NOT A BOOK,4.25,,English,m
44291,Yine de Âmin,Sinem Sal,3.59,,Turkish,w
44293,رسالة في توقيت حرج,نهى أمر الله,3.81,Novels,Arabic,m
44302,"How To Survive Life’s Perfect Storms: A Guide to Managing Personal, Career and Relationship Transitions",Klara Gubacs-Collins,5.0,,,w
44303,King Jesus,Robert Graves,3.86,Historical Fiction,English,m
44306,La Picara Justina,Francisco López de Úbeda,3.17,,Spanish,m
44310,Cuba Libre. Una historia real de amor sobre escapar dentro y fuera de Cuba.,Cheryl Ness,3.76,,Spanish,w
44322,Au secours pardon,Frédéric Beigbeder,3.23,France,French,m
44333,Ama,José Ignacio Carnero,3.8,Fiction,,m
44335,Eastendbutchers Short Story Collection: Tales With Meat On The Bone,Joe Lawrence,5.0,,,m
44336,جنایت سیلوستربونارد,آناتول فرانس,3.0,,,m
44337,Éloge de la folie,Erasme,3.86,,,m
44344,The Principle of Duty: An Essay on the Foundations of the Civic Order,David Selbourne,2.17,,English,m
44350,The Amateur Marriage,Anne Tyler,3.62,Fiction,English,w
44361,Working Parts,Lucy Jane Bledsoe,3.69,Fiction,English,w
44363,Beijing Coma,Ma Jian,3.86,China,English,m
44370,The Waddi Tree,Kerry McGinnis,3.96,Fiction,English,m
44375,Snobs,Julian Fellowes,3.42,Fiction,English,m
44388,The Nancy Mitford Omnibus,Nancy Mitford,4.44,Fiction,English,w
44394,"God Bless You, Mr. Vonnegut",Bryan Young,3.67,,English,m
44397,cicle of arms,wendy madocks,4.0,,English,m
44405,"Red, White, and Blue",Laura Hayden,3.62,Fiction,English,w
44410,Harriet Huxtable & The Trouble With Teachers,Louise Pike,4.0,,,w
44426,Penguin: Pain and Prejudice,Gregg Andrew Hurwitz,3.9,Comics,English,m
44427,Dilbert Gives You the Business,Scott Adams,3.95,Humor,English,m
44437,The Place of Gentle Waters,Jessica Maji,5.0,,English,w
44438,Project Sunlight,June Strong,4.13,Christian,English,w
44439,পার্থিব,Shirshendu Mukhopadhyay,4.29,Fiction,Bengali,m
44440,The Pistoleer,James Carlos Blake,3.95,Historical Fiction,English,m
44442,The Pakistani Bride,Bapsi Sidhwa,3.47,Pakistan,English,m
44460,Golden Stories of Sayida Khadija (R.A),Abdul Malik Mujahid,4.48,Islam,English,m
44468,"The Small House at Allington, Volume 2",Anthony Trollope,4.18,,English,m
44475,Hanta Yo: An American Saga,Ruth Beebe Hill,4.32,Historical Fiction,English,w
44478,Okvir za mržnju,Ivan Aralica,3.57,,Croatian,m
44489,Eyrie,Tim Winton,3.59,Fiction,English,m
44491,Broken Hearts,"Roger Rheinheimer , Crystal Linn",4.47,,English,m;w
44492,Квест,Boris Akunin,3.74,Russia,Russian,m
44503,Painted Highway,Audrey Howard,4.17,Historical Romance,English,w
44505,The Day of the Lie,William Brodrick,3.71,Mystery,English,m
44507,Downfall Chronicles,Jonaxx,4.36,,,m
44514,Zitronentagetes,Britta Orlowski,4.4,,German,w
44522,التكوين,أحمد صبري أبو الفتوح,4.2,Novels,Arabic,m
44523,How to Be an American Housewife,Margaret Dilloway,3.63,Fiction,English,w
44532,Dreaming Spies,Laurie R. King,4.07,Mystery,English,w
44537,The Queen's Gamble,Barbara Kyle,3.92,Historical Fiction,English,w
44544,Die Traum-Maschiene,"Carolyn Coman, Rob Shepperson",4.08,,German,w;m
44547,"Labour Day: Origin, Meaning, And Trivia",Francis Okumu,5.0,,English,m
44551,Summary and Analysis: Red Notice,NOT A BOOK,3.77,,,m
44562,The Guy Next Door,Percabeth5599,4.53,,,m
44564,Sirenhawk Book 2: Misborn of the Wilding River,L.E. Parr,4.67,,,m
44568,Batman: Prelude to the Wedding: Nightwing vs. Hush #1,Tim Seeley,4.01,Comics,,m
44572,The Summer Without Men,Siri Hustvedt,3.4,Fiction,English,w
44589,Después del invierno,Guadalupe Nettel,3.72,Fiction,Spanish,w
44591,Ava préfère les fantômes,Maïté Bernard,3.73,,French,m
44595,Everything is Illuminated & Extremely Loud and Incredibly Close,Jonathan Safran Foer,4.23,Fiction,English,m
44596,HIGHER CAUSE,John Hunt,3.0,,English,m
44608,Final Analysis,Lois Gould,3.38,,English,w
44610,A Quality Of Light,Richard Wagamese,4.22,Canada,English,m
44611,Littlejohn,Howard Owen,3.94,Fiction,English,m
44614,Valencia,Michelle Tea,3.76,Queer,English,w
44617,Killing Grounds,Dana Stabenow,4.16,Mystery,English,w
44619,A Whisper of Life,Gloria Cook,4.48,,English,w
44620,813 / Les Trois Crimes d'Arsène Lupin,Maurice Leblanc,4.0,Mystery,French,m
44630,Fairacre Affairs Omnibus: Village Centenary; Summer at Fairacre,Miss Read,4.54,,English,m
44648,A Cure for Dreams,Kaye Gibbons,3.81,Fiction,English,w
44652,The Quilter's Legacy,Jennifer Chiaverini,4.11,Fiction,English,w
44653,Pictures from an Institution,Randall Jarrell,3.57,Fiction,English,m
44662,End of State,Neesa Hart,4.14,Christian Fiction,English,m
44671,Clifford's Blues,John A. Williams,4.02,Fiction,English,m
44674,Teatro de Gil Vicente,Gil Vicente,3.79,Portuguese Literature,Portuguese,m
44685,Kwame's Passage,"Jerry Sarkwah , Jerry Yaw",3.82,,English,m;m
44687,Deirdre en de zonen van Usnach,Adriaan Roland Holst,3.81,Fiction,Dutch,m
44688,যাও পাখি,Shirshendu Mukhopadhyay,3.91,Fiction,Bengali,m
44689,Red Grass River: A Legend,James Carlos Blake,4.13,Historical Fiction,English,m
44690,A Survey Of Modern English,"Stephan Gramley, Michael Pátzold",3.75,,English,m;m
44692,Valkyrie: The Vampire Princess 2,Pet Torres,3.81,,English,m
44714,قصص الأنبياء,عبد الوهاب النجار,3.9,History,Arabic,m
44732,La ville dont le prince est un enfant,Henry de Montherlant,3.93,Theatre,French,m
44737,Love At Last,"Roger Rheinheimer , Crystal Linn",4.39,,English,m;w
44741,The Fallen Kings,Cynthia Harrod-Eagles,4.33,Historical Fiction,English,w
44751,O Carteirista Que Fugiu a Tempo,Francisco Moita Flores,3.71,Portuguese Literature,Portuguese,m
44752,As the Night Ends,Audrey Howard,4.1,Historical Romance,English,w
44756,The Last Pilot,Benjamin Johncock,3.65,Fiction,English,m
44762,Tu nombre envenena mis sueños,Joaquín Leguina,4.0,,,m
44769,"O du fröhliche, o du tödliche",Mila Roth,4.75,,German,w
44773,ملحمة السراسوة شياطين ... ملائكة,أحمد صبري أبو الفتوح,3.79,,,m
44776,bokstaven før a,Reidun Iversen,4.5,,"Bokmål, Norwegian; Norwegian Bokmål",w
44786,Alec Forbes and His Friend Annie,George MacDonald,4.51,Fiction,English,m
44791,Henny Walden Memoiren einer vergessenen Soubrette,Silke Schütze,3.86,,German,w
44799,Summary of Getting Things Done: by David Allen | Includes Analysis,NOT A BOOK,5.0,,,m
44805,Troya,Gisbert Haefs,3.48,Historical,Spanish,m
44813,سه فیلسوف,علی‌اصغر حلبی,4.0,,Persian,m
44817,Misborn of the Snowy Reaches,L.E. Parr,5.0,,English,m
44818,Nynnes Dagbog 3,"Henriette Lind, Lotte Thorsen",3.37,Chick Lit,Danish,w;w
44821,Batman: Prelude to the Wedding: Robin vs. Ra's Al Ghul #1,Tim Seeley,4.11,Comics,,m
44838,Sadistic Games: The Complete Series,Lucian Bane,4.37,Dark,,m
44846,La escala de los mapas,Belén Gopegui,3.7,Fiction,,w
44850,هابیت,جی. آر. آر. تالکین,4.0,,Persian,m
44854,The Ice Storm,Rick Moody,3.66,Fiction,English,m
44856,Hitler's Niece,Ron Hansen,3.26,Historical Fiction,English,m
44857,The Road to Lichfield,Penelope Lively,3.81,Fiction,English,w
44880,Touch the Silence,Gloria Cook,4.07,Historical Fiction,English,w
44893,Praying Through Cancer: Set Your Heart Free from Fear: A 90-Day Devotional for Women,Susan Sorensen,4.53,,English,w
44895,Never Wake,Gabrielle Goldsby,3.62,Lesbian,English,w
44902,55 Years In Five Acts: My Life In Opera,"Astrid Varnay, Donald Arthur",4.25,Music,English,w;m
44903,Masters of Cricket: From Trumper to May,Jack Fingleton,4.11,,English,m
44904,Deadly Desires,Sarah Dieng,4.23,,English,w
44906,Charms for the Easy Life,Kaye Gibbons,4.02,Fiction,English,w
44918,Stars and Bars,William Boyd,3.46,Fiction,English,m
44921,Impeachable Offense,Neesa Hart,4.17,Christian Fiction,English,m
44929,The Complete Plays: The Hostage / The Quare Fellow / Richard's Cork Leg,Brendan Behan,4.05,Plays,English,m
44933,Son of Drabble,Kevin Fagan,3.73,,,m
44946,The Friends of Pancho Villa,James Carlos Blake,4.07,Historical Fiction,English,m
44971,The Flamethrowers,Rachel Kushner,3.48,Fiction,English,w
44975,The Art of Fart: The Joy of Flatulence!,Dougie Brimson,4.33,,English,m
44976,Summary of You Can Heal Your Life: by Louise L. Hay | Includes Analysis,NOT A BOOK,5.0,,English,m
44981,Liseden Arkadaşlar,Selçuk Aydemir,4.04,Turkish Literature,Turkish,m
44986,The Jade Rebellion,Alanna Mackenzie,3.63,,,w
44992,Loving Taylor (Loving Bad Book 4),Regan Ure,4.4,,,m
44993,The Story of Arthur Truluv,Elizabeth Berg,4.16,Fiction,English,w
45001,Fallen: (A Psychological Dark Romance),Felicity Brandon,4.46,Dark,,w
45009,The Secrets Between Us,Thrity Umrigar,4.47,Fiction,,m
45011,Caging Skies,Christine Leunens,3.07,Historical Fiction,,w
45012,Dog café,Rosa Moncayo Cazorla,3.73,,Spanish,w
45013,He-Man And The Lost Dragon (Masters Of The Universe),John Grant,3.31,,,m
45017,Ashes (The Wings Trilogy: Adam Book 3),Angelina J. Steffort,4.59,,,w
45020,Amar e ser livre: As bases para uma nova sociedade,Sri Prem Baba,3.97,,Portuguese,m
45027,Das Konzert,Hartmut Lange,3.81,German Literature,German,m
45028,God Jokes-The Art of Mati Klarwein,Mati Klarwein,4.67,Art,English,m
45036,The Grenadillo Box,Janet Gleeson,3.48,Historical Fiction,English,w
45047,Never Just a Memory,Gloria Cook,4.48,,English,w
45049,Perfect Agreement,Michael Downing,3.46,Fiction,English,m
45065,Whose Woman Was She? A True Hollywood Story,John A. Andrews,3.85,,English,m
45066,Whatever Gods May Be,Sophia Kell Hagin,4.14,Lesbian,English,w
45072,Quest for the Temple of Truth,Dean Anderson,4.5,,English,m
45074,"Are You Watching, Liverpool?",Jim White,4.46,,English,m
45085,Povijest pornografije,Goran Tribuson,4.36,Fiction,Croatian,m
45086,Necessary Evils,Neesa Hart,4.16,Christian Fiction,English,m
45090,"John, Son of Thunder",Ellen Gunderson Traylor,4.4,Fiction,English,w
45093,"Daredevil, Volume 2",Mark Waid (Writer),4.08,Comics,English,m
45095,"Is This ""One of Those Days,"" Daddy?",Lynn Johnston,4.14,Comics,English,m
45100,Bed of Nails,Antonin Varenne,3.26,Crime,English,m
45104,Nachtboek van een slapeloze,Patricia De Martelaere,3.65,Belgium,Dutch,w
45106,Wildwood Boys,James Carlos Blake,4.08,Historical Fiction,English,m
45110,Love or Friendship 2,Pet Torres,4.89,,English,m
45121,"Works by Kate Chopin: Novels by Kate Chopin, Short Stories by Kate Chopin, Desiree's Baby, the Awakening, the Storm, the Story of an Hour",Books LLC,4.03,,,m
45124,Double Lives: Spies and Writers in the Secret Soviet War of Ideas Against the West,Stephen Koch,4.27,History,English,m
45128,Umar Bin Abdul Aziz,Darussalam,4.62,Islam,English,m
45134,The Sands of Ammon,Valerio Massimo Manfredi,4.12,Historical Fiction,English,m
45137,داستانهای ایران باستان,Ehsan Yarshater,3.94,Mythology,Persian,m
45151,Tumbledown,Robert Boswell,3.58,Fiction,English,m
45156,Amish Forever,"Roger Rheinheimer , Crystal Linn",4.83,,English,m;w
45161,How to Talk So Your Mate Will Listen and Listen So Your Mate Will Talk,Nancy L. Van Pelt,4.0,,English,w
45163,Missing Person,Patrick Modiano,3.63,Fiction,English,m
45172,Distant Images,Audrey Howard,4.07,Historical Romance,English,w
45175,Jangan Main-Main (dengan Kelaminmu),Djenar Maesa Ayu,3.25,Fiction,Indonesian,m
45176,The Completeness of Celia Flynn,Sedonia Guillone,3.12,Erotica,English,m
45177,The Man of Jasmine & Other Texts,Unica Zürn,4.28,Fiction,English,m
45184,So fern wie ein Stern,Amanda Frost,4.93,,German,w
45188,انكسار الروح,محمد المنسي قنديل,3.58,Novels,Arabic,m
45189,Ensnared by Destiny,A.C. Harrah,3.71,,English,m
45195,The Spymistress,Jennifer Chiaverini,3.62,Historical Fiction,English,w
45198,"The Black Sea of Roses (Poetry, #12).",Vanessa M Chattman,4.33,,English,w
45207,"Millionaire Chicken Farmer: With Just One Rooster, Three Hens, and $50, She Became the Wealthiest Chicken Farmer in Detroit",Francis Okumu,5.0,,,m
45214,Rebellion: The Inside Story of Football's Protest Movement,Dougie Brimson,4.58,Soccer,English,m
45216,Summary of The Purpose Driven Life: by Rick Warren | Includes Analysis,NOT A BOOK,5.0,,English,m
45218,En bok måste vara som en yxa för det frusna havet inom oss : brev 1900 - oktober 1912,Franz Kafka,4.0,,Swedish,m
45224,آثار موریس مترلینگ,Maurice Maeterlinck,4.44,,Persian,m
45229,Bilbo the Clown Fights Evil,T. Thornton Gray,4.5,,English,m
45233,Red Hood and the Outlaws: Rebirth #1,Scott Lobdell,4.37,Comics,English,m
45235,Rome's Sacred Flame,Robert Fabbri,4.35,Historical Fiction,English,m
45246,Forbidden: (A Psychological Dark Romance),Felicity Brandon,4.65,,,w
45247,What Does God Want?,Michael S. Heiser,4.69,Theology,,m
45249,The Little World of Liz Climo,Liz Climo,4.31,Graphic Novels,English,w
45253,Cajun Gumbo: Lucian Bane’s Cajun Recipes,Lucian Bane,3.86,,,m
45266,The Heart of a Broken Story,J.D. Salinger,4.45,Short Stories,,m
45267,Fire (The Wings Trilogy: Adam Book 2),Angelina J. Steffort,4.73,,,w
45277,Tears and Laugher of a Man's Soul,James Kavanaugh,4.5,,English,m
45283,"Nothing Lasts Forever And Morning, Noon And Night",Sidney Sheldon,3.94,,,m
45299,Moments of Time,Gloria Cook,4.12,,English,w
45329,How Evan Broke His Head and Other Secrets,Garth Stein,3.72,Fiction,English,m
45330,The Magic Monastery: Analogical and Action Philosophy of the Middle East and Central Asia,Idries Shah,4.56,Spirituality,English,m
45340,Works of Lord Byron. (100+ Works),Lord Byron,4.55,,,m
45349,Transforming the Past: Tradition and Kinship Among Japanese Americans,Sylvia Junko Yanagisako,3.6,,English,w
45352,"Judgment Day!: Islam, Israel, and the Nations",Dave Hunt,4.22,Islam,English,m
45362,Valkyrie: The Vampire Princess 3,Pet Torres,4.13,,English,m
45373,Monstruary,Julián Ríos,3.77,,English,m
45388,Play Bridge with Reese,Terence Reese,4.26,,English,m
45392,Seductive Knight,Tierney O'Malley,3.96,,English,m
45403,Rachael's Story,"Roger Rheinheimer , Crystal Linn",4.56,,English,m;w
45418,Boys From The Blackstuff,Alan Bleasdale,4.33,,English,m
45427,Catching Genius,Kristy Kiernan,3.7,Fiction,English,w
45429,Katzenfische,Mila Roth,4.5,,German,w
45433,"The Universe, the Eleventh Dimension, and Everything: What We Know and How We Know It",Richard Morris,3.64,,English,m
45436,زقاق السيد البلطي,صالح مرسي,3.52,,Arabic,m
45441,Seek My Face,John Updike,3.37,Fiction,English,m
45443,Buffalo Girls,Larry McMurtry,3.62,Fiction,English,m
45463,Finding Yourself: How To Tap Into Your Potential And Live The Life You Were Created For,Francis Okumu,5.0,,English,m
45465,The Mapping of Love and Death,Jacqueline Winspear,4.22,Mystery,English,w
45471,Summary of The War of Art: by Steven Pressfield | Includes Analysis,NOT A BOOK,5.0,,English,m
45480,"Gimme Love, Gimme Hope, Gimme Shelter: The True Inspiration Behind the Movie Gimme Shelter",Kathy DiFiore,4.33,,English,w
45481,Paranormal Soul Pyre Trilogy,Charlie Purple,5.0,,,m
45482,The Locked Room,Paul Auster,3.89,Fiction,English,m
45484,Batman: Prelude to the Wedding: Batgirl vs. Riddler #1,Tim Seeley,3.71,Comics,,m
45487,Counternarratives,John Keene,4.19,Short Stories,English,m
45498,Heart and Brain: An Awkward Yeti Collection,Nick Seluk,4.33,Graphic Novels,English,m
45501,Claw 2,Lucian Bane,4.5,,English,m
45502,La Lámpara,Clarice Lispector,3.94,Fiction,Spanish,w
45506,Cats on Track,"Lisa Martin , Valerie Martin",4.22,Cats,,w;w
45508,The Story Hour,Thrity Umrigar,3.87,Fiction,English,m
45509,Kaip veikia smegenys,Ramunė Dirvanskienė,4.48,,Lithuanian,w
45514,Spark (The Wings Trilogy: Adam Book 1),Angelina J. Steffort,4.23,,,w
45521,Man Walks into a Room,Nicole Krauss,3.34,Fiction,English,w
45524,The American Cowboy,Will James,4.21,Westerns,English,m
45539,A tomu se mám smát?,Hugleikur Dagsson,3.8,Comics,Czech,m
45557,The Girl from Penny Lane,Katie Flynn,4.31,Historical Fiction,English,w
45568,Napoleon For And Against,Pieter Geyl,3.87,History,English,m
45585,Perla la Loca,Jaime Hernández,4.48,Comics,English,m
45589,A Place of Greater Safety,Hilary Mantel,3.96,Historical Fiction,English,w
45590,The Mystical City of God (4 Volume Set),Mary of Agreda,4.71,Catholic,,m
45592,Timber Ridge Reflections,Tamera Alexander,4.69,Historical Fiction,English,w
45604,Learning to Breathe,J.M. Hope,3.8,,English,m
45613,Death of a Gossip,M.C. Beaton,3.7,Mystery,English,m
45616,Pour Connaitre La Pensee de Albert Camus,Paul Ginestier,4.0,,French,m
45618,Emerald City,David Williamson,3.25,Plays,English,m
45623,Amity & Sorrow,Peggy Riley,3.17,Fiction,English,w
45639,دو بیتی های بابا طاهر,بابا طاهر,4.07,,Persian,m
45640,ती फुलराणी [Tee Phulrani],P. L. Deshpande [ पु. ल. देशपांडे ],4.15,Marathi,Marathi,m
45650,Bonnets And Puppies,"Roger Rheinheimer , Crystal Linn",4.54,,English,m;w
45655,Rikmadenda mencari Tuhan: Sebuah Lakon Wayang Carangan berdasarkan Ciptaan Dalang Abyor,Ajip Rosidi,3.27,,Indonesian,m
45656,Marathon Baba,Girish Kohli,3.39,Indian Literature,English,m
45659,The Tyranny of Socialism,"Yves Guyot, Joseph Hiram Levy",4.33,,English,m;m
45663,Oi For England,Trevor Griffiths,4.0,Plays,English,m
45664,Above San Diego,Robert W. Cameron (Photographs),4.0,,English,m
45674,"Cosmic Questions: Galactic Halos, Cold Dark Matter and the End of Time",Richard Morris,4.13,Science,English,m
45675,Respect and Resilience,"Mia S. Beck , Stine Falkenberg Schmidt",0.0,,English,w;w
45680,Glassbyen: Tegneserieroman,"Paul Karasik, David Mazzucchelli",3.93,Graphic Novels,Norwegian,m;m
45689,Arms of Deliverance: A Story of Promise,Tricia Goyer,4.25,Historical Fiction,English,w
45692,Marriage Material,Sathnam Sanghera,3.58,Fiction,English,m
45695,Rio de Janeiro: Everything You Need To Know,Francis Okumu,3.67,,English,m
45704,"Act Like A Lady, Think Like A Man: by Steve Harvey | Summary & Analysis",NOT A BOOK,4.5,,,m
45707,Half Blood Blues,Esi Edugyan,3.67,Fiction,English,m
45709,Lux et Nox,"Bill Henson (Photographer), Dennis Cooper",4.62,Photography,,m;m
45710,"Works of Honore de Balzac. The Human Comedy, Colonel Chabert, Ursula, A Woman of Thirty, Father Goriot, The Chouans, An Historical Mystery, The Alkahest, ... Droll Stories & more (Mobi Collected Works)",Honoré de Balzac,4.6,,English,m
45717,Basaclanca,Charlie Purple,4.0,,,m
45719,Pela Vida,Alexandra David-Néel,4.29,,Portuguese,w
45727,Residenza Arcadia,Daniel Cuello,4.13,Graphic Novels,Italian,m
45748,Roommates,Whitney Lyles,3.55,Chick Lit,English,m
45750,The Clerkenwell Tales,Peter Ackroyd,3.24,Historical Fiction,English,m
45752,Jesus Wants Me For a Sunbeam,Peter Goldsworthy,3.66,,English,m
45754,The Dragon at Noonday,Edith Pargeter,4.02,Historical Fiction,English,w
45758,Weed Volume 2,Yoshihiro Takahashi,4.17,Manga,English,m
45766,With a Little Luck,Anne Baker,4.22,,English,w
45772,The Boat Girls: An uplifting wartime saga full of friendship and romance...,Margaret Mayhew,4.17,Historical,English,w
45780,Where the Gods Reign: Plants and Peoples of the Colombian Amazon,Richard Evans Schultes,4.64,,English,m
45785,Letters on Literature and Politics 1912-1972,Edmund Wilson,4.27,Literary Criticism,English,m
45794,Running Shoes (The Shades of Northwood),Wendy Maddocks,2.67,,,w
45804,Daredevil Noir,Alexander C. Irvine,3.62,Comics,English,m
45805,A Cup of Trembling: Jerusalem and Bible Prophecy,Dave Hunt,4.61,Christian,English,m
45815,Hospitality Management and Organisational Behaviour,Laurie J. Mullins,4.0,,English,w
45822,The Removalists,David Williamson,3.44,Plays,English,m
45829,Loves That Bind: A Novel,Julián Ríos,3.59,Spain,English,m
45845,Darien: Guardian Angel of Jesus,Roger Elwood,4.0,Christian Fiction,English,m
45847,How It All Began,Penelope Lively,3.55,Fiction,English,w
45850,Landga,Anant Samant,4.0,Marathi,Marathi,m
45853,Pura Vida,José María Mendiluce,3.49,Fiction,Spanish,m
45860,Bolero,Davor Suhan,5.0,,Croatian,m
45863,"Contes des mille et une nuits, Intégrale Volumes 1 à 9",Anonymous,4.0,,French,m
45865,A Plain Christmas,"Roger Rheinheimer , Crystal Linn",4.33,Amish,English,m;w
45875,Cade,James Hadley Chase,3.55,Fiction,,m
45881,Ahh! Sims.,Carl Sims,3.0,,English,m
45885,Exploring English,Augustine Martin (Editor),4.57,Short Stories,English,w
45886,La interpretadora de sueños,Rafeal R. Costa,3.98,,Spanish,m
45891,Influence & Independence,"Mia S. Beck , Stine Falkenberg Schmidt",4.86,,English,w;w
45892,Waiting for the Wild Beasts to Vote,Ahmadou Kourouma,3.89,Africa,English,m
45898,Dr. Wren's Incredible Hoverpark of Wonder,Shelly Drummond,3.71,,English,w
45911,"Flower Farming: Sales, Markets, Funding, And Investing",Francis Okumu,3.5,,English,m
45916,Mystery Monsters Of The Deep,Gardner Soule,5.0,Monsters,English,m
45926,چنین گفت بودا,هاشم رجب‌زاده,3.5,,Persian,m
45928,The Furies of Rome,Robert Fabbri,4.32,Historical Fiction,English,m
45932,Petits oiseaux,Yōko Ogawa,3.94,Japan,French,m
45942,Ecology and Liberation: A New Paradigm (Ecology & Justice Series),Leonardo Boff,3.75,Theology,English,m
45945,The City Always Wins,Omar Robert Hamilton,3.9,Fiction,,m
45948,Reginald Bones: BOX SET 1-3,Lucian Bane,4.4,,,m
45953,Headlight Anthology 6,Sarah Steinberg (Editor),5.0,,English,w
45960,Burst Out Laughing,Barry Stevens,4.4,,English,m
45964,The Hounds of Sunset,Edith Pargeter,4.08,Historical Fiction,English,w
45973,Weed / Yoshihiro Takahashi,Yoshihiro Takahashi,4.67,Manga,,m
45980,City of Tranquil Light,Bo Caldwell,4.22,Historical Fiction,English,m
45993,The Cobbler's Kids,Rosie Harris,4.21,Fiction,English,w
45994,Elmo,Juhani Peltonen,3.21,Finnish Literature,Finnish,m
46011,Note To Self,Brian E. Niskala,3.45,,English,m
46015,Light Through the Cracks,Rebecca A. Raymer,3.27,Fiction,English,w
46017,The Darling Dahlias and the Cucumber Tree,Susan Wittig Albert,3.69,Mystery,English,w
46036,What Becomes of the Broken Hearted?,Alan Duff,3.64,Fiction,English,m
46040,Kai Chand Thay Sar-e-Aasman / کئی چاند تھے سر آسماں,Shamsur Rahman Faruqi,4.06,,Urdu,m
46042,Travelling North,David Williamson,3.73,Plays,,m
46048,A Blazing Gilded Age,Rich DiSilvio,4.19,Historical Fiction,English,m
46060,Kiss & Ride,September Roberts,4.0,,English,m
46071,Teryosha,Aleksey Nikolayevich Tolstoy (Adaptor),3.13,Russia,English,m
46077,A Cold Winter,"Roger Rheinheimer , Crystal Linn",4.4,,English,m;w
46078,Ф.М.,Boris Akunin,3.77,Russia,Russian,m
46081,Deserter from Death: Dispatches from Western Europe 1950-2000,Daniel Singer,5.0,,English,m
46100,Am dreizehnten Tag,Regina Mengel,3.57,,German,w
46106,وجع البعاد,يوسف القعيد,3.52,Novels,Arabic,m
46111,Hannibal: Fields of Blood,Ben Kane,4.26,Historical Fiction,English,m
46113,Crazy Summer,Renata Suerth,4.06,Fiction,English,w
46118,Tattercoats,"Margot Tomes (Illustrator), Joseph Jacobs",3.5,Picture Books,English,w;m
46121,Trafficking Women’s Human Rights,Julietta Hua,3.87,,English,w
46124,O Velho Que Esperava Por D. Sebastiao,António Manuel Venda,3.0,,Portuguese,m
46127,Quails 101: The Most Asked Questions And Answers On Quail Farming,Francis Okumu,4.4,,English,m
46131,UFO & IFO: A Factual Report on Flying Saucers,Gardner Soule,4.0,,English,m
46136,Terayama Shūji gekijō bijutsukan =: The Terayama Shuji theatre-museum,Terayama Henrik,4.33,,,m
46139,"Berlin, Vol. 2: City of Smoke",Jason Lutes,4.12,Graphic Novels,English,m
46144,How to Live with a Psychic: Your Guide for Maintaining a Happy Relationship when Someone You Love Gets Weird,Crystal Hope Reed,4.6,,,w
46148,Les Catilinaires,Amélie Nothomb,3.6,Fiction,French,w
46160,Life and Death of Krishnamurti,Mary Lutyens,4.02,,English,m
46163,Wyspy bezludne,Waldemar Łysiak,4.26,History,Polish,m
46165,Headlight 4,Alexandra Pasian (Editor),5.0,,English,w
46167,The Space Between Us,Thrity Umrigar,4.0,Fiction,English,m
46169,Die Götter im Exil (German Edition),Heinrich Heine,3.57,German Literature,German,m
46181,Psychotherapist's Casebook: Theory and Techniques in the Practice of Modern Therapies (Jossey Bass Social and Behavioral Science Series),Irwin L. Kutash,4.33,,,m
46185,If You Give a Moose a Muffin Recipe Book,Laura Joffe Numeroff,4.06,,English,w
46187,Afterglow and Nightfall,Edith Pargeter,4.01,Historical Fiction,English,w
46188,The Inquisitors' Manual,António Lobo Antunes,4.09,Fiction,English,m
46190,The Crazed,Ha Jin,3.5,Fiction,English,m
46192,A Map of the World,Jane Hamilton,3.81,Fiction,English,w
46200,The Attenbury Emeralds,Jill Paton Walsh,3.86,Mystery,English,w
46202,A Labour of Love,Anne Baker,4.22,Fiction,English,w
46225,In the Kingdom of Men,Kim Barnes,3.42,Fiction,English,m
46246,Jake's Long Shadow,Alan Duff,3.85,Fiction,English,m
46253,Superman: Phantom Zone,Steve Gerber,3.47,Comics,English,m
46264,The church and the Jews: The biblical relationship,Daniel Gruber,5.0,,,m
46287,The Adventures of Mr. Nicholas Wisdom,Ignacy Krasicki,3.13,Polish Literature,English,m
46291,The Spinoza Trilogy,J.R. Rain,4.15,Paranormal,English,m
46294,"Northern Travel: Summer and Winter Pictures Of Sweden, Denmark and Lapland",Bayard Taylor,4.15,,,m
46309,Die Stadt der Könige: Der geheime Schlüssel - Band 2 (German Edition),Kerstin Hornung,4.75,,English,w
46310,حكايات من فضل الله عثمان,إبراهيم أصلان,3.48,Short Stories,Arabic,m
46312,Time's Arrows: Scientific Attitudes Toward Time,Richard Morris,3.59,Science,English,m
46313,Royal Theft,A.C. Harrah,4.0,,English,m
46319,Hannibal: Clouds of War,Ben Kane,4.24,Historical Fiction,English,m
46327,[Gardish-e-Rang-e-Chaman] گردشِ رنگِ چمن,Qurratulain Hyder,3.56,,Urdu,m
46334,Who Needs Mr Willoughby?,Katie Oliver,3.97,Contemporary,English,w
46342,"Berlin, Vol. 1: City of Stones",Jason Lutes,3.94,Graphic Novels,English,m
46345,The Journal CEO Magazine: A Personal Journaling Magazine,The Journal CEO Magazine,4.69,,English,m
46346,Muffin (House of Assignation SEries),Kimmie Thomas,5.0,,English,m
46347,Feuergold,Ronimund H. von Bissing,3.44,,,m
46360,Algunos Pameos y otros Prosemas,Julio Cortázar,4.15,,,m
46363,Maggie Simpson's Book of Colors and Shapes,Matt Groening,3.2,Picture Books,English,m
46367,Salvar el fuego,Guillermo Arriaga,4.47,Fiction,Spanish,m
46372,The Rock of Tanios,Amin Maalouf,3.95,Fiction,English,m
46378,The Wife,Meg Wolitzer,3.69,Fiction,English,w
46385,An Act of Peace,Ann Widdecombe,3.93,Fiction,English,w
46392,The Luck of Huemac,Daniel J. Peters,4.33,Historical Fiction,English,m
46394,Monsieur Pain,Roberto Bolaño,3.35,Fiction,Spanish,m
46429,Mollo tutto e parto! ... ma prima o poi ritorno!,Riccardo Caserini,3.58,,Italian,m
46431,The Rider of Lost Creek,Louis L'Amour,4.05,Westerns,English,m
46434,The Romance of Names,Ernest Weekley,3.25,Reference,English,m
46435,Managing People In The Hospitality Industry,Laurie J. Mullins,3.6,,English,w
46439,The Book of the Gods: 600 Gods from 20 Pantheons Explained,"Chas Saunders, Peter J. Allen",3.94,Mythology,English,m;m
46442,الدكتاتورية للمبتدئين: بهجاتوس رئيس بهجاتيا العظمى,بهجت عثمان,3.85,Politics,Arabic,m
46445,Historic Haunts of England,Gwen Woodcock,5.0,,English,w
46448,Hope in Hungnam,David Watts Jr.,4.35,Historical Fiction,English,m
46452,Can You Hear the Nightbird Call?,Anita Rau Badami,3.98,Fiction,English,w
46455,Shackled Warrior: Israel and the Global Jihad,Caroline B. Glick,4.29,Israel,English,w
46459,The Collected Works of Horatio Alger: 57 Novels Complete in One Volume (Unexpurgated Edition) (Halcyon Classics),Horatio Alger Jr.,4.23,,English,m
46462,როცა მტრედები გაუჩინარდნენ,Sofi Oksanen,3.44,Historical Fiction,Georgian,w
46464,The Man Who Killed Himself,Julian Symons,3.36,Mystery,English,m
46466,Lethal Attraction (Silhouette Intimate Moments),Diana Duncan,3.89,Contemporary Romance,English,w
46470,The Travels of J.B. Rabbit,Doris Susan Smith,3.17,Picture Books,English,w
46477,Thankful Still,"Roger Rheinheimer , Crystal Linn",4.27,,English,m;w
46478,Sister Pelagia and the White Bulldog,Boris Akunin,3.74,Mystery,English,m
46483,Rose of Avalon,Katrina Rasbold,4.21,,English,w
46490,THE FAT BAG stuck between a rock cake & a hard plaice,Pearl Barley,4.17,,,w
46495,Die Nähe der Nornen: Der geheime Schlüssel - Band 3 (German Edition),Kerstin Hornung,4.67,,English,w
46501,ليس الآن,هالة البدري,3.5,,Arabic,m
46502,One Last Thing Before I Go,Jonathan Tropper,3.76,Fiction,English,m
46503,Hannibal: Enemy of Rome,Ben Kane,4.11,Historical Fiction,English,m
46504,Novos Contos do Gin,Mário-Henrique Leiria,4.2,,Portuguese,m
46508,Sleeping at the Starlite Motel: and Other Adventures on the Way Back Home,Bailey White,3.92,Humor,English,m
46516,Quando o Presidente da República visitou Monchique por mera curiosidade,António Manuel Venda,4.17,,Portuguese,m
46520,Shadow of the Serpent,David Ashton,3.48,Crime,English,m
46531,"Me and You, Lord",Susan Tosounian,5.0,,,w
46532,Laïlah,Caza,3.8,,French,m
46544,The Tsar of Love and Techno,Anthony Marra,4.27,Short Stories,English,m
46547,Ποιήματα 1943-1974,Έκτωρ Κακναβάτος,4.5,,"Greek, Modern (1453-)",m
46548,How to Read Proverbs,Tremper Longman III,3.98,Christian,English,m
46551,Dark Muse Rider,Lucian Bane,4.46,,English,m
46556,"A Little Love, a Bit of Torture",Marie Thérèse Roberge Sorensen,5.0,,English,w
46570,Le Roman Bourgeois,Antoine Furetière,2.67,Humor,French,m
46577,An Act of Treachery,Ann Widdecombe,3.91,Fiction,English,w
46581,The Painting,Nina Schuyler,3.3,Historical Fiction,English,w
46592,My Romance: A Novel,Gordon Lish,3.77,,English,m
46612,The Fool - His Social and Literary History,Enid Welsford,3.88,Medieval,,w
46613,Essentials of Organisational Behaviour,Laurie J. Mullins,3.92,,English,w
46623,Haunted Middlesborough (Images of England),Tina Lakin,4.2,,,w
46633,Lone Bull's Mistake; A Lodge Pole Chief Story,James Willard Schultz,4.45,Westerns,English,m
46638,Honeysuckle and Jasmine,Liz Grace Davis,3.62,Chick Lit,English,w
46651,Zeke's Past Returns,"Crystal Linn , Roger Rheinheimer",4.2,,English,w;m
46666,Tuning Hearts ( A Piano Tuner's Tale ),Philip Shapiro,4.0,,English,m
46669,Vier Pfoten und das Weihnachtsglück,Petra Schier,3.93,Audiobook,German,w
46674,The Morning River,W. Michael Gear,4.21,Historical Fiction,English,m
46678,The Sunhitcher,Tomi Astikainen,4.31,,English,m
46681,The Reign of Grace: The Delights and Demands of God's Love,Scotty Smith,4.05,Christian,English,m
46714,A Man At Twilight,Vibert Miller,4.0,,,m
46724,Sharpe's Enemy,Bernard Cornwell,4.24,Historical Fiction,English,m
46744,Prudence And The Pill,Hugh Mills,3.62,Fiction,,m
46748,A Multitude of Sins,Richard Ford,3.75,Short Stories,English,m
46768,"Yours Truly, Jack the Ripper",Pamela West,3.42,Historical Fiction,English,w
46775,The Alpine Legacy,Mary Daheim,3.87,Mystery,English,m
46779,Esther's Gift: A Mitford Christmas Story,Jan Karon,3.99,Christmas,English,m
46780,Le Maudit,Myrielle Marc,4.25,,French,w
46788,Chase's Calendar of Events,William D. Chase,4.6,,English,m
46798,De weg van een man,Frans Emil Sillanpää,3.27,Finnish Literature,Dutch,m
46800,The Fool and the Trickster,Paul V.A. Williams (Editor),5.0,,,m
46810,Holden's Performance: A Novel,Murray Bail,3.24,Fiction,English,m
46816,The Girl Who Stopped Swimming,Joshilyn Jackson,3.48,Fiction,English,m
46826,The Rodwell Files: The Secrets of a World Bridge Champion,"Eric Rodwell, Mark Horton",4.48,,,m;m
46837,Ava and Zeke's New Home,"Crystal Linn , Roger Rheinheimer",4.47,,,w;m
46852,Wicked Chemistry: Original Weeping Willow Stories (Wicked Willow Series #1),Sandra Madera,4.0,,English,w
46858,Coyote Summer,W. Michael Gear,4.21,Fiction,English,m
46872,Tutankamon Olayı,Christian Jacq,3.72,Historical Fiction,Turkish,m
46874,O Quarto Alugado,Ricardo Belo de Morais,4.14,Biography,Portuguese,m
46895,El jardín de los pecados,José Domingo Vázquez Manrique,4.5,,Spanish,m
46901,"Gotham Central, Book One: In the Line of Duty","Ed Brubaker, Greg Rucka",4.35,Comics,English,m;m
46909,A Bright Moon For Fools,Jasper Gibson,3.56,Fiction,English,m
46918,Operation: Mindbender,R.L. Stine,3.73,,English,m
46931,The Requiem Shark,Nicholas Griffin,3.68,Pirates,English,m
46938,The Life You Longed For,Maribeth Fischer,3.61,Fiction,English,w
46939,The Cure for Death by Lightning,Gail Anderson-Dargatz,3.69,Fiction,English,m
46949,Last Drinks,Andrew McGahan,3.87,Fiction,English,m
46951,The Metropolis Case,Matthew Gallaway,3.49,Fiction,English,m
46960,"Novels by Chris D'lacey: The Fire Eternal, Fire Star, the Fire Within, Icefire, the Last Dragon Chronicles, Fire World",Books LLC,4.61,,,m
46967,The Alpine Advocate,Mary Daheim,3.72,Mystery,English,m
46969,Zimzum,Gordon Lish,3.53,Fiction,English,m
47011,Haunted Gloucester (Images Of England S),Eileen Fry,4.0,,,w
47012,Far,Victoria Lancelotta,4.07,,English,w
47025,Those Extra Chances In Bridge,Terence Reese,4.0,,English,m
47026,Close Quarters,Larry Heinemann,3.87,Fiction,English,m
47037,Nebe peklo ráj,Zdena Salivarová,4.03,,Czech,w
47039,A Few Short Notes on Tropical Butterflies: Stories,John Murray,3.87,Short Stories,English,m
47040,Clara's Christmas Journey,"Crystal Linn , Roger Rheinheimer",4.71,,English,w;m
47046,Indecent Exposure,Tom Sharpe,4.11,Humor,English,m
47051,SURVIVOR,Philip Shapiro,4.0,,English,m
47057,Operation Maulwurf,Mila Roth,4.33,,German,w
47065,Susikoira Roi ja pelimies,Jorma Kurvinen,2.86,,Finnish,m
47079,Sleep then my Princess,O.N. Stefan,3.68,Mystery Thriller,English,m
47093,Abril rojo,Santiago Roncagliolo,3.65,Fiction,Spanish,m
47097,Plastic Man,Gail Simone,3.5,Comics,English,m
47106,Prozac Highway,Persimmon Blackbridge,3.59,Fiction,English,m
47112,The Social Construction of Race and Ethnicity in the United States,Joan Ferrante,3.82,History,English,w
47121,The Bishop's Man,Linden MacIntyre,3.73,Fiction,English,m
47124,The New Valley: Novellas,Josh Weil,3.84,Fiction,English,m
47149,Peru,Gordon Lish,3.81,Fiction,English,m
47155,Dom schadzek,Alain Robbe-Grillet,3.85,Fiction,Polish,m
47160,Os Pescadores,Raul Brandão,3.95,Portuguese Literature,Portuguese,m
47162,Sneaker World,B.R. Snow,4.42,,English,m
47170,Herald,N.F. Houck,4.5,Mythology,English,m
47173,فلسفة الثورة,جمال عبد الناصر,3.14,Politics,,m
47175,England's Haunted Hills,Ronald Hutton,4.5,,,m
47184,When Rivers Burned: The Earth Day Story,Linda Crotta Brennan,4.5,,English,w
47190,Snares and Swindles in Bridge,"Terence Reese, Roger Trezel",4.5,,English,m;m
47191,Sand in the Wind,Robert Roth,4.43,Fiction,English,m
47201,Aunt Dimity: Detective,Nancy Atherton,3.96,Mystery,English,w
47202,"From the Heart, Volume 1",Crystal Linn,4.6,,,w
47212,He's a Kidnapper,Alyloony,4.28,,Filipino; Pilipino,m
47216,Freifahrtschein,Mila Roth,4.31,,German,w
47223,Exit Ghost,Philip Roth,3.49,Fiction,English,m
47249,My favorite things. Conversaciones con John Coltrane,Michel Delorme (With),3.73,,Spanish,m
47251,Level 6: Anna Karenina (Pearson English Graded Readers),Leo Tolstoy,4.64,,English,m
47253,Storia di un corpo,Daniel Pennac,3.98,Fiction,Italian,m
47259,Find Your Happy: A Kids Self Love book,Patricia May,4.36,,,w
47263,"The New Teen Titans Omnibus, Vol. 2",Marv Wolfman,4.39,Comics,English,m
47275,Vendedor de Agujeros,Miguel Ángel Mendo,4.25,,English,m
47278,Hero: Rescue Mission,Jennifer Li Shotz,4.59,Animals,English,w
47282,The Overlook Martial Arts Reader: Volume 1,Randy F. Nelson  (Editor),3.98,Martial Arts,English,m
47285,Three Women,Marge Piercy,3.63,Fiction,English,w
47299,This Time For Keeps: A wartime saga of tragedy and forbidden love,Dee Williams,4.32,Historical Fiction,English,m
47300,Don't Look Back: Satchel Paige in the Shadows of Baseball,Mark Ribowsky,3.74,Baseball,English,m
47304,My Year With The Stork Club,Maureen Freely,3.2,,English,w
47332,Remembering the Bones,Frances Itani,3.61,Fiction,,w
47345,على هامش الثورة: ذكريات ثورية,عبد الرحمن جمال,3.71,,Arabic,m
47349,Haunted Churches Of England: Ghosts Ancient And Modern,Graham J. McEwan,4.5,,,m
47358,"The Man Who Was Chesterton; The Best Essays, Stories, Poems, And Other Writings Of G. K. Chesterton",G.K. Chesterton,4.0,,,m
47370,Beautiful Joe: The True Story of a Brave Dog,Quinn Currie,4.32,,,m
47373,Highways to a War,Christopher J. Koch,4.25,Historical Fiction,English,m
47375,Aunt Dimity: Snowbound,Nancy Atherton,3.98,Mystery,English,w
47376,Trouble with Puppy Mills,"Crystal Linn , Roger Rheinheimer",4.8,,English,w;m
47377,Collected Poems and Letters from America with Photographs and a new Introduction,"Keith Hale, Rupert Brooke",5.0,,English,m;m
47379,Sherlock: The Hounds of Baskerville,Paul Shipton,4.03,,English,m
47380,Mission to Venice,James Hadley Chase,3.72,Fiction,English,m
47382,Wine Hunter: The Man Who Changed Australian Wine,Campbell Mattinson,4.46,,English,m
47383,A Dictionary of English Synonymes and Synonymous or Parallel Expressions Designed as a Practical Guide to Aptness and Variety of Phraseology,Richard Soule,3.59,Reference,English,m
47385,Reaching You,Alyloony,4.4,Love,Filipino; Pilipino,m
47387,Von Flöhen und Mäusen,Mila Roth,4.27,,German,w
47395,Once a Lover...,Anthony Berrios,3.27,,English,m
47400,Sweet Carolina,Stephen Bly,4.04,Historical Fiction,English,m
47406,Derora's War,D. Dalton,4.85,,English,m
47408,Between Here and the Yellow Sea,Nic Pizzolatto,3.73,Short Stories,English,m
47412,The God of Great Reversals: The Gospel in the Book of Esther,Timothy Cain,4.13,,English,m
47418,Michael Morpurgo Collection,Michael Morpurgo,4.35,,English,m
47423,گزینه اشعار طنز فرانو اکبر اکسیر,اکبر اکسیر,4.2,,Persian,m
47426,God is Speaking are you Listening?,Lola Love,5.0,,,w
47427,Rever as estrelas: As Aventuras urbanas de Giuseppe Bergman,Milo Manara,3.29,Comics,Portuguese,m
47438,"Wilk, który nigdy nie śpi",Walter Hansen,4.0,,Polish,m
47446,Sadistic Games Book 3 & 4,Lucian Bane,4.46,,English,m
47452,Giant-Size Man-Thing (1974-1975) #3,Steve Gerber,5.0,,,m
47456,The Age of Grief,Jane Smiley,3.8,Short Stories,English,w
47466,Day After Night,Anita Diamant,3.67,Historical Fiction,English,w
47487,"I, The Divine: A Novel in First Chapters",Rabih Alameddine,4.0,Fiction,English,m
47490,Minute Meditations for Busy Moms,Emilie Barnes,4.5,Family,English,w
47497,Pinktoes: A Novel,Chester Himes,3.73,Fiction,English,m
47509,রূপালী দ্বীপ,Humayun Ahmed,3.62,Fiction,Bengali,m
47517,أرزاق - الجزء الثاني,نبيل فاروق,3.99,Novels,Arabic,m
47521,Morality Play,Barry Unsworth,3.75,Historical Fiction,English,m
47534,Play These Hands with Me,Terence Reese,4.08,Games,English,m
47537,The Ten Teacups,Carter Dickson,3.82,Mystery,,m
47539,How Raven Freed the Moon,Anne Cameron,4.05,Picture Books,English,w
47544,Aunt Dimity Takes a Holiday,Nancy Atherton,3.98,Mystery,English,w
47545,New Beginnings,"Crystal Linn , Roger Rheinheimer",4.33,,English,w;m
47546,"The Fisherman & His Soul, The Star-Child, and Other Stories",Oscar Wilde,4.44,,,m
47556,The Dancing Boy,Roy E. Stolworthy,4.09,,English,m
47564,Poveşti despre lucruri mărunte,Moise D.,4.63,,Romanian,m
47569,Autoportret într-o oglindă spartă,Octavian Paler,4.28,Romanian Literature,Romanian,m
47573,Final Justice at Adobe Wells,Stephen Bly,4.2,Westerns,English,m
47590,The Goddesses: Portraits by Madame Yevonde,Lawrence Hole (Text),4.77,Photography,English,m
47592,Michael Morpurgo Collection: 5 books box Set,Michael Morpurgo,4.57,,English,m
47598,The Cancer Quandary: A Thirty eight year survival journey,Jay Lynne,5.0,,English,m
47599,Oríon,Mário Cláudio,3.75,,Portuguese,m
47605,Sharpe's Devil,Bernard Cornwell,4.07,Historical Fiction,English,m
47615,Her Blind Master (Blind Series Book 1),Lucian Bane,4.33,BDSM,,m
47624,White Male Privilege: A Study of Racism in America 50 Years After the Voting Rights Act,Mark Rosenkranz,3.4,,English,m
47628,Sarah Dessen: From Burritos to Box Office,Wendy J. Glenn,4.02,Biography,English,w
47629,No Time to Wave Goodbye,Jacquelyn Mitchard,3.28,Fiction,English,w
47645,Wayside School Gets A Little Stranger By Louis Sachar: A Novel Study,Ron Leduc,4.22,,,m
47652,They Whisper,Robert Olen Butler,3.41,Fiction,English,m
47654,Heart of Change,Roxy Harte,3.44,Lesbian,,w
47677,أرزاق - الجزء الثالث,نبيل فاروق,3.96,Novels,Arabic,m
47679,"Haunted England: Royal Spirits, Castle Ghosts, Phantom Coaches, & Wailing Ghouls",Terence W. Whitaker,4.75,,English,m
47686,Don't Become Angry,Darussalam,4.49,Islam,English,m
47705,Valentine Blunders,"Crystal Linn , Roger Rheinheimer",4.5,,English,w;m
47719,Text,Alyloony,4.25,,,m
47720,Das Geheimnis des Feuers,Pia Hepke,4.36,,German,w
47724,لوعة الغاوية,عبده خال,3.6,Novels,Arabic,m
47726,The Case of the Glamorous Ghost,Erle Stanley Gardner,3.89,Mystery,English,m
47730,Twilight & Sunset,Erin Hunter,4.7,Cats,English,m
47736,Hard Winter at Broken Arrow Crossing,Stephen Bly,4.07,Christian Fiction,English,m
47738,Müfettişler Müfettişi,Orhan Kemal,4.16,Fiction,Turkish,m
47739,The Last Runaway,Tracy Chevalier,3.81,Historical Fiction,English,m
47741,Who Do You Think You Are?,Alice Munro,3.92,Short Stories,English,w
47742,A Horse Walks into a Bar,David Grossman,3.53,Fiction,,m
47750,Sarah Moon 12345.,"Sarah Moon, Ilona Suschitzky",4.64,Art,English,w;w
47756,Mahalleden Arkadaşlar,Selçuk Aydemir,4.13,Turkish Literature,Turkish,m
47757,مجموعه بهترین اشعار ویکتور هوگو,Victor Hugo,3.9,,Persian,m
47778,Edens Guardians (Terratellus Trilogy #2),Sandy Johnson,4.38,,English,m
47779,Reparation: A Spiritual Journey,Maria Hall,4.47,Memoir,English,w
47781,Ruin The Turning,Lucian Bane,4.3,,,m
47787,Night Of The Toxic Slime,Anthony Masters,3.29,,,m
47826,Dear Mr. Capote,Gordon Lish,3.57,Mystery,English,m
47830,"Love and Rockets, Vol. 8: Blood of Palomar","Gilbert Hernández, Jaime Hernández",4.49,Comics,English,m;m
47834,Christ in the Camp,John William Jones,4.33,History,,m
47847,Vinyl Cafe Coast to Coast Story Service,Stuart McLean,4.45,Fiction,English,m
47851,Emily Brontë (Writers and Their Work),Stevie Davies,3.93,Biography,English,m
47852,Der letzte Walzer in Paris,Alexandra von Grote,3.67,,German,w
47858,Hayat Yollarında,Panaït Istrati,3.89,Fiction,Turkish,m
47863,Suspension,Richard E. Crabbe,3.7,Historical Fiction,English,m
47869,Supernatural England: Poltergeists - Ghosts - Hauntings,Betty Puttick (Editor),3.91,Supernatural,English,w
47870,The Dream Room,Marcel Möring,3.15,Fiction,English,m
47874,The Drowning Room,Michael Pye,3.1,Historical Fiction,English,m
47877,Rizq And Lawful Earnings,Darussalam,4.28,Islam,English,m
47879,Дерни за веревочку,Вячеслав Рыбаков,3.96,Russia,Russian,m
47889,Jesse James: The Best Writings on the Notorious Outlaw and His Gang,Harold Dellinger (Editor),4.09,,English,m
47902,Short and Tall,"Ellie B. Morris, Kate Milner",4.83,,English,w;w
47904,Some Jokes Are Half Meant,Alyloony,4.4,,,m
47906,بلا رؤوس,نبيل فاروق,3.34,,Arabic,m
47919,The Kill Fee of Cindy La Coste,Stephen Bly,4.3,Christian Fiction,English,m
47921,Üçkağıtçı,Orhan Kemal,4.13,,Turkish,m
47926,Derora's Legend Part 1,D. Dalton,4.94,,English,m
47937,Americana,Don DeLillo,3.42,Fiction,English,m
47945,Nursing Dr. Miller,Kimmie Thomas,3.56,,English,m
47947,Lendemains de cendres,Séra,4.0,,French,m
47959,Sadistic Games 5&6,Lucian Bane,4.48,Dark,,m
47960,Essentials of Hypnosis,Michael D. Yapko,4.05,,English,m
47972,Little America,Rob Swigart,3.87,Fiction,English,m
47976,The Making of Economic Policy: A Transaction-Cost Politics Perspective,Avinash K. Dixit,3.29,,English,m
47980,The Rebels,John Jakes,4.09,Historical Fiction,English,m
47998,The Ghost of Hannah Mendes,Naomi Ragen,3.88,Historical Fiction,English,w
48001,Simon's Cat in Kitten Chaos,Simon Tofield,4.32,Comics,English,m
48012,Glory and Honor: The Music and Artistic Legacy of Johann Sebastian Bach,Gregory Wilbur,4.03,Biography,English,m
48021,The Kindness of Women,J.G. Ballard,3.78,Fiction,English,m
48039,Haunted England,Christina Hole,3.86,,English,w
48047,Man To Man: Chuck Swindoll Selects His Most Significant Writings For Men,Charles R. Swindoll,4.14,Religion,English,m
48049,"Short Stories by Washington Irving (Study Guide): The Legend of Sleepy Hollow, Rip Van Winkle, the Devil and Tom Walker",Books LLC (Editor),4.5,,,m
48054,Card Play Technique or the Art of Being Lucky,"Victor Mollo, Nico Gardener",4.64,,English,m;m
48057,Crossfire of Love,Ella Jade,3.55,Contemporary Romance,English,w
48065,The Book Of Psalms And The Song Of Solomon,Anonymous,5.0,,,m
48073,New Blood,Karly Kirkpatrick,4.18,Vampires,English,w
48079,My Prince 2,Alyloony,4.47,,Filipino; Pilipino,m
48080,The Evil That Men Do,Hugh Pentecost,4.03,Mystery,English,m
48084,The Ballad of a Small Player,Lawrence Osborne,3.44,Fiction,,m
48085,صخب البحيرة,محمد البساطي,3.36,Novels,Arabic,m
48092,100 Greatest Cycling Climbs: A Road Cyclist's Guide To Britain's Hills,Simon Warren,3.97,Cycling,English,m
48095,The Final Chapter of Chance McCall,Stephen Bly,4.24,Christian Fiction,English,m
48117,Chiamate telefoniche,Roberto Bolaño,3.99,Short Stories,Italian,m
48121,The Mindful Betrayal,Aarica Dee Koliyah,4.33,,English,m
48123,A Little Touch Of Drama,Valerian Pidmohylny,4.4,Fiction,English,m
48124,The Winter Vault,Anne Michaels,3.56,Fiction,English,w
48127,Village of Stone,Xiaolu Guo,3.78,China,English,m
48141,"On the Nature of Consciousness: Cognitive, Phenomenological, and Transpersonal Perspectives",Harry T. Hunt,4.2,,English,m
48144,Lusts of the Libertines,Marquis de Sade,3.3,Fiction,English,m
48146,A Factory of Cunning,Philippa Stockley,3.02,Historical Fiction,English,w
48147,Last Seen Wearing,Hillary Waugh,3.75,Mystery,English,w
48175,Lazar Malkin Enters Heaven: Stories,Steve Stern,4.0,Jewish,English,m
48177,Garfield at Large: His First Book,Jim Davis,4.1,Comics,English,m
48186,"Bangladeshi Poets: Jibanananda Das, Taslima Nasrin, Kazi Nazrul Islam, Buddhadeb Bosu, Michael Madhusudan Dutt, Shahabuddin Nagari, Ahmed Sofa",Source Wikipedia,3.67,,English,m
48188,Spanish Fly,Will Ferguson,3.84,Fiction,English,m
48191,Death of Yesterday,M.C. Beaton,3.67,Mystery,English,m
48199,His Wicked Pleasure,Christinag1227,4.35,,English,m
48202,Haunted Coventry,David McGrory,3.25,,English,m
48214,The Finer Arts Of Bridge: A Textbook On Psychology,Victor Mollo,3.25,Games,English,m
48230,Thanksgiving Surprises,"Roger Rheinheimer , Crystal Linn",4.67,,English,m;w
48244,Mächtiger als der Tod,C.M. Singer,4.42,Paranormal,German,m
48245,Zuckerman Unbound,Philip Roth,3.83,Fiction,English,m
48251,Another 100 Greatest Cycling Climbs: A Road Cyclist's Guide to Britain's Hills,Simon Warren,3.98,Cycling,English,m
48253,The Marquesa,Stephen Bly,4.01,Christian Fiction,,m
48274,Dublörün Dilemması,Murat Menteş,3.99,Turkish Literature,Turkish,m
48276,Women Left Behind and Other Stories,Martina M. Sneed,4.67,,English,w
48278,The Tie That Binds,Kent Haruf,4.08,Fiction,English,m
48279,O Dom Circunscrito,Jorge Melícias,3.4,,Portuguese,m
48289,Rise of the Servant Kings: What the Bible Says about Being a Man,Ken Harrison,4.33,Christian,English,m
48292,Sadistic Games 7 & 8,Lucian Bane,4.16,Suspense,,m
48303,Infidelity,Paul Ferris,3.8,,,m
48304,Uzaklar,Can Dündar,3.62,Turkish,Turkish,m
48308,The Furies,John Jakes,4.1,Historical Fiction,English,m
48317,Pixy,Max Andersson,4.37,Comics,English,m
48320,Refiner's Fire,Mark Helprin,3.98,Fiction,English,m
48328,On Eagles' Wings,Sue Mayfield,4.0,Contemporary,English,w
48335,The Dog Who Knew Too Much,Spencer Quinn,4.1,Mystery,English,m
48360,من هنا نعلم,محمد الغزالي,4.08,Religion,Arabic,m
48365,1876,Gore Vidal,3.84,Historical Fiction,English,m
48371,Card Play Technique,"Victor Mollo, Nico Gardener",4.74,,English,m;m
48374,The Tattoo Artist,Jill Ciment,3.88,Fiction,English,w
48375,Wanda Hickey's Night of Golden Memories: And Other Disasters,Jean Shepherd,4.25,Humor,English,m
48389,Ava's Surprise,"Roger Rheinheimer , Crystal Linn",4.67,,English,m;w
48397,Benbonuna: A bush tale of the 'fifties',Robert Bruce,5.0,,English,m
48400,بغلة العرش,خيري شلبي,3.78,Novels,,m
48406,از طرف او,Alba de Céspedes,3.58,Novels,Persian,w
48410,Sir David: The Life and Loves of a Welsh Knight,Garner Scott Odell,5.0,,English,m
48412,NOT A BOOK: License To Dream: The Life Of Corey Haim,NOT A BOOK,3.53,,English,m
48413,Free in Christ,Cecil Hook,4.5,,English,m
48417,うたたね,Rinko Kawauchi,3.65,Photography,Japanese,m
48420,Utz,Bruce Chatwin,3.67,Fiction,English,m
48457,Gideon's Gift,Karen Kingsbury,4.29,Christian Fiction,English,w
48459,Friday the Rabbi Slept Late,Harry Kemelman,3.85,Mystery,English,m
48460,North of the Port: Stories,Anthony Bukoski,3.65,Short Stories,English,m
48473,The Awful Possibilities,Christian TeBordo,3.52,Short Stories,English,m
48474,Diaries of an Emotional Prostitute,Beatrice McClearn,4.21,,English,w
48476,Mury Hebronu,Andrzej Stasiuk,3.82,Polish Literature,Polish,m
48480,Seeker After Truth,Idries Shah,4.61,,English,m
48495,All My Burning Bridges,Pat Phoenix,4.5,,English,m
48498,Gerçeğin Masalı,Aziz Nesin,4.1,Turkish,Turkish,m
48501,Black Dogs,Ian McEwan,3.44,Fiction,English,m
48514,I Challenge You,Victor Mollo,4.09,Games,,m
48525,Amish Friendship Bread (Amish Grace: An Amish of Lancaster County Saga),Ruth Price,4.56,,English,w
48533,Science In Flux: NASA's Nuclear Program at Plum Brook Station 1955-2005,Mark D. Bowles,4.67,,,m
48551,Teneke,Yaşar Kemal,4.18,Turkish Literature,Turkish,m
48560,Ametsuchi,Rinko Kawauchi (Photographs),4.18,Photography,English,m
48562,The Truthful Story,Helen Stine,4.01,Fiction,,w
48573,M Hsst Drtyu,Tyrone Givens,5.0,,English,m
48575,The Days of Abandonment,Elena Ferrante,3.86,Fiction,English,w
48576,Eftersom jag älskar dig älskar jag hela världen: brev juli-december 1920,Franz Kafka,3.0,,Swedish,m
48585,A Reginald Bones Xmas: Bones Brothers 2,Lucian Bane,4.73,Dark,English,m
48594,National Lampoon: 1964 High School Yearbook: 39th Reunion Edition,P.J. O'Rourke,4.39,Humor,English,m
48605,Saturday the Rabbi Went Hungry,Harry Kemelman,3.86,Mystery,English,m
48619,Daddy's,Lindsay Hunter,4.11,Short Stories,English,m
48627,The Island of the World,Michael D. O'Brien,4.66,Fiction,English,m
48635,The African Safari Papers,Robert Sedlack,3.68,Fiction,English,m
48658,Thy Gold to Refine,Gerald N. Lund,4.32,Historical Fiction,,m
48660,Haunted Places in England,Elliott O'Donnell,4.5,,English,m
48676,Ruth's Dilemma,June Bryan Belfie,4.32,Amish,English,w
48684,The Science of Education: Back to School,Scientific American,4.07,Education,,m
48691,The Dancing Column: On Order in Architecture,Joseph Rykwert,4.0,Architecture,English,m
48707,Illuminance,"Rinko Kawauchi (Photographer), David Chandler",4.5,Photography,English,m;m
48711,The Naked Streets,Vasco Pratolini,3.64,Fiction,,m
48714,Lillias Fraser,Hélia Correia,3.48,Portugal,Portuguese,w
48716,If It Weren't For You: Do You Have What It Takes To Forgive?,Dorothea Neamonitos,4.69,,,w
48720,Making Sense of the New Testament,Craig L. Blomberg,3.76,Theology,English,m
48729,We Don't Live Here Anymore,Andre Dubus,4.02,Fiction,,m
48730,Sea Room,Norman G. Gautreau,3.91,Historical Fiction,English,m
48731,The Russian Debutante's Handbook,Gary Shteyngart,3.54,Fiction,English,m
48732,Pornography: The Other Side,F.M. Christensen,0.0,,English,m
48746,In the Company of Angels,Thomas E. Kennedy,3.71,Fiction,English,m
48750,The Stories of Paul Bowles,Paul Bowles,4.29,Short Stories,English,m
48760,GHOSTED,Laura Sue Gardner,4.85,,English,w
48768,My Family and Other Saints,Kirin Narayan,3.73,Religion,English,m
48778,The Kenneth Williams Letters,Kenneth Williams,4.25,Comedy,English,m
48780,Bütün Öyküler 1 (1880-1884),Anton Chekhov,4.22,,Turkish,m
48787,Like a Fire Burning,Gerald N. Lund,4.28,Historical Fiction,,m
48788,Haunted Norwich (Images of England Series),David Chisnell,4.58,,English,m
48794,Masters And Monsters The Human Side Of Bridge,Victor Mollo,4.79,,,m
48798,Running Eagle: Woman Warrior of the Blackfeet,James Willard Schultz,4.53,Biography,English,m
48808,Emma's Choice,June Bryan Belfie,4.41,Amish,English,w
48810,Broken Rib Ranch,Timothy Parsel,4.14,,English,m
48824,Zoe the Earless Kitten: The Adoption,Melissa Webb,5.0,,English,w
48825,صالح هيصة,خيري شلبي,4.05,Novels,Arabic,m
48832,Murder at the Mikado,Julianna Deering,3.99,Mystery,English,w
48840,He Who Dares,Derek 'Del Boy' Trotter,4.09,Autobiography,English,m
48842,Akiko: The Menace of Alia Rellapor Vol. 1 & Akiko on the Planet Smoo,Mark Crilley,3.76,Graphic Novels,English,m
48847,Il dio del massacro,Yasmina Reza,3.82,Plays,Italian,w
48853,The World We Live In A Poetry Book On Societal Issues Part 2,Jamell Crouthers,5.0,,English,m
48858,The Historical Reliability of the New Testament: Countering the Challenges to Evangelical Christian Beliefs,Craig L. Blomberg,4.76,Christianity,,m
48860,The Beauty of Humanity Movement,Camilla Gibb,3.93,Fiction,English,w
48861,Sadistic Games Book 11 & 12: Sadistic Games,Lucian Bane,4.73,,,m
48864,Les Héros de mon enfance,Michel Tremblay,3.74,Theatre,French,m
48865,Banana Bottom,Claude McKay,3.79,Fiction,English,m
48868,Finding a Girl in America,Andre Dubus,4.18,Short Stories,English,m
48875,Then She Found Me,Elinor Lipman,3.44,Fiction,English,w
48877,Monday the Rabbi Took Off,Harry Kemelman,3.83,Mystery,English,m
48882,A Case of Exploding Mangoes,Mohammed Hanif,3.75,Fiction,English,m
48884,Finding Caruso,Kim Barnes,3.31,Fiction,English,m
48891,The Heather Blazing,Colm Tóibín,3.81,Fiction,English,m
48895,The Silly Chicken,Idries Shah,3.95,Picture Books,English,m
48898,Following Richard Brautigan,Corey Mesler,4.24,,English,m
48925,Bridge My Way,Zia Mahmood,4.53,Biography,English,m
48929,With the Indians in the Rockies,James Willard Schultz,4.23,Westerns,English,m
48937,The Life of St. Dominic,Augusta Theodosia Drane,4.39,Biography,English,w
48943,The Clouded Hills,Brenda Jagger,4.17,Historical Fiction,English,w
48971,Nesibaigianti vasara: sociologinis romanas apie meilę ir seksą,Artūras Tereškinas,3.44,LGBT,Lithuanian,m
48977,A Madona,Natália Correia,3.97,Portugal,Portuguese,w
48979,Cuentos de angustias y paisajes,Carlos Salazar Herrera,4.29,Short Stories,Spanish,m
48980,The World We Live In A Poetry Book On Societal Issues Part 3,Jamell Crouthers,5.0,,English,m
48984,Interpreting the Parables: God's Good News for the World,Craig L. Blomberg,4.1,Theology,English,m
48990,Another Book about Another Broken Heart,Julia Tausch,4.08,Fiction,English,w
48998,Seven Plays,Sam Shepard,4.18,Plays,English,m
49000,In the Bedroom: Seven Stories,Andre Dubus,4.17,Short Stories,English,m
49004,Kent Family Chronicles: 3 Volumes in 1,John Jakes,4.31,Fiction,English,m
49007,Tuesday the Rabbi Saw Red,Harry Kemelman,3.87,Mystery,,m
49016,Saira,Fran Heckrotte,3.33,Lesbian,English,w
49022,Special Illumination: The Sufi Use of Humor,Idries Shah,4.61,,English,m
49046,The Manor & The Estate,Isaac Bashevis Singer,4.13,Fiction,English,m
49048,Haunted Kent (Images Of England) (Images Of England),Janet Cameron,4.3,,English,w
49063,Waiting for Belinda,June Bryan Belfie,4.11,Amish,English,w
49073,Physics and Psychics,Victor J. Stenger,3.94,Science,English,m
49081,Mitchell & Ruff: An American Profile in Jazz,William Zinsser,4.48,,English,m
49095,In His Presence,E.W. Kenyon,4.58,Christian,English,m
49099,Doctor Olaf van Schuler's Brain,Kirsten Menger-Anderson,3.46,Fiction,English,w
49109,The World We Live In A Poetry Book On Societal Issues,Jamell Crouthers,5.0,,,m
49111,A Handful of Sunshine,Vikram Bhatt,3.51,,,m
49115,Circus Clown ABC,Denise M. Jordan,3.33,,English,w
49123,Wednesday the Rabbi Got Wet,Harry Kemelman,3.89,Mystery,English,m
49133,"Les Gris, The Shadow People",Fran Heckrotte,3.0,Lesbian,,w
49137,The Magic Horse,Idries Shah,4.45,Picture Books,English,m
49138,Hotel Sorrento,Hannie Rayson,2.86,Plays,English,w
49152,Rebekah,Orson Scott Card,3.84,Historical Fiction,English,m
49164,Carry the Wind,Terry C. Johnston,4.3,Historical Fiction,English,m
49167,For The Love Of Ann: Based On A Diary By Jack Hodges,James Copeland,4.07,,English,m
49171,Kontroll,Viktor Suvorov,4.16,History,Estonian,m
49180,Bookhunter,Jason Shiga,3.84,Graphic Novels,English,m
49185,Birmingham Rose,Annie Murray,4.28,Fiction,English,w
49191,قصه های امیرعلی 1,امیرعلی نبویان,3.89,Short Stories,Persian,m
49207,The Painted Lady,David Ashton,3.94,,English,m
49224,The Girl I Love,Amit Nangia,3.76,Fiction,,m
49229,Sadistic Games Book 9&10,Lucian Bane,4.87,,,m
49237,Letter from Point Clear,Dennis McFarland,3.17,Fiction,English,m
49238,Thursday the Rabbi Walked Out,Harry Kemelman,3.89,Mystery,English,m
49252,The Man with Bad Manners,Idries Shah,3.97,,English,m
49266,C.S. Lewis,Walter Hooper,4.05,Biography,,m
49277,Stars in the Texas Sky,Stephen J. Matlock,4.2,,English,m
49278,Disney's Four-Color Adventures Volume 1,Al Taliaferro,3.82,Graphic Novels,Korean,m
49285,Two Gentlemen of Kentucky,James Lane Allen,5.0,,English,m
49292,The People's Act of Love,James Meek,3.7,Fiction,English,m
49298,"Daredevil, Volume 1: Devil at Bay","Mark Waid (Writer), Marc Guggenheim",3.98,Comics,English,m;m
49304,Der Freigeist,Gotthold Ephraim Lessing,3.52,German Literature,German,m
49307,Ausl�nder,D.M. Samson,4.83,,English,m
49320,მადათოვი,Aka Morchiladze,3.94,Georgian,Georgian,m
49323,Nor Will He Sleep,David Ashton,4.2,Crime,English,m
49324,You May All Prophesy,Steve Thompson,4.34,Faith,English,m
49326,"Akiko, Volume 4: The Story Tree",Mark Crilley,4.09,Graphic Novels,English,m
49335,The Struggles and Growth of a Man Part 2,Jamell Crouthers,5.0,,,m
49348,The Hatbox Letters,Beth Powning,3.11,Fiction,English,w
49355,The World Below,Sue Miller,3.56,Fiction,English,w
49372,Plays 2: The Caretaker / The Dwarfs / The Collection / The Lover / Night School / Trouble in the Works / The Black and White / Request Stop / Last to Go / Special Offer,Harold Pinter,3.92,Plays,English,m
49381,The Virgin Cure,Ami McKay,3.77,Historical Fiction,English,w
49399,A Treatise on Hijab,محمد بن صالح العثيمين,4.4,Islam,English,m
49405,The Mulligan,Nathan Jorgenson,4.03,Westerns,English,m
49410,A Lancaster Amish Storm 1:1,Ruth Price,3.71,Amish,English,w
49417,Believed Violent,James Hadley Chase,3.67,Novels,English,m
49421,The Fury of the Fae,Bernie Morris,4.28,,English,m
49440,"Akiko, Volume 5: Bornstone's Elixir",Mark Crilley,4.19,,English,m
49442,Shirin Neshat,Paulette Gagnon,5.0,,English,w
49449,The Cadence of Grass,Thomas McGuane,3.53,Fiction,English,m
49453,The Struggles and Growth of a Man,Jamell Crouthers,4.75,,English,m
49458,"Determined to Believe: The Sovereignty of God, Freedom, Faith and Human Responsibility",John C. Lennox,4.25,Theology,,m
49463,Mom Kills Kids & Self,Alan Saperstein,3.22,,English,m
49465,An Unfinished Life,Mark Spragg,3.95,Fiction,English,m
49482,Residual Moon,Kate Sweeney,3.84,Lesbian,English,w
49487,Peter Greenaway: Museums and Moving Images,David Pascoe,4.31,Film,English,m
49499,Liquidation,Imre Kertész,3.78,Fiction,English,m
49514,Lingering...,Casey Harvell,4.2,,,m
49515,Disney Presents Carl Barks Greatest Ducktales Stories Volume 2,Carl Barks,4.31,Comics,English,m
49516,The Concise Legacy E-Book by Darussalam,ابن تيمية,4.44,Islam,English,m
49532,The One Year Devos for Animal Lovers: Cool Things Animals Show Us about Our Creator,Dandi Daley Mackall,4.21,,English,m
49533,I Hold the Four Aces,James Hadley Chase,3.82,Crime,English,m
49535,The Year Of The Balls 2008: A Disrespective,Jarrod Kimber,4.5,,English,m
49548,Witch's Bell 6,Odette C. Bell,4.35,Urban Fantasy,English,w
49556,"Akiko, Volume 6: Stranded in Komura / Moonshopping",Mark Crilley,4.19,,English,m
49558,Shoji Ueda - Process and Creation,Shoji Ueda (Photographer),4.6,,Japanese,m
49564,Death is No Sportsman,Cyril Hare,3.77,Mystery,English,m
49566,La Biblia de estudio MacArthur - Reina-Valera 1960,Anonymous,4.16,,Spanish,m
49568,Tarot Aromatherapy,Karen Seinor,5.0,,,w
49571,Sharpe's Siege,Bernard Cornwell,4.2,Historical Fiction,English,m
49575,"Lucian Bane Books Checklist: Reading Order of Dom Wars Series, Mercy Series, Ruin Series, Reginald Bones Series and List of All Lucian Bane Books",Phoenix Zayden,5.0,,,m
49580,Dancing After Hours,Andre Dubus,4.14,Short Stories,English,m
49584,The Good Wife,Stewart O'Nan,3.59,Fiction,English,m
49585,The Great Perhaps,Joe Meno,3.58,Fiction,English,m
49588,What's Right: The New Conservative Majority And The Remaking Of America,David Frum,3.11,,English,m
49591,Desire,Kailin Gow,3.61,,English,m
49593,Survive the Dawn,Kate Sweeney,3.83,Lesbian,English,w
49605,Red Hot,Audrey Friend,3.83,,,w
49621,A Fail-Safe Way for You to Receive the Holy Spirit,Paul C. Jong,4.53,,English,m
49625,Master Play,Terence Reese,4.5,,English,m
49636,Die Wassernot IM Emmental,Jeremias Gotthelf,3.29,,,m
49646,الوتد,خيري شلبي,3.83,Short Stories,Arabic,m
49653,Death Comes to Pemberley,P.D. James,3.28,Mystery,English,m
49656,Drylands,Thea Astley,3.82,Fiction,English,w
49660,Witch's Bell 7,Odette C. Bell,4.17,,,w
49665,The Last Disciple,"Hank Hanegraaff, Sigmund Brouwer",3.91,Historical Fiction,English,m;m
49669,"Akiko, Volume 7: The Battle of Boach's Keep",Mark Crilley,4.18,,English,m
49671,Dan and Phil Boxed Set,"Dan Howell, Phil Lester",4.66,,,m;m
49672,"The Lost Tribes of Tierra del Fuego: Selk'nam, Yamana, Kawésqar",Martin Gusinde (Photographs),4.41,Photography,,m
49676,The Naked Salon,Lisa Conway,4.0,,English,w
49679,Le monde d'Arkadi édition intégrale,Caza,4.5,,French,m
49682,A Rainy Night in G minor (Songdog Book 1),Peg Lewis,4.5,,,w
49683,"Mindfulness dovana, arba Murkiantis Buda",Jurgita Barišauskienė,4.48,,Lithuanian,w
49688,Sadistic Games,Lucian Bane,5.0,,,m
49692,Arthur & George,Julian Barnes,3.71,Fiction,English,m
49700,"The Great Psychotherapy Debate: Models, Methods and Findings",Bruce E. Wampold,4.29,Psychology,English,m
49708,"Hugh Johnson's Wine Companion: The Encyclopedia of Wines, Vineyards and Winemakers","Hugh Johnson, Stephen Brook",4.04,Wine,English,m;m
49710,A Perfumed Scorpion,Idries Shah,4.7,Islam,English,m
49713,The Ecstasy of Owen Muir,Ring Lardner Jr.,3.85,,English,m
49716,Mexico,James A. Michener,3.73,Historical Fiction,English,m
49739,Haunted Sites of London,Richard Holland,3.7,,English,m
49745,The Muslim Home,Darussalam,4.41,Islam,English,m
49755,Инь и Ян - чёрная версия,Boris Akunin,3.73,Russia,Russian,m
49758,The Life of St. Gemma Galgani,Germanus Ruoppolo,4.3,Biography,English,m
49762,Girls of Grace Q A,Point Of Grace,4.14,,English,m
49765,Gourrama,Friedrich Glauser,3.76,Fiction,German,m
49791,The Last Sacrifice,"Hank Hanegraaff, Sigmund Brouwer",4.04,Fiction,English,m;m
49792,Akiko: Flights of Fancy,Mark Crilley,4.1,Graphic Novels,English,m
49796,Kazuma Obara: Silent Histories,Kazuma Obara (Photographer),3.5,,,m
49797,The Casebooks of Captain Holloway: The Disappearance of Tom Pile,Ian Beck,3.31,,,m
49802,Passive Income Generating Methods: Passive Income Generating Junkie,Brandon Gates,3.0,,,m
49809,Pays sans chapeau,Dany Laferrière,3.85,France,French,w
49826,The Lion Who Saw Himself in the Water,Idries Shah,4.04,Picture Books,English,m
49845,Ferntree Falls,Patti Roberts,4.3,Paranormal,English,w
49849,"Haunted London: English Ghosts, Legends, and Lore",E. Ashley Rooney,3.5,British Literature,English,m
49854,Don't Be Envious,Darussalam,4.49,,English,m
49872,Нефритовые четки,Boris Akunin,4.19,Russia,Russian,m
49880,A wartime Christmas,Carol Rivers,4.29,Historical Fiction,,m
49888,ნატურფილოსოფიური თხზულებები,Maurice Maeterlinck,5.0,,Georgian,m
49904,The Last Temple,"Hank Hanegraaff, Sigmund Brouwer",4.15,Historical Fiction,English,m;m
49905,Akiko: Flights of Fancy - The High Flying Expanded Edition,Mark Crilley,4.6,,English,m
49907,Marskens hemmelighed,Alex Uth,3.71,,,m
49908,"Misao, The Big Mama And Fukumaru The Cat Goodbye Hello (Japanese and English Edition)",Miyoko Ihara,4.53,Art,English,w
49909,Thirteen Hours,Narinder Dhami,3.71,,,m
49917,Passive Income: How to Get Started Selling on Amazon,Brandon Gates,5.0,,,m
49921,Sharpe's Honour,Bernard Cornwell,4.18,Historical Fiction,English,m
49926,Cuts Like an Angel: The Complete Series,"Mason Sabre , Lucian Bane",3.92,,,m;m
49933,The Red Gloves Collection,Karen Kingsbury,4.5,Christian Fiction,English,w
49937,In China's Shadow: The Crisis of American Entrepreneurship,Reed Hundt,3.83,,English,m
49938,The Death of Vishnu,Manil Suri,3.62,Fiction,English,m
49948,The Book of the Book,Idries Shah,4.57,Spirituality,English,m
49972,Haunted London Pubs,"David Brandon, Alan Brooke",4.0,,English,m;m
49987,Епидемия в Рая,Zотов,4.05,,Bulgarian,m
49995,Anna Und Ich: Erzählungen,Adelheid Duvanel,5.0,,,w
49996,Claiming the Real: The Documentary Film Revisited,Brian Winston,3.95,,English,m
49998,Arnie Jenks and the House of Strangers,Tim Bradley,3.17,,English,m
50004,"Two Old Women: An Alaskan Legend of Betrayal, Courage and Survival",Velma Wallis,4.04,Fiction,English,w
50006,Puk på kostskole,Lisbeth Werner,3.61,,Danish,w
50015,Word and Spirit Together,David Pawson,4.13,,English,m
50017,"Welcome Home, Forever Child: A Celebration of Children Adopted as Toddlers, Preschoolers, and Beyond",Christine Mitchell,3.63,Adoption,English,w
50030,How to Make Money While You Are Sleeping: Passive Income Generating Junkie,Brandon K. Gates,5.0,,,m
50041,Jefferson,Max Byrd,3.55,Historical Fiction,English,m
50043,Law V. Life: What Lawyers Are Afraid to Say about the Legal Profession,Walt Bachman,3.5,Law,English,m
50058,Sweetsmoke,David Fuller,3.71,Historical Fiction,English,m
50069,The Case Book of Irene Adler,San Cassimally,3.31,Mystery,English,m
50075,Arkansas Butterflies and Moths,Lori A. Spencer,5.0,,English,w
50076,Guarding the Tongue,Darussalam (Editor),4.45,Islam,English,m
50090,"Three Screenplays: Viridiana, The Exterminating Angel, Simon of the Desert",Luis Buñuel,4.23,,English,m
50093,Pargeters,Norah Lofts,3.92,Historical Fiction,English,w
50094,فساد الأمكنة,صبري موسى,3.9,Novels,Arabic,m
50096,Die Reise Der Seele,Marie Metrailler,4.52,,,w
50098,Рубашка,Евгений Гришковец,3.71,Russia,,m
50112,Las Grandes Pruebas Del Espíritu,Henri Michaux,4.0,,Spanish,m
50122,Jesus--der erste neue Mann,Franz Alt,4.0,,,m
50125,"Mindfulness: Yoga And Meditation, Simple Beginners Guide To Stress Relief And Happiness",George M. Posi,3.5,,,m
50132,The Big Green House,Akhtar Naraghi,4.67,,,m
50144,Thank You for Smoking,Christopher Buckley,3.93,Fiction,English,m
50151,The Elephant in the Dark,Idries Shah,4.54,Islam,English,m
50152,Hockney Posters,David Hockney,3.85,Art,,m
50180,Tilly,Frank E. Peretti,4.05,Christian Fiction,English,m
50189,Реки,Евгений Гришковец,3.75,Fiction,Russian,m
50192,Thunder Voice,Sigmund Brouwer,4.17,Westerns,English,m
50197,Schattenjagd,Maya Shepherd,4.3,,German,w
50205,The PreHistory of The Far Side: A 10th Anniversary Exhibit,Gary Larson,4.53,Humor,English,m
50208,Masters of Rome,Robert Fabbri,4.28,Historical Fiction,English,m
50209,Die Farben der Wirklichkeit: Ein Märchenbuch,Heinz Körner,3.59,,German,m
50210,Procrastination: How To Stop Wasting Your Time And Be More Productive,George M. Posi,4.67,,English,m
50211,Sharpe's Sword,Bernard Cornwell,4.23,Historical Fiction,English,m
50221,Invisible Threads,"Annie Dalton, Maria Dalton",3.07,Fiction,English,w;w
50226,Nichts als Gespenster,Judith Hermann,3.76,Short Stories,German,w
50235,Darkest England,Idries Shah,4.64,,English,m
50255,Ένα χαμένο προφίλ,Françoise Sagan,3.68,Fiction,"Greek, Modern (1453-)",w
50266,Off Magazine Street,Ronald Everett Capps,3.68,Fiction,English,m
50268,Le Faucon et l'Hirondelle,Boris Akunin,3.93,Russia,French,m
50276,The River Folk,Margaret Dickinson,4.22,Historical Fiction,English,w
50294,Schattenschwestern,Maya Shepherd,4.29,,German,w
50297,"Mastering Manga, How to Draw Manga Bodies",Mark Crilley,4.29,Manga,,m
50314,Emperor of Rome,Robert Fabbri,4.46,Historical Fiction,English,m
50323,The House at Maakies Corner,Tony Millionaire,4.16,Comics,English,m
50325,Thanksgiving Night,Richard Bausch,3.22,Fiction,English,m
50327,Mustang Man,Louis L'Amour,3.99,Westerns,English,m
50329,Secrets She Left Behind,Diane Chamberlain,4.04,Fiction,English,w
50334,"A Veiled Gazelle: ""Seeing How to See""",Idries Shah,4.69,Islam,English,m
50337,"Essential Incredible Hulk, Vol. 1",Stan Lee,3.72,Comics,English,m
50344,Talk Before Sleep,Elizabeth Berg,3.94,Fiction,English,w
50351,Haunted Places Of Lancashire (Haunted Places),Jason Karl,4.0,,English,m
50361,Алтын-Толобас,Boris Akunin,3.89,Russia,Russian,m
50368,Go For Launch!: An Illustrated History of Cape Canaveral,"Joel W. Powell, Art Lebrun",3.71,Space,English,m;m
50369,Sins of the Father,Kitty Neale,4.29,,English,w
50373,وكالة عطية,خيري شلبي,4.01,Novels,Arabic,m
50380,Schattentochter,Maya Shepherd,4.64,,German,w
50383,"Mastering Manga, How to Draw Manga Scenes",Mark Crilley,4.38,Art,,m
50387,Arrebato,Ivan Zulueta,4.0,,Spanish,m
50390,Nocturne And Five Tales Of Love And Death,Gabriele D'Annunzio,4.19,Short Stories,,w
50394,Rome's Fallen Eagle,Robert Fabbri,4.25,Historical Fiction,English,m
50395,Cooldown: Die Zukunft der Arbeit und wie wir sie meistern,Markus Väth,4.0,,German,m
50396,Iron Fey: The Iron King / Winter's Passage / The Iron Daughter / The Iron Queen / Summer's Crossing / The Iron Knight / Iron's Prophecy / The Lost Prince ... Traitor (Mills & Boon e-Book Collections),Julie Kagawa,4.46,,English,w
50403,Terpsichore in Sneakers: Post-Modern Dance,Sally Banes,4.18,Art,English,w
50410,Die Dynamik des Unbewußten (Gesammelte Werke 8),Marianne Niehus-Jung,4.0,,German,w
50414,Treasure Mountain,Louis L'Amour,4.06,Westerns,English,m
50421,Nosotras que nos queremos tanto,Marcela Serrano,3.84,Fiction,Spanish,w
50425,Sufi Thought and Action,Idries Shah,4.68,Religion,English,m
50434,Paying the Rent,Dylan Cross,3.25,Erotica,English,m
50441,İstanbul: Şehir Tarihi ve Mimarisi,Károly Kós,4.0,,Turkish,m
50448,Hauntings in Yorkshire,Stephen Wade,3.2,,English,m
50452,Garment of Shadows,Laurie R. King,3.93,Mystery,English,w
50457,Pelagia and the Red Rooster,Boris Akunin,3.83,Mystery,English,m
50468,Fortune Smiles,Adam Johnson,4.02,Short Stories,,m
50473,Schattenchance,Maya Shepherd,4.71,,German,w
50478,Mastering Manga 3: Power Up with Mark Crilley,Mark Crilley,4.7,Manga,English,m
50485,Kindle Fire Apps Top 100 Must Haves + Fire HD,Dustin Kaban,3.57,,English,m
50486,Pan-Africanism or Communism,George Padmore,4.21,Africa,,m
50487,The Talon Saga Volume 1: Talon / Rogue / Soldier / Legion,Julie Kagawa,4.4,,English,w
50492,To Wake the Giant: A Novel of Pearl Harbor,Jeff Shaara,4.45,Historical Fiction,,m
50494,Amway: The Cult of Free Enterprise,Stephen Butterfield,3.9,Business,English,m
50502,Skutečný příběh Cílka a Lídy,František Skála,4.42,Czech Literature,Czech,m
50522,Pluto Pup Goes to Sea,Annie North Bedford,4.25,,English,w
50525,Haunted Yorkshire,W.R. Mitchell,3.83,,,m
50531,Troubles,J.G. Farrell,3.8,Fiction,English,m
50532,Hard Travellin': The Hobo and his History,Kenneth Allsop,3.92,History,English,m
50547,Gate of the Sun,Elias Khoury,3.91,Fiction,English,m
50551,Fever and Spear,Javier Marías,3.99,Fiction,English,m
50555,Смерть и приключения Ефросиньи Прекрасной,Ольга Арефьева,4.08,Russia,Russian,m
50562,Rescue Me,April Nicolai,4.5,,German,w
50568,Fugle omkring fyret,Jacob Paludan,3.88,Fiction,Danish,m
50576,The Oracle's Journal (Of Gods and Guardians #1),Dimitri Liountris,4.26,,English,m
50577,Blood of Eden trilogie,Julie Kagawa,5.0,,,w
50584,"Strange Ground: An Oral History Of Americans In Vietnam, 1945-1975",Harry Maurer (Editor),4.09,History,English,m
50588,Lando,Louis L'Amour,3.98,Westerns,English,m
50602,Kara Kush,Idries Shah,4.25,Fiction,English,m
50607,Познание за жена,Amos Oz,3.54,Fiction,Bulgarian,m
50609,Texas Fortunes Trilogy,Marcia Gruver,4.0,Christian Romance,English,w
50610,Private Faces: The Autobiography,Sian Phillips,3.81,Biography,English,w
50615,Haunted Yorkshire Dales,Summer Strevens,3.75,,English,m
50621,Taming Eric,J.A. Melville,4.38,,English,m
50623,Динка прощается с детством,Valentina Oseeva,4.4,Russia,Russian,w
50627,Spirit Bridge,James L. Rubart,4.45,Christian Fiction,English,m
50634,Tortuga,Rudolfo Anaya,3.92,Fiction,English,m
50640,The Jalna Saga: All Sixteen Books of the Enduring Classic Series,Mazo de la Roche,4.4,Fiction,English,m
50642,Bir Günah Gibi,Burcu Büyükyıldız,4.01,,Turkish,w
50645,Winona's Web: A Novel of Discovery,Priscilla Cogan,3.8,Fiction,English,w
50656,"Bellfield Hall: or, the observations of Miss Dido Kent",Anna Dean,3.64,Mystery,English,w
50666,Keto Diet: 100 Low Carb Recipes for Weight Loss,Gabriel Kellison,5.0,,,m
50681,Last Summer at Barebones,Diane Baker Mason,3.75,Fiction,English,w
50684,Object of Virtue,Nicholas B.A. Nicholson,3.47,Fiction,English,m
50689,Neem the Half-Boy,Idries Shah,4.15,,English,m
50690,Forty-Seventeen,Frank Moorhouse,3.6,Fiction,English,m
50691,Mystic Sweet Communion,Jane Kirkpatrick,4.05,Historical Fiction,English,w
50695,On Canaan's Side,Sebastian Barry,3.85,Fiction,English,m
50702,Mysterious Yorkshire,Rupert Matthews,5.0,,English,m
50710,Revolutionary Empire: The Rise of the English-Speaking Empire from the Fifteenth Century to the 1780s,Angus Calder,4.3,History,English,m
50721,Hohe Sommertage,Gustav Falke,4.0,,German,m
50724,Pomegranate Soup,Marsha Mehran,3.58,Fiction,English,w
50726,East End Jubilee,Carol Rivers,4.04,Fiction,English,m
50735,Verity Sparks and the Scarlet Hand,Susan Green,4.18,Mystery,English,w
50737,The Secrets of Wishtide,Kate Saunders,3.74,Mystery,English,w
50741,El libro Tibetano de los muertos,Timothy Leary,3.67,,Spanish,m
50746,The Witch of Endor: Vampires,Robert Kenneth Wheeler Jr.,3.53,,,m
50747,Sharpe's Waterloo,Bernard Cornwell,4.27,Historical Fiction,English,m
50760,Wojna polsko-ruska pod flagą biało-czerwoną,Dorota Masłowska,3.3,Fiction,Polish,w
50765,Arabian Fairy Tales,Amina Shah,4.14,,English,w
50766,"Martini: A Memoir by Moorhouse, Frank (2005) Hardcover",Frank Moorhouse,4.05,Memoir,,m
50771,Wrecker,Summer Wood,3.7,Fiction,English,m
50773,"Michelangelo, the Sistine Chapel",Stefano Zuffi,4.19,Art,English,m
50778,Homeground: The Kate Bush Magazine: Anthology Volume Two: 'The Red Shoes' to '50 Words for Snow',Krystyna Fitzgerald-Morris (Editor),5.0,,,w
50796,Le Monde d'Arkadi - Les Yeux d'Or-Fé,Caza,3.76,Comics,French,m
50801,The Dust That Falls from Dreams,Louis de Bernières,3.57,Historical Fiction,English,m
50804,Five Plays,Molière,3.92,Plays,English,m
50811,Die Augen des Iriden,Maja Loewe,4.29,,German,w
50812,Our Chances Were Zero: The Daring Escape by Two German Pow's from India in 1942,Rolf Magener,4.16,,English,m
50820,The Secret of the Long-Lost Cousin-Free Sample Story: Can You Solve the Mystery #1-Free Sample Story (Can you solve the mystery?),M. Masters,3.58,Mystery,English,m
50822,"From Zero to Success: How to Make Cash From Blogging, How to Start a Blog and A Secret Guide to Monetising a Blog for Beginners.",James Phillips,5.0,,,m
50824,Tango: Stories of Desire in Poetry,Deborah Grace,4.5,,,w
50825,Sharpe's Battle,Bernard Cornwell,4.17,Historical Fiction,English,m
50831,Wire: Everybody Loves a History,Kevin Eden,3.93,Music,English,m
50836,Krazy Kat: A Celebration of Sundays,George Herriman,4.77,Comics,English,m
50843,Tales from the Bazaars of Arabia: Folk Stories from the Middle East,Amina Shah,4.11,Fiction,English,w
50857,Homeground: The Kate Bush Magazine: Anthology One: 'Wuthering Heights' to 'The Sensual World',Krystyna Fitzgerald-Morris (Editor),4.9,,,w
50864,"Kieron Smith, Boy",James Kelman,3.55,Fiction,English,m
50867,To Save His Life,Kelley Roos,3.5,,English,m
50872,"Rich Girl, Poor Girl",Val Wood,4.19,Historical Fiction,English,m
50879,Ayako,Osamu Tezuka,3.93,Manga,English,m
50887,At the Edge of the Orchard,Tracy Chevalier,3.63,Historical Fiction,English,m
50897,Wonder Cats: True Stories Of Extraordinary Felines,Ashley Morgan,4.11,,English,m
50903,Dingo Makes Us Human: Life and Land in an Australian Aboriginal Culture,Deborah Bird Rose,3.8,Anthropology,English,w
50904,Maker of Sunshine: Only for Love (Lewis Family Book 1),G. Nichelle,4.77,,English,m
50911,The Tea Girl of Hummingbird Lane,Lisa See,4.25,Historical Fiction,English,w
50914,The Lost Salt Gift of Blood,Alistair MacLeod,4.32,Short Stories,English,m
50918,"Coriolanus, the Chariot!",Alan Yates,3.1,,English,m
50925,"The Teaching Story, The Dermis Probe and Evenings with Idries Shah",Idries Shah,4.79,,,m
50941,Elizabeth and After,Matt Cohen,3.43,Fiction,English,m
50944,Aerial: (Piano,Kate Bush,3.86,,English,w
50946,Sex Wars: A Novel of Gilded Age New York,Marge Piercy,3.76,Historical Fiction,English,w
50953,TransAtlantic,Colum McCann,3.82,Fiction,English,m
50957,Captain America: Red Menace,Ed Brubaker (Writer),4.01,Comics,English,m
50960,The Elephant Gates,Chamalee Weeratunge,3.89,,,m
50968,The Bascombe Novels,Richard Ford,4.26,Fiction,English,m
50972,The Far Side Gallery 3,Gary Larson,4.45,Comics,English,m
50977,The Surgeon's Mate,Patrick O'Brian,4.4,Historical Fiction,English,m
50979,"Multiculturalism, Postcoloniality, and Transnational Media",Ella Shohat (Editor),4.06,,English,w
50981,Abundant Life Day Book: 365 Blessings to Begin Your Day,Nancy Guthrie,4.38,Christian Non Fiction,English,w
50987,Tale of Dan de Lion,Thomas M. Disch,5.0,,English,m
50988,21 Days To Improve Your Sleep Hygiene & Lose Weight: Is Sleep a Necessity or a Luxury?,Donata D Mooring,5.0,,,w
50997,Profile: Split Second / The Soul Catcher / At the Stroke of Madness,Alex Kava,4.32,,,m
51000,Carving The Light,Sue A. Maynard,4.41,Fiction,English,w
51010,The Natives Are Restless,Idries Shah,4.61,,English,m
51026,Batman: Haunted Knight,Jeph Loeb,3.86,Comics,English,m
51027,The Illustrated Collector's Guide to Kate Bush,Robert Godwin,3.89,,English,m
51031,All Night Long,Melody Mayer,3.8,Chick Lit,English,w
51038,Baking Artisan Bread: 10 Expert Formulas for Baking Better Bread at Home,Ciril Hitz,4.13,Cookbooks,English,m
51039,Quartet for the End of Time,Johanna Skibsrud,2.63,Fiction,,w
51049,The Open Door,Elizabeth Maguire,3.4,Historical Fiction,English,w
51050,Една година без значение,Олга Кръстева,4.62,Bulgarian Literature,Bulgarian,m
51051,Modellen,Lars Saabye Christensen,3.56,Scandinavian Literature,Norwegian,m
51056,World's End,T. Coraghessan Boyle,4.01,Fiction,English,m
51058,The Two-Family House,Lynda Cohen Loigman,3.93,Historical Fiction,English,w
51071,Deeds Darkly Done,J.L. Lahey,4.66,,English,m
51077,"Mitford Years 6-9 / Home to Holly Springs (Mitford Years, #6-9)",Jan Karon,4.58,,English,m
51078,The Last List of Miss Judith Kratt,Andrea Bobotis,3.68,Historical Fiction,English,w
51084,Cherubs,Timothy D. Rideout,4.33,,English,m
51092,"George Sprott, 1894-1975",Seth,4.09,Comics,English,m
51095,The World of Nasrudin,Idries Shah,4.45,,English,m
51098,Behavior Of Moths,Poppy Adams,3.21,Fiction,English,w
51111,The King of the Fields,Isaac Bashevis Singer,3.66,Fiction,English,m
51118,The Eagle and the Raven Part 1 of 3,Pauline Gedge,4.2,,English,w
51121,"The Labouring Classes in Early Industrial England, 1750-1850",John Rule,4.6,History,English,m
51129,Early Austrian Economics,Israel M. Kirzner,3.17,Economics,,m
51130,The Cranes Dance,Meg Howrey,3.7,Fiction,English,w
51142,Письма к Андрею,Евгений Гришковец,3.71,Art,Russian,m
51144,All That I Am,Anna Funder,3.8,Historical Fiction,English,w
51155,Բանաստեղծություններ,Komitas,4.67,,Armenian,m
51157,"Sleep, Baby, Sleep",Teri Weidner  (Illustrations),3.57,,English,w
51158,The House of Desires,"Catherine Boyle, Inés De La Cruz",3.75,,English,w;w
51164,How to Choose the Best Laptop for a Writer?: A Guide for Selecting a Notebook or Tablet for Writing,Joseph Monter,4.5,,,m
51167,The Works of His Hands: A Scientist's Journey from Atheism to Faith,Sy Garte,4.51,Christian,,m
51171,The Indian Captive,Matthew Brayton,3.71,,,m
51185,The Middle East Bedside Book,Tahir Shah  (Editor),4.32,Travel,English,m
51192,The Last to Know,Candida Crewe,3.0,Fiction,English,w
51195,Why Can't a Man Be More Like a Cat?,"Linda Konner, Antonia Van Der Meer",3.33,,English,w;w
51199,Poor Fool,Erskine Caldwell,3.74,Fiction,English,m
51200,Waiting For Kate Bush,John Mendelssohn,2.25,Music,,m
51204,Child of the Morning Part 2 of 2,Pauline Gedge,4.52,Historical Fiction,English,w
51205,The Novel,James A. Michener,3.65,Fiction,English,m
51207,"The Forging of the Modern State: Early Industrial Britain, 1783-1870",Eric J. Evans,3.69,History,English,m
51211,Whale Season,N.M. Kel,3.42,Fiction,English,m
51215,Report Made To The Chamber Of Deputies On The Abolition Of Slavery In The French Colonies,Alexis de Tocqueville,3.0,,,m
51216,The Case of the Spurious Spinster,Erle Stanley Gardner,3.96,Mystery,English,m
51232,The Untouchable,John Banville,3.95,Fiction,English,m
51238,La Muerte,Juan Ramón Jiménez,4.67,,Spanish,m
51242,The Power of Three Free Sample (Secret Breakers #1),H.L. Dennis,3.52,,English,m
51245,The Jules Verne Steam Balloon: Nine Stories,Guy Davenport,4.18,Short Stories,English,m
51246,A Comprehensive Introduction to Computer Systems and Beyond: A Supplemental Study Guide for the CompTIA A+ Certification Exam,Samuel Castro,4.0,,,m
51250,Shortcomings,Adrian Tomine,3.64,Graphic Novels,English,m
51254,A Tale of Two Sisters,Anna Maxted,3.36,Chick Lit,English,w
51260,A Mansion by the Mersey,Anne Baker,4.33,,English,w
51263,Drowning in Gruel,George Singleton,3.92,Short Stories,English,m
51265,Neglected Aspects of Sufi Study,Idries Shah,4.85,,English,m
51266,Plays 1: Closer / Dealer's Choice / After Miss Julie,Patrick Marber,4.14,Plays,English,m
51275,"Public Places: My Life in the Theater, with Peter O'Toole and Beyond",Sian Phillips,3.86,Biography,English,w
51288,Alamo House,Sarah Bird,3.85,Fiction,,w
51291,Sexting,G.B. Hope,3.84,Erotica,English,m
51306,Lelana: Sie kämpft um ihr Leben. Sie kämpft um Macht.,Marcus Johanus,4.0,,English,m
51308,The Animators,Kayla Rae Whitaker,3.97,Fiction,English,w
51311,Pony Lovers Handbook,LibHamilton,4.67,,English,m
51315,The Knockout Artist,Harry Crews,3.97,Fiction,English,m
51318,The Drummer of the Eleventh North Devonshire Fusiliers,Guy Davenport,4.07,Fiction,English,m
51320,How To Profit in Entertainment: Social Media Guide,Yolanda Nollie,5.0,,,w
51321,Sharpe's Trafalgar,Bernard Cornwell,4.09,Historical Fiction,English,m
51328,Teddycats,Mike Storey,3.82,,,m
51332,V/Crying of Lot 49/Gravity's Rainbow,Thomas Pynchon,4.41,Fiction,English,m
51334,Tender as Hellfire,Joe Meno,3.78,Fiction,English,m
51344,The Terrible Privacy of Maxwell Sim,Jonathan Coe,3.39,Fiction,English,m
51360,Drowned Hopes,Donald E. Westlake,4.13,Mystery,English,m
51364,Point Omega,Don DeLillo,3.44,Fiction,English,m
51370,The Disappearance of Emily Marr,Louise Candlish,3.74,Fiction,English,w
51371,Orhan's Inheritance,Aline Ohanesian,3.94,Historical Fiction,English,w
51379,The Translator,Nina Schuyler,3.61,Fiction,English,w
51382,Tödliche Gedanken: Er kennt dein Geheimnis. Wie kannst du ihm vertrauen?,Marcus Johanus,3.67,,English,m
51388,7 Powers of Man: The energy to design destiny,Jermaine James,4.5,,,m
51399,Merseyside Girls,Anne Baker,4.35,,English,w
51400,Star Island,Carl Hiaasen,3.48,Fiction,English,m
51407,Hammer of the Scots,"Charles Randolph Bruce, Carolyn Hale Bruce",3.94,,,m;w
51409,The Hundred Tales of Wisdom,Shams Al-Din Ahmad Aflaki,3.92,,English,m
51412,"Tom Strong's Terrific Tales, Book Two","Alan Moore , Steve Moore",3.56,Comics,English,m;m
51415,Ruling Passion,Reginald Hill,3.91,Mystery,English,m
51421,Negeri Para Mafioso,Denny Indrayana,2.57,,Indonesian,m
51422,Diana: The Life of a Princess,Patricia Cronin Marcello,3.67,,English,w
51432,Tainted Tree,Jacquelynn Luben,4.02,Fiction,,m
51436,Vinternoveller,Ingvild H. Rishøi,4.3,Short Stories,"Bokmål, Norwegian; Norwegian Bokmål",w
51442,Tödliche Wahrheit: Die Vergangenheit holt dich ein. Kannst du sie ertragen? (Kelltin 2),Marcus Johanus,5.0,,English,m
51447,World War II from a Waist Gunner's View of Stalag 17,Luther Irwin Kelley,4.0,,English,m
51448,A Concise Guide to Cats,Emily Williams,4.5,,,w
51450,My First Seven Years (Plus a Few More),Dario Fo,3.75,Italy,English,m
51455,The Mindful Vegetarian: A 28-Day Plan. The Essential Vegetarian Book for Health and Balance,Elizabeth Collins,5.0,,,w
51476,The Tale of the Four Dervishes of Amir Khusru,Amina Shah,4.78,,English,w
51490,Princess Diana Life After Death of the English Rose,Emanuela Maria Lecca,0.0,,English,w
51492,Modern Africa: A Social and Political History,Basil Davidson,3.78,Africa,English,m
51512,Ohne Ziel ist der weg auch egal,Michaela Grünig,4.5,,German,w
51521,CINCO HISTORIAS De Animales Te Cuento: VAROLES MORALES / ENSEÑANZA PARA LA VIDA,Loriette Silva - Lopez,5.0,,,m
51523,Oops!: Helping Children Learn Accidentally,Hywel Roberts,4.29,Teaching,English,m
51531,Before the Dawn,Tōson Shimazaki,4.07,Japan,,m
51537,The Book Of Secrets,Fiona Kidman,3.7,Historical Fiction,English,w
51543,A Miracle of Catfish,Larry Brown,4.14,Fiction,English,m
51546,Peepshow,Leigh Redhead,3.81,Crime,German,m
51548,The Secret Lore of Magic,Idries Shah,4.09,Occult,English,m
51559,England's Rose: An Audio Trubute to Princess Diana,Jan Ferrington,3.0,,,m
51584,Frisch entführt ist halb gewonnen,Michaela Grünig,4.0,,German,w
51586,The Nutmeg of Consolation,Patrick O'Brian,4.41,Historical Fiction,English,m
51617,Special Problems in the Study of Sufi Ideas,Idries Shah,4.83,,English,m
51627,What We Keep,Elizabeth Berg,3.91,Fiction,English,w
51628,Diana with Love,Nigel Langdon,4.0,,English,m
51647,"Ein Mitbewohner zum Verlieben: Was sich liebt, das neckt sich",Fiona Winter,3.31,,German,w
51649,The Fortune of War,Patrick O'Brian,4.4,Historical Fiction,English,m
51650,Från en demons båge,Bruno K. Öijer,3.5,,Swedish,m
51659,The Jewel of Vishnu,RK Singh,3.56,,English,m
51665,Tigers in Red Weather,Liza Klaussmann,3.43,Fiction,English,w
51668,Hope As Old As Fire,Steven Charleston,4.8,,English,m
51669,Le Vieux Chagrin,Jacques Poulin,3.71,Canada,French,m
51676,A Breed of Women,Fiona Kidman,3.69,Fiction,English,w
51688,Veruschka: Transfigurations,"Vera Lehndorff, Susan Sontag",4.6,,English,w;w
51711,Palingenesis,J. Lewis Bennett,4.0,,English,m
51716,Kiss of the Vampire,Lee Weathersby,3.63,Vampires,English,m
51718,Yer Demir Gök Bakır,Yaşar Kemal,4.3,Fiction,Turkish,m
51723,The Far Side of the World,Patrick O'Brian,4.45,Historical Fiction,English,m
51729,Zena: Soldier,Edward Lake,4.0,,,m
51741,Paddy's Puzzle,Fiona Kidman,3.48,Fiction,English,w
51745,The Eyes of Innocence,Tika Newman,4.0,,English,m
51755,Merde Happens,Stephen Clarke,3.47,Humor,English,m
51758,Diana: The Last 24 Hours,Allan Silver,4.67,,English,m
51766,Dogeaters,Jessica Hagedorn,3.6,Fiction,English,w
51774,In His Arms,Camille Laurens,3.3,France,English,m
51776,I Been in Sorrow's Kitchen and Licked Out All the Pots,Susan Straight,4.11,Fiction,English,w
51780,Gestualidad Japonesa: Manifestaciones Modernas de una Cultura Clasica,Michitarō Tada,3.74,Japan,Spanish,m
51788,The Darkness In the Light,Jaden Sparks,5.0,,,m
51801,"How Late It Was, How Late",James Kelman,3.58,Fiction,English,m
51802,The Best of Fiona Kidman's Short Stories,Fiona Kidman,3.8,,English,w
51814,Overcoming Assumptions That Inhibit Spiritual Development,Idries Shah,4.73,,English,m
51820,The Letters of the Reverend Patrick Brontë,Patrick Brontë,5.0,,English,m
51822,"Mickey Mouse, Vol. 2: Trapped on Treasure Island",Floyd Gottfredson,4.38,Comics,English,m
51824,"Diana, Princess of Wales",Veda Boyd Jones,3.0,,English,w
51830,Mary Coin,Marisa Silver,3.9,Historical Fiction,English,w
51837,The Billion Dollar Girl,I.D. Blind,3.5,,English,m
51842,The Right Side,Spencer Quinn,3.91,Mystery,English,m
51844,Pollyanne: One Little Donkey's Amazing Journey from the Knacker's Yard to the West End Stage,Sarah Oliver,4.0,,English,w
51846,Harriet Tubman: The Life and the Life Stories,Jean M. Humez,3.85,Biography,English,m
51848,Kristen In TJ's World,Thomas Gore,5.0,,English,m
51855,Putain,Nelly Arcan,3.44,Fiction,French,w
51856,Snug,Michael Morpurgo,3.98,Animals,English,m
51857,Oracles and Miracles,Stevan Eldred-Grigg,3.88,,English,m
51862,The Course of the Seeker,Omar Ali-Shah,4.54,,English,m
51866,Walt Disney's Christmas Treasury,Walt Disney Company (Compilation),4.25,Christmas,English,m
51869,Frances: The Remarkable Story of Princess Diana's Mother,"Max Riddington, Gavan Naden",3.74,Biography,English,m;m
51881,Five Complete Books,Dr. Seuss,4.27,,English,m
51886,La virgen de los sicarios,Fernando Vallejo,3.72,Fiction,Spanish,m
51889,69,Ryū Murakami,3.64,Japanese Literature,English,m
51891,Retrain Your Mind: A Comprehensive Approach At Understanding and Overcoming Emotional Pain,Samuel Castro,5.0,,,m
51900,"Pleasures Of The Flesh: Sex & Drugs In Colonial New Zealand, 1840 1915",Stevan Eldred-Grigg,3.33,,,m
51901,The Practical Heart: Four Novellas,Allan Gurganus,3.72,Fiction,English,m
51907,The Englishman's Handbook,Idries Shah,4.55,,English,m
51912,Walt Disney's Comics and Stories Archives Volume 1,Floyd Gottfredson,4.22,Comics,English,m
51914,"The Ancestry of Diana, Princess of Wales: For Twelve Generations",Richard K. Evans,4.33,,English,m
51919,The World We Found,Thrity Umrigar,3.81,Fiction,English,m
51920,Gilgamesh,Joan London,3.64,Fiction,English,w
51924,"Lenguaje, Significado Y Contexto",John Lyons,3.62,Language,Spanish,m
51933,No sufrir compañía: Escritos místicos sobre el silencio (Siglos XVI y XVII),Ramón Andrés,4.2,,Spanish,m
51937,The Rape of Shavi,Buchi Emecheta,3.66,Fiction,English,m
51939,Misfit Toymakers: Misfits Made,Keith T. Jenkins,4.2,,,m
51940,Sword of Rome,Douglas Jackson,4.33,Historical Fiction,English,m
51946,Call Your Daughter Home,Deb Spera,4.3,Historical Fiction,,w
51947,भूतनाथ,Babu Devakinandan Khatri,4.17,Indian Literature,Hindi,m
51950,"Furniture Of The New Zealand Colonial Era: An Illustrated History, 1830 1900",William Cottrell,5.0,,English,m
51951,Daughter's Keeper,Ayelet Waldman,3.7,Fiction,English,w
51955,The Man and the Fox,Idries Shah,4.23,,,m
51958,Dangerous Grounds,Shelli Stevens,3.73,Erotica,English,m
51961,Norwood,Charles Portis,3.86,Fiction,English,m
51962,Diana the Killing of a Princess,Nicholas Davies,2.6,,English,m
51964,Nothing Like a Dame: The Scandals of Shirley Porter,Andrew Hosken,4.5,,English,m
51965,The Wandering Falcon,Jamil Ahmad,3.52,Fiction,English,m
51975,Spill the Jackpot,A.A. Fair,3.91,Mystery,English,m
51981,The Flight of Icarus,Raymond Queneau,3.98,Fiction,English,m
51987,Avenger of Rome,Douglas Jackson,4.39,Historical Fiction,English,m
51988,Rise at Twilight,Kayla Krantz,4.55,,English,w
51994,At the Edge of History and Passages About Earth,William Irwin Thompson,4.33,,,m
51995,The Collector's Wife,Mitra Phukan,3.71,India,English,w
52000,The Wind Off the Sea,Charlotte Bingham,3.71,Historical Fiction,English,w
52005,Sufism For Today,Omar Ali-Shah,3.73,,English,m
52012,Diana: Princess of the People,Tanya Lee Stone,4.14,,English,w
52015,Crazy Ladies,Michael Lee West,3.83,Fiction,English,m
52017,A Vein of Riches,John Knowles,3.84,Historical Fiction,English,m
52036,Sky Hawk,Gill Lewis,4.14,Novels,English,m
52040,Enemy of Rome,Douglas Jackson,4.31,Historical Fiction,English,m
52041,"How To Get A Job Easily - Insider Secrets: And Get 3 - 6 Job Interviews In A Month Or Less (Tips for looking for a job, Find a job book, Golden nugget jobs, How to get a job book)",C.D. Thompson,4.6,,,m
52045,The Persian Pickle Club,Sandra Dallas,3.79,Fiction,English,w
52046,To Die in Chicago: Confederate Prisoners at Camp Douglas 1862-65,George Levy,4.17,Civil War,English,m
52051,Haymarket,Martin Duberman,3.66,Fiction,English,m
52053,Kmen a jiné příběhy,Jaromír Plachý,3.67,,Czech,m
52056,Occultism: Its Theory and Practice,Ikbal Ali Shah,4.0,,English,m
52059,Destiny of the Vampire,Tina Traverse,3.75,Vampires,English,w
52061,Princess Diana-Forever in Our Hearts: A Scrapbook of Memories,Kimberly Weinberger,4.0,,English,m
52062,Larry's Party,Carol Shields,3.73,Fiction,English,m
52066,"Ariel's Demise (A Bittersweet Fairytale, #1)",Khalia N. Hades,3.5,Mermaids,English,m
52077,Te retrouver,Fabio Volo,3.39,Fiction,French,m
52078,جای خالی سلوچ,Mahmoud Dowlatabadi,4.14,Novels,Persian,m
52087,Stuck Rubber Baby,Howard Cruse,4.03,Graphic Novels,English,m
52090,Catching A Miracle,Mark Spinicelli,3.29,,,m
52092,Who Is Jesus?: Linking the Historical Jesus with the Christ of Faith,Darrell L. Bock,4.07,Theology,English,m
52095,Inland,Téa Obreht,3.45,Fiction,,m
52103,Sufi Studies: East and West : A Symposium in Honor of Idries Shah's Services to Sufi Studies,L.F. Rushbrook Williams,4.44,,,m
52104,A Tiger for Malgudi and the Man-Eater of Malgudi,R.K. Narayan,3.96,Fiction,English,m
52107,"The Last Banner: The Story of the 1985-86 Celtics, the NBA's Greatest Team of All Time",Peter May,3.86,Sports,English,m
52121,"Zeitgeschichtliche Kontroversen: Um Faschismus, Totalitarismus, Demokratie",Karl Dietrich Bracher,5.0,,German,m
52124,To Rise from Earth: An Easy-To-Understand Guide to Spaceflight,Wayne Lee,4.41,Space,English,m
52125,Freedom Is Earned,Kristal McKerrington,4.83,,English,w
52130,"Alissa, Princess of Arcadia",Jillian Ross,4.21,Middle Grade,English,w
52136,The Book of Mary,Gail Sidonie Sobat,4.12,,English,m
52140,Killer in Drag,Ed Wood,3.49,Fiction,English,m
52144,Ru,Kim Thúy,3.78,Fiction,French,m
52145,Shake Before Use: A Basic Guide for How Life Works,Penelope Morcillo,5.0,,English,w
52150,Li'l Abner Dailies 1948 Volume Fourteen,Al Capp,4.14,,,m
52155,Letters and Lectures of Idries Shah,Adam Musa,4.8,,,m
52161,Ladies' Man,Richard Price,3.52,Fiction,English,m
52162,The Princess Who Changed the World,Nicholas Davies,4.0,Biography,English,m
52166,Down the Common: A Year in the Life of a Medieval Woman,Ann Baer,4.15,Historical Fiction,English,w
52169,Die Schönsten Erzählungen 1,Jeremias Gotthelf,5.0,,German,m
52181,Hüyükteki Nar Ağacı,Yaşar Kemal,4.13,Turkish Literature,Turkish,m
52194,"Jesus, Skepticism, and the Problem of History: Criteria and Context in the Study of Christian Origins",Darrell L. Bock (Editor),4.25,New Testament,,m
52198,How To Become Motivated In A Coronavirus Pandemic : The Magic Of Uncertainty,Darryl Bumpass Sr,5.0,,,m
52202,Boy Wonder,James Robert Baker,4.46,Fiction,English,m
52208,Paladyni,Halina Snopkiewicz,3.05,Polish Literature,,w
52209,Tales of Afghanistan,Amina Shah,4.08,,English,w
52224,Die schönsten Erzählungen 2,Jeremias Gotthelf,5.0,,German,m
52240,La estética musical desde la Antigüedad hasta el siglo XX,Enrico Fubini,4.86,,Spanish,m
52242,All We Need of Hell,Harry Crews,3.93,Fiction,English,m
52244,Sharpe's Triumph,Bernard Cornwell,4.12,Historical Fiction,English,m
52247,The Joy of Jesus,Doreen Virtue,4.32,New Age,English,w
52250,The Revenue Marketing Book : How to build a predictable and repeatable revenue marketing engine that works,Yaagneshwaran Ganesh,4.0,,,m
52251,The Woman in the Woods: Linked Stories,Ann Joslin Williams,4.68,Short Stories,English,w
52259,Destination Mecca,Idries Shah,4.83,,,m
52265,"Hardship & Devotion: ... Against All Odds, Can True Love Prevail?",McKaylin L. Felton,3.87,,English,m
52266,"Diana, Princess of Wales, Empress of the World",Sri Chinmoy,4.25,,,m
52271,"Elsi, die seltsame Magd und andere Geschichten aus dem Übergangsjahr 1798",Jeremias Gotthelf,5.0,,German,m
52294,À l'ami qui ne m'a pas sauvé la vie,Hervé Guibert,3.93,France,French,m
52295,Launching Your Real Estate Career: The Definitive Guide,Eric Kistner,5.0,,,m
52302,The Dermis Probe,Idries Shah,4.52,Islam,English,m
52306,Last Orders,Graham Swift,3.68,Fiction,English,m
52318,Nomad: A Year In the Life of a Qashqa'i Tribesman in Iran,Lois Beck,3.13,,English,w
52330,Rowlf: Underground 3,Richard Corben,3.5,Comics,,m
52337,Must the Young Die Too?,Wyatt Sawyer,4.0,,English,m
52340,Refus Global; Projections Libérantes,Paul-Emile Borduas,4.0,,English,m
52343,Misdiagnosis and Mistreatment: Your Doctor’s Advice is The Number One Cause of Death Kindle Edition,Brian J. Sheen,5.0,,,m
52348,What Would You Do for Love If You Had No Fear?: Loving Without Losing--Your Mind,Diane Conway,4.29,,,w
52352,The Wanderers,Richard Price,3.9,Fiction,English,m
52353,Diana Princess of Wales,Brian Hoey,4.25,,English,m
52361,When We Were Orphans,Kazuo Ishiguro,3.5,Fiction,English,m
52364,Beachcombing for a Shipwrecked God,Joe Coomer,3.97,Fiction,English,m
52372,The Signal Flame,Andrew Krivak,3.98,Fiction,,m
52374,"Diccionario de música, mitología, magia y religión",Ramón Andrés,4.38,,Spanish,m
52402,Letters Home from The Crimea: A Young Cavalryman's Campaign,Temple Godman,3.85,,English,m
52407,"Forever Young, Forever Free Forever Young, Forever Free",Hettie Jones,3.67,,,w
52424,Learn Dutch - Word Power 101,Innovative Language,3.35,Reference,English,m
52432,See You Never,Misty Jae Ogert,3.73,Survival,English,m
52436,Nie wszystko w życiu,Karolina Baset,4.67,,Polish,w
52442,"The Melancholy of Suzumiya Haruhi-chan: The Untold Adventures of the SOS Brigade, Vol. 05",Nagaru Tanigawa,4.13,Manga,English,m
52446,Dial M For Merde,Stephen Clarke,3.53,Humor,English,m
52447,Princess Diana: The House of Windsor and Palm Beach,H.J. Roberts,3.5,,English,m
52454,Au Petit Poil,A.A. Fair,3.89,Mystery,,m
52462,گل‌های معرفت,Éric-Emmanuel Schmitt,3.56,Short Stories,Persian,m
16,A Thousand Splendid Suns,Khaled Hosseini,4.38,Fiction,English,m
51,The Shack,William Paul Young,3.78,Fiction,English,m
68,All the Light We Cannot See,Anthony Doerr,4.33,Historical Fiction,English,m
69,Shantaram,Gregory David Roberts,4.25,Fiction,English,m
79,The Goldfinch,Donna Tartt,3.92,Fiction,English,w
106,A Little Life,Hanya Yanagihara,4.31,Fiction,English,w
115,And the Mountains Echoed,Khaled Hosseini,4.05,Fiction,English,m
121,A Man Called Ove,Fredrik Backman,4.36,Fiction,English,m
125,The White Tiger,Aravind Adiga,3.74,Fiction,English,m
129,The Casual Vacancy,J.K. Rowling,3.3,Fiction,English,w
130,Freedom,Jonathan Franzen,3.76,Fiction,English,w;m
153,The Sense of an Ending,Julian Barnes,3.73,Fiction,English,m
160,House Rules,Jodi Picoult,4.02,Fiction,English,w
166,A Gentleman in Moscow,Amor Towles,4.34,Historical Fiction,English,m
171,My Brilliant Friend,Elena Ferrante,3.96,Fiction,English,w
191,Perfect,Tricia Copeland,4.42,Contemporary,English,w
192,Snow,Orhan Pamuk,3.59,Fiction,English,m
199,Little Fires Everywhere,Celeste Ng,4.1,Fiction,English,w
205,Colorless Tsukuru Tazaki and His Years of Pilgrimage,Haruki Murakami,3.85,Fiction,English,m
209,Before We Were Yours,Lisa Wingate,4.37,Historical Fiction,English,w
212,The Children Act,Ian McEwan,3.7,Fiction,English,m
213,Pachinko,Min Jin Lee,4.26,Historical Fiction,English,w
230,Invisible,Paul Auster,3.68,Fiction,English,m;m
231,Small Great Things,Jodi Picoult,4.34,Fiction,English,w
237,The Alice Network,Kate Quinn,4.27,Historical Fiction,English,w
242,The Sympathizer,Viet Thanh Nguyen,3.97,Fiction,English,m
248,Leaving Time,Jodi Picoult,3.96,Fiction,English,w
250,4 3 2 1,Paul Auster,3.87,Fiction,English,m
269,The Inheritance of Loss,Kiran Desai,3.43,Fiction,English,w
277,The Unlikely Pilgrimage of Harold Fry,Rachel Joyce,3.92,Fiction,English,w
279,The Story of a New Name,Elena Ferrante,4.39,Fiction,English,w
281,We Are All Completely Beside Ourselves,Karen Joy Fowler,3.71,Fiction,English,w
298,The Underground Railroad,Colson Whitehead,4.03,Historical Fiction,English,m
302,The Narrow Road to the Deep North,Richard Flanagan,4.01,Fiction,English,m
319,Edge of Eternity,Ken Follett,4.12,Historical Fiction,English,m
330,The Black Book,Orhan Pamuk,3.92,Fiction,English,m;m
332,The Thing Around Your Neck,Chimamanda Ngozi Adichie,4.24,Short Stories,English,w
341,My Name Is Lucy Barton,Elizabeth Strout,3.52,Fiction,English,w
355,Betty,Tiffany McDaniel,4.5,Fiction,English,w
370,Home,Marilynne Robinson,4.02,Fiction,English,m
379,The Nest,Cynthia D'Aprix Sweeney,3.42,Fiction,English,w
384,Those Who Leave and Those Who Stay,Elena Ferrante,4.31,Fiction,English,w
395,The Son,Philipp Meyer,4.0,Fiction,English,m
399,The Nix,Nathan Hill,4.06,Fiction,English,m
430,"Sing, Unburied, Sing",Jesmyn Ward,4.02,Fiction,English,w
444,The Story of the Lost Child,Elena Ferrante,4.4,Fiction,English,w
457,The Girls,Lori Lansens,3.79,Fiction,English,w
461,Save Me,Lisa Scottoline,3.65,Fiction,English,w
462,The Noise of Time,Julian Barnes,3.73,Fiction,English,m
467,Human Acts,Han Kang,4.17,Fiction,English,w
472,In One Person,John Irving,3.68,Fiction,English,m
475,Hullabaloo in the Guava Orchard,Kiran Desai,3.45,Fiction,,w
483,Lila,Marilynne Robinson,3.93,Fiction,English,w
489,Wolf Totem,Jiang Rong,4.03,Fiction,English,m
490,The Nickel Boys,Colson Whitehead,4.27,Fiction,English,m
493,The Garden of Evening Mists,Tan Twan Eng,4.12,Historical Fiction,English,m
494,Do Not Say We Have Nothing,Madeleine Thien,3.91,Fiction,English,w
507,A Spool of Blue Thread,Anne Tyler,3.42,Fiction,English,w
531,Such a Fun Age,Kiley Reid,3.85,Fiction,English,w
537,Drive Your Plow Over the Bones of the Dead,Olga Tokarczuk,3.96,Fiction,English,w
539,The First Bad Man,Miranda July,3.61,Fiction,English,w
540,"Girl, Woman, Other",Bernardine Evaristo,4.42,Fiction,English,w
548,The Liar,Stephen Fry,3.67,Fiction,English,w
557,The Road Home,Jim Harrison,4.34,Fiction,English,m
569,Flights,Olga Tokarczuk,3.79,Fiction,English,w
578,The Prague Cemetery,Umberto Eco,3.45,Fiction,English,m
585,The Valley of Amazement,Amy Tan,3.64,Historical Fiction,English,w
588,Manhattan Beach,Jennifer Egan,3.62,Historical Fiction,English,w
620,The Mothers,Brit Bennett,3.86,Fiction,English,m;m;m
642,Judas,Amos Oz,3.86,Fiction,Spanish,m
656,Soumission,Michel Houellebecq,3.65,Fiction,French,m
662,Stalingrad,"Theodor Plievier, Hans-Harald Müller",3.92,Historical Fiction,,m
675,The Girl Who Saved the King of Sweden,Jonas Jonasson,3.77,Fiction,English,m
697,The Suspect,Andrew C. Nye,4.43,,English,m
703,The Red Horse,Eugenio Corti,4.23,Fiction,English,m
708,Thus Bad Begins,Javier Marías,3.97,Fiction,English,m
712,The Female Persuasion,Meg Wolitzer,3.59,Fiction,,w
714,Boy Swallows Universe,Trent Dalton,4.4,Fiction,English,m
730,Joy,A'Mera Frieman,4.0,,English,m
733,Missing,Shelley MacKenney,4.14,Memoir,English,w
734,The Maze,Panos Karnezis,3.43,Fiction,English,m
742,The Fox,M.N.J. Butler,3.68,Historical Fiction,English,m
745,Grand Hotel Europa,Ilja Leonard Pfeijffer,4.11,Fiction,Dutch,m
765,Black Rock White City,A.S. Patric,3.53,Fiction,English,m
773,Mountains,Seymour Simon,4.04,,English,m
776,Eva,Carry van Bruggen,3.07,Literature,,m
782,Genius,"Patrick Dennis (Pseudonym), Edward Everett Tanner III",3.9,Fiction,English,m
784,Siege,Jack Hight,3.94,Historical Fiction,English,m
786,The Lie,Helen Dunmore,3.6,Historical Fiction,English,m
798,The Ministry of Utmost Happiness,Arundhati Roy,3.5,Fiction,English,w
805,Real Life,Brandon Taylor,3.95,Fiction,English,w
809,Testimony,Anita Shreve,3.57,Fiction,English,m
841,The Spy,Paulo Coelho,3.35,Historical Fiction,English,m
851,Canada,Richard Ford,3.51,Fiction,English,m
854,Lamentation,C.J. Sansom,4.41,Historical Fiction,English,m
856,Us Against You,Fredrik Backman,4.33,Fiction,English,m
868,The Valley,Barry Pilton,3.05,,English,m
873,Anxious People,Fredrik Backman,4.35,Fiction,English,m
877,A Step of Faith,Richard Paul Evans,4.18,Fiction,English,m
921,Apeirogon,Colum McCann,4.28,Fiction,,m
928,The Red-Haired Woman,Orhan Pamuk,3.71,Fiction,English,m
933,Boulevard,Jim Grimsley,3.32,Gay,English,w
935,The Maid,Kimberly Cutter,3.43,Historical Fiction,English,w
945,The Women in the Castle,Jessica Shattuck,3.85,Historical Fiction,English,w
946,The Vanishing Half,Brit Bennett,4.3,Fiction,English,w
947,The Spider's Web,Peter Tremayne,4.1,Mystery,English,w
953,The Garlic Ballads,Mo Yan,3.72,Fiction,English,m
963,The Wonder,Emma Donoghue,3.62,Historical Fiction,English,w
971,The Four Winds,Kristin Hannah,4.33,Historical Fiction,,w
973,Zero,Ignácio de Loyola Brandão,3.91,Brazil,English,m
1030,Purity,Jonathan Franzen,3.62,Fiction,English,m
1045,Maine,J. Courtney Sullivan,3.38,Fiction,English,w
1049,Homer & Langley,E.L. Doctorow,3.62,Fiction,English,m
1051,Miller's Valley,Anna Quindlen,3.87,Fiction,English,w
1060,A Permanent Member of the Family,Russell Banks,3.59,Short Stories,English,m
1087,Redeployment,Phil Klay,3.97,Fiction,English,m
1106,Cross Roads,William Paul Young,3.96,Fiction,English,m
