title,author,nationality,rating,genres,language,gender,description
Harry Potter and the Order of the Phoenix,J.K. Rowling,United Kingdom,4.5,"['Fantasy', 'Young Adult', 'Fiction', 'Magic', 'Childrens', 'Adventure', 'Audiobook', 'Middle Grade', 'Classics', 'Science Fiction Fantasy']",English,w,"There is a door at the end of a silent corridor. And it’s haunting Harry Pottter’s dreams. Why else would he be waking in the middle of the night, screaming in terror?Harry has a lot on his mind for this, his fifth year at Hogwarts: a Defense Against the Dark Arts teacher with a personality like poisoned honey; a big surprise on the Gryffindor Quidditch team; and the looming terror of the Ordinary Wizarding Level exams. But all these things pale next to the growing threat of He-Who-Must-Not-Be-Named - a threat that neither the magical government nor the authorities at Hogwarts can stop.As the grasp of darkness tightens, Harry must discover the true depth and strength of his friends, the importance of boundless loyalty, and the shocking price of unbearable sacrifice.His fate depends on them all."
To Kill a Mockingbird,Harper Lee,United States,4.28,"['Classics', 'Fiction', 'Historical Fiction', 'School', 'Literature', 'Young Adult', 'Historical', 'Novels', 'Read For School', 'High School']",English,w,"The unforgettable novel of a childhood in a sleepy Southern town and the crisis of conscience that rocked it, To Kill A Mockingbird became both an instant bestseller and a critical success when it was first published in 1960. It went on to win the Pulitzer Prize in 1961 and was later made into an Academy Award-winning film, also a classic.Compassionate, dramatic, and deeply moving, To Kill A Mockingbird takes readers to the roots of human behavior - to innocence and experience, kindness and cruelty, love and hatred, humor and pathos. Now with over 18 million copies in print and translated into forty languages, this regional story by a young Alabama woman claims universal appeal. Harper Lee always considered her book to be a simple love story. Today it is regarded as a masterpiece of American literature."
Pride and Prejudice,Jane Austen,United Kingdom,4.26,"['Classics', 'Fiction', 'Romance', 'Historical Fiction', 'Literature', 'Historical', 'Novels', 'Historical Romance', 'Classic Literature', 'Adult']",English,w,"Alternate cover edition of ISBN 9780679783268Since its immediate success in 1813, Pride and Prejudice has remained one of the most popular novels in the English language. Jane Austen called this brilliant work ""her own darling child"" and its vivacious heroine, Elizabeth Bennet, ""as delightful a creature as ever appeared in print."" The romantic clash between the opinionated Elizabeth and her proud beau, Mr. Darcy, is a splendid performance of civilized sparring. And Jane Austen's radiant wit sparkles as her characters dance a delicate quadrille of flirtation and intrigue, making this book the most superb comedy of manners of Regency England."
The Book Thief,Markus Zusak,Australia,4.37,"['Historical Fiction', 'Fiction', 'Young Adult', 'Historical', 'Classics', 'War', 'Holocaust', 'World War II', 'Books About Books', 'Audiobook']",English,m,"Librarian's note: An alternate cover edition can be found hereIt is 1939. Nazi Germany. The country is holding its breath. Death has never been busier, and will be busier still.By her brother's graveside, Liesel's life is changed when she picks up a single object, partially hidden in the snow. It is The Gravedigger's Handbook, left behind there by accident, and it is her first act of book thievery. So begins a love affair with books and words, as Liesel, with the help of her accordian-playing foster father, learns to read. Soon she is stealing books from Nazi book-burnings, the mayor's wife's library, wherever there are books to be found.But these are dangerous times. When Liesel's foster family hides a Jew in their basement, Liesel's world is both opened up, and closed down.In superbly crafted writing that burns with intensity, award-winning author Markus Zusak has given us one of the most enduring stories of our time.(Note: this title was not published as YA fiction)"
Animal Farm,George Orwell,United Kingdom,3.95,"['Classics', 'Fiction', 'Dystopia', 'Fantasy', 'Literature', 'Politics', 'School', 'Science Fiction', 'Novels', 'Read For School']",English,m,"Librarian's note: There is an Alternate Cover Edition for this edition of this book here.A farm is taken over by its overworked, mistreated animals. With flaming idealism and stirring slogans, they set out to create a paradise of progress, justice, and equality. Thus the stage is set for one of the most telling satiric fables ever penned –a razor-edged fairy tale for grown-ups that records the evolution from revolution against tyranny to a totalitarianism just as terrible. When Animal Farm was first published, Stalinist Russia was seen as its target. Today it is devastatingly clear that wherever and whenever freedom is attacked, under whatever banner, the cutting clarity and savage comedy of George Orwell’s masterpiece have a meaning and message still ferociously fresh."
The Fault in Our Stars,John Green,United States,4.21,"['Young Adult', 'Romance', 'Fiction', 'Contemporary', 'Realistic Fiction', 'Teen', 'Coming Of Age', 'Drama', 'Novels', 'Love']",English,m,"Despite the tumor-shrinking medical miracle that has bought her a few years, Hazel has never been anything but terminal, her final chapter inscribed upon diagnosis. But when a gorgeous plot twist named Augustus Waters suddenly appears at Cancer Kid Support Group, Hazel's story is about to be completely rewritten.Insightful, bold, irreverent, and raw, The Fault in Our Stars is award-winning author John Green's most ambitious and heartbreaking work yet, brilliantly exploring the funny, thrilling, and tragic business of being alive and in love."
Fahrenheit 451,Ray Bradbury,United States,3.99,"['Classics', 'Fiction', 'Science Fiction', 'Dystopia', 'School', 'Literature', 'Novels', 'Fantasy', 'Adult', 'Science Fiction Fantasy']",English,m,"Guy Montag is a fireman. In his world, where television rules and literature is on the brink of extinction, firemen start fires rather than put them out. His job is to destroy the most illegal of commodities, the printed book, along with the houses in which they are hidden.Montag never questions the destruction and ruin his actions produce, returning each day to his bland life and wife, Mildred, who spends all day with her television 'family'. But then he meets an eccentric young neighbor, Clarisse, who introduces him to a past where people did not live in fear and to a present where one sees the world through the ideas in books instead of the mindless chatter of television.When Mildred attempts suicide and Clarisse suddenly disappears, Montag begins to question everything he has ever known."
Divergent,Veronica Roth,United States,4.19,"['Young Adult', 'Dystopia', 'Fiction', 'Fantasy', 'Science Fiction', 'Romance', 'Adventure', 'Teen', 'Post Apocalyptic', 'Action']",English,m,"In Beatrice Prior's dystopian Chicago world, society is divided into five factions, each dedicated to the cultivation of a particular virtue—Candor (the honest), Abnegation (the selfless), Dauntless (the brave), Amity (the peaceful), and Erudite (the intelligent). On an appointed day of every year, all sixteen-year-olds must select the faction to which they will devote the rest of their lives. For Beatrice, the decision is between staying with her family and being who she really is—she can't have both. So she makes a choice that surprises everyone, including herself.During the highly competitive initiation that follows, Beatrice renames herself Tris and struggles alongside her fellow initiates to live out the choice they have made. Together they must undergo extreme physical tests of endurance and intense psychological simulations, some with devastating consequences. As initiation transforms them all, Tris must determine who her friends really are—and where, exactly, a romance with a sometimes fascinating, sometimes exasperating boy fits into the life she's chosen. But Tris also has a secret, one she's kept hidden from everyone because she's been warned it can mean death. And as she discovers unrest and growing conflict that threaten to unravel her seemingly perfect society, she also learns that her secret might help her save those she loves . . . or it might destroy her."
The Alchemist,Paulo Coelho,Brazil,3.88,"['Fiction', 'Classics', 'Fantasy', 'Philosophy', 'Novels', 'Spirituality', 'Literature', 'Self Help', 'Inspirational', 'Adventure']",English,m,"Paulo Coelho's enchanting novel has inspired a devoted following around the world. This story, dazzling in its powerful simplicity and soul-stirring wisdom, is about an Andalusian shepherd boy named Santiago who travels from his homeland in Spain to the Egyptian desert in search of a treasure buried near the Pyramids. Along the way he meets a Gypsy woman, a man who calls himself king, and an alchemist, all of whom point Santiago in the direction of his quest. No one knows what the treasure is, or if Santiago will be able to surmount the obstacles in his path. But what starts out as a journey to find worldly goods turns into a discovery of the treasure found within. Lush, evocative, and deeply humane, the story of Santiago is an eternal testament to the transforming power of our dreams and the importance of listening to our hearts.Illustration: Jim Tierney"
The Perks of Being a Wallflower,Stephen Chbosky,United States,4.2,"['Young Adult', 'Fiction', 'Contemporary', 'Coming Of Age', 'Romance', 'Realistic Fiction', 'LGBT', 'Classics', 'Mental Health', 'Teen']",English,m,"standing on the fringes of life...offers a unique perspective. But there comes a time to seewhat it looks like from the dance floor.This haunting novel about the dilemma of passivity vs. passion marks the stunning debut of a provocative new voice in contemporary fiction: The Perks of Being A WALLFLOWERThis is the story of what it's like to grow up in high school. More intimate than a diary, Charlie's letters are singular and unique, hilarious and devastating. We may not know where he lives. We may not know to whom he is writing. All we know is the world he shares. Caught between trying to live his life and trying to run from it puts him on a strange course through uncharted territory. The world of first dates and mixed tapes, family dramas and new friends. The world of sex, drugs, and The Rocky Horror Picture Show, when all one requires is that the perfect song on that perfect drive to feel infinite.Through Charlie, Stephen Chbosky has created a deeply affecting coming-of-age story, a powerful novel that will spirit you back to those wild and poignant roller coaster days known as growing up.(back cover)"
The Great Gatsby,"F. Scott Fitzgerald, Francis Scott Fitzgerald",United States,3.92,"['Classics', 'Fiction', 'School', 'Literature', 'Historical Fiction', 'Romance', 'Novels', 'Read For School', 'High School', 'American']",English,m,"Alternate Cover Edition ISBN: 0743273567 (ISBN13: 9780743273565)The Great Gatsby, F. Scott Fitzgerald's third book, stands as the supreme achievement of his career. This exemplary novel of the Jazz Age has been acclaimed by generations of readers. The story is of the fabulously wealthy Jay Gatsby and his new love for the beautiful Daisy Buchanan, of lavish parties on Long Island at a time when The New York Times noted ""gin was the national drink and sex the national obsession,"" it is an exquisitely crafted tale of America in the 1920s.The Great Gatsby is one of the great classics of twentieth-century literature.(back cover)"
City of Bones,Cassandra Clare,United States,4.1,"['Fantasy', 'Young Adult', 'Paranormal', 'Romance', 'Urban Fantasy', 'Fiction', 'Vampires', 'Supernatural', 'Angels', 'Magic']",English,w,"When fifteen-year-old Clary Fray heads out to the Pandemonium Club in New York City, she hardly expects to witness a murder― much less a murder committed by three teenagers covered with strange tattoos and brandishing bizarre weapons. Then the body disappears into thin air. It's hard to call the police when the murderers are invisible to everyone else and when there is nothing―not even a smear of blood―to show that a boy has died. Or was he a boy?This is Clary's first meeting with the Shadowhunters, warriors dedicated to ridding the earth of demons. It's also her first encounter with Jace, a Shadowhunter who looks a little like an angel and acts a lot like a jerk. Within twenty-four hours Clary is pulled into Jace's world with a vengeance when her mother disappears and Clary herself is attacked by a demon. But why would demons be interested in ordinary mundanes like Clary and her mother? And how did Clary suddenly get the Sight? The Shadowhunters would like to know..."
The Little Prince,Antoine de Saint-Exupéry,France,4.31,"['Classics', 'Fiction', 'Fantasy', 'Childrens', 'France', 'Young Adult', 'Philosophy', 'Literature', 'French Literature', 'Middle Grade']",English,m,"A PBS Great American Read Top 100 PickFew stories are as widely read and as universally cherished by children and adults alike as The Little Prince. Richard Howard's translation of the beloved classic beautifully reflects Saint-Exupéry's unique and gifted style. Howard, an acclaimed poet and one of the preeminent translators of our time, has excelled in bringing the English text as close as possible to the French, in language, style, and most important, spirit. The artwork in this edition has been restored to match in detail and in color Saint-Exupéry's original artwork. Combining Richard Howard's translation with restored original art, this definitive English-language edition of The Little Prince will capture the hearts of readers of all ages."
Brave New World,Aldous Huxley,United Kingdom,3.99,"['Classics', 'Fiction', 'Science Fiction', 'Dystopia', 'Literature', 'Novels', 'School', 'Fantasy', 'Philosophy', 'Science Fiction Fantasy']",English,m,"Brave New World is a dystopian novel by English author Aldous Huxley, written in 1931 and published in 1932. Largely set in a futuristic World State, inhabited by genetically modified citizens and an intelligence-based social hierarchy, the novel anticipates huge scientific advancements in reproductive technology, sleep-learning, psychological manipulation and classical conditioning that are combined to make a dystopian society which is challenged by only a single individual: the story's protagonist."
One Hundred Years of Solitude,Gabriel García Márquez,Colombia,4.08,"['Fiction', 'Classics', 'Magical Realism', 'Literature', 'Novels', 'Fantasy', 'Historical Fiction', 'Spanish Literature', 'Literary Fiction', 'Latin American']",English,m,"The brilliant, bestselling, landmark novel that tells the story of the Buendia family, and chronicles the irreconcilable conflict between the desire for solitude and the need for love—in rich, imaginative prose that has come to define an entire genre known as ""magical realism."""
The Catcher in the Rye,J.D. Salinger,United States,3.81,"['Classics', 'Fiction', 'Young Adult', 'Literature', 'School', 'Novels', 'Coming Of Age', 'American', 'High School', 'Read For School']",English,m,"The hero-narrator of The Catcher in the Rye is an ancient child of sixteen, a native New Yorker named Holden Caulfield. Through circumstances that tend to preclude adult, secondhand description, he leaves his prep school in Pennsylvania and goes underground in New York City for three days. The boy himself is at once too simple and too complex for us to make any final comment about him or his story. Perhaps the safest thing we can say about Holden is that he was born in the world not just strongly attracted to beauty but, almost, hopelessly impaled on it. There are many voices in this novel: children's voices, adult voices, underground voices-but Holden's voice is the most eloquent of all. Transcending his own vernacular, yet remaining marvelously faithful to it, he issues a perfectly articulated cry of mixed pain and pleasure. However, like most lovers and clowns and poets of the higher orders, he keeps most of the pain to, and for, himself. The pleasure he gives away, or sets aside, with all his heart. It is there for the reader who can handle it to keep. J.D. Salinger's classic novel of teenage angst and rebellion was first published in 1951. The novel was included on Time's 2005 list of the 100 best English-language novels written since 1923. It was named by Modern Library and its readers as one of the 100 best English-language novels of the 20th century. It has been frequently challenged in the court for its liberal use of profanity and portrayal of sexuality and in the 1950's and 60's it was the novel that every teenage boy wants to read."
A Thousand Splendid Suns,Khaled Hosseini,"United States, Afghanistan",4.38,"['Fiction', 'Historical Fiction', 'Contemporary', 'Novels', 'Historical', 'War', 'Adult Fiction', 'Adult', 'Drama', 'Literature']",English,m,"A Thousand Splendid Suns is a breathtaking story set against the volatile events of Afghanistan's last thirty years—from the Soviet invasion to the reign of the Taliban to post-Taliban rebuilding—that puts the violence, fear, hope, and faith of this country in intimate, human terms. It is a tale of two generations of characters brought jarringly together by the tragic sweep of war, where personal lives—the struggle to survive, raise a family, find happiness—are inextricable from the history playing out around them.Propelled by the same storytelling instinct that made The Kite Runner a beloved classic, A Thousand Splendid Suns is at once a remarkable chronicle of three decades of Afghan history and a deeply moving account of family and friendship. It is a striking, heart-wrenching novel of an unforgiving time, an unlikely friendship, and an indestructible love—a stunning accomplishment.--front flap"
A Game of Thrones,George R.R. Martin,United States,4.45,"['Fantasy', 'Fiction', 'Epic Fantasy', 'Adult', 'Science Fiction Fantasy', 'High Fantasy', 'Adventure', 'Dragons', 'Audiobook', 'Epic']",English,m,"Here is the first volume in George R. R. Martin’s magnificent cycle of novels that includes A Clash of Kings and A Storm of Swords. As a whole, this series comprises a genuine masterpiece of modern fantasy, bringing together the best the genre has to offer. Magic, mystery, intrigue, romance, and adventure fill these pages and transport us to a world unlike any we have ever experienced. Already hailed as a classic, George R. R. Martin’s stunning series is destined to stand as one of the great achievements of imaginative fiction.A GAME OF THRONESLong ago, in a time forgotten, a preternatural event threw the seasons out of balance. In a land where summers can last decades and winters a lifetime, trouble is brewing. The cold is returning, and in the frozen wastes to the north of Winterfell, sinister and supernatural forces are massing beyond the kingdom’s protective Wall. At the center of the conflict lie the Starks of Winterfell, a family as harsh and unyielding as the land they were born to. Sweeping from a land of brutal cold to a distant summertime kingdom of epicurean plenty, here is a tale of lords and ladies, soldiers and sorcerers, assassins and bastards, who come together in a time of grim omens.Here an enigmatic band of warriors bear swords of no human metal; a tribe of fierce wildlings carry men off into madness; a cruel young dragon prince barters his sister to win back his throne; and a determined woman undertakes the most treacherous of journeys. Amid plots and counterplots, tragedy and betrayal, victory and terror, the fate of the Starks, their allies, and their enemies hangs perilously in the balance, as each endeavors to win that deadliest of conflicts: the game of thrones.source: georgerrmartin.com"
Life of Pi,Yann Martel,Canada,3.91,"['Fiction', 'Fantasy', 'Classics', 'Adventure', 'Contemporary', 'Novels', 'Literature', 'Magical Realism', 'India', 'Philosophy']",English,m,"Life of Pi is a fantasy adventure novel by Yann Martel published in 2001. The protagonist, Piscine Molitor ""Pi"" Patel, a Tamil boy from Pondicherry, explores issues of spirituality and practicality from an early age. He survives 227 days after a shipwreck while stranded on a boat in the Pacific Ocean with a Bengal tiger named Richard Parker."
The Kite Runner,Khaled Hosseini,"United States, Afghanistan",4.3,"['Fiction', 'Historical Fiction', 'Contemporary', 'Classics', 'Novels', 'Historical', 'Literature', 'Adult', 'Adult Fiction', 'Drama']",English,m,"The unforgettable, heartbreaking story of the unlikely friendship between a wealthy boy and the son of his father’s servant, The Kite Runner is a beautifully crafted novel set in a country that is in the process of being destroyed. It is about the power of reading, the price of betrayal, and the possibility of redemption; and an exploration of the power of fathers over sons—their love, their sacrifices, their lies.A sweeping story of family, love, and friendship told against the devastating backdrop of the history of Afghanistan over the last thirty years, The Kite Runner is an unusual and powerful novel that has become a beloved, one-of-a-kind classic.--khaledhosseini.com"
The Handmaid's Tale,Margaret Atwood,Canada,4.11,"['Fiction', 'Classics', 'Dystopia', 'Science Fiction', 'Feminism', 'Fantasy', 'Adult', 'Audiobook', 'Literature', 'Novels']",English,w,"Offred is a Handmaid in the Republic of Gilead. She may leave the home of the Commander and his wife once a day to walk to food markets whose signs are now pictures instead of words because women are no longer allowed to read. She must lie on her back once a month and pray that the Commander makes her pregnant, because in an age of declining births, Offred and the other Handmaids are valued only if their ovaries are viable. Offred can remember the years before, when she lived and made love with her husband, Luke; when she played with and protected her daughter; when she had a job, money of her own, and access to knowledge. But all of that is gone now . . . Funny, unexpected, horrifying, and altogether convincing, The Handmaid's Tale is at once scathing satire, dire warning, and tour de force."
Dune,Frank Herbert,United States,4.23,"['Science Fiction', 'Fiction', 'Fantasy', 'Classics', 'Science Fiction Fantasy', 'Space Opera', 'Audiobook', 'Novels', 'Adventure', 'Adult']",English,m,"Set on the desert planet Arrakis, Dune is the story of the boy Paul Atreides, heir to a noble family tasked with ruling an inhospitable world where the only thing of value is the “spice” melange, a drug capable of extending life and enhancing consciousness. Coveted across the known universe, melange is a prize worth killing for...When House Atreides is betrayed, the destruction of Paul’s family will set the boy on a journey toward a destiny greater than he could ever have imagined. And as he evolves into the mysterious man known as Muad’Dib, he will bring to fruition humankind’s most ancient and unattainable dream."
Little Women,Louisa May Alcott,United States,4.09,"['Classics', 'Fiction', 'Historical Fiction', 'Young Adult', 'Romance', 'Historical', 'Literature', 'Childrens', 'Classic Literature', 'Novels']",English,w,"Generations of readers young and old, male and female, have fallen in love with the March sisters of Louisa May Alcott’s most popular and enduring novel, Little Women. Here are talented tomboy and author-to-be Jo, tragically frail Beth, beautiful Meg, and romantic, spoiled Amy, united in their devotion to each other and their struggles to survive in New England during the Civil War.It is no secret that Alcott based Little Women on her own early life. While her father, the freethinking reformer and abolitionist Bronson Alcott, hobnobbed with such eminent male authors as Emerson, Thoreau, and Hawthorne, Louisa supported herself and her sisters with ""woman’s work,” including sewing, doing laundry, and acting as a domestic servant. But she soon discovered she could make more money writing. Little Women brought her lasting fame and fortune, and far from being the ""girl’s book” her publisher requested, it explores such timeless themes as love and death, war and peace, the conflict between personal ambition and family responsibilities, and the clash of cultures between Europe and America."
One Flew Over the Cuckoo's Nest,Ken Kesey,United States,4.19,"['Classics', 'Fiction', 'Literature', 'Psychology', 'Novels', 'School', 'Mental Health', 'American', 'Mental Illness', 'Contemporary']",English,m,"Tyrannical Nurse Ratched rules her ward in an Oregon State mental hospital with a strict and unbending routine, unopposed by her patients, who remain cowed by mind-numbing medication and the threat of electric shock therapy. But her regime is disrupted by the arrival of McMurphy – the swaggering, fun-loving trickster with a devilish grin who resolves to oppose her rules on behalf of his fellow inmates. His struggle is seen through the eyes of Chief Bromden, a seemingly mute half-Indian patient who understands McMurphy's heroic attempt to do battle with the powers that keep them imprisoned. Ken Kesey's extraordinary first novel is an exuberant, ribald and devastatingly honest portrayal of the boundaries between sanity and madness."
Outlander,Diana Gabaldon,United States,4.23,"['Historical Fiction', 'Romance', 'Fantasy', 'Fiction', 'Time Travel', 'Historical', 'Historical Romance', 'Adult', 'Audiobook', 'Scotland']",English,w,"The year is 1945. Claire Randall, a former combat nurse, is just back from the war and reunited with her husband on a second honeymoon when she walks through a standing stone in one of the ancient circles that dot the British Isles. Suddenly she is a Sassenach—an “outlander”—in a Scotland torn by war and raiding border clans in the year of Our Lord...1743. Hurled back in time by forces she cannot understand, Claire is catapulted into the intrigues of lairds and spies that may threaten her life, and shatter her heart. For here James Fraser, a gallant young Scots warrior, shows her a love so absolute that Claire becomes a woman torn between fidelity and desire—and between two vastly different men in two irreconcilable lives."
A Clockwork Orange,Anthony Burgess,United Kingdom,3.99,"['Classics', 'Fiction', 'Science Fiction', 'Dystopia', 'Literature', 'Novels', 'Horror', 'Thriller', 'Crime', 'Modern Classics']",English,m,"In Anthony Burgess's influential nightmare vision of the future, criminals take over after dark. Teen gang leader Alex narrates in fantastically inventive slang that echoes the violent intensity of youth rebelling against society. Dazzling and transgressive, A Clockwork Orange is a frightening fable about good and evil and the meaning of human freedom. This edition includes the controversial last chapter not published in the first edition, and Burgess’s introduction, “A Clockwork Orange Resucked.”"
Don Quixote,Miguel de Cervantes Saavedra,Spain,3.88,"['Classics', 'Fiction', 'Literature', 'Spanish Literature', 'Adventure', 'Novels', 'Historical Fiction', 'Spain', 'Humor', 'Classic Literature']",English,m,"Don Quixote has become so entranced by reading chivalric romances that he determines to become a knight-errant himself. In the company of his faithful squire, Sancho Panza, his exploits blossom in all sorts of wonderful ways. While Quixote's fancy often leads him astray—he tilts at windmills, imagining them to be giants—Sancho acquires cunning and a certain sagacity. Sane madman and wise fool, they roam the world together, and together they have haunted readers' imaginations for nearly four hundred years.With its experimental form and literary playfulness, Don Quixote has been generally recognized as the first modern novel. The book has been enormously influential on a host of writers, from Fielding and Sterne to Flaubert, Dickens, Melville, and Faulkner, who reread it once a year, ""just as some people read the Bible."""
Atlas Shrugged,Ayn Rand,"United States, Russia",3.69,"['Classics', 'Philosophy', 'Literature', 'Politics', 'Science Fiction', 'Dystopia', 'Economics', 'Novels', 'Audiobook', 'Fiction']",English,w,"This is the story of a man who said that he would stop the motor of the world and did. Was he a destroyer or the greatest of liberators?Why did he have to fight his battle, not against his enemies, but against those who needed him most, and his hardest battle against the woman he loved? What is the world’s motor — and the motive power of every man? You will know the answer to these questions when you discover the reason behind the baffling events that play havoc with the lives of the characters in this story. Tremendous in its scope, this novel presents an astounding panorama of human life — from the productive genius who becomes a worthless playboy — to the great steel industrialist who does not know that he is working for his own destruction — to the philosopher who becomes a pirate — to the composer who gives up his career on the night of his triumph — to the woman who runs a transcontinental railroad — to the lowest track worker in her Terminal tunnels. You must be prepared, when you read this novel, to check every premise at the root of your convictions.This is a mystery story, not about the murder — and rebirth — of man’s spirit. It is a philosophical revolution, told in the form of an action thriller of violent events, a ruthlessly brilliant plot structure and an irresistible suspense. Do you say this is impossible? Well, that is the first of your premises to check."
Harry Potter and the Prisoner of Azkaban,J.K. Rowling,United Kingdom,4.57,"['Fantasy', 'Young Adult', 'Fiction', 'Magic', 'Childrens', 'Adventure', 'Middle Grade', 'Audiobook', 'Classics', 'Science Fiction Fantasy']",English,w,"Harry Potter's third year at Hogwarts is full of new dangers. A convicted murderer, Sirius Black, has broken out of Azkaban prison, and it seems he's after Harry. Now Hogwarts is being patrolled by the dementors, the Azkaban guards who are hunting Sirius. But Harry can't imagine that Sirius or, for that matter, the evil Lord Voldemort could be more frightening than the dementors themselves, who have the terrible power to fill anyone they come across with aching loneliness and despair. Meanwhile, life continues as usual at Hogwarts. A top-of-the-line broom takes Harry's success at Quidditch, the sport of the Wizarding world, to new heights. A cute fourth-year student catches his eye. And he becomes close with the new Defense of the Dark Arts teacher, who was a childhood friend of his father. Yet despite the relative safety of life at Hogwarts and the best efforts of the dementors, the threat of Sirius Black grows ever closer. But if Harry has learned anything from his education in wizardry, it is that things are often not what they seem. Tragic revelations, heartwarming surprises, and high-stakes magical adventures await the boy wizard in this funny and poignant third installment of the beloved series.--scholastic.com"
The Old Man and the Sea,Ernest Hemingway,United States,3.78,"['Classics', 'Fiction', 'Literature', 'Novels', 'American', 'School', 'Adventure', 'Classic Literature', 'Literary Fiction', '20th Century']",English,m,"Librarian's note: An alternate cover edition can be found hereThis short novel, already a modern classic, is the superbly told, tragic story of a Cuban fisherman in the Gulf Stream and the giant Marlin he kills and loses — specifically referred to in the citation accompanying the author's Nobel Prize for literature in 1954."
Harry Potter and the Goblet of Fire,J.K. Rowling,United Kingdom,4.56,"['Fantasy', 'Young Adult', 'Fiction', 'Magic', 'Childrens', 'Adventure', 'Audiobook', 'Middle Grade', 'Classics', 'Science Fiction Fantasy']",English,w,"Harry Potter is midway through his training as a wizard and his coming of age. Harry wants to get away from the pernicious Dursleys and go to the International Quidditch Cup with Hermione, Ron, and the Weasleys. He wants to dream about Cho Chang, his crush (and maybe do more than dream). He wants to find out about the mysterious event that's supposed to take place at Hogwarts this year, an event involving two other rival schools of magic, and a competition that hasn't happened for hundreds of years. He wants to be a normal, fourteen-year-old wizard. But unfortunately for Harry Potter, he's not normal - even by wizarding standards.And in his case, different can be deadly."
The Stranger,Albert Camus,France,3.98,"['Classics', 'Fiction', 'Philosophy', 'France', 'Literature', 'Novels', 'French Literature', 'School', '20th Century', 'Literary Fiction']",English,m,"Through the story of an ordinary man unwittingly drawn into a senseless murder on an Algerian beach, Camus explored what he termed ""the nakedness of man faced with the absurd."" First published in English in 1946; now in a new translation by Matthew Ward."
The Master and Margarita,Mikhail Bulgakov,Russia,4.29,"['Classics', 'Fiction', 'Russia', 'Fantasy', 'Russian Literature', 'Magical Realism', 'Literature', 'Novels', 'Historical Fiction', '20th Century']",English,m,"The first complete, annotated English Translation of Mikhail Bulgakov's comic masterpiece.An audacious revision of the stories of Faust and Pontius Pilate, The Master and Margarita is recognized as one of the essential classics of modern Russian literature. The novel's vision of Soviet life in the 1930s is so ferociously accurate that it could not be published during its author's lifetime and appeared only in a censored edition in the 1960s. Its truths are so enduring that its language has become part of the common Russian speech.One hot spring, the devil arrives in Moscow, accompanied by a retinue that includes a beautiful naked witch and an immense talking black cat with a fondness for chess and vodka. The visitors quickly wreak havoc in a city that refuses to believe in either God or Satan. But they also bring peace to two unhappy Muscovites: one is the Master, a writer pilloried for daring to write a novel about Christ and Pontius Pilate; the other is Margarita, who loves the Master so deeply that she is willing literally to go to hell for him. What ensues is a novel of inexhaustible energy, humor, and philosophical depth, a work whose nuances emerge for the first time in Diana Burgin's and Katherine Tiernan O'Connor's splendid English version.(back cover)"
The Shining,Stephen King,United States,4.23,"['Horror', 'Fiction', 'Thriller', 'Classics', 'Fantasy', 'Mystery', 'Paranormal', 'Suspense', 'Novels', 'Adult']",English,m,"Jack Torrance's new job at the Overlook Hotel is the perfect chance for a fresh start. As the off-season caretaker at the atmospheric old hotel, he'll have plenty of time to spend reconnecting with his family and working on his writing. But as the harsh winter weather sets in, the idyllic location feels ever more remote...and more sinister. And the only one to notice the strange and terrible forces gathering around the Overlook is Danny Torrance, a uniquely gifted five-year-old."
The Adventures of Tom Sawyer,Mark Twain,United States,3.91,"['Classics', 'Fiction', 'Adventure', 'Young Adult', 'Historical Fiction', 'Literature', 'Childrens', 'School', 'Novels', 'American']",English,m,"The Adventures of Tom Sawyer revolves around the youthful adventures of the novel's schoolboy protagonist, Thomas Sawyer, whose reputation precedes him for causing mischief and strife. Tom lives with his Aunt Polly, half-brother Sid, and cousin Mary in the quaint town of St. Petersburg, just off the shore of the Mississippi River. St. Petersburg is described as a typical small-town atmosphere where the Christian faith is predominant, the social network is close-knit, and familiarity resides.  Unlike his brother Sid, Tom receives ""lickings"" from his Aunt Polly; ever the mischief-maker, would rather play hooky than attend school and often sneaks out his bedroom window at night to adventure with his friend, Huckleberry Finn ­ the town's social outcast. Tom, despite his dread of schooling, is extremely clever and would normally get away with his pranks if Sid were not such a ""tattle-tale.""  As punishment for skipping school to go swimming, Aunt Polly assigns Tom the chore of whitewashing the fence surrounding the house. In a brilliant scheme, Tom is able to con the neighborhood boys into completing the chore for him, managing to convince them of the joys of whitewashing. At school, Tom is equally as flamboyant, and attracts attention by chasing other boys, yelling, and running around. With his usual antics, Tom attempts to catch the eye of Becky Thatcher, a new girl in town, and persuades her to get ""engaged"" by kissing him. But their romance collapses when she learns Tom has been ""engaged"" previously to Amy Lawrence. Shortly after Becky shuns him, he accompanies Huckleberry Finn to the graveyard at night, where they witness the murder of Dr. Robinson.Excerpt:""TOM!"" No answer. ""TOM!"" No answer. ""What's gone with that boy,  I wonder? You TOM!"" No answer. The old lady pulled her spectacles down and looked over them about the room; then she put them up and looked out under them. She seldom or never looked through them for so small a thing as a boy; they were her state pair, the pride of her heart, and were built for ""style,"" not service—she could have seen through a pair of stove-lids just as well. She looked perplexed for a moment, and then said, not fiercely, but still loud enough for the furniture to hear: ""Well, I lay if I get hold of you I'll—"" She did not finish, for by this time she was bending down and punching under the bed with the broom, and so she needed breath to punctuate the punches with. She resurrected nothing but the cat. ""I never did see the beat of that boy!"""
Charlie and the Chocolate Factory,Roald Dahl,United Kingdom,4.14,"['Childrens', 'Fantasy', 'Fiction', 'Classics', 'Young Adult', 'Middle Grade', 'Humor', 'Adventure', 'Juvenile', 'Novels']",English,m,"Charlie Bucket's wonderful adventure begins when he finds one of Mr. Willy Wonka's precious Golden Tickets and wins a whole day inside the mysterious chocolate factory. Little does he know the surprises that are in store for him!
(back cover)"
Looking for Alaska,John Green,United States,4.02,"['Young Adult', 'Fiction', 'Contemporary', 'Romance', 'Realistic Fiction', 'Coming Of Age', 'Teen', 'Mystery', 'Young Adult Contemporary', 'High School']",English,m,"Before. Miles “Pudge” Halter is done with his safe life at home. His whole life has been one big non-event, and his obsession with famous last words has only made him crave “the Great Perhaps” even more (Francois Rabelais, poet). He heads off to the sometimes crazy and anything-but-boring world of Culver Creek Boarding School, and his life becomes the opposite of safe. Because down the hall is Alaska Young. The gorgeous, clever, funny, sexy, self-destructive, screwed up, and utterly fascinating Alaska Young. She is an event unto herself. She pulls Pudge into her world, launches him into the Great Perhaps, and steals his heart. Then. . . . After. Nothing is ever the same."
The Shadow of the Wind,Carlos Ruiz Zafón,Spain,4.27,"['Fiction', 'Historical Fiction', 'Mystery', 'Fantasy', 'Books About Books', 'Historical', 'Spain', 'Spanish Literature', 'Gothic', 'Magical Realism']",English,m,"Barcelona, 1945: A city slowly heals from its war wounds, and Daniel, an antiquarian book dealer's son who mourns the loss of his mother, finds solace in a mysterious book entitled The Shadow of the Wind, by one Julian Carax. But when he sets out to find the author's other works, he makes a shocking discovery: someone has been systematically destroying every copy of every book Carax has written. In fact, Daniel may have the last of Carax's books in existence. Soon Daniel's seemingly innocent quest opens a door into one of Barcelona's darkest secrets--an epic story of murder, madness, and doomed love.--back cover"
The Unbearable Lightness of Being,Milan Kundera,Czechia,4.1,"['Fiction', 'Classics', 'Philosophy', 'Literature', 'Novels', 'Czech Literature', 'Romance', 'Contemporary', 'Literary Fiction', '20th Century']",English,m,"In The Unbearable Lightness of Being, Milan Kundera tells the story of a young woman in love with a man torn between his love for her and his incorrigible womanizing and one of his mistresses and her humbly faithful lover. This magnificent novel juxtaposes geographically distant places, brilliant and playful reflections, and a variety of styles, to take its place as perhaps the major achievement of one of the world’s truly great writers."
The Name of the Rose,Umberto Eco,Italy,4.12,"['Fiction', 'Historical Fiction', 'Mystery', 'Classics', 'Historical', 'Literature', 'Crime', 'Italian Literature', 'Italy', 'Novels']",English,m,"The year is 1327. Benedictines in a wealthy Italian abbey are suspected of heresy, and Brother William of Baskerville arrives to investigate. When his delicate mission is suddenly overshadowed by seven bizarre deaths, Brother William turns detective. His tools are the logic of Aristotle, the theology of Aquinas, the empirical insights of Roger Bacon—all sharpened to a glistening edge by wry humor and a ferocious curiosity. He collects evidence, deciphers secret symbols and coded manuscripts, and digs into the eerie labyrinth of the abbey, where “the most interesting things happen at night.”"
Harry Potter and the Chamber of Secrets,J.K. Rowling,United Kingdom,4.43,"['Fantasy', 'Young Adult', 'Fiction', 'Magic', 'Childrens', 'Middle Grade', 'Adventure', 'Audiobook', 'Classics', 'Science Fiction Fantasy']",English,w,"Ever since Harry Potter had come home for the summer, the Dursleys had been so mean and hideous that all Harry wanted was to get back to the Hogwarts School for Witchcraft and Wizardry. But just as he’s packing his bags, Harry receives a warning from a strange impish creature who says that if Harry returns to Hogwarts, disaster will strike.And strike it does. For in Harry’s second year at Hogwarts, fresh torments and horrors arise, including an outrageously stuck-up new professor and a spirit who haunts the girls’ bathroom. But then the real trouble begins – someone is turning Hogwarts students to stone. Could it be Draco Malfoy, a more poisonous rival than ever? Could it possible be Hagrid, whose mysterious past is finally told? Or could it be the one everyone at Hogwarts most suspects… Harry Potter himself!"
It,Stephen King,United States,4.24,"['Horror', 'Fiction', 'Thriller', 'Fantasy', 'Audiobook', 'Mystery', 'Adult', 'Paranormal', 'Classics', 'Novels']",English,m,"Welcome to Derry, Maine ...It’s a small city, a place as hauntingly familiar as your own hometown. Only in Derry the haunting is real ...They were seven teenagers when they first stumbled upon the horror. Now they are grown-up men and women who have gone out into the big world to gain success and happiness. But none of them can withstand the force that has drawn them back to Derry to face the nightmare without an end, and the evil without a name."
Insurgent,Veronica Roth,United States,4.02,"['Young Adult', 'Dystopia', 'Fiction', 'Fantasy', 'Science Fiction', 'Romance', 'Adventure', 'Teen', 'Post Apocalyptic', 'Action']",English,w,"One choice can transform you—or it can destroy you. But every choice has consequences, and as unrest surges in the factions all around her, Tris Prior must continue trying to save those she loves—and herself—while grappling with haunting questions of grief and forgiveness, identity and loyalty, politics and love.Tris's initiation day should have been marked by celebration and victory with her chosen faction; instead, the day ended with unspeakable horrors. War now looms as conflict between the factions and their ideologies grows. And in times of war, sides must be chosen, secrets will emerge, and choices will become even more irrevocable—and even more powerful. Transformed by her own decisions but also by haunting grief and guilt, radical new discoveries, and shifting relationships, Tris must fully embrace her Divergence, even if she does not know what she may lose by doing so.New York Times bestselling author Veronica Roth's much-anticipated second book of the dystopian DIVERGENT series is another intoxicating thrill ride of a story, rich with hallmark twists, heartbreaks, romance, and powerful insights about human nature."
The Thorn Birds,Colleen McCullough,Australia,4.23,"['Fiction', 'Historical Fiction', 'Romance', 'Classics', 'Australia', 'Historical', 'Historical Romance', 'Novels', 'Drama', 'Adult']",English,w,"Alternate Cover Edition ISBN 0380018179 (ISBN13: 9780380018178)The Thorn Birds is a robust, romantic saga of a singular family, the Clearys. It begins in the early part of this century, when Paddy Cleary moves his wife, Fiona, and their seven children to Drogheda, the vast Australian sheep station owned by his autocratic and childless older sister; and it ends more than half a century later, when the only survivor of the third generation, the brilliant actress Justine O'Neill, sets a course of life and love halfway around the world from her roots.The central figures in this enthralling story are the indomitable Meggie, the only Cleary daughter, and the one man she truly loves, the stunningly handsome and ambitious priest Ralph de Bricassart. Ralph's course moves him a long way indeed, from a remote Outback parish to the halls of the Vatican; and Meggie's except for a brief and miserable marriage elsewhere, is fixed to the Drogheda that is part of her bones - but distance does not dim their feelings though it shapes their lives.Wonderful characters people this book; strong and gentle, Paddy, hiding a private memory; dutiful Fiona, holding back love because it once betrayed her, violent, tormented Frank, and the other hardworking Cleary sons who give the boundless lands of Drogheda the energy and devotion most men save for women; Meggie; Ralph; and Meggie's children, Justine and Dane. And the land itself; stark, relentless in its demands, brilliant in its flowering, prey to gigantic cycles of drought and flood, rich when nature is bountiful, surreal like no other place on earth.(First Edition Jacket)"
The Maze Runner,James Dashner,United States,4.03,"['Young Adult', 'Dystopia', 'Science Fiction', 'Fiction', 'Fantasy', 'Adventure', 'Post Apocalyptic', 'Mystery', 'Teen', 'Audiobook']",English,m,"There are alternate cover editions for this ASIN here and here.If you ain’t scared, you ain’t human. When Thomas wakes up in the lift, the only thing he can remember is his name. He’s surrounded by strangers—boys whose memories are also gone. Nice to meet ya, shank. Welcome to the Glade. Outside the towering stone walls that surround the Glade is a limitless, ever-changing maze. It’s the only way out—and no one’s ever made it through alive. Everything is going to change. Then a girl arrives. The first girl ever. And the message she delivers is terrifying. Remember. Survive. Run."
Fifty Shades of Grey,E.L. James,United Kingdom,3.66,"['Romance', 'Fiction', 'Erotica', 'Adult', 'BDSM', 'Contemporary', 'Chick Lit', 'Contemporary Romance', 'Erotic Romance', 'Adult Fiction']",English,w,"When literature student Anastasia Steele goes to interview young entrepreneur Christian Grey, she encounters a man who is beautiful, brilliant, and intimidating. The unworldly, innocent Ana is startled to realize she wants this man and, despite his enigmatic reserve, finds she is desperate to get close to him. Unable to resist Ana’s quiet beauty, wit, and independent spirit, Grey admits he wants her, too—but on his own terms. Shocked yet thrilled by Grey’s singular erotic tastes, Ana hesitates. For all the trappings of success—his multinational businesses, his vast wealth, his loving family—Grey is a man tormented by demons and consumed by the need to control. When the couple embarks on a daring, passionately physical affair, Ana discovers Christian Grey’s secrets and explores her own dark desires.Erotic, amusing, and deeply moving, the Fifty Shades Trilogy is a tale that will obsess you, possess you, and stay with you forever.This book is intended for mature audiences."
A Storm of Swords,George R.R. Martin,United States,4.53,"['Fantasy', 'Fiction', 'Epic Fantasy', 'Science Fiction Fantasy', 'High Fantasy', 'Adult', 'Adventure', 'Dragons', 'Audiobook', 'Epic']",English,m,"An alternate cover for this isbn can be found here.Here is the third volume in George R.R. Martin's magnificent cycle of novels that includes A Game of Thrones and A Clash of Kings. Together, this series comprises a genuine masterpiece of modern fantasy, destined to stand as one of the great achievements of imaginative fiction.Of the five contenders for power, one is dead, another in disfavor, and still the wars rage as alliances are made and broken. Joffrey sits on the Iron Throne, the uneasy ruler of the Seven Kingdoms. His most bitter rival, Lord Stannis, stands defeated and disgraced, victim of the sorceress who holds him in her thrall. Young Robb still rules the North from the fortress of Riverrun. Meanwhile, making her way across a blood-drenched continent is the exiled queen, Daenerys, mistress of the only three dragons still left in the world. And as opposing forces manoeuver for the final showdown, an army of barbaric wildlings arrives from the outermost limits of civilization, accompanied by a horde of mythical Others—a supernatural army of the living dead whose animated corpses are unstoppable. As the future of the land hangs in the balance, no one will rest until the Seven Kingdoms have exploded in a veritable storm of swords..."
The Night Circus,Erin Morgenstern,United States,4.03,"['Fantasy', 'Fiction', 'Romance', 'Historical Fiction', 'Magic', 'Young Adult', 'Magical Realism', 'Adult', 'Audiobook', 'Historical']",English,w,"The circus arrives without warning. No announcements precede it. It is simply there, when yesterday it was not. Within the black-and-white striped canvas tents is an utterly unique experience full of breathtaking amazements. It is called Le Cirque des Rêves, and it is only open at night. But behind the scenes, a fierce competition is underway—a duel between two young magicians, Celia and Marco, who have been trained since childhood expressly for this purpose by their mercurial instructors. Unbeknownst to them, this is a game in which only one can be left standing, and the circus is but the stage for a remarkable battle of imagination and will. Despite themselves, however, Celia and Marco tumble headfirst into love—a deep, magical love that makes the lights flicker and the room grow warm whenever they so much as brush hands. True love or not, the game must play out, and the fates of everyone involved, from the cast of extraordinary circus performers to the patrons, hang in the balance, suspended as precariously as the daring acrobats overhead. Written in rich, seductive prose, this spell-casting novel is a feast for the senses and the heart."
The Selection,Kiera Cass,United States,4.13,"['Young Adult', 'Romance', 'Dystopia', 'Fantasy', 'Fiction', 'Science Fiction', 'Audiobook', 'Teen', 'Chick Lit', 'Young Adult Fantasy']",English,w,"For thirty-five girls, the Selection is the chance of a lifetime. The opportunity to escape the life laid out for them since birth. To be swept up in a world of glittering gowns and priceless jewels. To live in a palace and compete for the heart of gorgeous Prince Maxon.But for America Singer, being Selected is a nightmare. It means turning her back on her secret love with Aspen, who is a caste below her. Leaving her home to enter a fierce competition for a crown she doesn't want. Living in a palace that is constantly threatened by violent rebel attacks.Then America meets Prince Maxon. Gradually, she starts to question all the plans she's made for herself—and realizes that the life she's always dreamed of may not compare to a future she never imagined."
Blindness,José Saramago,Portugal,4.13,"['Fiction', 'Dystopia', 'Science Fiction', 'Classics', 'Novels', 'Literature', 'Portugal', 'Horror', 'Portuguese Literature', 'Contemporary']",English,m,"From Nobel Prize–winning author José Saramago, a magnificent, mesmerizing parable of lossA city is hit by an epidemic of ""white blindness"" that spares no one. Authorities confine the blind to an empty mental hospital, but there the criminal element holds everyone captive, stealing food rations, and assaulting women. There is one eyewitness to this nightmare who guides her charges—among them a boy with no mother, a girl with dark glasses, a dog of tears—through the barren streets, and their procession becomes as uncanny as the surroundings are harrowing. As Blindness reclaims the age-old story of a plague, it evokes the vivid and trembling horrors of the twentieth century, leaving readers with a powerful vision of the human spirit that's bound both by weakness and exhilarating strength."
A Clash of Kings,George R.R. Martin,United States,4.41,"['Fantasy', 'Fiction', 'Epic Fantasy', 'Science Fiction Fantasy', 'High Fantasy', 'Adult', 'Adventure', 'Dragons', 'Audiobook', 'Epic']",English,m,"A comet the color of blood and flame cuts across the sky. Two great leaders—Lord Eddard Stark and Robert Baratheon—who hold sway over an age of enforced peace are dead, victims of royal treachery. Now, from the ancient citadel of Dragonstone to the forbidding shores of Winterfell, chaos reigns. Six factions struggle for control of a divided land and the Iron Throne of the Seven Kingdoms, preparing to stake their claims through tempest, turmoil, and war. It is a tale in which brother plots against brother and the dead rise to walk in the night. Here a princess masquerades as an orphan boy; a knight of the mind prepares a poison for a treacherous sorceress; and wild men descend from the Mountains of the Moon to ravage the countryside. Against a backdrop of incest and fratricide, alchemy and murder, victory may go to the men and women possessed of the coldest steel...and the coldest hearts. For when kings clash, the whole land trembles.Here is the second volume in George R.R. Martin magnificent cycle of novels that includes A Game of Thrones and A Storm of Swords. As a whole, this series comprises a genuine masterpiece of modern fantasy, bringing together the best the genre has to offer. Magic, mystery, intrigue, romance, and adventure fill these pages and transport us to a world unlike any we have ever experienced. Already hailed as a classic, George R.R. Martin stunning series is destined to stand as one of the great achievements of imaginative fiction."
The Shack,William Paul Young,Canada,3.78,"['Fiction', 'Christian', 'Christian Fiction', 'Religion', 'Spirituality', 'Faith', 'Inspirational', 'Christianity', 'Adult Fiction', 'Adult']",English,m,"The Shack, the cherished novel that sold over 23 million copies worldwide, spent 147 weeks on the bestseller list, and went on to become a major motion picture, is now available in a beautiful keepsake edition to celebrate its tenth anniversary of touching lives all over the world. Mackenzie Allen Phillips's youngest daughter, Missy, has been abducted during a family vacation, and evidence that she may have been brutally murdered is found in an abandoned shack deep in the Oregon wilderness. Four years later, in the midst of his Great Sadness, Mack receives a suspicious note, apparently from God, inviting him back to that shack for a weekend. Against his better judgment he arrives at the shack on a wintry afternoon and walks back into his darkest nightmare. What he find there will change his life forever. In an age where religion seems to grow increasingly irrelevant, The Shack wrestles with the timeless question: Where is God in a world so filled with unspeakable pain? Discover the answers that astounded and transformed Mack in this special leather edition, and find out why The Shack has stolen the hearts of millions for ten years."
Paper Towns,John Green,United States,3.8,"['Young Adult', 'Contemporary', 'Fiction', 'Romance', 'Mystery', 'Realistic Fiction', 'Teen', 'Coming Of Age', 'Adventure', 'Young Adult Contemporary']",English,m,"Who is the real Margo?Quentin Jacobsen has spent a lifetime loving the magnificently adventurous Margo Roth Spiegelman from afar. So when she cracks open a window and climbs into his life—dressed like a ninja and summoning him for an ingenious campaign of revenge—he follows. After their all-nighter ends, and a new day breaks, Q arrives at school to discover that Margo, always an enigma, has now become a mystery. But Q soon learns that there are clues—and they're for him. Urged down a disconnected path, the closer he gets, the less Q sees the girl he thought he knew..."
Gone Girl,Gillian Flynn,United States,4.08,"['Fiction', 'Mystery', 'Thriller', 'Crime', 'Mystery Thriller', 'Suspense', 'Contemporary', 'Adult', 'Adult Fiction', 'Audiobook']",English,w,"Marriage can be a real killer.On a warm summer morning in North Carthage, Missouri, it is Nick and Amy Dunne’s fifth wedding anniversary. Presents are being wrapped and reservations are being made when Nick’s clever and beautiful wife disappears from their rented McMansion on the Mississippi River. Husband-of-the-Year Nick isn’t doing himself any favors with cringe-worthy daydreams about the slope and shape of his wife’s head, but passages from Amy's diary reveal the alpha-girl perfectionist could have put anyone dangerously on edge. Under mounting pressure from the police and the media—as well as Amy’s fiercely doting parents—the town golden boy parades an endless series of lies, deceits, and inappropriate behavior. Nick is oddly evasive, and he’s definitely bitter—but is he really a killer?As the cops close in, every couple in town is soon wondering how well they know the one that they love. With his twin sister, Margo, at his side, Nick stands by his innocence. Trouble is, if Nick didn’t do it, where is that beautiful wife? And what was in that silvery gift box hidden in the back of her bedroom closet?With her razor-sharp writing and trademark psychological insight, Gillian Flynn delivers a fast-paced, devilishly dark, and ingeniously plotted thriller that confirms her status as one of the hottest writers around.One of the most critically acclaimed suspense writers of our time, New York Times bestseller Gillian Flynn takes that statement to its darkest place in this unputdownable masterpiece about a marriage gone terribly, terribly wrong. The Chicago Tribune proclaimed that her work “draws you in and keeps you reading with the force of a pure but nasty addiction.” Gone Girl’s toxic mix of sharp-edged wit and deliciously chilling prose creates a nerve-fraying thriller that confounds you at every turn.Source: gillian-flynn.com"
Norwegian Wood,Haruki Murakami,Japan,4.03,"['Fiction', 'Japan', 'Romance', 'Japanese Literature', 'Contemporary', 'Novels', 'Literature', 'Literary Fiction', 'Asia', 'Magical Realism']",English,m,"Toru, a quiet and preternaturally serious young college student in Tokyo, is devoted to Naoko, a beautiful and introspective young woman, but their mutual passion is marked by the tragic death of their best friend years before. Toru begins to adapt to campus life and the loneliness and isolation he faces there, but Naoko finds the pressures and responsibilities of life unbearable. As she retreats further into her own world, Toru finds himself reaching out to others and drawn to a fiercely independent and sexually liberated young woman.A magnificent blending of the music, the mood, and the ethos that was the sixties with the story of one college student's romantic coming of age, Norwegian Wood brilliantly recaptures a young man's first, hopeless, and heroic love."
The Awakening,Kate Chopin,United States,3.65,"['Classics', 'Fiction', 'Feminism', 'School', 'Literature', 'Historical Fiction', 'Read For School', 'High School', 'American', '19th Century']",English,w,"When first published in 1899, The Awakening shocked readers with its honest treatment of female marital infidelity. Audiences accustomed to the pieties of late Victorian romantic fiction were taken aback by Chopin's daring portrayal of a woman trapped in a stifling marriage, who seeks and finds passionate physical love outside the confines of her domestic situation.Aside from its unusually frank treatment of a then-controversial subject, the novel is widely admired today for its literary qualities. Edmund Wilson characterized it as a work ""quite uninhibited and beautifully written, which anticipates D. H. Lawrence in its treatment of infidelity."" Although the theme of marital infidelity no longer shocks, few novels have plumbed the psychology of a woman involved in an illicit relationship with the perception, artistry, and honesty that Kate Chopin brought to The Awakening."
Fangirl,Rainbow Rowell,United States,4.05,"['Young Adult', 'Contemporary', 'Romance', 'Fiction', 'Realistic Fiction', 'New Adult', 'Audiobook', 'Chick Lit', 'Coming Of Age', 'Young Adult Contemporary']",English,w,"
  A coming-of-age tale of fan fiction, family and first love.
Cath is a Simon Snow fan.Okay, the whole world is a Simon Snow fan..But for Cath, being a fan is her life—and she’s really good at it. She and her twin sister, Wren, ensconced themselves in the Simon Snow series when they were just kids; it’s what got them through their mother leaving. Reading. Rereading. Hanging out in Simon Snow forums, writing Simon Snow fan fiction, dressing up like the characters for every movie premiere.Cath’s sister has mostly grown away from fandom, but Cath can’t let go. She doesn’t want to.Now that they’re going to college, Wren has told Cath she doesn’t want to be roommates. Cath is on her own, completely outside of her comfort zone. She’s got a surly roommate with a charming, always-around boyfriend, a fiction-writing professor who thinks fan fiction is the end of the civilized world, a handsome classmate who only wants to talk about words... And she can’t stop worrying about her dad, who’s loving and fragile and has never really been alone.For Cath, the question is: Can she do this? Can she make it without Wren holding her hand? Is she ready to start living her own life? Writing her own stories?And does she even want to move on if it means leaving Simon Snow behind?"
Fifty Shades Darker,E.L. James,United Kingdom,3.84,"['Romance', 'Erotica', 'Fiction', 'BDSM', 'Adult', 'Contemporary', 'Contemporary Romance', 'Chick Lit', 'Erotic Romance', 'Adult Fiction']",English,w,"Daunted by the singular sexual tastes and dark secrets of the beautiful, tormented young entrepreneur Christian Grey, Anastasia Steele has broken off their relationship to start a new career with a Seattle publishing house. But desire for Christian still dominates her every waking thought, and when he proposes a new arrangement, Anastasia cannot resist. They rekindle their searing sensual affair, and Anastasia learns more about the harrowing past of her damaged, driven, and demanding Fifty Shades. While Christian wrestles with his inner demons, Anastasia must confront her anger and envy of the women who came before her and make the most important decision of her life. Erotic, sparkling and suspenseful, Fifty Shades Darker is the irresistibly addictive second part of the Fifty Shades trilogy."
Ready Player One,Ernest Cline,United States,4.26,"['Science Fiction', 'Fiction', 'Young Adult', 'Fantasy', 'Dystopia', 'Adventure', 'Science Fiction Fantasy', 'Adult', 'Cyberpunk', 'Novels']",English,m,"Librarian's note: An alternate cover edition can be found hereIN THE YEAR 2044, reality is an ugly place. The only time teenage Wade Watts really feels alive is when he's jacked into the virtual utopia known as the OASIS. Wade's devoted his life to studying the puzzles hidden within this world's digital confines, puzzles that are based on their creator's obsession with the pop culture of decades past and that promise massive power and fortune to whoever can unlock them. But when Wade stumbles upon the first clue, he finds himself beset by players willing to kill to take this ultimate prize. The race is on, and if Wade's going to survive, he'll have to win—and confront the real world he's always been so desperate to escape."
Allegiant,Veronica Roth,United States,3.62,"['Young Adult', 'Dystopia', 'Fiction', 'Science Fiction', 'Fantasy', 'Romance', 'Adventure', 'Teen', 'Post Apocalyptic', 'Audiobook']",English,w,"The faction-based society that Tris Prior once believed in is shattered - fractured by violence and power struggles and scarred by loss and betrayal. So when offered a chance to explore the world past the limits she's known, Tris is ready. Perhaps beyond the fence, she and Tobias will find a simple new life together, free from complicated lies, tangled loyalties, and painful memories.But Tris's new reality is even more alarming than the one she left behind. Old discoveries are quickly rendered meaningless. Explosive new truths change the hearts of those she loves. And once again, Tris must battle to comprehend to complexities of human nature - and of herself - while facing impossible choices about courage, allegiance, sacrifice, and love.Told from a riveting dual perspective, ALLEGIANT, by #1 New York Times best-selling author Veronica Roth, brings the DIVERGENT series to a powerful conclusion while revealing the secrets of the dystopian world that has captivated millions of readers in DIVERGENT and INSURGENT."
Eleanor & Park,Rainbow Rowell,United States,4.05,"['Young Adult', 'Romance', 'Contemporary', 'Fiction', 'Realistic Fiction', 'Audiobook', 'Teen', 'Coming Of Age', 'Young Adult Contemporary', 'High School']",English,w,"Eleanor is the new girl in town, and with her chaotic family life, her mismatched clothes and unruly red hair, she couldn't stick out more if she tried.Park is the boy at the back of the bus. Black T-shirts, headphones, head in a book - he thinks he's made himself invisible. But not to Eleanor... never to Eleanor.Slowly, steadily, through late-night conversations and an ever-growing stack of mix tapes, Eleanor and Park fall for each other. They fall in love the way you do the first time, when you're young, and you feel as if you have nothing and everything to lose."
Me Before You,Jojo Moyes,United Kingdom,4.26,"['Romance', 'Fiction', 'Contemporary', 'Chick Lit', 'Adult', 'Adult Fiction', 'Audiobook', 'Drama', 'Realistic Fiction', 'Contemporary Romance']",English,w,"From the #1 New York Times bestselling author of The Giver of Stars, discover the love story that captured over 20 million hearts in Me Before You, After You, and Still Me.They had nothing in common until love gave them everything to lose . . .Louisa Clark is an ordinary girl living an exceedingly ordinary life—steady boyfriend, close family—who has barely been farther afield than their tiny village. She takes a badly needed job working for ex–Master of the Universe Will Traynor, who is wheelchair bound after an accident. Will has always lived a huge life—big deals, extreme sports, worldwide travel—and now he’s pretty sure he cannot live the way he is.Will is acerbic, moody, bossy—but Lou refuses to treat him with kid gloves, and soon his happiness means more to her than she expected. When she learns that Will has shocking plans of his own, she sets out to show him that life is still worth living.A Love Story for this generation and perfect for fans of John Green’s The Fault in Our Stars, Me Before You brings to life two people who couldn’t have less in common—a heartbreakingly romantic novel that asks, What do you do when making the person you love happy also means breaking your own heart?"
If I Stay,Gayle Forman,United States,3.94,"['Young Adult', 'Romance', 'Contemporary', 'Fiction', 'Realistic Fiction', 'Teen', 'Music', 'Death', 'Audiobook', 'Young Adult Contemporary']",English,w,"Librarian note: an alternate cover for this edition can be found here.Just listen, Adam says with a voice that sounds like shrapnel.I open my eyes wide now.I sit up as much as I can.And I listen.Stay, he says.Choices. Seventeen-year-old Mia is faced with some tough ones: Stay true to her first love—music—even if it means losing her boyfriend and leaving her family and friends behind?Then one February morning Mia goes for a drive with her family, and in an instant, everything changes. Suddenly, all the choices are gone, except one. And it's the only one that matters.If I Stay is a heartachingly beautiful book about the power of love, the true meaning of family, and the choices we all make."
Fifty Shades Freed,E.L. James,United Kingdom,3.85,"['Romance', 'Erotica', 'Fiction', 'BDSM', 'Adult', 'Contemporary', 'Contemporary Romance', 'Chick Lit', 'Erotic Romance', 'Adult Fiction']",English,w,"When unworldly student Anastasia Steele first encountered the driven and dazzling young entrepreneur Christian Grey it sparked a sensual affair that changed both of their lives irrevocably. Shocked, intrigued, and, ultimately, repelled by Christian’s singular erotic tastes, Ana demands a deeper commitment. Determined to keep her, Christian agrees.Now, Ana and Christian have it all—love, passion, intimacy, wealth, and a world of possibilities for their future. But Ana knows that loving her Fifty Shades will not be easy, and that being together will pose challenges that neither of them would anticipate. Ana must somehow learn to share Christian’s opulent lifestyle without sacrificing her own identity. And Christian must overcome his compulsion to control as he wrestles with the demons of a tormented past.Just when it seems that their strength together will eclipse any obstacle, misfortune, malice, and fate conspire to make Ana’s deepest fears turn to reality.This book is intended for mature audiences."
Crescendo,Becca Fitzpatrick,United States,4.04,"['Young Adult', 'Fantasy', 'Angels', 'Paranormal', 'Romance', 'Paranormal Romance', 'Supernatural', 'Fiction', 'Urban Fantasy', 'Young Adult Fantasy']",English,w,"Nora Grey's life is still far from perfect. Surviving an attempt on her life wasn't pleasant, but at least she got a guardian angel out of it. A mysterious, magnetic, gorgeous guardian angel. But despite his role in her life, Patch has been acting anything but angelic. He's more elusive than ever (if that's possible) and what's worse, he seems to be spending time with Nora's archenemy, Marcie Millar.Nora would have hardly noticed Scott Parnell, an old family friend who has moved back to town, if Patch hadn't been acting so distant. Even with Scott's totally infuriating attitude, Nora finds herself drawn to him - despite her lingering feelings that he is hiding something.If that weren't enough, Nora is haunted by images of her murdered father, and comes to question whether her Nephilim bloodline has anything to do with his death. Desperate to figure out what happened, she puts herself in increasingly dangerous situations to get the answer. But maybe some things are better left buried, because the truth could destroy everything - and everyone - she trusts."
Inferno,Dante Alighieri,United States,4.0,"['Classics', 'Poetry', 'Fiction', 'Literature', 'Religion', 'Fantasy', 'School', 'Italian Literature', 'Philosophy', 'Medieval']",English,m,"Of the great poets, Dante is one of the most elusive and therefore one of the most difficult to adequately render into English verse. In the Inferno, Dante not only judges sin but strives to understand it so that the reader can as well. With this major new translation, Anthony Esolen has succeeded brilliantly in marrying sense with sound, poetry with meaning, capturing both the poem’s line-by-line vigor and its allegorically and philosophically exacting structure, yielding an Inferno that will be as popular with general readers as with teachers and students. For, as Dante insists, without a trace of sentimentality or intellectual compromise, even Hell is a work of divine art.Esolen also provides a critical Introduction and endnotes, plus appendices containing Dante’s most important sources—from Virgil to Saint Thomas Aquinas and other Catholic theologians—that deftly illuminate the religious universe the poet inhabited."
Six of Crows,Leigh Bardugo,"Israel, United States",4.43,"['Fantasy', 'Young Adult', 'Fiction', 'Young Adult Fantasy', 'Adventure', 'Magic', 'Romance', 'LGBT', 'High Fantasy', 'Audiobook']",English,w,Ketterdam: a bustling hub of international trade where anything can be had for the right price—and no one knows that better than criminal prodigy Kaz Brekker. Kaz is offered a chance at a deadly heist that could make him rich beyond his wildest dreams. But he can’t pull it off alone. . . .A convict with a thirst for revengeA sharpshooter who can’t walk away from a wagerA runaway with a privileged pastA spy known as the WraithA Heartrender using her magic to survive the slumsA thief with a gift for unlikely escapesKaz’s crew is the only thing that might stand between the world and destruction—if they don’t kill each other first.
The Plague,Albert Camus,Italy,4.01,"['Fiction', 'Classics', 'Philosophy', 'France', 'Literature', 'French Literature', 'Novels', '20th Century', 'Literary Fiction', 'Africa']",English,m,"A gripping tale of human unrelieved horror, of survival and resilience, and of the ways in which humankind confronts death, The Plague is at once a masterfully crafted novel, eloquently understated and epic in scope, and a parable of ageless moral resonance, profoundly relevant to our times. In Oran, a coastal town in North Africa, the plague begins as a series of portents, unheeded by the people. It gradually becomes an omnipresent reality, obliterating all traces of the past and driving its victims to almost unearthly extremes of suffering, madness, and compassion."
All the Light We Cannot See,Anthony Doerr,United States,4.33,"['Historical Fiction', 'Fiction', 'Historical', 'War', 'World War II', 'Adult', 'Audiobook', 'France', 'Book Club', 'Adult Fiction']",English,m,"An alternate cover for this ISBN can be found hereFrom the highly acclaimed, multiple award-winning Anthony Doerr, the stunningly beautiful instant New York Times bestseller about a blind French girl and a German boy whose paths collide in occupied France as both try to survive the devastation of World War II.Marie-Laure lives in Paris near the Museum of Natural History, where her father works. When she is twelve, the Nazis occupy Paris and father and daughter flee to the walled citadel of Saint-Malo, where Marie-Laure’s reclusive great uncle lives in a tall house by the sea. With them they carry what might be the museum’s most valuable and dangerous jewel.In a mining town in Germany, Werner Pfennig, an orphan, grows up with his younger sister, enchanted by a crude radio they find that brings them news and stories from places they have never seen or imagined. Werner becomes an expert at building and fixing these crucial new instruments and is enlisted to use his talent to track down the resistance. Deftly interweaving the lives of Marie-Laure and Werner, Doerr illuminates the ways, against all odds, people try to be good to one another."
Shantaram,Gregory David Roberts,Australia,4.25,"['Fiction', 'India', 'Travel', 'Adventure', 'Contemporary', 'Novels', 'Asia', 'Historical Fiction', 'Unfinished', 'Crime']",English,m,"""It took me a long time and most of the world to learn what I know about love and fate and the choices we make, but the heart of it came to me in an instant, while I was chained to a wall and being tortured.""So begins this epic, mesmerizing first novel set in the underworld of contemporary Bombay. Shantaram is narrated by Lin, an escaped convict with a false passport who flees maximum security prison in Australia for the teeming streets of a city where he can disappear.Accompanied by his guide and faithful friend, Prabaker, the two enter Bombay's hidden society of beggars and gangsters, prostitutes and holy men, soldiers and actors, and Indians and exiles from other countries, who seek in this remarkable place what they cannot find elsewhere.As a hunted man without a home, family, or identity, Lin searches for love and meaning while running a clinic in one of the city's poorest slums, and serving his apprenticeship in the dark arts of the Bombay mafia. The search leads him to war, prison torture, murder, and a series of enigmatic and bloody betrayals. The keys to unlock the mysteries and intrigues that bind Lin are held by two people. The first is Khader Khan: mafia godfather, criminal-philosopher-saint, and mentor to Lin in the underworld of the Golden City. The second is Karla: elusive, dangerous, and beautiful, whose passions are driven by secrets that torment her and yet give her a terrible power.Burning slums and five-star hotels, romantic love and prison agonies, criminal wars and Bollywood films, spiritual gurus and mujaheddin guerrillas – this huge novel has the world of human experience in its reach, and a passionate love for India at its heart. Based on the life of the author, it is by any measure the debut of an extraordinary voice in literature."
The Lost Symbol,Dan Brown,United States,3.71,"['Fiction', 'Mystery', 'Thriller', 'Mystery Thriller', 'Suspense', 'Adventure', 'Historical Fiction', 'Crime', 'Novels', 'Adult']",English,m,"WHAT IS LOST...WILL BE FOUNDIn this stunning follow-up to the global phenomenon The Da Vinci Code, Dan Brown demonstrates once again why he is the world's most popular thriller writer. The Lost Symbol is a masterstroke of storytelling - a deadly race through a real-world labyrinth of codes, secrets, and unseen truths...all under the watchful eye of Brown's most terrifying villain to date. Set within the hidden chambers, tunnels, and temples of Washington, DC., The Lost Symbol accelerates through a startling landscape toward an unthinkable finale.As the story opens, Harvard symbologist Robert Langdon is summoned unexpectedly to deliver an evening lecture in the U.S. Capitol Building. Within minutes of his arrival, however, the night takes a bizarre turn. A disturbing object - artfully encoded with five symbols - is discovered in the Capitol Building. Langdon recognizes the object as an ancient invitation...one meant to usher its recipient into a long-lost world of esoteric wisdom.When Langdon's beloved mentor, Peter Solomon - a prominent Mason and philanthropist - is brutally kidnapped, Langdon realizes his only hope of saving Peter is to accept this mystical invitation and follow wherever it leads him. Langdon is instantly into a clandestine world of Masonic secrets, hidden history, and never-before-seen locations - all of which seem to be dragging him toward a single, inconceivable truth.As the world discovered in The Da Vinci Code and Angels & Demons, Dan Brown's novels are brilliant tapestries of veiled histories, arcane symbols, and enigmatic codes. In this new novel, he again challenges readers with an intelligent, lightning-paced story that offers surprises at every turn. The Lost Symbol is exactly what Brown's fans have been waiting for...his most thrilling novel yet.(jacket)"
A Court of Thorns and Roses,Sarah J. Maas,United States,4.22,"['Fantasy', 'Young Adult', 'Romance', 'New Adult', 'Retellings', 'Fiction', 'Magic', 'Fae', 'Young Adult Fantasy', 'Paranormal']",English,w,"Feyre's survival rests upon her ability to hunt and kill – the forest where she lives is a cold, bleak place in the long winter months. So when she spots a deer in the forest being pursued by a wolf, she cannot resist fighting it for the flesh. But to do so, she must kill the predator and killing something so precious comes at a price ...Dragged to a magical kingdom for the murder of a faerie, Feyre discovers that her captor, his face obscured by a jewelled mask, is hiding far more than his piercing green eyes would suggest. Feyre's presence at the court is closely guarded, and as she begins to learn why, her feelings for him turn from hostility to passion and the faerie lands become an even more dangerous place. Feyre must fight to break an ancient curse, or she will lose him forever."
A Dance with Dragons,George R.R. Martin,United States,4.32,"['Fantasy', 'Fiction', 'Epic Fantasy', 'Science Fiction Fantasy', 'High Fantasy', 'Dragons', 'Adult', 'Adventure', 'Audiobook', 'Epic']",English,m,"Alternate cover edition of ASIN B004XISI4AIn the aftermath of a colossal battle, the future of the Seven Kingdoms hangs in the balance—beset by newly emerging threats from every direction. In the east, Daenerys Targaryen, the last scion of House Targaryen, rules with her three dragons as queen of a city built on dust and death. But Daenerys has thousands of enemies, and many have set out to find her. As they gather, one young man embarks upon his own quest for the queen, with an entirely different goal in mind.Fleeing from Westeros with a price on his head, Tyrion Lannister, too, is making his way to Daenerys. But his newest allies in this quest are not the rag-tag band they seem, and at their heart lies one who could undo Daenerys’s claim to Westeros forever.Meanwhile, to the north lies the mammoth Wall of ice and stone—a structure only as strong as those guarding it. There, Jon Snow, 998th Lord Commander of the Night’s Watch, will face his greatest challenge. For he has powerful foes not only within the Watch but also beyond, in the land of the creatures of ice.From all corners, bitter conflicts reignite, intimate betrayals are perpetrated, and a grand cast of outlaws and priests, soldiers and skinchangers, nobles and slaves, will face seemingly insurmountable obstacles. Some will fail, others will grow in the strength of darkness. But in a time of rising restlessness, the tides of destiny and politics will lead inevitably to the greatest dance of all."
The Pearl,John Steinbeck,United States,3.48,"['Classics', 'Fiction', 'Literature', 'School', 'Historical Fiction', 'Novels', 'Read For School', 'American', 'Classic Literature', 'High School']",English,m,"Like his father and grandfather before him, Kino is a poor diver, gathering pearls from the gulf beds that once brought great wealth to the kings of Spain and now provide Kino, Juana, and their infant son with meager subsistence. Then, on a day like any other, Kino emerges from the sea with a pearl as large as a sea gull’s egg, as “perfect as the moon.” With the pearl comes hope, the promise of comfort and of security…A story of classic simplicity, based on a Mexican folk tale, The Pearl explores the secrets of man’s nature, greed, the darkest depths of evil, and the luminous possibilities of love."
Aristotle and Dante Discover the Secrets of the Universe,Benjamin Alire Sáenz,United States,4.33,"['Young Adult', 'LGBT', 'Contemporary', 'Romance', 'Fiction', 'Audiobook', 'Realistic Fiction', 'Queer', 'Coming Of Age', 'Young Adult Contemporary']",English,m,"A lyrical novel about family and friendship from critically acclaimed author Benjamin Alire Sáenz. Aristotle is an angry teen with a brother in prison. Dante is a know-it-all who has an unusual way of looking at the world. When the two meet at the swimming pool, they seem to have nothing in common. But as the loners start spending time together, they discover that they share a special friendship--the kind that changes lives and lasts a lifetime. And it is through this friendship that Ari and Dante will learn the most important truths about themselves and the kind of people they want to be."
Red Queen,Victoria Aveyard,Spain,4.04,"['Fantasy', 'Young Adult', 'Dystopia', 'Romance', 'Fiction', 'Young Adult Fantasy', 'Magic', 'Science Fiction', 'Audiobook', 'Paranormal']",English,m,"This is a world divided by blood—red or silver. The Reds are commoners, ruled by a Silver elite in possession of god-like superpowers. And to Mare Barrow, a seventeen-year-old Red girl from the poverty-stricken Stilts, it seems like nothing will ever change. That is until she finds herself working in the Silver Palace. Here, surrounded by the people she hates the most, Mare discovers that, despite her red blood, she possesses a deadly power of her own. One that threatens to destroy the balance of power. Fearful of Mare's potential, the Silvers hide her in plain view, declaring her a long-lost Silver princess, now engaged to a Silver prince. Despite knowing that one misstep would mean her death, Mare works silently to help the Red Guard, a militant resistance group, and bring down the Silver regime. But this is a world of betrayal and lies, and Mare has entered a dangerous dance—Reds against Silvers, prince against prince, and Mare against her own heart."
Silence,Becca Fitzpatrick,Japan,4.12,"['Young Adult', 'Fantasy', 'Angels', 'Paranormal', 'Romance', 'Paranormal Romance', 'Supernatural', 'Fiction', 'Urban Fantasy', 'Young Adult Fantasy']",English,m,"Nora Grey can't remember the past five months of her life. After the initial shock of waking up in a cemetery and being told that she has been missing for weeks - with no one knowing where she was or who she was with - she tried to get her life back on track. Go to school, hang out with her best friend, Vee, and dodge mom's creepy new boyfriend.But there is this voice in the back of her head, an idea that she can almost reach out and touch. Visions of angel wings and unearthly creatures that have nothing to do with the life she knows.And this unshakable feeling that a part of her is missing.Then Nora crosses paths with a sexy stranger, whom she feels a mesmerizing connection to. He seems to hold all the answers...and her heart. Every minute she spends with him grows more and more intense until she realizes she could be falling in love. Again."
I Am Number Four,Pittacus Lore,United States; United States,3.94,"['Young Adult', 'Fantasy', 'Science Fiction', 'Fiction', 'Aliens', 'Romance', 'Paranormal', 'Adventure', 'Teen', 'Action']",English,m; m,"Nine of us came here. We look like you. We talk like you. We live among you. But we are not you. We can do things you dream of doing. We have powers you dream of having. We are stronger and faster than anything you have ever seen. We are the superheroes you worship in movies and comic books--but we are real.Our plan was to grow, and train, and become strong, and become one, and fight them. But they found us and started hunting us first. Now all of us are running. Spending our lives in shadows, in places where no one would look, blending in. We have lived among you without you knowing.But they know.They caught Number One in Malaysia.Number Two in England.And Number Three in Kenya.They killed them all.I am Number Four.I am next."
We Were Liars,E. Lockhart,United States,3.84,"['Young Adult', 'Contemporary', 'Mystery', 'Fiction', 'Romance', 'Realistic Fiction', 'Mystery Thriller', 'Thriller', 'Audiobook', 'Teen']",English,w,"A beautiful and distinguished family.A private island.A brilliant, damaged girl; a passionate, political boy.A group of four friends—the Liars—whose friendship turns destructive.A revolution. An accident. A secret.Lies upon lies.True love.The truth. We Were Liars is a modern, sophisticated suspense novel from New York Times bestselling author, National Book Award finalist, and Printz Award honoree E. Lockhart. Read it.And if anyone asks you how it ends, just LIE."
The Goldfinch,Donna Tartt,United States,3.92,"['Fiction', 'Contemporary', 'Literary Fiction', 'Audiobook', 'Art', 'Adult', 'Novels', 'Adult Fiction', 'Mystery', 'Literature']",English,w,"It begins with a boy. Theo Decker, a thirteen-year-old New Yorker, miraculously survives an accident that kills his mother. Abandoned by his father, Theo is taken in by the family of a wealthy friend. Bewildered by his strange new home on Park Avenue, disturbed by schoolmates who don't know how to talk to him, and tormented above all by his unbearable longing for his mother, he clings to one thing that reminds him of her: a small, mysteriously captivating painting that ultimately draws Theo into the underworld of art.As an adult, Theo moves silkily between the drawing rooms of the rich and the dusty labyrinth of an antiques store where he works. He is alienated and in love-and at the center of a narrowing, ever more dangerous circle.The Goldfinch combines vivid characters, mesmerizing language, and suspense, while plumbing with a philosopher's calm the deepest mysteries of love, identity, and art. It is an old-fashioned story of loss and obsession, survival and self-invention, and the ruthless machinations of fate."
A Dog's Purpose,W. Bruce Cameron,United States,4.34,"['Fiction', 'Animals', 'Dogs', 'Contemporary', 'Adult', 'Fantasy', 'Audiobook', 'Adult Fiction', 'Humor', 'Young Adult']",English,m,"This is the remarkable story of one endearing dog's search for his purpose over the course of several lives. More than just another charming dog story, this touches on the universal quest for an answer to life's most basic question: Why are we here? Surprised to find himself reborn as a rambunctious golden haired puppy after a tragically short life as a stray mutt, Bailey's search for his new life's meaning leads him into the loving arms of 8 year old Ethan. During their countless adventures Bailey joyously discovers how to be a good dog. But this life as a beloved family pet is not the end of Bailey's journey. Reborn as a puppy yet again, Bailey wonders, will he ever find his purpose? Heartwarming, insightful, and often laugh out loud funny, this book is not only the emotional and hilarious story of a dog's many lives, but also a dog's eye commentary on human relationships and the unbreakable bonds between man and man's best friend. This story teaches us that love never dies, that our true friends are always with us, and that every creature on earth is born with a purpose.--front flap"
A Monster Calls,Patrick Ness,United States,4.35,"['Fantasy', 'Young Adult', 'Fiction', 'Horror', 'Contemporary', 'Middle Grade', 'Magical Realism', 'Childrens', 'Death', 'Paranormal']",English,m,"The bestselling novel about love, loss and hope from the twice Carnegie Medal-winning Patrick Ness. Conor has the same dream every night, ever since his mother first fell ill, ever since she started the treatments that don't quite seem to be working. But tonight is different. Tonight, when he wakes, there's a visitor at his window. It's ancient, elemental, a force of nature. And it wants the most dangerous thing of all from Conor. It wants the truth. Patrick Ness takes the final idea of the late, award-winning writer Siobhan Dowd and weaves an extraordinary and heartbreaking tale of mischief, healing and above all, the courage it takes to survive."
Before I Fall,Lauren Oliver,United States,3.9,"['Young Adult', 'Contemporary', 'Fiction', 'Romance', 'Fantasy', 'Realistic Fiction', 'Teen', 'Paranormal', 'Death', 'Audiobook']",English,w,"For popular high school senior Samantha Kingston, February 12—""Cupid Day""—should be one big party, a day of valentines and roses and the privileges that come with being at the top of the social pyramid. And it is … until she dies in a terrible accident that night.However, she still wakes up the next morning. In fact, Sam lives the last day of her life seven times, until she realizes that by making even the slightest changes, she may hold more power than she ever imagined.Before I Fall is now a major motion picture Zoey Deutch, Halston Sage, and Kian Lawley. Named to numerous state reading lists, the novel was also recognized as a Best Book of the Year by Amazon.com, Barnes & Noble, The Daily Beast, NPR, and Publishers Weekly."
Where She Went,Gayle Forman,United States,4.02,"['Young Adult', 'Romance', 'Contemporary', 'Fiction', 'Realistic Fiction', 'Music', 'New Adult', 'Teen', 'Audiobook', 'Young Adult Contemporary']",English,w,"It's been three years since the devastating accident... three years since Mia walked out of Adam's life forever.Now living on opposite coasts, Mia is Juilliard's rising star and Adam is LA tabloid fodder, thanks to his new rock star status and celebrity girlfriend. When Adam gets stuck in New York by himself, chance brings the couple together again, for one last night. As they explore the city that has become Mia's home, Adam and Mia revisit the past and open their hearts to the future - and each other.Told from Adam's point of view in the spare, lyrical prose that defined If I Stay, Where She Went explores the devastation of grief, the promise of new hope, and the flame of rekindled romance."
Gone,Michael Grant,United States; United States,3.86,"['Young Adult', 'Dystopia', 'Science Fiction', 'Fantasy', 'Fiction', 'Paranormal', 'Romance', 'Adventure', 'Supernatural', 'Teen']",English,m; m,"In the blink of an eye, everyone disappears. Gone. Except for the young.There are teens, but not one single adult. Just as suddenly, there are no phones, no internet, no television. No way to get help. And no way to figure out what's happened.Hunger threatens. Bullies rule. A sinister creature lurks. Animals are mutating. And the teens themselves are changing, developing new talents—unimaginable, dangerous, deadly powers—that grow stronger by the day. It's a terrifying new world. Sides are being chosen, a fight is shaping up. Townies against rich kids. Bullies against the weak. Powerful against powerless. And time is running out: On your 15th birthday, you disappear just like everyone else..."
Foucault's Pendulum,Umberto Eco,Italy,3.9,"['Fiction', 'Mystery', 'Historical Fiction', 'Literature', 'Classics', 'Italian Literature', 'Thriller', 'Novels', 'Italy', 'Philosophy']",English,m,"Foucault's Pendulum is divided into ten segments represented by the ten Sefiroth. The novel is full of esoteric references to the Kabbalah. The title of the book refers to an actual pendulum designed by the French physicist Léon Foucault to demonstrate the rotation of the earth, which has symbolic significance within the novel.Bored with their work, and after reading too many manuscripts about occult conspiracy theories, three vanity publisher employees (Belbo, Diotallevi and Casaubon) invent their own conspiracy for fun. They call this satirical intellectual game ""The Plan,"" a hoax that connects the medieval Knights Templar with other occult groups from ancient to modern times. This produces a map indicating the geographical point from which all the powers of the earth can be controlled—a point located in Paris, France, at Foucault’s Pendulum. But in a fateful turn the joke becomes all too real.The three become increasingly obsessed with The Plan, and sometimes forget that it's just a game. Worse still, other conspiracy theorists learn about The Plan, and take it seriously. Belbo finds himself the target of a real secret society that believes he possesses the key to the lost treasure of the Knights Templar.Orchestrating these and other diverse characters into his multilayered semioticadventure, Eco has created a superb cerebral entertainment."
Words of Radiance,Brandon Sanderson,United States,4.75,"['Fantasy', 'Fiction', 'Epic Fantasy', 'High Fantasy', 'Audiobook', 'Magic', 'Science Fiction Fantasy', 'Epic', 'Adult', 'Adventure']",English,m,"Words of Radiance, Book Two of the Stormlight Archive, continues the immersive fantasy epic that The Way of Kings began.Expected by his enemies to die the miserable death of a military slave, Kaladin survived to be given command of the royal bodyguards, a controversial first for a low-status ""darkeyes."" Now he must protect the king and Dalinar from every common peril as well as the distinctly uncommon threat of the Assassin, all while secretly struggling to master remarkable new powers that are somehow linked to his honorspren, Syl.The Assassin, Szeth, is active again, murdering rulers all over the world of Roshar, using his baffling powers to thwart every bodyguard and elude all pursuers. Among his prime targets is Highprince Dalinar, widely considered the power behind the Alethi throne. His leading role in the war would seem reason enough, but the Assassin's master has much deeper motives.Brilliant but troubled Shallan strives along a parallel path. Despite being broken in ways she refuses to acknowledge, she bears a terrible burden: to somehow prevent the return of the legendary Voidbringers and the civilization-ending Desolation that will follow. The secrets she needs can be found at the Shattered Plains, but just arriving there proves more difficult than she could have imagined.Meanwhile, at the heart of the Shattered Plains, the Parshendi are making an epochal decision. Hard pressed by years of Alethi attacks, their numbers ever shrinking, they are convinced by their war leader, Eshonai, to risk everything on a desperate gamble with the very supernatural forces they once fled. The possible consequences for Parshendi and humans alike, indeed, for Roshar itself, are as dangerous as they are incalculable."
Night,Elie Wiesel,France,4.34,"['Nonfiction', 'Classics', 'History', 'Memoir', 'Holocaust', 'Biography', 'School', 'Historical', 'War', 'World War II']",English,m,"Born in the town of Sighet, Transylvania, Elie Wiesel was a teenager when he and his family were taken from their home in 1944 to Auschwitz concentration camp, and then to Buchenwald. Night is the terrifying record of Elie Wiesel's memories of the death of his family, the death of his own innocence, and his despair as a deeply observant Jew confronting the absolute evil of man. This new translation by his wife and most frequent translator, Marion Wiesel, corrects important details and presents the most accurate rendering in English of Elie Wiesel's testimony to what happened in the camps and of his unforgettable message that this horror must simply never be allowed to happen again."
The Song of Achilles,Madeline Miller,United States,4.35,"['Historical Fiction', 'Fantasy', 'Fiction', 'Mythology', 'LGBT', 'Romance', 'Historical', 'Retellings', 'Audiobook', 'Adult']",English,w,"Greece in the age of heroes. Patroclus, an awkward young prince, has been exiled to the court of King Peleus and his perfect son Achilles. By all rights their paths should never cross, but Achilles takes the shamed prince as his friend, and as they grow into young men skilled in the arts of war and medicine their bond blossoms into something deeper - despite the displeasure of Achilles' mother Thetis, a cruel sea goddess. But then word comes that Helen of Sparta has been kidnapped. Torn between love and fear for his friend, Patroclus journeys with Achilles to Troy, little knowing that the years that follow will test everything they hold dear.Profoundly moving and breathtakingly original, this rendering of the epic Trojan War is a dazzling feat of the imagination, a devastating love story, and an almighty battle between gods and kings, peace and glory, immortal fame and the human heart."
The Nightingale,Kristin Hannah,United States,4.57,"['Historical Fiction', 'Fiction', 'Historical', 'World War II', 'War', 'Audiobook', 'Adult', 'France', 'Adult Fiction', 'Romance']",English,w,"In love we find out who we want to be.In war we find out who we are.FRANCE, 1939In the quiet village of Carriveau, Vianne Mauriac says good-bye to her husband, Antoine, as he heads for the Front. She doesn’t believe that the Nazis will invade France…but invade they do, in droves of marching soldiers, in caravans of trucks and tanks, in planes that fill the skies and drop bombs upon the innocent. When a German captain requisitions Vianne’s home, she and her daughter must live with the enemy or lose everything. Without food or money or hope, as danger escalates all around them, she is forced to make one impossible choice after another to keep her family alive.Vianne’s sister, Isabelle, is a rebellious eighteen-year-old, searching for purpose with all the reckless passion of youth. While thousands of Parisians march into the unknown terrors of war, she meets Gaëtan, a partisan who believes the French can fight the Nazis from within France, and she falls in love as only the young can…completely. But when he betrays her, Isabelle joins the Resistance and never looks back, risking her life time and again to save others.With courage, grace and powerful insight, bestselling author Kristin Hannah captures the epic panorama of World War II and illuminates an intimate part of history seldom seen: the women’s war. The Nightingale tells the stories of two sisters, separated by years and experience, by ideals, passion and circumstance, each embarking on her own dangerous path toward survival, love, and freedom in German-occupied, war-torn France—a heartbreakingly beautiful novel that celebrates the resilience of the human spirit and the durability of women. It is a novel for everyone, a novel for a lifetime."
Under the Dome,Stephen King,United States,3.91,"['Horror', 'Fiction', 'Science Fiction', 'Thriller', 'Fantasy', 'Mystery', 'Suspense', 'Audiobook', 'Adult', 'Drama']",English,m,"On an entirely normal, beautiful fall day in Chester’s Mill, Maine, the town is inexplicably and suddenly sealed off from the rest of the world by an invisible force field. Planes crash into it and fall from the sky in flaming wreckage, a gardener’s hand is severed as “the dome” comes down on it, people running errands in the neighboring town are divided from their families, and cars explode on impact. No one can fathom what this barrier is, where it came from, and when—or if—it will go away.Dale Barbara, Iraq vet and now a short-order cook, finds himself teamed with a few intrepid citizens—town newspaper owner Julia Shumway, a physician’s assistant at the hospital, a selectwoman, and three brave kids. Against them stands Big Jim Rennie, a politician who will stop at nothing—even murder—to hold the reins of power, and his son, who is keeping a horrible secret in a dark pantry. But their main adversary is the Dome itself. Because time isn’t just short. It’s running out.source: stephenking.com"
Macbeth,William Shakespeare,Norway,3.9,"['Classics', 'Plays', 'Fiction', 'Drama', 'School', 'Literature', 'Read For School', 'Theatre', 'High School', 'Poetry']",English,m,"One night on the heath, the brave and respected general Macbeth encounters three witches who foretell that he will become king of Scotland. At first sceptical, he’s urged on by the ruthless, single-minded ambitions of Lady Macbeth, who suffers none of her husband’s doubt. But seeing the prophecy through to the bloody end leads them both spiralling into paranoia, tyranny, madness, and murder.This shocking tragedy - a violent caution to those seeking power for its own sake - is, to this day, one of Shakespeare’s most popular and influential masterpieces."
The Girl on the Train,Paula Hawkins,United Kingdom,3.93,"['Fiction', 'Mystery', 'Thriller', 'Crime', 'Mystery Thriller', 'Suspense', 'Contemporary', 'Adult', 'Audiobook', 'Adult Fiction']",English,w,"An alternative cover edition for this ISBN can be found here.Rachel catches the same commuter train every morning. She knows it will wait at the same signal each time, overlooking a row of back gardens. She’s even started to feel like she knows the people who live in one of the houses. “Jess and Jason,” she calls them. Their life—as she sees it—is perfect. If only Rachel could be that happy. And then she sees something shocking. It’s only a minute until the train moves on, but it’s enough. Now everything’s changed. Now Rachel has a chance to become a part of the lives she’s only watched from afar. Now they’ll see; she’s much more than just the girl on the train..."
Finale,Becca Fitzpatrick,United States,4.18,"['Young Adult', 'Fantasy', 'Angels', 'Romance', 'Paranormal', 'Paranormal Romance', 'Supernatural', 'Fiction', 'Urban Fantasy', 'Young Adult Fantasy']",English,w,"Nora and Patch thought their troubles were behind them. Hank is gone and they should be able to put his ugly vendetta to rest. But in Hank's absence, Nora has become the unwitting head of the Nephilim and must finish what Hank began. Which ultimately means destroying the fallen angels - destroying Patch.Nora will never let that happen, so she and Patch make a plan: lead everyone to believe they have broken up, and work the system from the inside. Nora will convince the Nephilim that they are making a mistake in fighting the fallen angels, and Patch will find out everything he can from the opposing side. They will end this war before it can even begin.But the best-laid plans often go awry. Nora is put through the paces in her new role and finds herself drawn to an addictive power she never anticipated.As the battle lines are drawn, Nora and Patch must confront the differences that have always been between them and either choose to ignore them or let them destroy the love they have always fought for."
Survivor,Chuck Palahniuk,United Kingdom,3.91,"['Fiction', 'Contemporary', 'Thriller', 'Novels', 'Humor', 'Dark', 'Literature', 'American', 'Audiobook', 'Adult']",,w,"From the author of the underground sensation Fight Club comes this wickedly incisive second novel, a mesmerizing, unnerving, and hilarious vision of cult and post-cult life.Tender Branson—last surviving member of the so-called Creedish Death Cult—is dictating his life story into the flight recorder of Flight 2039, cruising on autopilot at 39,000 feet somewhere over the Pacific Ocean. He is all alone in the airplane, which will crash shortly into the vast Australian outback. Before it does, he will unfold the tale of his journey from an obedient Creedish child and humble domestic servant to an ultra-buffed, steroid- and collagen-packed media messiah, author of a best-selling autobiography, Saved from Salvation, and the even better selling Book of Very Common Prayer (The Prayer to Delay Orgasm, The Prayer to Prevent Hair Loss, The Prayer to Silence Car Alarms). He'll reveal the truth of his tortured romance with the elusive and prescient Fertility Hollis, share his insight that ""the only difference between suicide and martyrdom is press coverage,"" and deny responsibility for the Tender Branson Sensitive Materials Sanitary Landfill, a 20,000-acre repository for the nation's outdated pornography. Among other matters both bizarre and trenchant.Not since Kurt Vonnegut's Mother Night and Jerzy Kosinski's Being There has there been as dark and telling a satire on the wages of fame and the bedrock lunacy of the modern world. Unpredictable, compelling, and unforgettable, Survivor is Chuck Palahniuk at his deadpan peak; and it cements his place as one of the most original writers in fiction today."
Antigone,Sophocles,France,3.66,"['Classics', 'Plays', 'Drama', 'Fiction', 'School', 'Read For School', 'Mythology', 'Theatre', 'Literature', 'High School']",English,m,"The curse placed on Oedipus lingers and haunts a younger generation in this new and brilliant translation of Sophocles' classic drama. The daughter of Oedipus and Jocasta, Antigone is an unconventional heroine who pits her beliefs against the King of Thebes in a bloody test of wills that leaves few unharmed. Emotions fly as she challenges the king for the right to bury her own brother. Determined but doomed, Antigone shows her inner strength throughout the play.Antigone raises issues of law and morality that are just as relevant today as they were more than two thousand years ago. Whether this is your first reading or your twentieth, Antigone will move you as few pieces of literature can.To make this quintessential Greek drama more accessible to the modern reader, this Prestwick House Literary Touchstone Edition includes a glossary of difficult terms, a list of vocabulary words, and convenient sidebar notes. By providing these, it is our intention that readers will more fully enjoy the beauty, wisdom, and intent of the play."
The Ocean at the End of the Lane,Neil Gaiman,United Kingdom,4.0,"['Fantasy', 'Fiction', 'Horror', 'Magical Realism', 'Audiobook', 'Young Adult', 'Adult', 'Science Fiction Fantasy', 'Adult Fiction', 'Paranormal']",English,m,"Sussex, England. A middle-aged man returns to his childhood home to attend a funeral. Although the house he lived in is long gone, he is drawn to the farm at the end of the road, where, when he was seven, he encountered a most remarkable girl, Lettie Hempstock, and her mother and grandmother. He hasn't thought of Lettie in decades, and yet as he sits by the pond (a pond that she'd claimed was an ocean) behind the ramshackle old farmhouse, the unremembered past comes flooding back. And it is a past too strange, too frightening, too dangerous to have happened to anyone, let alone a small boy.Forty years earlier, a man committed suicide in a stolen car at this farm at the end of the road. Like a fuse on a firework, his death lit a touchpaper and resonated in unimaginable ways. The darkness was unleashed, something scary and thoroughly incomprehensible to a little boy. And Lettie—magical, comforting, wise beyond her years—promised to protect him, no matter what.A groundbreaking work from a master, The Ocean at the End of the Lane is told with a rare understanding of all that makes us human, and shows the power of stories to reveal and shelter us from the darkness inside and out. It is a stirring, terrifying, and elegiac fable as delicate as a butterfly's wing and as menacing as a knife in the dark."
The Reckoning,Kelley Armstrong,United States,4.2,"['Young Adult', 'Fantasy', 'Paranormal', 'Urban Fantasy', 'Romance', 'Supernatural', 'Werewolves', 'Magic', 'Ghosts', 'Fiction']",English,m,"Chloe Saunders is fifteen and would love to be normal. Unfortunately, Chloe happens to be a genetically engineered necromancer who can raise the dead without even trying. She and her equally gifted (or should that be 'cursed'?) friends are now running for their lives from the evil corporation that created them.As if that's not enough, Chloe is struggling with her feelings for Simon, a sweet-tempered sorcerer, and his brother Derek, a not so sweet-tempered werewolf. And she has a horrible feeling she's leaning towards the werewolf...Definitely not normal."
House of Leaves,Mark Z. Danielewski,United States,4.06,"['Horror', 'Fiction', 'Fantasy', 'Mystery', 'Thriller', 'Novels', 'Contemporary', 'Adult', 'Literature', 'Paranormal']",English,m,"Years ago, when House of Leaves was first being passed around, it was nothing more than a badly bundled heap of paper, parts of which would occasionally surface on the Internet. No one could have anticipated the small but devoted following this terrifying story would soon command. Starting with an odd assortment of marginalized youth—musicians, tattoo artists, programmers, strippers, environmentalists, and adrenaline junkies—the book eventually made its way into the hands of older generations, who not only found themselves in those strangely arranged pages but also discovered a way back into the lives of their estranged children.Now, for the first time, this astonishing novel is made available in book form, complete with the original colored words, vertical footnotes, and newly added second and third appendices.The story remains unchanged, focusing on a young family that moves into a small home on Ash Tree Lane where they discover something is terribly wrong: their house is bigger on the inside than it is on the outside.Of course, neither Pulitzer Prize-winning photojournalist Will Navidson nor his companion Karen Green was prepared to face the consequences of that impossibility, until the day their two little children wandered off and their voices eerily began to return another story—of creature darkness, of an ever-growing abyss behind a closet door, and of that unholy growl which soon enough would tear through their walls and consume all their dreams."
Shadow and Bone,Leigh Bardugo,"Israel, United States",4.0,"['Fantasy', 'Young Adult', 'Romance', 'Magic', 'Fiction', 'Young Adult Fantasy', 'High Fantasy', 'Paranormal', 'Adventure', 'Audiobook']",English,w,"▶ 
  Alternative Cover Edition #1
Surrounded by enemies, the once-great nation of Ravka has been torn in two by the Shadow Fold, a swath of near impenetrable darkness crawling with monsters who feast on human flesh. Now its fate may rest on the shoulders of one lonely refugee.Alina Starkov has never been good at anything. But when her regiment is attacked on the Fold and her best friend is brutally injured, Alina reveals a dormant power that saves his life—a power that could be the key to setting her war-ravaged country free. Wrenched from everything she knows, Alina is whisked away to the royal court to be trained as a member of the Grisha, the magical elite led by the mysterious Darkling.Yet nothing in this lavish world is what it seems. With darkness looming and an entire kingdom depending on her untamed power, Alina will have to confront the secrets of the Grisha . . . and the secrets of her heart."
Ugly Love,Colleen Hoover,United States,4.25,"['Romance', 'New Adult', 'Contemporary', 'Contemporary Romance', 'Fiction', 'Adult', 'Chick Lit', 'Young Adult', 'Audiobook', 'Drama']",English,w,"When Tate Collins meets airline pilot Miles Archer, she knows it isn’t love at first sight. They wouldn’t even go so far as to consider themselves friends. The only thing Tate and Miles have in common is an undeniable mutual attraction. Once their desires are out in the open, they realize they have the perfect set-up. He doesn’t want love, she doesn’t have time for love, so that just leaves the sex. Their arrangement could be surprisingly seamless, as long as Tate can stick to the only two rules Miles has for her.Never ask about the past.Don’t expect a future.They think they can handle it, but realize almost immediately they can’t handle it at all.Hearts get infiltrated.Promises get broken.Rules get shattered.Love gets ugly."
Skagboys,Irvine Welsh,United Kingdom,3.92,"['Fiction', 'Thriller', 'Mystery', 'Suspense', 'Drama', 'Contemporary', 'Dark', 'Novels', 'Crime', 'Epic']",English,m,"Mark Renton has it all: he's good-looking, young, with a pretty girlfriend and a place at university. But there's no room for him in the 1980s. Thatcher's government is destroying working-class communities across Britain, and the post-war certainties of full employment, educational opportunity and a welfare state are gone. When his family starts to fracture, Mark's life swings out of control and he succumbs to the defeatism which has taken hold in Edinburgh's grimmer areas. The way out is heroin.It's no better for his friends. Spud Murphy is paid off from his job, Tommy Lawrence feels himself being sucked into a life of petty crime and violence - the worlds of the thieving Matty Connell and psychotic Franco Begbie. Only Sick Boy, the supreme manipulator of the opposite sex, seems to ride the current, scamming and hustling his way through it all.Skagboys charts their journey from likely lads to young men addicted to the heroin which has flooded their disintegrating community. This is the 1980s: a time of drugs, poverty, AIDS, violence, political strife and hatred - but a lot of laughs, and maybe just a little love; a decade which changed Britain for ever. The prequel to the world-renowned Trainspotting, this is an exhilarating and moving book, full of the scabrous humour, salty vernacular and appalling behaviour that has made Irvine Welsh a household name."
Call Me By Your Name,André Aciman,"Egypt, United States",4.23,"['Fiction', 'Romance', 'LGBT', 'Contemporary', 'Queer', 'Audiobook', 'Adult', 'Gay', 'Coming Of Age', 'M M Romance']",English,m,"Call Me by Your Name is the story of a sudden and powerful romance that blossoms between an adolescent boy and a summer guest at his parents' cliff-side mansion on the Italian Riviera. Unprepared for the consequences of their attraction, at first each feigns indifference. But during the restless summer weeks that follow, unrelenting buried currents of obsession and fear, fascination and desire, intensify their passion as they test the charged ground between them. What grows from the depths of their spirits is a romance of scarcely six weeks' duration and an experience that marks them for a lifetime. For what the two discover on the Riviera and during a sultry evening in Rome is the one thing both already fear they may never truly find again: total intimacy. The psychological maneuvers that accompany attraction have seldom been more shrewdly captured than in André Aciman's frank, unsentimental, heartrending elegy to human passion. Call Me by Your Name is clear-eyed, bare-knuckled, and ultimately unforgettable."
The Devil Wears Prada,Lauren Weisberger,United States,3.75,"['Chick Lit', 'Fiction', 'Contemporary', 'Romance', 'Adult', 'Humor', 'Adult Fiction', 'Fashion', 'Novels', 'Realistic Fiction']",English,w,"A delightfully dishy novel about the all-time most impossible boss in the history of impossible bosses. Andrea Sachs, a small-town girl fresh out of college, lands the job “a million girls would die for.” Hired as the assistant to Miranda Priestly, the high-profile, fabulously successful editor of ""Runway ""magazine, Andrea finds herself in an office that shouts ""Prada! Armani! Versace!"" at every turn, a world populated by impossibly thin, heart-wrenchingly stylish women and beautiful men clad in fine-ribbed turtlenecks and tight leather pants that show off their lifelong dedication to the gym. With breathtaking ease, Miranda can turn each and every one of these hip sophisticates into a scared, whimpering child. THE DEVIL WEARS PRADA gives a rich and hilarious new meaning to complaints about “The Boss from Hell.” Narrated in Andrea’s smart, refreshingly disarming voice, it traces a deep, dark, devilish view of life at the top only hinted at in gossip columns and over Cosmopolitans at the trendiest cocktail parties. From sending the latest, not-yet-in-stores Harry Potter to Miranda’s children in Paris by private jet, to locating an unnamed antique store where Miranda had at some point admired a vintage dresser, to serving lattes to Miranda at precisely the piping hot temperature she prefers, Andrea is sorely tested each and every day—and often late into the night with orders barked over the phone. She puts up with it all by keeping her eyes on the prize: a recommendation from Miranda that will get Andrea a top job at any magazine of her choosing. As things escalate from the merely unacceptable to the downright outrageous, however, Andrea begins to realize that the job a million girls would die for may just kill her. And even if she survives, she has to decide whether or not the job is worth the price of her soul."
A Little Life,Hanya Yanagihara,United States,4.31,"['Fiction', 'Contemporary', 'LGBT', 'Literary Fiction', 'Adult', 'Novels', 'Adult Fiction', 'Queer', 'Audiobook', 'Literature']",English,w,"Brace yourself for the most astonishing, challenging, upsetting, and profoundly moving book in many a season. An epic about love and friendship in the twenty-first century that goes into some of the darkest places fiction has ever traveled and yet somehow improbably breaks through into the light. Truly an amazement—and a great gift for its readers.When four classmates from a small Massachusetts college move to New York to make their way, they're broke, adrift, and buoyed only by their friendship and ambition. There is kind, handsome Willem, an aspiring actor; JB, a quick-witted, sometimes cruel Brooklyn-born painter seeking entry to the art world; Malcolm, a frustrated architect at a prominent firm; and withdrawn, brilliant, enigmatic Jude, who serves as their center of gravity. Over the decades, their relationships deepen and darken, tinged by addiction, success, and pride. Yet their greatest challenge, each comes to realize, is Jude himself, by midlife a terrifyingly talented litigator yet an increasingly broken man, his mind and body scarred by an unspeakable childhood, and haunted by what he fears is a degree of trauma that he’ll not only be unable to overcome—but that will define his life forever."
Hatchet,Gary Paulsen,Romania,3.73,"['Young Adult', 'Fiction', 'Adventure', 'Classics', 'Survival', 'Childrens', 'Realistic Fiction', 'Middle Grade', 'School', 'Read For School']",English,m,"Brian is on his way to Canada to visit his estranged father when the pilot of his small prop plane suffers a heart attack. Brian is forced to crash-land the plane in a lake--and finds himself stranded in the remote Canadian wilderness with only his clothing and the hatchet his mother gave him as a present before his departure. Brian had been distraught over his parents' impending divorce and the secret he carries about his mother, but now he is truly desolate and alone. Exhausted, terrified, and hungry, Brian struggles to find food and make a shelter for himself. He has no special knowledge of the woods, and he must find a new kind of awareness and patience as he meets each day's challenges. Is the water safe to drink? Are the berries he finds poisonous? Slowly, Brian learns to turn adversity to his advantage--an invading porcupine unexpectedly shows him how to make fire, a devastating tornado shows him how to retrieve supplies from the submerged airplane. Most of all, Brian leaves behind the self-pity he has felt about his predicament as he summons the courage to stay alive. A story of survival and of transformation, this riveting book has sparked many a reader's interest in venturing into the wild."
Storm Front,Jim Butcher,United States,3.99,"['Fantasy', 'Urban Fantasy', 'Mystery', 'Fiction', 'Paranormal', 'Magic', 'Audiobook', 'Supernatural', 'Science Fiction Fantasy', 'Crime']",English,m,"HARRY DRESDEN — WIZARDLost Items Found. Paranormal Investigations. Consulting. Advice. Reasonable Rates. No Love Potions, Endless Purses, or Other Entertainment.Harry Dresden is the best at what he does. Well, technically, he's the only at what he does. So when the Chicago P.D. has a case that transcends mortal creativity or capability, they come to him for answers. For the ""everyday"" world is actually full of strange and magical things—and most don't play well with humans. That's where Harry comes in. Takes a wizard to catch a—well, whatever. There's just one problem. Business, to put it mildly, stinks.So when the police bring him in to consult on a grisly double murder committed with black magic, Harry's seeing dollar signs. But where there's black magic, there's a black mage behind it. And now that mage knows Harry's name. And that's when things start to get interesting.Magic - it can get a guy killed."
The Collector,John Fowles,United States,3.98,"['Fiction', 'Horror', 'Classics', 'Thriller', 'Crime', 'Mystery', 'British Literature', 'Novels', 'Literature', 'Literary Fiction']",English,w,"Withdrawn, uneducated and unloved, Frederick collects butterflies and takes photographs. He is obsessed with a beautiful stranger, the art student Miranda. When he wins the pools he buys a remote Sussex house and calmly abducts Miranda, believing she will grow to love him in time."
"Everything, Everything",Nicola Yoon,"Jamaica, United States",4.05,"['Young Adult', 'Romance', 'Contemporary', 'Fiction', 'Realistic Fiction', 'Audiobook', 'Young Adult Contemporary', 'Teen', 'Coming Of Age', 'Young Adult Romance']",English,w,"My disease is as rare as it is famous. It’s a form of Severe Combined Immunodeficiency, but basically, I’m allergic to the world. I don’t leave my house, have not left my house in fifteen years. The only people I ever see are my mom and my nurse, Carla.But then one day, a moving truck arrives. New next door neighbors. I look out the window, and I see him. He’s tall, lean and wearing all black—black t-shirt, black jeans, black sneakers and a black knit cap that covers his hair completely. He catches me looking and stares at me. I stare right back. His name is Olly. I want to learn everything about him, and I do. I learn that he is funny and fierce. I learn that his eyes are Atlantic Ocean-blue and that his vice is stealing silverware. I learn that when I talk to him, my whole world opens up, and I feel myself starting to change—starting to want things. To want out of my bubble. To want everything, everything the world has to offer.Maybe we can’t predict the future, but we can predict some things. For example, I am certainly going to fall in love with Olly. It’s almost certainly going to be a disaster."
Blue Moon,Alyson Noel,United Kingdom,3.61,"['Young Adult', 'Fantasy', 'Paranormal', 'Romance', 'Supernatural', 'Paranormal Romance', 'Fiction', 'Magic', 'Urban Fantasy', 'Teen']",English,m,"Alyson Noël's bestselling Immortals series has been hailed as ""addictive,"" ""beautiful,"" ""haunting,"" and ""mesmerizing."" In Blue Moon, Ever has a chance to bring her family back from the dead - but only if she's willing to sacrifice the guy she loves more than life itself.Just as Ever is learning everything she can about her new abilities as an immortal, initiated into the dark, seductive world by her beloved Damen, something terrible is happening to him. As Ever's powers are increasing, Damen's begin to fade after he is stricken by a mysterious illness that threatens his memory, his identity, his life.Desperate to save him, Ever travels to the mystical dimension of Summerland, where she uncovers not only the secrets of Damen's past - the brutal, tortured history he hoped to keep hidden - but also an ancient text revealing the workings of time. With the approaching blue moon heralding her only window for travel, Ever is forced to decide between turning back the clock and saving her family from the accident that claimed them - or staying in the present and saving Damen, who grows weaker each day...."
Origin,Jennifer L. Armentrout,United States,4.37,"['Young Adult', 'Paranormal', 'Romance', 'Fantasy', 'Aliens', 'Science Fiction', 'Paranormal Romance', 'Supernatural', 'Urban Fantasy', 'New Adult']",English,m,"Daemon will do anything to get Katy back.After the successful but disastrous raid on Mount Weather, he’s facing the impossible. Katy is gone. Taken. Everything becomes about finding her. Taking out anyone who stands in his way? Done. Burning down the whole world to save her? Gladly. Exposing his alien race to the world? With pleasure.All Katy can do is survive.Surrounded by enemies, the only way she can come out of this is to adapt. After all, there are sides of Daedalus that don’t seem entirely crazy, but the group’s goals are frightening and the truths they speak even more disturbing. Who are the real bad guys? Daedalus? Mankind? Or the Luxen? Together, they can face anything.But the most dangerous foe has been there all along, and when the truths are exposed and the lies come crumbling down, which side will Daemon and Katy be standing on?And will they even be together?"
The Forty Rules of Love,Elif Shafak,Turkey,4.14,"['Fiction', 'Novels', 'Historical Fiction', 'Romance', 'Philosophy', 'Turkish Literature', 'Spirituality', 'Turkish', 'Literature', 'Religion']",English,w,"In this lyrical, exuberant follow-up to her 2007 novel, The Bastard of Istanbul, acclaimed Turkish author Elif Shafak unfolds two tantalizing parallel narratives—one contemporary and the other set in the thirteenth century, when Rumi encountered his spiritual mentor, the whirling dervish known as Shams of Tabriz—that together incarnate the poet's timeless message of love. Ella Rubenstein is forty years old and unhappily married when she takes a job as a reader for a literary agent. Her first assignment is to read and report on Sweet Blasphemy, a novel written by a man named Aziz Zahara. Ella is mesmerized by his tale of Shams's search for Rumi and the dervish's role in transforming the successful but unhappy cleric into a committed mystic, passionate poet, and advocate of love. She is also taken with Shams's lessons, or rules, that offer insight into an ancient philosophy based on the unity of all people and religions, and the presence of love in each and every one of us. As she reads on, she realizes that Rumi's story mir­rors her own and that Zahara—like Shams—has come to set her free."
Lady Midnight,Cassandra Clare,United States,4.4,"['Fantasy', 'Young Adult', 'Romance', 'Paranormal', 'Urban Fantasy', 'Young Adult Fantasy', 'Fiction', 'Magic', 'Angels', 'Vampires']",English,w,"The Shadowhunters of Los Angeles star in the first novel in Cassandra Clare’s newest series, The Dark Artifices, a sequel to the internationally bestselling Mortal Instruments series. Lady Midnight is a Shadowhunters novel.It’s been five years since the events of City of Heavenly Fire that brought the Shadowhunters to the brink of oblivion. Emma Carstairs is no longer a child in mourning, but a young woman bent on discovering what killed her parents and avenging her losses.Together with her parabatai Julian Blackthorn, Emma must learn to trust her head and her heart as she investigates a demonic plot that stretches across Los Angeles, from the Sunset Strip to the enchanted sea that pounds the beaches of Santa Monica. If only her heart didn’t lead her in treacherous directions…Making things even more complicated, Julian’s brother Mark—who was captured by the faeries five years ago—has been returned as a bargaining chip. The faeries are desperate to find out who is murdering their kind—and they need the Shadowhunters’ help to do it. But time works differently in faerie, so Mark has barely aged and doesn’t recognize his family. Can he ever truly return to them? Will the faeries really allow it? Glitz, glamours, and Shadowhunters abound in this heartrending opening to Cassandra Clare’s Dark Artifices series."
And the Mountains Echoed,Khaled Hosseini,"United States, Afghanistan",4.05,"['Fiction', 'Historical Fiction', 'Contemporary', 'Adult', 'Adult Fiction', 'Novels', 'Book Club', 'Literary Fiction', 'Historical', 'Drama']",English,m,"So, then. You want a story and I will tell you one...Afghanistan, 1952. Abdullah and his sister Pari live with their father and stepmother in the small village of Shadbagh. Their father, Saboor, is constantly in search of work and they struggle together through poverty and brutal winters. To Abdullah, Pari - as beautiful and sweet-natured as the fairy for which she was named - is everything. More like a parent than a brother, Abdullah will do anything for her, even trading his only pair of shoes for a feather for her treasured collection. Each night they sleep together in their cot, their heads touching, their limbs tangled. One day the siblings journey across the desert to Kabul with their father. Pari and Abdullah have no sense of the fate that awaits them there, for the event which unfolds will tear their lives apart; sometimes a finger must be cut to save the hand. Crossing generations and continents, moving from Kabul, to Paris, to San Francisco, to the Greek island of Tinos, with profound wisdom, depth, insight and compassion, Khaled Hosseini writes about the bonds that define us and shape our lives, the ways in which we help our loved ones in need, how the choices we make resonate through history and how we are often surprised by the people closest to us."
Chronicle of a Death Foretold,Gabriel García Márquez,Colombia,3.97,"['Fiction', 'Classics', 'Magical Realism', 'Literature', 'School', 'Spanish Literature', 'Novels', 'Latin American', 'Latin American Literature', 'Literary Fiction']",English,m,"A man returns to the town where a baffling murder took place twenty-seven years earlier, determined to get to the bottom of the story. Just hours after marrying the beautiful Angela Vicario, everyone agrees, Bayardo San Roman returned his bride in disgrace to her parents. Her distraught family forced her to name her first lover; and her twin brothers announced their intention to murder Santiago Nasar for dishonoring their sister.Yet if everyone knew the murder was going to happen, why did no one intervene to try and stop it? The more that is learned, the less is understood, and as the story races to its inexplicable conclusion, an entire society--not just a pair of murderers—is put on trial."
Hopscotch,Julio Cortázar,Argentina,4.23,"['Fiction', 'Classics', 'Spanish Literature', 'Latin American', 'Literature', 'Novels', 'Magical Realism', 'Latin American Literature', 'Unfinished', '20th Century']",English,m,"Horacio Oliveira is an Argentinian writer who lives in Paris with his mistress, La Maga, surrounded by a loose-knit circle of bohemian friends who call themselves ""the Club."" A child's death and La Maga's disappearance put an end to his life of empty pleasures and intellectual acrobatics, and prompt Oliveira to return to Buenos Aires, where he works by turns as a salesman, a keeper of a circus cat which can truly count, and an attendant in an insane asylum. Hopscotch is the dazzling, freewheeling account of Oliveira's astonishing adventures.The book is highly influenced by Henry Miller’s reckless and relentless search for truth in post-decadent Paris and Daisetz Teitaro Suzuki’s modal teachings on Zen Buddhism.Cortázar's employment of interior monologue, punning, slang, and his use of different languages is reminiscent of Modernist writers like Joyce, although his main influences were Surrealism and the French New Novel, as well as the ""riffing"" aesthetic of jazz and New Wave Cinema.In 1966, Gregory Rabassa won the first National Book Award to recognize the work of a translator, for his English-language edition of Hopscotch. Julio Cortázar was so pleased with Rabassa's translation of Hopscotch that he recommended the translator to Gabriel García Márquez when García Márquez was looking for someone to translate his novel One Hundred Years of Solitude into English. ""Rabassa's One Hundred Years of Solitude improved the original,"" according to García Márquez."
The Choice,Nicholas Sparks,United States,4.0,"['Romance', 'Fiction', 'Chick Lit', 'Contemporary', 'Adult', 'Adult Fiction', 'Contemporary Romance', 'Love', 'Drama', 'Audiobook']",English,m,"#1 New York Times bestseller Nicholas Sparks turns his unrivaled talents to a new tale about love found and lost, and the choices we hope we'll never have to make.Travis Parker has everything a man could want: a good job, loyal friends, even a waterfront home in small-town North Carolina. In full pursuit of the good life - boating, swimming , and regular barbecues with his good-natured buddies -- he holds the vague conviction that a serious relationship with a woman would only cramp his style. That is, until Gabby Holland moves in next door. Spanning the eventful years of young love, marriage and family, THE CHOICE ultimately confronts us with the most heartwrenching question of all: how far would you go to keep the hope of love alive?"
Stoner,John Williams,United States,4.29,"['Fiction', 'Classics', 'Literature', 'Novels', 'American', 'Historical Fiction', 'Literary Fiction', 'The United States Of America', '20th Century', 'Americana']",English,m,"William Stoner is born at the end of the nineteenth century into a dirt-poor Missouri farming family. Sent to the state university to study agronomy, he instead falls in love with English literature and embraces a scholar’s life, so different from the hardscrabble existence he has known. And yet as the years pass, Stoner encounters a succession of disappointments: marriage into a “proper” family estranges him from his parents; his career is stymied; his wife and daughter turn coldly away from him; a transforming experience of new love ends under threat of scandal. Driven ever deeper within himself, Stoner rediscovers the stoic silence of his forebears and confronts an essential solitude.John Williams’s luminous and deeply moving novel is a work of quiet perfection. William Stoner emerges from it not only as an archetypal American, but as an unlikely existential hero, standing, like a figure in a painting by Edward Hopper, in stark relief against an unforgiving world."
"Love, Rosie",Cecelia Ahern,Ireland,3.94,"['Romance', 'Chick Lit', 'Contemporary', 'Fiction', 'Adult', 'Young Adult', 'Contemporary Romance', 'Adult Fiction', 'Love', 'Novels']",English,w,"Sometimes you have to look at life in a whole new way...From the bestselling author of PS, I Love You comes a delightfully enchanting novel about what happens when two people who are meant to be together just can't seem to get it right.Rosie and Alex are destined for one another, and everyone seems to know it but them. Best friends since childhood, their relationship gets closer by the day, until Alex gets the news that his family is leaving Dublin and moving to Boston. At 17, Rosie and Alex have just started to see each other in a more romantic light. Devastated, the two make plans for Rosie to apply to colleges in the U.S. She gets into Boston University, Alex gets into Harvard, and everything is falling into place, when on the eve of her departure, Rosie gets news that will change their lives forever: She's pregnant by a boy she'd gone out with while on the rebound from Alex. Her dreams for college, Alex, and a glamorous career dashed, Rosie stays in Dublin to become a single mother, while Alex pursues a medical career and a new love in Boston. But destiny is a funny thing, and in this novel, structured as a series of clever e-mails, letters, notes, and a trail of missed opportunities, Alex and Rosie find out that fate isn't done with them yet."
A Man Called Ove,Fredrik Backman,Sweden,4.36,"['Fiction', 'Contemporary', 'Audiobook', 'Humor', 'Book Club', 'Adult', 'Adult Fiction', 'Sweden', 'Novels', 'Realistic Fiction']",English,m,"A grumpy yet loveable man finds his solitary world turned on its head when a boisterous young family moves in next door. Meet Ove. He's a curmudgeon, the kind of man who points at people he dislikes as if they were burglars caught outside his bedroom window. He has staunch principles, strict routines, and a short fuse. People call him the bitter neighbor from hell, but must Ove be bitter just because he doesn't walk around with a smile plastered to his face all the time?Behind the cranky exterior there is a story and a sadness. So when one November morning a chatty young couple with two chatty young daughters move in next door and accidentally flatten Ove's mailbox, it is the lead-in to a comical and heartwarming tale of unkempt cats, unexpected friendship, and the ancient art of backing up a U-Haul. All of which will change one cranky old man and a local residents' association to their very foundations."
It Ends with Us,Colleen Hoover,United States,4.4,"['Romance', 'Contemporary', 'New Adult', 'Fiction', 'Contemporary Romance', 'Adult', 'Abuse', 'Chick Lit', 'Audiobook', 'Young Adult']",English,w,"Sometimes it is the one who loves you who hurts you the most.Lily hasn’t always had it easy, but that’s never stopped her from working hard for the life she wants. She’s come a long way from the small town in Maine where she grew up — she graduated from college, moved to Boston, and started her own business. So when she feels a spark with a gorgeous neurosurgeon named Ryle Kincaid, everything in Lily’s life suddenly seems almost too good to be true.Ryle is assertive, stubborn, maybe even a little arrogant. He’s also sensitive, brilliant, and has a total soft spot for Lily. And the way he looks in scrubs certainly doesn’t hurt. Lily can’t get him out of her head. But Ryle’s complete aversion to relationships is disturbing. Even as Lily finds herself becoming the exception to his “no dating” rule, she can’t help but wonder what made him that way in the first place.As questions about her new relationship overwhelm her, so do thoughts of Atlas Corrigan — her first love and a link to the past she left behind. He was her kindred spirit, her protector. When Atlas suddenly reappears, everything Lily has built with Ryle is threatened."
Fantastic Beasts and Where to Find Them,"Newt Scamander (Pseudonym), J.K. Rowling",United Kingdom,3.98,"['Fantasy', 'Fiction', 'Young Adult', 'Magic', 'Childrens', 'Audiobook', 'Middle Grade', 'Short Stories', 'Science Fiction Fantasy', 'Dragons']",English,w,"An approved textbook at Hogwarts School of Witchcraft and Wizardry since publication, Newt Scamander's masterpiece has entertained wizarding families through the generations. Fantastic Beasts and Where to Find Them is an indispensable introduction to the magical beasts of the Wizarding World. Scamander's years of travel and research have created a tome of unparalleled importance. Some of the beasts will be familiar to readers of the Harry Potter books - the Hippogriff, the Basilisk, the Hungarian Horntail ... Others will surprise even the most ardent amateur Magizoologist. This is an essential companion to the Harry Potter stories, and includes a new foreword from J.K. Rowling (writing as Newt Scamander) and six new beasts!"
The Waste Lands,Stephen King,United States,4.23,"['Fantasy', 'Fiction', 'Horror', 'Science Fiction', 'Adventure', 'Westerns', 'Audiobook', 'Science Fiction Fantasy', 'Post Apocalyptic', 'Thriller']",English,m,"Several months have passed, and Roland’s two new tet-mates have become proficient gunslingers. Eddie Dean has given up heroin, and Odetta’s two selves have joined, becoming the stronger and more balanced personality of Susannah Dean. But while battling The Pusher in 1977 New York, Roland altered ka by saving the life of Jake Chambers, a boy who—in Roland’s where and when—has already died. Now Roland and Jake exist in different worlds, but they are joined by the same madness: the paradox of double memories. Roland, Susannah, and Eddie must draw Jake into Mid-World then follow the Path of the Beam all the way to the Dark Tower. But nothing is easy in Mid-World. Along the way our tet stumbles into the ruined city of Lud, and are caught between the warring gangs of the Pubes and the Grays. The only way out of Lud is to wake Blaine the Mono, an insane train that has a passion for riddling, and for suicidal journeys."
The White Tiger,Aravind Adiga,India,3.74,"['Fiction', 'India', 'Contemporary', 'Indian Literature', 'Novels', 'Literature', 'Literary Fiction', 'Asia', 'Book Club', 'Crime']",English,m,"Introducing a major literary talent, The White Tiger offers a story of coruscating wit, blistering suspense, and questionable morality, told by the most volatile, captivating, and utterly inimitable narrator that this millennium has yet seen. Balram Halwai is a complicated man. Servant. Philosopher. Entrepreneur. Murderer. Over the course of seven nights, by the scattered light of a preposterous chandelier, Balram tells us the terrible and transfixing story of how he came to be a success in life—having nothing but his own wits to help him along. Born in the dark heart of India, Balram gets a break when he is hired as a driver for his village's wealthiest man, two house Pomeranians (Puddles and Cuddles), and the rich man's (very unlucky) son. From behind the wheel of their Honda City car, Balram's new world is a revelation. While his peers flip through the pages of Murder Weekly (""Love -- Rape -- Revenge!""), barter for girls, drink liquor (Thunderbolt), and perpetuate the Great Rooster Coop of Indian society, Balram watches his employers bribe foreign ministers for tax breaks, barter for girls, drink liquor (single-malt whiskey), and play their own role in the Rooster Coop. Balram learns how to siphon gas, deal with corrupt mechanics, and refill and resell Johnnie Walker Black Label bottles (all but one). He also finds a way out of the Coop that no one else inside it can perceive. Balram's eyes penetrate India as few outsiders can: the cockroaches and the call centers; the prostitutes and the worshippers; the ancient and Internet cultures; the water buffalo and, trapped in so many kinds of cages that escape is (almost) impossible, the white tiger. And with a charisma as undeniable as it is unexpected, Balram teaches us that religion doesn't create virtue, and money doesn't solve every problem -- but decency can still be found in a corrupt world, and you can get what you want out of life if you eavesdrop on the right conversations. The White Tiger recalls The Death of Vishnu and Bangkok 8 in ambition, scope, and narrative genius, with a mischief and personality all its own. Amoral, irreverent, deeply endearing, and utterly contemporary, this novel is an international publishing sensation —and a startling, provocative debut."
Milk and Honey,Rupi Kaur,Canada,4.07,"['Poetry', 'Feminism', 'Nonfiction', 'Contemporary', 'Adult', 'Romance', 'Audiobook', 'Mental Health', 'Canada', 'Womens']",English,w,"Milk and honey' is a collection of poetry and prose about survival. About the experience of violence, abuse, love, loss, and femininity. It is split into four chapters, and each chapter serves a different purpose. Deals with a different pain. Heals a different heartache. 'milk and honey' takes readers through a journey of the most bitter moments in life and finds sweetness in them because there is sweetness everywhere if you are just willing to look."
The Summer I Turned Pretty,Jenny Han,United States,3.92,"['Young Adult', 'Romance', 'Contemporary', 'Chick Lit', 'Fiction', 'Realistic Fiction', 'Young Adult Contemporary', 'Teen', 'Young Adult Romance', 'Coming Of Age']",English,w,"Belly measures her life in summers. Everything good, everything magical happens between the months of June and August. Winters are simply a time to count the weeks until the next summer, a place away from the beach house, away from Susannah, and most importantly, away from Jeremiah and Conrad. They are the boys that Belly has known since her very first summer—they have been her brother figures, her crushes, and everything in between. But one summer, one terrible and wonderful summer, the more everything changes, the more it all ends up just the way it should have been all along."
Hollow City,Ransom Riggs,United States,4.05,"['Fantasy', 'Young Adult', 'Fiction', 'Paranormal', 'Historical Fiction', 'Time Travel', 'Horror', 'Mystery', 'Adventure', 'Supernatural']",English,m,"This second novel begins in 1940, immediately after the first book ended. Having escaped Miss Peregrine’s island by the skin of their teeth, Jacob and his new friends must journey to London, the peculiar capital of the world. Along the way, they encounter new allies, a menagerie of peculiar animals, and other unexpected surprises.Complete with dozens of newly discovered (and thoroughly mesmerising) vintage photographs, this new adventure will delight readers of all ages."
The Casual Vacancy,J.K. Rowling,United Kingdom,3.3,"['Fiction', 'Contemporary', 'Mystery', 'Adult', 'Adult Fiction', 'Drama', 'Unfinished', 'British Literature', 'Novels', 'Audiobook']",English,w,"A BIG NOVEL ABOUT A SMALL TOWN ...When Barry Fairbrother dies in his early forties, the town of Pagford is left in shock.Pagford is, seemingly, an English idyll, with a cobbled market square and an ancient abbey, but what lies behind the pretty façade is a town at war.Rich at war with poor, teenagers at war with their parents, wives at war with their husbands, teachers at war with their pupils ... Pagford is not what it first seems.And the empty seat left by Barry on the parish council soon becomes the catalyst for the biggest war the town has yet seen. Who will triumph in an election fraught with passion, duplicity and unexpected revelations?"
Freedom,Jonathan Franzen,Germany; Germany,3.76,"['Fiction', 'Contemporary', 'Novels', 'Literary Fiction', 'Literature', 'American', 'Adult Fiction', 'Family', 'Audiobook', 'Book Club']",English,w; m,"Patty and Walter Berglund were the new pioneers of old St. Paul—the gentrifiers, the hands-on parents, the avant-garde of the Whole Foods generation. Patty was the ideal sort of neighbor, who could tell you where to recycle your batteries and how to get the local cops to actually do their job. She was an enviably perfect mother and the wife of Walter's dreams. Together with Walter—environmental lawyer, commuter cyclist, total family man—she was doing her small part to build a better world.But now, in the new millennium, the Berglunds have become a mystery. Why has their teenage son moved in with the aggressively Republican family next door? Why has Walter taken a job working with Big Coal? What exactly is Richard Katz—outré rocker and Walter's college best friend and rival—still doing in the picture? Most of all, what has happened to Patty? Why has the bright star of Barrier Street become ""a very different kind of neighbor,"" an implacable Fury coming unhinged before the street's attentive eyes?In his first novel since The Corrections, Jonathan Franzen has given us an epic of contemporary love and marriage. Freedom comically and tragically captures the temptations and burdens of liberty: the thrills of teenage lust, the shaken compromises of middle age, the wages of suburban sprawl, the heavy weight of empire. In charting the mistakes and joys of Freedom's characters as they struggle to learn how to live in an ever more confusing world, Franzen has produced an indelible and deeply moving portrait of our time.(jacket)"
Three Comrades,Erich Maria Remarque,Germany,4.49,"['Classics', 'Fiction', 'German Literature', 'Historical Fiction', 'War', 'Germany', 'Literature', 'Novels', 'Historical', 'Drama']",English,m,"The year is 1928. On the outskirts of a large German city, three young men are earning a thin and precarious living. Fully armed young storm troopers swagger in the streets. Restlessness, poverty, and violence are everywhere. For these three, friendship is the only refuge from the chaos around them. Then the youngest of them falls in love, and brings into the group a young woman who will become a comrade as well, as they are all tested in ways they can never have imagined. . . .Written with the same overwhelming simplicity and directness that made All Quiet on the Western Front a classic, Three Comrades portrays the greatness of the human spirit, manifested through characters who must find the inner resources to live in a world they did not make, but must endure."
Hunger,Knut Hamsun,Iceland,4.05,"['Fiction', 'Classics', 'Literature', 'Novels', 'Scandinavian Literature', '19th Century', 'Nobel Prize', 'Philosophy', 'Literary Fiction', 'Drama']",English,m,"One of the most important and controversial writers of the 20th century, Knut Hamsun made literary history with the publication in 1890 of this powerful, autobiographical novel recounting the abject poverty, hunger and despair of a young writer struggling to achieve self-discovery and its ultimate artistic expression. The book brilliantly probes the psychodynamics of alienation, obsession, and self-destruction, painting an unforgettable portrait of a man driven by forces beyond his control to the edge of the abyss. Hamsun influenced many of the major 20th-century writers who followed him, including Kafka, Joyce and Henry Miller. Required reading in world literature courses, the highly influential, landmark novel will also find a wide audience among lovers of books that probe the ""unexplored crannies in the human soul"" (George Egerton)."
The Invisible Man,H.G. Wells,South Korea,3.64,"['Classics', 'Science Fiction', 'Fiction', 'Fantasy', 'Horror', 'Literature', 'Audiobook', 'Novels', 'Science Fiction Fantasy', '19th Century']",English,m,"This masterpiece of science fiction is the fascinating story of Griffin, a scientist who creates a serum to render himself invisible, and his descent into madness that follows."
Turtles All the Way Down,John Green,United States,3.95,"['Young Adult', 'Fiction', 'Contemporary', 'Mental Health', 'Romance', 'Audiobook', 'Realistic Fiction', 'Mental Illness', 'Mystery', 'Teen']",English,m,"It all begins with a fugitive billionaire and the promise of a cash reward. Turtles All the Way Down is about lifelong friendship, the intimacy of an unexpected reunion, Star Wars fan fiction, and tuatara. But at its heart is Aza Holmes, a young woman navigating daily existence within the ever-tightening spiral of her own thoughts.In his long-awaited return, John Green shares Aza's story with shattering, unflinching clarity."
The Last Wish,Andrzej Sapkowski,Poland,4.13,"['Fantasy', 'Fiction', 'Short Stories', 'High Fantasy', 'Audiobook', 'Magic', 'Adult', 'Adventure', 'Polish Literature', 'Epic Fantasy']",English,m,"Geralt the Witcher—revered and hated—is a man whose magic powers, enhanced by long training and a mysterious elixir, have made him a brilliant fighter and a merciless assassin. Yet he is no ordinary murderer: his targets are the multifarious monsters and vile fiends that ravage the land and attack the innocent. But not everything monstrous-looking is evil and not everything fair is good... and in every fairy tale there is a grain of truth."
The Cuckoo's Calling,Robert Galbraith,United Kingdom,3.86,"['Mystery', 'Fiction', 'Crime', 'Thriller', 'Mystery Thriller', 'Audiobook', 'Adult', 'Contemporary', 'Detective', 'Adult Fiction']",English,w,"After losing his leg to a land mine in Afghanistan, Cormoran Strike is barely scraping by as a private investigator. Then John Bristow walks through his door with an amazing story: His sister, the legendary supermodel Lula Landry, famously fell to her death a few months earlier. The police ruled it a suicide, but John refuses to believe that. The case plunges Strike into the world of multimillionaire beauties, rock-star boyfriends, and desperate designers, and it introduces him to every variety of pleasure, enticement, seduction, and delusion known to man."
Women,Charles Bukowski,Italy,3.85,"['Fiction', 'Classics', 'Novels', 'Literature', 'American', 'Poetry', 'Contemporary', 'Thriller', 'Humor', 'The United States Of America']",English,m,"Alternate cover for this ISBN can be found hereLow-life writer and unrepentant alcoholic Henry Chinaski was born to survive. After decades of slacking off at low-paying dead-end jobs, blowing his cash on booze and women, and scrimping by in flea-bitten apartments, Chinaski sees his poetic star rising at last. Now, at fifty, he is reveling in his sudden rock-star life, running three hundred hangovers a year, and maintaining a sex life that would cripple Casanova.With all of Bukowski's trademark humor and gritty, dark honesty, this 1978 follow-up to Post Office and Factotum is an uncompromising account of life on the edge."
Big Little Lies,Liane Moriarty,Australia,4.27,"['Fiction', 'Mystery', 'Contemporary', 'Chick Lit', 'Audiobook', 'Adult', 'Thriller', 'Mystery Thriller', 'Adult Fiction', 'Australia']",English,w,"From the author of Truly Madly Guilty and The Husband s Secret comes a novel about the dangerous little lies we tell ourselves just to survive.A murder...A tragic accident...Or just parents behaving badly? What’s indisputable is that someone is dead.Madeline is a force to be reckoned with. She’s funny, biting, and passionate; she remembers everything and forgives no one. Celeste is the kind of beautiful woman who makes the world stop and stare but she is paying a price for the illusion of perfection. New to town, single mom Jane is so young that another mother mistakes her for a nanny. She comes with a mysterious past and a sadness beyond her years. These three women are at different crossroads, but they will all wind up in the same shocking place. Big Little Lies is a brilliant take on ex-husbands and second wives, mothers and daughters, schoolyard scandal, and the little lies that can turn lethal."
American Pastoral,Philip Roth,United States,3.92,"['Fiction', 'Classics', 'Literature', 'Novels', 'American', 'Literary Fiction', 'Historical Fiction', 'Contemporary', 'Americana', 'The United States Of America']",English,m,"Pulitzer Prize Winner (1998)In American Pastoral, Philip Roth gives us a novel of unqualified greatness that is an elegy for all the twentieth century's promises of prosperity, civic order, and domestic bliss. Roth's protagonist is Seymour 'Swede' Levov—a legendary high school athlete, a devoted family man, a hard worker, the prosperous inheritor of his father's Newark glove factory—comes of age in thriving, triumphant post-war America. And then one day in 1968, Swede's beautiful American luck deserts him.For Swede's adored daughter, Merry, has grown from a loving, quick-witted girl into a sullen, fanatical teenager—a teenager capable of an outlandishly savage act of political terrorism. And overnight Swede is wrenched out of the longed-for American pastoral and into the indigenous American berserk. Compulsively readable, propelled by sorrow, rage, and a deep compassion for its characters, this is Roth's masterpiece."
The Light Between Oceans,M.L. Stedman,Australia,4.03,"['Fiction', 'Historical Fiction', 'Australia', 'Historical', 'Book Club', 'Adult Fiction', 'Romance', 'Adult', 'Audiobook', 'Drama']",English,w,"Librarian's note: An alternate cover edition can be found hereAustralia, 1926. After four harrowing years fighting on the Western Front, Tom Sherbourne returns home to take a job as the lighthouse keeper on Janus Rock, nearly half a day's journey from the coast. To this isolated island, where the supply boat comes once a season and shore leaves are granted every other year at best, Tom brings a young, bold, and loving wife, Isabel. Years later, after two miscarriages and one stillbirth, the grieving Isabel hears a baby's cries on the wind. A boat has washed up onshore carrying a dead man and a living baby. Tom, whose records as a lighthouse keeper are meticulous and whose moral principles have withstood a horrific war, wants to report the man and infant immediately. But Isabel has taken the tiny baby to her breast. Against Tom's judgment, they claim her as their own and name her Lucy. When she is two, Tom and Isabel return to the mainland and are reminded that there are other people in the world. Their choice has devastated one of them. M. L. Stedman's mesmerizing, beautifully written debut novel seduces us into accommodating Isabel's decision to keep this ""gift from God."" And we are swept into a story about extraordinarily compelling characters seeking to find their North Star in a world where there is no right answer, where justice for one person is another's tragic loss."
The Rosie Project,Graeme Simsion,Australia,4.02,"['Fiction', 'Romance', 'Contemporary', 'Humor', 'Chick Lit', 'Adult', 'Adult Fiction', 'Audiobook', 'Book Club', 'Australia']",English,m,"An international sensation, this hilarious, feel-good novel is narrated by an oddly charming and socially challenged genetics professor on an unusual quest: to find out if he is capable of true love.Don Tillman, professor of genetics, has never been on a second date. He is a man who can count all his friends on the fingers of one hand, whose lifelong difficulty with social rituals has convinced him that he is simply not wired for romance. So when an acquaintance informs him that he would make a “wonderful” husband, his first reaction is shock. Yet he must concede to the statistical probability that there is someone for everyone, and he embarks upon The Wife Project. In the orderly, evidence-based manner with which he approaches all things, Don sets out to find the perfect partner. She will be punctual and logical—most definitely not a barmaid, a smoker, a drinker, or a late-arriver.Yet Rosie Jarman is all these things. She is also beguiling, fiery, intelligent—and on a quest of her own. She is looking for her biological father, a search that a certain DNA expert might be able to help her with. Don's Wife Project takes a back burner to the Father Project and an unlikely relationship blooms, forcing the scientifically minded geneticist to confront the spontaneous whirlwind that is Rosie—and the realization that love is not always what looks good on paper.The Rosie Project is a moving and hilarious novel for anyone who has ever tenaciously gone after life or love in the face of overwhelming challenges."
Pedro Páramo,Juan Rulfo,Mexico,4.06,"['Fiction', 'Classics', 'Magical Realism', 'Spanish Literature', 'Latin American', 'Novels', 'Literature', 'Latin American Literature', 'Fantasy', 'School']",English,m,"A classic of Mexican modern literature about a haunted village.As one enters Juan Rulfo's legendary novel, one follows a dusty road to a town of death. Time shifts from one consciousness to another in a hypnotic flow of dreams, desires, and memories, a world of ghosts dominated by the figure of Pedro Páramo - lover, overlord, murderer.Rulfo's extraordinary mix of sensory images, violent passions, and unfathomable mysteries has been a profound influence on a whole generation of Latin American writers, including Carlos Fuentes, Mario Vargas Llosa, and Gabriel García Márquez. To read Pedro Páramo today is as overwhelming an experience as when it was first published in Mexico back in 1955."
Caraval,Stephanie Garber,United States,3.95,"['Fantasy', 'Young Adult', 'Romance', 'Fiction', 'Magic', 'Young Adult Fantasy', 'Mystery', 'Audiobook', 'Adventure', 'High Fantasy']",English,w,"Scarlett Dragna has never left the tiny island where she and her sister, Tella, live with their powerful, and cruel, father. Now Scarlett’s father has arranged a marriage for her, and Scarlett thinks her dreams of seeing Caraval—the faraway, once-a-year performance where the audience participates in the show—are over.But this year, Scarlett’s long-dreamt-of invitation finally arrives. With the help of a mysterious sailor, Tella whisks Scarlett away to the show. Only, as soon as they arrive, Tella is kidnapped by Caraval’s mastermind organizer, Legend. It turns out that this season’s Caraval revolves around Tella, and whoever finds her first is the winner.Scarlett has been told that everything that happens during Caraval is only an elaborate performance. Nevertheless she becomes enmeshed in a game of love, heartbreak, and magic."
Stargazer,Claudia Gray,United States,3.8,"['Young Adult', 'Vampires', 'Paranormal', 'Fantasy', 'Romance', 'Paranormal Romance', 'Supernatural', 'Urban Fantasy', 'Ghosts', 'Fiction']",English,w,"
  The vampire in me was closer to the surface...
Evernight Academy: an exclusive boarding school for the most beautiful, dangerous students of all—vampires. Bianca, born to two vampires, has always been told her destiny is to become one of them.But Bianca fell in love with Lucas—a vampire hunter sworn to destroy her kind. They were torn apart when his true identity was revealed, forcing him to flee the school.Although they may be separated, Bianca and Lucas will not give each other up. She will risk anything for the chance to see him again, even if it means coming face-to-face with the vampire hunters of Black Cross—or deceiving the powerful vampires of Evernight. Bianca's secrets will force her to live a life of lies.Yet Bianca isn't the only one keeping secrets. When Evernight is attacked by an evil force that seems to target her, she discovers the truth she thought she knew is only the beginning...."
Circe,Madeline Miller,United States,4.26,"['Fantasy', 'Fiction', 'Mythology', 'Historical Fiction', 'Audiobook', 'Retellings', 'Historical', 'Adult', 'Magic', 'Adult Fiction']",English,w,"In the house of Helios, god of the sun and mightiest of the Titans, a daughter is born. But Circe is a strange child—not powerful, like her father, nor viciously alluring like her mother. Turning to the world of mortals for companionship, she discovers that she does possess power—the power of witchcraft, which can transform rivals into monsters and menace the gods themselves.Threatened, Zeus banishes her to a deserted island, where she hones her occult craft, tames wild beasts and crosses paths with many of the most famous figures in all of mythology, including the Minotaur, Daedalus and his doomed son Icarus, the murderous Medea, and, of course, wily Odysseus.But there is danger, too, for a woman who stands alone, and Circe unwittingly draws the wrath of both men and gods, ultimately finding herself pitted against one of the most terrifying and vengeful of the Olympians. To protect what she loves most, Circe must summon all her strength and choose, once and for all, whether she belongs with the gods she is born from, or the mortals she has come to love."
"Red, White & Royal Blue",Casey McQuiston,United States,4.23,"['Romance', 'Contemporary', 'LGBT', 'Fiction', 'New Adult', 'Young Adult', 'Queer', 'Adult', 'M M Romance', 'Audiobook']",English,n,"First Son Alex Claremont-Diaz is the closest thing to a prince this side of the Atlantic. With his intrepid sister and the Veep’s genius granddaughter, they’re the White House Trio, a beautiful millennial marketing strategy for his mother, President Ellen Claremont. International socialite duties do have downsides—namely, when photos of a confrontation with his longtime nemesis Prince Henry at a royal wedding leak to the tabloids and threaten American/British relations.The plan for damage control: staging a fake friendship between the First Son and the Prince. Alex is busy enough handling his mother’s bloodthirsty opponents and his own political ambitions without an uptight royal slowing him down. But beneath Henry’s Prince Charming veneer, there’s a soft-hearted eccentric with a dry sense of humor and more than one ghost haunting him.As President Claremont kicks off her reelection bid, Alex finds himself hurtling into a secret relationship with Henry that could derail the campaign and upend two nations. And Henry throws everything into question for Alex, an impulsive, charming guy who thought he knew everything: What is worth the sacrifice? How do you do all the good you can do? And, most importantly, how will history remember you?"
Americanah,Chimamanda Ngozi Adichie,Nigeria,4.31,"['Fiction', 'Africa', 'Contemporary', 'Feminism', 'Literary Fiction', 'Race', 'Nigeria', 'Novels', 'Romance', 'Audiobook']",English,w,"Ifemelu and Obinze are young and in love when they depart military-ruled Nigeria for the West. Beautiful, self-assured Ifemelu heads for America, where despite her academic success, she is forced to grapple with what it means to be black for the first time. Quiet, thoughtful Obinze had hoped to join her, but with post-9/11 America closed to him, he instead plunges into a dangerous, undocumented life in London. Fifteen years later, they reunite in a newly democratic Nigeria, and reignite their passion—for each other and for their homeland."
This Man,Jodi Ellen Malpas,United Kingdom,4.1,"['Romance', 'Erotica', 'Contemporary Romance', 'Contemporary', 'BDSM', 'Adult', 'Erotic Romance', 'New Adult', 'Fiction', 'Adult Fiction']",English,w,"Young interior designer Ava O’Shea has an appointment for a first consultation at The Manor with the owner, Mr Jesse Ward. She is expecting nothing more than an overweight, cravat wearing, well-to-do countryman, and on arrival, nothing would suggest otherwise. How wrong could she be? This Man is devastatingly handsome, charming and confident. He is also a conceited, hedonistic playboy, who knows no boundaries. Ava desperately does not want to be attracted to him, but she can’t control the overwhelming effect he has on her. Every instinct is telling her to run, so she does, but Jesse Ward is not so willing to let her go. He wants her and is determined to have her. She knows she is heading for heartbreak, but how can she run when he won’t let her?"
Beautiful Bastard,Christina Lauren,United States; United States,4.01,"['Romance', 'Contemporary', 'Erotica', 'Contemporary Romance', 'Adult', 'New Adult', 'Erotic Romance', 'Chick Lit', 'Fiction', 'Humor']",English,w; w,"An ambitious intern. A perfectionist executive. And a whole lot of name calling.Whip-smart, hardworking, and on her way to an MBA, Chloe Mills has only one problem: her boss, Bennett Ryan. He's exacting, blunt, inconsiderate—and completely irresistible. A Beautiful Bastard.Bennett has returned to Chicago from France to take a vital role in his family's massive media business. He never expected that the assistant who'd been helping him from abroad was the gorgeous, innocently provocative—completely infuriating—creature he now has to see every day. Despite the rumors, he's never been one for a workplace hookup. But Chloe's so tempting he's willing to bend the rules—or outright smash them—if it means he can have her. All over the office. As their appetites for one another increase to a breaking point, Bennett and Chloe must decide exactly what they're willing to lose in order to win each other. Originally only available online as The Office by tby789 — and garnering over 2 million reads on fanfiction sites — Beautiful Bastard has been extensively updated for re-release."
Identical,Ellen Hopkins,United States,4.31,"['Young Adult', 'Poetry', 'Fiction', 'Contemporary', 'Realistic Fiction', 'Mental Illness', 'Abuse', 'Mental Health', 'Teen', 'Romance']",English,m,"Do twins begin in the womb?Or in a better place?Kaeleigh and Raeanne are identical down to the dimple. As daughters of a district-court judge father and a politician mother, they are an all-American family—on the surface. Behind the facade each sister has her own dark secret, and that's where their differences begin.For Kaeleigh, she's the misplaced focus of Daddy's love, intended for a mother whose presence on the campaign trail means absence at home. All that Raeanne sees is Daddy playing a game of favorites—and she is losing. If she has to lose, she will do it on her own terms, so she chooses drugs, alcohol, and sex.Secrets like the ones the twins are harboring are not meant to be kept—from each other or anyone else. Pretty soon it's obvious that neither sister can handle it alone, and one sister must step up to save the other, but the question is—who?"
Hard Times,Charles Dickens,Peru,3.54,"['Classics', 'Fiction', 'Literature', '19th Century', 'Novels', 'Victorian', 'British Literature', 'Historical Fiction', 'School', 'Classic Literature']",English,m,"""My satire is against those who see figures and averages, and nothing else,"" proclaimed Charles Dickens in explaining the theme of this classic novel. Published in 1854, the story concerns one Thomas Gradgrind, a ""fanatic of the demonstrable fact,"" who raises his children, Tom and Louisa, in a stifling and arid atmosphere of grim practicality.Without a moral compass to guide them, the children sink into lives of desperation and despair, played out against the grim background of Coketown, a wretched community shadowed by an industrial behemoth. Louisa falls into a loveless marriage with Josiah Bouderby, a vulgar banker, while the unscrupulous Tom, totally lacking in principle, becomes a thief who frames an innocent man for his crime. Witnessing the degradation and downfall of his children, Gradgrind realizes that his own misguided principles have ruined their lives.Considered Dickens' harshest indictment of mid-19th-century industrial practices and their dehumanizing effects, this novel offers a fascinating tapestry of Victorian life, filled with the richness of detail, brilliant characterization, and passionate social concern that typify the novelist's finest creations.Of Dickens' work, the eminent Victorian critic John Ruskin had this to say: ""He is entirely right in his main drift and purpose in every book he has written; and all of them, but especially Hard Times, should be studied with close and earnest care by persons interested in social questions."""
Sputnik Sweetheart,Haruki Murakami,Japan,3.82,"['Fiction', 'Japan', 'Japanese Literature', 'Magical Realism', 'Contemporary', 'Romance', 'Novels', 'Literature', 'LGBT', 'Asia']",English,m,"alternate cover can be found hereSumire is in love with a woman seventeen years her senior. But whereas Miu is glamorous and successful, Sumire is an aspiring writer who dresses in an oversized second-hand coat and heavy boots like a character in a Kerouac novel.Sumire spends hours on the phone talking to her best friend K about the big questions in life: what is sexual desire, and should she ever tell Miu how she feels for her? Meanwhile K wonders whether he should confess his own unrequited love for Sumire.Then, a desperate Miu calls from a small Greek island: Sumire has mysteriously vanished..."
The Sense of an Ending,Julian Barnes,United Kingdom,3.73,"['Fiction', 'Contemporary', 'Literary Fiction', 'Literature', 'Novels', 'British Literature', 'Book Club', 'Adult Fiction', 'Audiobook', 'Mystery']",English,m,"By an acclaimed writer at the height of his powers, The Sense of an Ending extends a streak of extraordinary books that began with the best-selling Arthur & George and continued with Nothing to Be Frightened Of and, most recently, Pulse.  This intense novel follows a middle-aged man as he contends with a past he has never much thought about - until his closest childhood friends return with a vengeance, one of them from the grave, another maddeningly present. Tony Webster thought he'd left all this behind as he built a life for himself, and by now his marriage and family and career have fallen into an amicable divorce and retirement. But he is then presented with a mysterious legacy that obliges him to reconsider a variety of things he thought he'd understood all along, and to revise his estimation of his own nature and place in the world. A novel so compelling that it begs to be read in a single sitting, with stunning psychological and emotional depth and sophistication, The Sense of an Ending is a brilliant new chapter in Julian Barnes's oeuvre."
The Seven Husbands of Evelyn Hugo,Taylor Jenkins Reid,United States,4.35,"['Historical Fiction', 'Fiction', 'Romance', 'Contemporary', 'LGBT', 'Adult', 'Audiobook', 'Historical', 'Adult Fiction', 'Chick Lit']",English,w,"Aging and reclusive Hollywood movie icon Evelyn Hugo is finally ready to tell the truth about her glamorous and scandalous life.When she chooses unknown magazine reporter Monique Grant for the job, no one in the journalism community is more astounded than Monique herself. Why her? Why now? Monique is not exactly on top of the world. Her husband, David, has left her, and her career has stagnated. Regardless of why Evelyn has chosen her to write her biography, Monique is determined to use this opportunity to jumpstart her career.Summoned to Evelyn’s Upper East Side apartment, Monique listens as Evelyn unfurls her story: from making her way to Los Angeles in the 1950s to her decision to leave show business in the late 80s, and, of course, the seven husbands along the way. As Evelyn’s life unfolds—revealing a ruthless ambition, an unexpected friendship, and a great forbidden love—Monique begins to feel a very a real connection to the actress. But as Evelyn’s story catches up with the present, it becomes clear that her life intersects with Monique’s own in tragic and irreversible ways."
After,Anna Todd,United States,3.74,"['Romance', 'New Adult', 'Contemporary', 'Young Adult', 'College', 'Fiction', 'Contemporary Romance', 'Audiobook', 'Love', 'Adult']",English,w,"Tessa is a good girl with a sweet, reliable boyfriend back home. She’s got direction, ambition, and a mother who’s intent on keeping her that way. But she’s barely moved into her freshman dorm when she runs into Hardin. With his tousled brown hair, cocky British accent, tattoos, and lip ring, Hardin is cute and different from what she’s used to. But he’s also rude—to the point of cruelty, even. For all his attitude, Tessa should hate Hardin. And she does—until she finds herself alone with him in his room. Something about his dark mood grabs her, and when they kiss it ignites within her a passion she’s never known before. He’ll call her beautiful, then insist he isn't the one for her and disappear again and again. Despite the reckless way he treats her, Tessa is compelled to dig deeper and find the real Hardin beneath all his lies. He pushes her away again and again, yet every time she pushes back, he only pulls her in deeper. Tessa already has the perfect boyfriend. So why is she trying so hard to overcome her own hurt pride and Hardin’s prejudice about nice girls like her? Unless…could this be love?Now newly revised and expanded, Anna Todd’s After fanfiction racked up 1 billion reads online and captivated readers across the globe. Experience the Internet’s most talked-about book for yourself!There was the time before Tessa met Hardin, and then there’s everything 
  AFTER
... Life will never be the same."
Doctor Sleep,Stephen King,United States,4.12,"['Horror', 'Fiction', 'Thriller', 'Fantasy', 'Paranormal', 'Audiobook', 'Supernatural', 'Mystery', 'Suspense', 'Adult']",English,m,"Stephen King returns to the characters and territory of one of his most popular novels ever, The Shining, in this instantly riveting novel about the now middle-aged Dan Torrance (the boy protagonist of The Shining) and the very special 12-year-old girl he must save from a tribe of murderous paranormals.On highways across America, a tribe of people called The True Knot travel in search of sustenance. They look harmless - mostly old, lots of polyester, and married to their RVs. But as Dan Torrance knows, and spunky 12-year-old Abra Stone learns, The True Knot are quasi-immortal, living off the ""steam"" that children with the ""shining"" produce when they are slowly tortured to death.Haunted by the inhabitants of the Overlook Hotel where he spent one horrific childhood year, Dan has been drifting for decades, desperate to shed his father's legacy of despair, alcoholism, and violence. Finally, he settles in a New Hampshire town, an AA community that sustains him, and a job at a nursing home where his remnant ""shining"" power provides the crucial final comfort to the dying. Aided by a prescient cat, he becomes ""Doctor Sleep.""Then Dan meets the evanescent Abra Stone, and it is her spectacular gift, the brightest shining ever seen, that reignites Dan's own demons and summons him to a battle for Abra's soul and survival. This is an epic war between good and evil, a gory, glorious story that will thrill the millions of hyper-devoted fans of The Shining and wildly satisfy anyone new to the territory of this icon in the King canon."
Dreamland,Sarah Dessen,United States,3.9,"['Young Adult', 'Contemporary', 'Romance', 'Fiction', 'Realistic Fiction', 'Chick Lit', 'Abuse', 'Teen', 'Young Adult Contemporary', 'High School']",English,m,"There is an alternate cover edition for this ISBN13 here.Wake up, CaitlinEver since she started going out with Rogerson Biscoe, Caitlin seems to have fallen into a semiconscious dreamland where nothing is quite real. Rogerson is different from anyone Caitlin has ever known. He's magnetic. He's compelling. He's dangerous. Being with him makes Caitlin forget about everything else--her missing sister, her withdrawn mother, her lackluster life. But what happens when being with Rogerson becomes a larger problem than being without him?"
The Long Goodbye,Raymond Chandler,United States,4.21,"['Mystery', 'Fiction', 'Crime', 'Noir', 'Classics', 'Detective', 'Mystery Thriller', 'Novels', 'Thriller', 'Hard Boiled']",English,m,"Down-and-out drunk Terry Lennox has a problem: his millionaire wife is dead and he needs to get out of LA fast. So he turns to the only friend he can trust: private investigator Philip Marlowe. Marlowe is willing to help a man down on his luck, but later Lennox commits suicide in Mexico and things start to turn nasty. Marlowe is drawn into a sordid crowd of adulterers and alcoholics in LA's Idle Valley, where the rich are suffering one big suntanned hangover. Marlowe is sure Lennox didn't kill his wife, but how many stiffs will turn up before he gets to the truth?"
Oathbringer,Brandon Sanderson,United States,4.59,"['Fantasy', 'Fiction', 'Epic Fantasy', 'High Fantasy', 'Audiobook', 'Adult', 'Magic', 'Epic', 'Science Fiction Fantasy', 'Adventure']",English,m,"In Oathbringer, the third volume of the New York Times bestselling Stormlight Archive, humanity faces a new Desolation with the return of the Voidbringers, a foe with numbers as great as their thirst for vengeance.Dalinar Kholin's Alethi armies won a fleeting victory at a terrible cost: The enemy Parshendi summoned the violent Everstorm, which now sweeps the world with destruction, and in its passing awakens the once peaceful and subservient parshmen to the horror of their millennia-long enslavement by humans. While on a desperate flight to warn his family of the threat, Kaladin Stormblessed must come to grips with the fact that the newly kindled anger of the parshmen may be wholly justified.Nestled in the mountains high above the storms, in the tower city of Urithiru, Shallan Davar investigates the wonders of the ancient stronghold of the Knights Radiant and unearths dark secrets lurking in its depths. And Dalinar realizes that his holy mission to unite his homeland of Alethkar was too narrow in scope. Unless all the nations of Roshar can put aside Dalinar's blood-soaked past and stand together--and unless Dalinar himself can confront that past--even the restoration of the Knights Radiant will not prevent the end of civilization."
House Rules,Jodi Picoult,United States,4.02,"['Fiction', 'Mystery', 'Contemporary', 'Adult Fiction', 'Adult', 'Chick Lit', 'Drama', 'Aspergers', 'Realistic Fiction', 'Family']",English,w,"
  When your son can't look you in the eye...does that mean he's guilty?
Jacob Hunt is a teen with Asperger's syndrome. He's hopeless at reading social cues or expressing himself well to others, though he is brilliant in many ways. But he has a special focus on one subject - forensic analysis. A police scanner in his room clues him in to crime scenes, and he's always showing up and telling the cops what to do. And he's usually right.But when Jacob's small hometown is rocked by a terrible murder, law enforcement comes to him. Jacob's behaviors are hallmark Asperger's, but they look a lot like guilt to the local police. Suddenly the Hunt family, who only want to fit in, are directly in the spotlight. For Jacob's mother, Emma, it's a brutal reminder of the intolerance and misunderstanding that always threaten her family. For his brother, Theo, it's another indication why nothing is normal because of Jacob.And over this small family, the soul-searing question looms: 
  Did Jacob commit murder?
"
Making Faces,Amy Harmon,United States,4.32,"['Romance', 'Contemporary', 'Young Adult', 'Contemporary Romance', 'Military Fiction', 'Fiction', 'New Adult', 'War', 'Drama', 'High School']",English,w,"Ambrose Young was beautiful. He was tall and muscular, with hair that touched his shoulders and eyes that burned right through you. The kind of beautiful that graced the covers of romance novels, and Fern Taylor would know. She'd been reading them since she was thirteen. But maybe because he was so beautiful he was never someone Fern thought she could have . . . until he wasn't beautiful anymore. Making Faces is the story of a small town where five young men go off to war, and only one comes back. It is the story of loss. Collective loss, individual loss, loss of beauty, loss of life, loss of identity. It is the tale of one girl's love for a broken boy and a wounded warrior's love for an unremarkable girl. This is a story of friendship that overcomes heartache, heroism that defies the common definitions, and a modern tale of Beauty and the Beast, where we discover that there is a little beauty and a little beast in all of us."
P.S. I Still Love You,Jenny Han,United States,4.11,"['Young Adult', 'Romance', 'Contemporary', 'Fiction', 'Audiobook', 'Chick Lit', 'Young Adult Contemporary', 'Realistic Fiction', 'High School', 'Young Adult Romance']",English,w,"Lara Jean didn’t expect to really fall for Peter.She and Peter were just pretending. Except suddenly they weren’t. Now Lara Jean is more confused than ever.When another boy from her past returns to her life, Lara Jean’s feelings for him return too. Can a girl be in love with two boys at once?In this charming and heartfelt sequel to the New York Times bestseller To All the Boys I've Loved Before, we see first love through the eyes of the unforgettable Lara Jean. Love is never easy, but maybe that’s part of what makes it so amazing."
The Snowman,Jo Nesbø,Norway,4.01,"['Mystery', 'Crime', 'Fiction', 'Thriller', 'Mystery Thriller', 'Scandinavian Literature', 'Suspense', 'Detective', 'Nordic Noir', 'Audiobook']",English,m,"V Osle napadol prvý sneh. Jonas ráno vstane a zistí, že jeho matka zmizla. Ostane po nej jediná stopa – ružový šál, čo jej daroval na Vianoce. Má ho na krku snehuliak. Predošlú noc sa nečakane zjavil na dvore a jeho čierne oči hľadia priamo do domu.Prípad rieši inšpektor Harry Hole, ktorý nedávno dostal tajomný list s podpisom Snehuliak. Situácia sa ešte väčšmi zamotáva, keď Harry zistí, že tento model sa opakuje – za posledných desať rokov sa stratilo jedenásť žien, a to vždy presne v deň, keď napadol prvý sneh. Vyšetrovanie je pre Harryho o to zložitejšie, že sa týka jeho novej kolegyne, ale aj milovanej Rachel. Prípad Snehuliak ho privádza na pokraj šialenstva.Brilantne vykreslené postavy a gradujúce napätie sú zárukou napínavého príbehu, aký vie napísať len majster súčasných trilerov Jo Nesbo."
The Tattooist of Auschwitz,Heather Morris,New Zealand,4.25,"['Historical Fiction', 'Fiction', 'Historical', 'Audiobook', 'World War II', 'Holocaust', 'War', 'Romance', 'Adult', 'Adult Fiction']",English,w,"In April 1942, Lale Sokolov, a Slovakian Jew, is forcibly transported to the concentration camps at Auschwitz-Birkenau. When his captors discover that he speaks several languages, he is put to work as a Tätowierer (the German word for tattooist), tasked with permanently marking his fellow prisoners.Imprisoned for more than two and a half years, Lale witnesses horrific atrocities and barbarism—but also incredible acts of bravery and compassion. Risking his own life, he uses his privileged position to exchange jewels and money from murdered Jews for food to keep his fellow prisoners alive.One day in July 1942, Lale, prisoner 32407, comforts a trembling young woman waiting in line to have the number 34902 tattooed onto her arm. Her name is Gita, and in that first encounter, Lale vows to somehow survive the camp and marry her.A vivid, harrowing, and ultimately hopeful re-creation of Lale Sokolov's experiences as the man who tattooed the arms of thousands of prisoners with what would become one of the most potent symbols of the Holocaust, The Tattooist of Auschwitz is also a testament to the endurance of love and humanity under the darkest possible conditions."
The Silent Patient,Alex Michaelides,Cyprus,4.09,"['Mystery', 'Thriller', 'Fiction', 'Mystery Thriller', 'Audiobook', 'Suspense', 'Crime', 'Adult', 'Psychological Thriller', 'Contemporary']",English,m,"Alicia Berenson’s life is seemingly perfect. A famous painter married to an in-demand fashion photographer, she lives in a grand house with big windows overlooking a park in one of London’s most desirable areas. One evening her husband Gabriel returns home late from a fashion shoot, and Alicia shoots him five times in the face, and then never speaks another word.Alicia’s refusal to talk, or give any kind of explanation, turns a domestic tragedy into something far grander, a mystery that captures the public imagination and casts Alicia into notoriety. The price of her art skyrockets, and she, the silent patient, is hidden away from the tabloids and spotlight at the Grove, a secure forensic unit in North London.Theo Faber is a criminal psychotherapist who has waited a long time for the opportunity to work with Alicia. His determination to get her to talk and unravel the mystery of why she shot her husband takes him down a twisting path into his own motivations—a search for the truth that threatens to consume him..."
A Gentleman in Moscow,Amor Towles,United States,4.34,"['Historical Fiction', 'Fiction', 'Russia', 'Historical', 'Audiobook', 'Book Club', 'Literary Fiction', 'Novels', 'Adult Fiction', 'Adult']",English,m,"From the New York Times bestselling author of Rules of Civility—a transporting novel about a man who is ordered to spend the rest of his life inside a luxury hotelWith his breakout debut novel, Rules of Civility, Amor Towles established himself as a master of absorbing, sophisticated fiction, bringing late 1930s Manhattan to life with splendid atmosphere and a flawless command of style. Readers and critics were enchanted; as NPR commented, “Towles writes with grace and verve about the mores and manners of a society on the cusp of radical change.”A Gentleman in Moscow immerses us in another elegantly drawn era with the story of Count Alexander Rostov. When, in 1922, he is deemed an unrepentant aristocrat by a Bolshevik tribunal, the count is sentenced to house arrest in the Metropol, a grand hotel across the street from the Kremlin. Rostov, an indomitable man of erudition and wit, has never worked a day in his life, and must now live in an attic room while some of the most tumultuous decades in Russian history are unfolding outside the hotel’s doors. Unexpectedly, his reduced circumstances provide him a doorway into a much larger world of emotional discovery.Brimming with humour, a glittering cast of characters, and one beautifully rendered scene after another, this singular novel casts a spell as it relates the count’s endeavour to gain a deeper understanding of what it means to be a man of purpose."
The Great Alone,Kristin Hannah,United States,4.34,"['Fiction', 'Historical Fiction', 'Audiobook', 'Historical', 'Adult', 'Adult Fiction', 'Romance', 'Book Club', 'Contemporary', 'Family']",English,w,"Alaska, 1974.Unpredictable. Unforgiving. Untamed.For a family in crisis, the ultimate test of survival.Ernt Allbright, a former POW, comes home from the Vietnam war a changed and volatile man. When he loses yet another job, he makes an impulsive decision: he will move his family north, to Alaska, where they will live off the grid in America’s last true frontier.Thirteen-year-old Leni, a girl coming of age in a tumultuous time, caught in the riptide of her parents’ passionate, stormy relationship, dares to hope that a new land will lead to a better future for her family. She is desperate for a place to belong. Her mother, Cora, will do anything and go anywhere for the man she loves, even if it means following him into the unknownAt first, Alaska seems to be the answer to their prayers. In a wild, remote corner of the state, they find a fiercely independent community of strong men and even stronger women. The long, sunlit days and the generosity of the locals make up for the Allbrights’ lack of preparation and dwindling resources.But as winter approaches and darkness descends on Alaska, Ernt’s fragile mental state deteriorates and the family begins to fracture. Soon the perils outside pale in comparison to threats from within. In their small cabin, covered in snow, blanketed in eighteen hours of night, Leni and her mother learn the terrible truth: they are on their own. In the wild, there is no one to save them but themselves.In this unforgettable portrait of human frailty and resilience, Kristin Hannah reveals the indomitable character of the modern American pioneer and the spirit of a vanishing Alaska―a place of incomparable beauty and danger. The Great Alone is a daring, beautiful, stay-up-all-night story about love and loss, the fight for survival, and the wildness that lives in both man and nature."
When Nietzsche Wept,Irvin D. Yalom,United States,4.33,"['Psychology', 'Fiction', 'Philosophy', 'Historical Fiction', 'Novels', 'Literature', 'American', 'Historical', 'Roman', 'Contemporary']",English,m,"In 19th-century Vienna, a drama of love, fate, and will is played out amid the intellectual ferment that defined the era.Josef Breuer, one of the founding fathers of psychoanalysis, is at the height of his career. Friedrich Nietzsche, Europe's greatest philosopher, is on the brink of suicidal despair, unable to find a cure for the headaches and other ailments that plague him. When he agrees to treat Nietzsche with his experimental ""talking cure"", Breuer never expects that he, too, will find solace in their sessions. Only through facing his own inner demons can the gifted healer begin to help his patient.In When Nietzsche Wept, Irvin Yalom blends fact and fiction, atmosphere and suspense to unfold an unforgettable story about the redemptive power of friendship."
Quicksilver,Neal Stephenson,Italy,3.92,"['Fiction', 'Historical Fiction', 'Science Fiction', 'Fantasy', 'Historical', 'Science Fiction Fantasy', 'Alternate History', 'Speculative Fiction', 'Adventure', 'Novels']",English,m,"Quicksilver is the story of Daniel Waterhouse, fearless thinker and conflicted Puritan, pursuing knowledge in the company of the greatest minds of Baroque-era Europe, in a chaotic world where reason wars with the bloody ambitions of the mighty, and where catastrophe, natural or otherwise, can alter the political landscape overnight.It is a chronicle of the breathtaking exploits of ""Half-Cocked Jack"" Shaftoe--London street urchin turned swashbuckling adventurer and legendary King of the Vagabonds--risking life and limb for fortune and love while slowly maddening from the pox.And it is the tale of Eliza, rescued by Jack from a Turkish harem to become spy, confidante, and pawn of royals in order to reinvent Europe through the newborn power of finance.A gloriously rich, entertaining, and endlessly inventive novel that brings a remarkable age and its momentous events to vivid life, Quicksilver is an extraordinary achievement from one of the most original and important literary talents of our time.And it's just the beginning...(back cover)This P.S. edition includes 16 pages of supplementary materials.Cover design by Richard L. AquanCover illustration from the Mary Evans Picture Library; painting of Great Fire of London on stepback"
Five Feet Apart,Rachael Lippincott,United States,4.19,"['Young Adult', 'Romance', 'Contemporary', 'Fiction', 'Audiobook', 'Realistic Fiction', 'Young Adult Contemporary', 'Young Adult Romance', 'Teen', 'Illness']",English,w,"In this moving story two teens fall in love with just one minor complication—they can’t get within five feet of each other without risking their lives.Can you love someone you can never touch?Stella Grant likes to be in control—even though her totally out of control lungs have sent her in and out of the hospital most of her life. At this point, what Stella needs to control most is keeping herself away from anyone or anything that might pass along an infection and jeopardize the possibility of a lung transplant. Six feet apart. No exceptions.The only thing Will Newman wants to be in control of is getting out of this hospital. He couldn’t care less about his treatments, or a fancy new clinical drug trial. Soon, he’ll turn eighteen and then he’ll be able to unplug all these machines and actually go see the world, not just its hospitals.Will’s exactly what Stella needs to stay away from. If he so much as breathes on Stella she could lose her spot on the transplant list. Either one of them could die. The only way to stay alive is to stay apart. But suddenly six feet doesn’t feel like safety. It feels like punishment.What if they could steal back just a little bit of the space their broken lungs have stolen from them? Would five feet apart really be so dangerous if it stops their hearts from breaking too?"
My Brilliant Friend,Elena Ferrante,Italy,3.96,"['Fiction', 'Historical Fiction', 'Italy', 'Italian Literature', 'Novels', 'Audiobook', 'Literary Fiction', 'Contemporary', 'Historical', 'Book Club']",English,w,"A modern masterpiece from one of Italy's most acclaimed authors, My Brilliant Friend is a rich, intense and generous hearted story about two friends, Elena and Lila. Ferrante's inimitable style lends itself perfectly to a meticulous portrait of these two women that is also the story of a nation and a touching meditation on the nature of friendship. Through the lives of these two women, Ferrante tells the story of a neighbourhood, a city and a country as it is transformed in ways that, in turn, also transform the relationship between her two protagonists."
Immortality,Milan Kundera,Czech Republic,4.14,"['Fiction', 'Philosophy', 'Czech Literature', 'Literature', 'Novels', 'Classics', 'Contemporary', '20th Century', 'France', 'Literary Fiction']",English,m,"This breathtaking, reverberating survey of human nature finds Kundera still attempting to work out the meaning of life, without losing his acute sense of humour. It is one of those great unclassifiable masterpieces that appear once every twenty years or so.

'It will make you cleverer, maybe even a better lover. Not many novels can do that.' Nicholas Lezard, GQ"
Attachments,Rainbow Rowell,United States,3.9,"['Romance', 'Fiction', 'Contemporary', 'Chick Lit', 'Adult', 'Young Adult', 'Adult Fiction', 'Contemporary Romance', 'Realistic Fiction', 'Humor']",English,w,"""Hi, I'm the guy who reads your e-mail, and also, I love you...""Beth Fremont and Jennifer Scribner-Snyder know that somebody is monitoring their work e-mail. (Everybody in the newsroom knows. It's company policy.) But they can't quite bring themselves to take it seriously. They go on sending each other endless and endlessly hilarious e-mails, discussing every aspect of their personal lives.Meanwhile, Lincoln O'Neill can't believe this is his job now—reading other people's e-mail. When he applied to be ""internet security officer,"" he pictured himself building firewalls and crushing hackers—not writing up a report every time a sports reporter forwards a dirty joke.When Lincoln comes across Beth's and Jennifer's messages, he knows he should turn them in. But he can't help being entertained—and captivated—by their stories.By the time Lincoln realizes he's falling for Beth, it's way too late to introduce himself.What would he say . . . ?"
The Husband's Secret,Liane Moriarty,Australia,3.94,"['Fiction', 'Mystery', 'Chick Lit', 'Contemporary', 'Audiobook', 'Adult', 'Adult Fiction', 'Book Club', 'Thriller', 'Australia']",English,w,"At the heart of The Husband’s Secret is a letter that’s not meant to be readMy darling Cecilia, if you’re reading this, then I’ve died...Imagine that your husband wrote you a letter, to be opened after his death. Imagine, too, that the letter contains his deepest, darkest secret—something with the potential to destroy not just the life you built together, but the lives of others as well. Imagine, then, that you stumble across that letter while your husband is still very much alive. . . .Cecilia Fitzpatrick has achieved it all—she’s an incredibly successful businesswoman, a pillar of her small community, and a devoted wife and mother. Her life is as orderly and spotless as her home. But that letter is about to change everything, and not just for her: Rachel and Tess barely know Cecilia—or each other—but they too are about to feel the earth-shattering repercussions of her husband’s secret.Acclaimed author Liane Moriarty has written a gripping, thought-provoking novel about how well it is really possible to know our spouses—and, ultimately, ourselves."
The Longest Ride,Nicholas Sparks,United States,4.15,"['Romance', 'Fiction', 'Chick Lit', 'Contemporary', 'Adult', 'Audiobook', 'Adult Fiction', 'Contemporary Romance', 'Drama', 'Realistic Fiction']",English,m,"Ira Levinson is in trouble. At ninety-one years old, in poor health and alone in the world, he finds himself stranded on an isolated embankment after a car crash. Suffering multiple injuries, he struggles to retain consciousness until a blurry image materializes and comes into focus beside him: his beloved wife Ruth, who passed away nine years ago. Urging him to hang on, she forces him to remain alert by recounting the stories of their lifetime together – how they met, the precious paintings they collected together, the dark days of WWII and its effect on them and their families. Ira knows that Ruth can’t possibly be in the car with him, but he clings to her words and his memories, reliving the sorrows and everyday joys that defined their marriage.A few miles away, at a local rodeo, a Wake Forest College senior’s life is about to change. Recovering from a recent break-up, Sophia Danko meets a young cowboy named Luke, who bears little resemblance to the privileged frat boys she has encountered at school. Through Luke, Sophia is introduced to a world in which the stakes of survival and success, ruin and reward -- even life and death – loom large in everyday life. As she and Luke fall in love, Sophia finds herself imagining a future far removed from her plans -- a future that Luke has the power to rewrite . . . if the secret he’s keeping doesn’t destroy it first.Ira and Ruth. Sophia and Luke. Two couples who have little in common, and who are separated by years and experience. Yet their lives will converge with unexpected poignancy, reminding us all that even the most difficult decisions can yield extraordinary journeys: beyond despair, beyond death, to the farthest reaches of the human heart."
Life After Life,Kate Atkinson,United Kingdom,3.76,"['Fiction', 'Historical Fiction', 'Fantasy', 'Historical', 'Time Travel', 'Audiobook', 'Literary Fiction', 'Adult', 'World War II', 'Adult Fiction']",English,w,"What if you could live again and again, until you got it right? On a cold and snowy night in 1910, Ursula Todd is born to an English banker and his wife. She dies before she can draw her first breath. On that same cold and snowy night, Ursula Todd is born, lets out a lusty wail, and embarks upon a life that will be, to say the least, unusual. For as she grows, she also dies, repeatedly, in a variety of ways, while the young century marches on towards its second cataclysmic world war. Does Ursula's apparently infinite number of lives give her the power to save the world from its inevitable destiny? And if she can - will she?"
The Secret Keeper,Kate Morton,Australia,4.13,"['Historical Fiction', 'Fiction', 'Mystery', 'Historical', 'Romance', 'Book Club', 'Adult', 'Adult Fiction', 'Audiobook', 'British Literature']",English,w,"During a summer party at the family farm in the English countryside, sixteen-year-old Laurel Nicolson has escaped to her childhood tree house and is happily dreaming of the future. She spies a stranger coming up the long road to the farm and watches as her mother speaks to him. Before the afternoon is over, Laurel will witness a shocking crime. A crime that challenges everything she knows about her family and especially her mother, Dorothy—her vivacious, loving, nearly perfect mother.Now, fifty years later, Laurel is a successful and well-regarded actress living in London. The family is gathering at Greenacres farm for Dorothy’s ninetieth birthday. Realizing that this may be her last chance, Laurel searches for answers to the questions that still haunt her from that long-ago day, answers that can only be found in Dorothy’s past.Dorothy’s story takes the reader from pre–WWII England through the blitz, to the ’60s and beyond. It is the secret history of three strangers from vastly different worlds—Dorothy, Vivien, and Jimmy—who meet by chance in wartime London and whose lives are forever entwined. The Secret Keeper explores longings and dreams and the unexpected consequences they sometimes bring. It is an unforgettable story of lovers and friends, deception and passion that is told—in Morton’s signature style—against a backdrop of events that changed the world."
The Immortals of Meluha,Amish Tripathi,India,4.09,"['Fiction', 'Fantasy', 'Mythology', 'Indian Literature', 'India', 'Historical Fiction', 'Amish', 'Novels', 'Adventure', 'Historical']",English,m,"1900 BC. In what modern Indians mistakenly call the Indus Valley Civilisation. The inhabitants of that period called it the land of Meluha a near perfect empire created many centuries earlier by Lord Ram, one of the greatest monarchs that ever lived. This once proud empire and its Suryavanshi rulers face severe perils as its primary river, the revered Saraswati, is slowly drying to extinction. They also face devastating terrorist attacks from the east, the land of the Chandravanshis. To make matters worse, the Chandravanshis appear to have allied with the Nagas, an ostracised and sinister race of deformed humans with astonishing martial skills!The only hope for the Suryavanshis is an ancient legend: When evil reaches epic proportions, when all seems lost, when it appears that your enemies have triumphed, a hero will emerge.Is the rough-hewn Tibetan immigrant Shiva, really that hero? And does he want to be that hero at all? Drawn suddenly to his destiny, by duty as well as by love, will Shiva lead the Suryavanshi vengeance and destroy evil?"
Siege and Storm,Leigh Bardugo,"Israel, United States",3.98,"['Fantasy', 'Young Adult', 'Romance', 'Magic', 'Young Adult Fantasy', 'Fiction', 'High Fantasy', 'Adventure', 'Audiobook', 'Paranormal']",English,w,"▶ 
  Alternative Cover Edition #1
Darkness never dies.Hunted across the True Sea, haunted by the lives she took on the Fold, Alina must try to make a life with Mal in an unfamiliar land, all while keeping her identity as the Sun Summoner a secret. But she can’t outrun her past or her destiny for long.The Darkling has emerged from the Shadow Fold with a terrifying new power and a dangerous plan that will test the very boundaries of the natural world. With the help of a notorious privateer, Alina returns to the country she abandoned, determined to fight the forces gathering against Ravka. But as her power grows, Alina slips deeper into the Darkling’s game of forbidden magic, and farther away from Mal. Somehow, she will have to choose between her country, her power, and the love she always thought would guide her—or risk losing everything to the oncoming storm."
Nutshell,Ian McEwan,United Kingdom,3.67,"['Fiction', 'Contemporary', 'Mystery', 'Literary Fiction', 'Novels', 'Audiobook', 'Thriller', 'British Literature', 'Crime', 'Adult Fiction']",English,m,"Nutshell is a classic story of murder and deceit, told by a narrator with a perspective and voice unlike any in recent literature. A bravura performance, it is the finest recent work from a true master.To be bound in a nutshell, see the world in two inches of ivory, in a grain of sand. Why not, when all of literature, all of art, of human endeavour, is just a speck in the universe of possible things."
Dorothy Must Die,Danielle Paige,United States,3.81,"['Fantasy', 'Young Adult', 'Retellings', 'Fiction', 'Magic', 'Fairy Tales', 'Adventure', 'Young Adult Fantasy', 'Audiobook', 'Teen']",English,w,"I didn't ask for any of this. I didn't ask to be some kind of hero.But when your whole life gets swept up by a tornado—taking you with it—you have no choice but to go along, you know?Sure, I've read the books. I've seen the movies. I know the song about the rainbow and the happy little bluebirds. But I never expected Oz to look like this. To be a place where Good Witches can't be trusted, Wicked Witches may just be the good guys, and winged monkeys can be executed for acts of rebellion. There's still a yellow brick road—but even that's crumbling.What happened? Dorothy.They say she found a way to come back to Oz. They say she seized power and the power went to her head. And now no one is safe.My name is Amy Gumm—and I'm the other girl from Kansas.I've been recruited by the Revolutionary Order of the Wicked.I've been trained to fight.And I have a mission."
The Crossing,Cormac McCarthy,United States,4.13,"['Fiction', 'Westerns', 'Literature', 'Novels', 'Historical Fiction', 'American', 'Literary Fiction', 'Contemporary', 'Classics', 'Adventure']",English,m,"Following All the Pretty Horses in Cormac McCarthy's Border Trilogy is a novel whose force of language is matched only by its breadth of experience and depth of thought. In the bootheel of New Mexico hard on the frontier, Billy and Boyd Parham are just boys in the years before the Second World War, but on the cusp of unimaginable events. First comes a trespassing Indian and the dream of wolves running wild amongst the cattle lately brought onto the plain by settlers - this when all the wisdom of trappers has disappeared along with the trappers themselves. So Billy sets forth at the age of sixteen on an unwitting journey into the souls of boys, animals and men.Having trapped a she-wolf he would restore to the mountains of Mexico, he is long gone and returns to find everything he left behind transformed utterly in his absence. Except his kid brother, Boyd, with whom he strikes out yet again to reclaim what is theirs - thus crossing into ""that antique gaze from whence there could be no way back forever.""What they find instead, is an extraordinary panoply of fiestas and circuses, dogs, horses and hawks, pilgrims and revolutionaries, grand haciendas and forlorn cantinas, bandits, gypsies and roving tribes, a young girl alone on the road, a mystery in the mountain wilds, and a myth in the making.And in this wider world they fight a war as rageful as the one neither, in the end, will join up for back home. One brother finds his destiny, while the other arrives only at his fate.An essential novel by any measure, and the transfixing middle passage of Cormac McCarthy's ongoing trilogy, The Crossing is luminous and appalling, a book that touches, stops,and starts the heart and mind at once."
Dune Messiah,Frank Herbert,United States,3.88,"['Science Fiction', 'Fiction', 'Fantasy', 'Science Fiction Fantasy', 'Classics', 'Space Opera', 'Audiobook', 'Novels', 'Speculative Fiction', 'Space']",English,m,"Book Two in the Magnificent Dune Chronicles--the Bestselling Science Fiction Adventure of All TimeDune Messiah continues the story of Paul Atreides, better known--and feared--as the man christened Muad'Dib. As Emperor of the Known Universe, he possesses more power than a single man was ever meant to wield. Worshipped as a religious icon by the fanatical Fremens, Paul faces the enmity of the political houses he displaced when he assumed the throne--and a conspiracy conducted within his own sphere of influence.And even as House Atreides begins to crumble around him from the machinations of his enemies, the true threat to Paul comes to his lover, Chani, and the unborn heir to his family's dynasty...Includes an introduction by Brian Herbert"
House of Spies,Daniel Silva,United States,4.3,"['Fiction', 'Thriller', 'Mystery', 'Espionage', 'Mystery Thriller', 'Suspense', 'Spy Thriller', 'Novels', 'Audiobook', 'Adult']",English,m,"A heart-stopping tale of suspense, Daniel Silva’s runaway bestseller, The Black Widow, was one of 2016’s biggest novels. Now, in House of Spies, Gabriel Allon is back and out for revenge – determined to hunt down the world’s most dangerous terrorist, a shadowy ISIS mastermind known only as Saladin. Four months after the deadliest attack on the American homeland since 9/11, terrorists leave a trail of carnage through London’s glittering West End. The attack is a brilliant feat of planning and secrecy, but with one loose thread. The thread leads Gabriel Allon and his team of operatives to the south of France and to the gilded doorstep of Jean-Luc Martel and Olivia Watson. A beautiful former British fashion model, Olivia pretends not to know that the true source of Martel’s enormous wealth is drugs. And Martel, likewise, turns a blind eye to the fact he is doing business with a man whose objective is the very destruction of the West. Together, under Gabriel’s skilled hand, they will become an unlikely pair of heroes in the global war on terrorism.Written in seductive and elegant prose, the story moves swiftly from the glamour of Saint-Tropez to the grit of Casablanca and, finally, to an electrifying climax that will leave readers breathless long after they turn the final page."
The Woman in the Window,A.J. Finn,United States,3.94,"['Thriller', 'Mystery', 'Fiction', 'Mystery Thriller', 'Suspense', 'Audiobook', 'Crime', 'Psychological Thriller', 'Adult', 'Adult Fiction']",English,m,"Anna Fox lives alone, a recluse in her New York City home, unable to venture outside. She spends her day drinking wine (maybe too much), watching old movies, recalling happier times . . . and spying on her neighbors.Then the Russells move into the house across the way: a father, a mother and their teenage son. The perfect family. But when Anna, gazing out her window one night, sees something she shouldn’t, her world begins to crumble and its shocking secrets are laid bare.What is real? What is imagined? Who is in danger? Who is in control? In this diabolically gripping thriller, no one—and nothing—is what it seems."
They Both Die at the End,Adam Silvera,United States,4.12,"['Young Adult', 'Contemporary', 'LGBT', 'Fiction', 'Romance', 'Audiobook', 'Queer', 'Science Fiction', 'Fantasy', 'Young Adult Contemporary']",English,m,"Adam Silvera reminds us that there’s no life without death and no love without loss in this devastating yet uplifting story about two people whose lives change over the course of one unforgettable day.On September 5, a little after midnight, Death-Cast calls Mateo Torrez and Rufus Emeterio to give them some bad news: They’re going to die today.Mateo and Rufus are total strangers, but, for different reasons, they’re both looking to make a new friend on their End Day. The good news: There’s an app for that. It’s called the Last Friend, and through it, Rufus and Mateo are about to meet up for one last great adventure—to live a lifetime in a single day."
Cloudstreet,Tim Winton,Australia,4.0,"['Fiction', 'Australia', 'Historical Fiction', 'Classics', 'Literature', 'Literary Fiction', 'Contemporary', 'Novels', 'Family', 'Historical']",English,m,"Hailed as a classic, Tim Winton's masterful family saga is both a paean to working-class Australians and an unflinching examination of the human heart's capacity for sorrow, joy, and endless gradations in between. An award-winning work, Cloudstreet exemplifies the brilliant ability of fiction to captivate and inspire.  Struggling to rebuild their lives after being touched by disaster, the Pickle family, who've inherited a big house called Cloudstreet in a suburb of Perth, take in the God-fearing Lambs as tenants. The Lambs have suffered their own catastrophes, and determined to survive, they open up a grocery on the ground floor. From 1944 to 1964, the shared experiences of the two overpopulated clans -- running the gamut from drunkenness, adultery, and death to resurrection, marriage, and birth -- bond them to each other and to the bustling, haunted house in ways no one could have anticipated."
Library of Souls,Ransom Riggs,United States,4.13,"['Fantasy', 'Young Adult', 'Fiction', 'Paranormal', 'Historical Fiction', 'Adventure', 'Audiobook', 'Horror', 'Time Travel', 'Supernatural']",English,m,"A boy with extraordinary powers. An army of deadly monsters. An epic battle for the future of peculiardom.The adventure that began with Miss Peregrine’s Home for Peculiar Children and continued in Hollow City comes to a thrilling conclusion with Library of Souls. As the story opens, sixteen-year-old Jacob discovers a powerful new ability, and soon he’s diving through history to rescue his peculiar companions from a heavily guarded fortress. Accompanying Jacob on his journey are Emma Bloom, a girl with fire at her fingertips, and Addison MacHenry, a dog with a nose for sniffing out lost children.They’ll travel from modern-day London to the labyrinthine alleys of Devil’s Acre, the most wretched slum in all of Victorian England. It’s a place where the fate of peculiar children everywhere will be decided once and for all. Like its predecessors, Library of Souls blends thrilling fantasy with never-before-published vintage photography to create a one-of-a-kind reading experience."
Perfect,Tricia Copeland,United Kingdom,4.42,"['Contemporary', 'Fiction', 'Epic', 'Novels', 'Drama']",English,w,"One driven woman. Five passionate paths to the perfect love.Chloe refuses to compromise when it comes to romance and success. Powering through her sophomore-level college business classes, she’s done with the effort of distance-dating her high-school sweetheart. But when he proposes just as she hits it off with a hunky basketball player, she worries following her heart could send her bright future to the bench.As Chloe matures becoming a rising star in the fashion industry, love knocks another four times. But while each potential suitor eventually pops the question, only she knows her ultimate happy ending.Whose arms will embrace Chloe when she chooses her forever man?Perfect is a standalone clean contemporary romance. If you like tender moments, lighthearted comedy, and endings you choose yourself, then you’ll adore Tricia Copeland’s option-filled tale.Buy Perfect to pick your ideal walk down the aisle today!"
Snow,Orhan Pamuk,Ireland,3.59,"['Fiction', 'Literature', 'Contemporary', 'Turkish', 'Novels', 'Turkish Literature', 'Nobel Prize', 'Historical Fiction', 'Literary Fiction', 'Unfinished']",English,m,"One of multiple covers for ISBN 9780375706868.A spellbinding tale of disparate yearnings – for love, art, power, and God – set in a remote Turkish town, where stirrings of political Islamism threaten to unravel the secular order; by the winner of the 2006 Nobel Prize for Literature.From the acclaimed author of My Name Is Red comes a spellbinding tale of disparate yearnings–for love, art, power, and God–set in a remote Turkish town, where stirrings of political Islamism threaten to unravel the secular order. Following years of lonely political exile in Western Europe, Ka, a middle-aged poet, returns to Istanbul to attend his mother's funeral. Only partly recognizing this place of his cultured, middle-class youth, he is even more disoriented by news of strange events in the wider country: a wave of suicides among girls forbidden to wear their head scarves at school. An apparent thaw of his writer's curiosity–a frozen sea these many years–leads him to Kars, a far-off town near the Russian border and the epicenter of the suicides. No sooner has he arrived, however, than we discover that Ka's motivations are not purely journalistic; for in Kars, once a province of Ottoman and then Russian glory, now a cultural gray-zone of poverty and paralysis, there is also Ipek, a radiant friend of Ka's youth, lately divorced, whom he has never forgotten. As a snowstorm, the fiercest in memory, descends on the town and seals it off from the modern, westernized world that has always been Ka's frame of reference, he finds himself drawn in unexpected directions: not only headlong toward the unknowable Ipek and the desperate hope for love–or at least a wife–that she embodies, but also into the maelstrom of a military coup staged to restrain the local Islamist radicals, and even toward God, whose existence Ka has never before allowed himself to contemplate. In this surreal confluence of emotion and spectacle, Ka begins to tap his dormant creative powers, producing poem after poem in untimely, irresistible bursts of inspiration. But not until the snows have melted and the political violence has run its bloody course will Ka discover the fate of his bid to seize a last chance for happiness. Blending profound sympathy and mischievous wit, Snow illuminates the contradictions gripping the individual and collective heart in many parts of the Muslim world. But even more, by its narrative brilliance and comprehension of the needs and duties"
I Am Pilgrim,Terry Hayes,"United Kingdom, Australia",4.25,"['Thriller', 'Fiction', 'Mystery', 'Crime', 'Mystery Thriller', 'Suspense', 'Espionage', 'Audiobook', 'Novels', 'Action']",English,m,"A breakneck race against time...and an implacable enemy. An anonymous young woman murdered in a run-down hotel, all identifying characteristics dissolved by acid. A father publicly beheaded in the blistering heat of a Saudi Arabian public square. A notorious Syrian biotech expert found eyeless in a Damascus junkyard. Smoldering human remains on a remote mountainside in Afghanistan. A flawless plot to commit an appalling crime against humanity. One path links them all, and only one man can make the journey. Pilgrim.'"
The Book of Life,Deborah Harkness,United States,4.17,"['Fantasy', 'Fiction', 'Romance', 'Paranormal', 'Vampires', 'Witches', 'Magic', 'Urban Fantasy', 'Historical Fiction', 'Paranormal Romance']",English,w,"The #1 New York Times bestselling series finale and sequel to A Discovery of Witches and Shadow of NightBringing the magic and suspense of the All Souls Trilogy to a deeply satisfying conclusion, this highly anticipated finale went straight to #1 on the New York Times bestseller list. In The Book of Life, Diana and Matthew time-travel back from Elizabethan London to make a dramatic return to the present—facing new crises and old enemies. At Matthew’s ancestral home, Sept-Tours, they reunite with the beloved cast of characters from  A Discovery of Witches—with one significant exception. But the real threat to their future has yet to be revealed, and when it is, the search for Ashmole 782 and its missing pages takes on even more urgency."
Orphan Train,Christina Baker Kline,United States,4.17,"['Historical Fiction', 'Fiction', 'Historical', 'Book Club', 'Adult Fiction', 'Adult', 'Young Adult', 'Audiobook', 'Adoption', 'Contemporary']",English,w,"This is an alternate cover edition of ISBN 9780061950728, found here.The author of Bird in Hand and The Way Life Should Be delivers her most ambitious and powerful novel to date: a captivating story of two very different women who build an unexpected friendship: a 91-year-old woman with a hidden past as an orphan-train rider and the teenage girl whose own troubled adolescence leads her to seek answers to questions no one has ever thought to ask.Nearly eighteen, Molly Ayer knows she has one last chance. Just months from ""aging out"" of the child welfare system, and close to being kicked out of her foster home, a community service position helping an elderly woman clean out her home is the only thing keeping her out of juvie and worse.Vivian Daly has lived a quiet life on the coast of Maine. But in her attic, hidden in trunks, are vestiges of a turbulent past. As she helps Vivian sort through her possessions and memories, Molly discovers that she and Vivian aren't as different as they seem to be. A young Irish immigrant orphaned in New York City, Vivian was put on a train to the Midwest with hundreds of other children whose destinies would be determined by luck and chance.The closer Molly grows to Vivian, the more she discovers parallels to her own life. A Penobscot Indian, she, too, is an outsider being raised by strangers, and she, too, has unanswered questions about the past. As her emotional barriers begin to crumble, Molly discovers that she has the power to help Vivian find answers to mysteries that have haunted her for her entire life - answers that will ultimately free them both.Rich in detail and epic in scope, Orphan Train is a powerful novel of upheaval and resilience, of second chances, of unexpected friendship, and of the secrets we carry that keep us from finding out who we are."
Homeland,R.A. Salvatore,Spain,4.24,"['Fantasy', 'Forgotten Realms', 'Fiction', 'High Fantasy', 'Epic Fantasy', 'Adventure', 'Science Fiction Fantasy', 'Dungeons and Dragons', 'Magic', 'Audiobook']",English,m,"Drow ranger Drizzt Do'Urden, first introduced in The Icewind Dale Trilogy, quickly became one of the fantasy genre's standout characters. But Homeland first reveals the startling tale of how this one lone drow walked out of the shadowy depths of the Underdark, leaving behind a society of evil and a family who want him dead. It is here that the story of this amazing dark elf truly began."
Never Never,"Colleen Hoover , Tarryn Fisher",United States; Australia,4.07,"['Romance', 'Young Adult', 'Contemporary', 'New Adult', 'Mystery', 'Paranormal', 'Fiction', 'Fantasy', 'Suspense', 'Contemporary Romance']",English,m; w,"Charlie Wynwood and Silas Nash have been best friends since they could walk. They've been in love since the age of fourteen. But as of this morning... they are complete strangers. Their first kiss, their first fight, the moment they fell in love... every memory has vanished.Charlie and Silas must work together to uncover the truth about what happened to them and why. But the more they learn about the couple they used to be, the more they question why they were ever together to begin with.#1 New York Times bestselling author of Hopeless joins forces with the New York Times bestselling author of Mud Vein. Together, they have created a gripping, romantic tale unlike any other."
Little Fires Everywhere,Celeste Ng,United States,4.1,"['Fiction', 'Contemporary', 'Audiobook', 'Adult', 'Adult Fiction', 'Literary Fiction', 'Book Club', 'Novels', 'Family', 'Realistic Fiction']",English,w,"From the bestselling author of Everything I Never Told You, a riveting novel that traces the intertwined fates of the picture-perfect Richardson family and the enigmatic mother and daughter who upend their lives.In Shaker Heights, a placid, progressive suburb of Cleveland, everything is planned--from the layout of the winding roads, to the colors of the houses, to the successful lives its residents will go on to lead. And no one embodies this spirit more than Elena Richardson, whose guiding principle is playing by the rules.Enter Mia Warren--an enigmatic artist and single mother--who arrives in this idyllic bubble with her teenaged daughter Pearl, and rents a house from the Richardsons. Soon Mia and Pearl become more than tenants: all four Richardson children are drawn to the mother-daughter pair. But Mia carries with her a mysterious past and a disregard for the status quo that threatens to upend this carefully ordered community.When old family friends of the Richardsons attempt to adopt a Chinese-American baby, a custody battle erupts that dramatically divides the town--and puts Mia and Elena on opposing sides. Suspicious of Mia and her motives, Elena is determined to uncover the secrets in Mia's past. But her obsession will come at unexpected and devastating costs.Little Fires Everywhere explores the weight of secrets, the nature of art and identity, and the ferocious pull of motherhood--and the danger of believing that following the rules can avert disaster.Named a Best Book of the Year by: People, The Washington Post, Bustle, Esquire, Southern Living, The Daily Beast, GQ, Entertainment Weekly, NPR, Amazon, Barnes & Noble, iBooks, Audible, Goodreads, Library Reads, Book of the Month, Paste, Kirkus Reviews, St. Louis Post-Dispatch, and many more...Perfect for book clubs! Visit celesteng.com for discussion guides and more. "
The Couple Next Door,Shari Lapena,Canada,3.78,"['Mystery', 'Thriller', 'Fiction', 'Mystery Thriller', 'Suspense', 'Audiobook', 'Crime', 'Adult', 'Contemporary', 'Adult Fiction']",English,w,"It all started at a dinner party. . .A domestic suspense debut about a young couple and their apparently friendly neighbors--a twisty, rollercoaster ride of lies, betrayal, and the secrets between husbands and wives. . .Anne and Marco Conti seem to have it all--a loving relationship, a wonderful home, and their beautiful baby, Cora. But one night when they are at a dinner party next door, a terrible crime is committed. Suspicion immediately focuses on the parents. But the truth is a much more complicated story.Inside the curtained house, an unsettling account of what actually happened unfolds. Detective Rasbach knows that the panicked couple is hiding something. Both Anne and Marco soon discover that the other is keeping secrets, secrets they've kept for years.What follows is the nerve-racking unraveling of a family--a chilling tale of deception, duplicity, and unfaithfulness that will keep you breathless until the final shocking twist."
Night School,C.J. Daugherty,United Kingdom,4.03,"['Young Adult', 'Mystery', 'Fantasy', 'Romance', 'Paranormal', 'Boarding School', 'Fiction', 'Contemporary', 'Thriller', 'Vampires']",English,m,"Allie Sheridan’s world is falling apart. Her brother’s run away from home. Her parents ignore her. And she’s just been arrested.Again.This time her parents have had enough. They cut her off from her friends and send her away to boarding school, far from her London friends.But at Cimmeria Academy, Allie is soon caught up in the strange activities of a secret group of elite students.When she’s attacked late one night the incident sets off a chain of increasingly violent events. As the school begins to seem like a very dangerous place, she finds out that nothing at Cimmeria is what it seems to be.And that she is not who she thought she was."
Heir to the Empire,Timothy Zahn,United States,4.14,"['Star Wars', 'Science Fiction', 'Fiction', 'Fantasy', 'Space Opera', 'Science Fiction Fantasy', 'Audiobook', 'Adventure', 'Space', 'Novels']",English,m,"Alternate Cover Edition can be found here.It is a time of renewal, five years after the destruction of the Death Star and the defeat of Darth Vader and the Empire.But with the war seemingly won, strains are beginning to show in the Rebel Alliance. New challenges to galactic peace have arisen. And Luke Skywalker hears a voice from his past. A voice with a warning. Beware the dark side….The Rebel Alliance has destroyed the Death Star, defeated Darth Vader and the Emperor, and driven the remnants of the old Imperial Starfleet back into barely a quarter of the territory that they once controlled. Leia and Han are married, are expecting Jedi twins, and have shouldered heavy burdens in the government of the new Republic. And Luke Skywalker is the first in a hoped-for new line of Jedi Knights.But thousands of light years away, where a few skirmishes are still taking place, the last of the Emperor's warlords has taken command of the remains of the Imperial fleet. He has made two vital discoveries that could destroy the fragile new Republic—built with such cost to the Rebel Alliance. The tale that emerges is a towering epic of action, invention, mystery, and spectacle on a galactic scale—in short, a story that is worthy of the name Star Wars."
Behind Closed Doors,B.A. Paris,United Kingdom,3.95,"['Thriller', 'Fiction', 'Mystery', 'Suspense', 'Mystery Thriller', 'Psychological Thriller', 'Audiobook', 'Crime', 'Adult', 'Adult Fiction']",English,w,"Everyone knows a couple like Jack and Grace. He has looks and wealth, she has charm and elegance. You might not want to like them, but you do.You’d like to get to know Grace better.But it’s difficult, because you realise Jack and Grace are never apart.Some might call this true love. Others might ask why Grace never answers the phone. Or how she can never meet for coffee, even though she doesn’t work. How she can cook such elaborate meals but remain so slim. And why there are bars on one of the bedroom windows.Sometimes, the perfect marriage is the perfect lie."
The Slow Regard of Silent Things,Patrick Rothfuss,United States,3.9,"['Fantasy', 'Fiction', 'Short Stories', 'High Fantasy', 'Novella', 'Epic Fantasy', 'Science Fiction Fantasy', 'Audiobook', 'Adult', 'Magic']",English,m,"Deep below the University, there is a dark place. Few people know of it: a broken web of ancient passageways and abandoned rooms. A young woman lives there, tucked among the sprawling tunnels of the Underthing, snug in the heart of this forgotten place.Her name is Auri, and she is full of mysteries.The Slow Regard of Silent Things is a brief, bittersweet glimpse of Auri’s life, a small adventure all her own. At once joyous and haunting, this story offers a chance to see the world through Auri’s eyes. And it gives the reader a chance to learn things that only Auri knows...In this book, Patrick Rothfuss brings us into the world of one of The Kingkiller Chronicle’s most enigmatic characters. Full of secrets and mysteries, The Slow Regard of Silent Things is the story of a broken girl trying to live in a broken world.AUTHOR’S FOREWORD You might not want to buy this book.I know, that’s not the sort of thing an author is supposed to say. The marketing people aren’t going to like this. My editor is going to have a fit. But I’d rather be honest with you right out of the gate.First, if you haven’t read my other books, you don’t want to start here.My first two books are The Name of the Wind and The Wise Man’s Fear. If you’re curious to try my writing, start there. They’re the best introduction to my world. This book deals with Auri, one of the characters from that series. Without the context of those books, you’re probably going to feel pretty lost.Second, even if you have read my other books, I think it’s only fair to warn you that this is a bit of a strange story. I don’t go in for spoilers, but suffice to say that this one is ... different. It doesn’t do a lot of the things a classic story is supposed to do. And if you’re looking for a continuation of Kvothe’s storyline, you’re not going to find it here.On the other hand, if you’d like to learn more about Auri, this story has a lot to offer. If you love words and mysteries and secrets. If you’re curious about the Underthing and alchemy. If you want to know more about the hidden turnings of my world...Well, then this book might be for you."
Colorless Tsukuru Tazaki and His Years of Pilgrimage,Haruki Murakami,Japan,3.85,"['Fiction', 'Japan', 'Japanese Literature', 'Contemporary', 'Magical Realism', 'Literature', 'Novels', 'Literary Fiction', 'Asia', 'Audiobook']",English,m,"A New York Times and Washington Post notable book, and one of the Financial Times, St. Louis Post-Dispatch, Slate, Mother Jones, The Daily Beast, and BookPage's best books of the yearAn instant #1 New York Times Bestseller, Colorless Tsukuru Tazaki and His Years of Pilgrimage is the remarkable story of a young man haunted by a great loss; of dreams and nightmares that have unintended consequences for the world around us; and of a journey into the past that is necessary to mend the present. Here Haruki Murakami—one of the most revered voices in literature today—gives us a story of love, friend­ship, and heartbreak for the ages."
What Alice Forgot,Liane Moriarty,Australia,4.08,"['Fiction', 'Chick Lit', 'Contemporary', 'Romance', 'Adult', 'Audiobook', 'Adult Fiction', 'Book Club', 'Mystery', 'Australia']",English,m,"Alice Love is twenty-nine, crazy about her husband, and pregnant with her first child.So imagine Alice’s surprise when she comes to on the floor of a gym and is whisked off to the hospital where she discovers the honeymoon is truly over — she’s getting divorced, she has three kids and she’s actually 39 years old. Alice must reconstruct the events of a lost decade, and find out whether it’s possible to reconstruct her life at the same time. She has to figure out why her sister hardly talks to her, and how is it that she’s become one of those super skinny moms with really expensive clothes. Ultimately, Alice must discover whether forgetting is a blessing or a curse, and whether it’s possible to start over."
Ruin and Rising,Leigh Bardugo,"Israel, United States",4.09,"['Fantasy', 'Young Adult', 'Romance', 'Young Adult Fantasy', 'Magic', 'Fiction', 'High Fantasy', 'Adventure', 'Audiobook', 'Paranormal']",English,w,"▶ 
  Alternative Cover Edition #1
The capital has fallen.The Darkling rules Ravka from his shadow throne.Now the nation's fate rests with a broken Sun Summoner, a disgraced tracker, and the shattered remnants of a once-great magical army.Deep in an ancient network of tunnels and caverns, a weakened Alina must submit to the dubious protection of the Apparat and the zealots who worship her as a Saint. Yet her plans lie elsewhere, with the hunt for the elusive firebird and the hope that an outlaw prince still survives.Alina will have to forge new alliances and put aside old rivalries as she and Mal race to find the last of Morozova's amplifiers. But as she begins to unravel the Darkling's secrets, she reveals a past that will forever alter her understanding of the bond they share and the power she wields. The firebird is the one thing that stands between Ravka and destruction—and claiming it could cost Alina the very future she’s fighting for."
Grey,E.L. James,United Kingdom,3.79,"['Romance', 'Erotica', 'BDSM', 'Fiction', 'Adult', 'Contemporary', 'Contemporary Romance', 'Erotic Romance', 'Chick Lit', 'New Adult']",English,w,"See the world of Fifty Shades of Grey anew through the eyes of Christian Grey.In Christian's own words, and through his thoughts, reflections, and dreams, E L James offers a fresh perspective on the love story that has enthralled millions of readers around the world.Christian Grey exercises control in all things; his world is neat, disciplined, and utterly empty—until the day that Anastasia Steele falls into his office, in a tangle of shapely limbs and tumbling brown hair. He tries to forget her, but instead is swept up in a storm of emotion he cannot comprehend and cannot resist. Unlike any woman he has known before, shy, unworldly Ana seems to see right through him—past the business prodigy and the penthouse lifestyle to Christian’s cold, wounded heart.  Will being with Ana dispel the horrors of his childhood that haunt Christian every night? Or will his dark sexual desires, his compulsion to control, and the self-loathing that fills his soul drive this girl away and destroy the fragile hope she offers him?This book is intended for mature audiences."
Before We Were Yours,Lisa Wingate,United States,4.37,"['Historical Fiction', 'Fiction', 'Historical', 'Audiobook', 'Book Club', 'Adult', 'Adult Fiction', 'Family', 'Adoption', 'Contemporary']",English,w,"Memphis, 1939. Twelve-year-old Rill Foss and her four younger siblings live a magical life aboard their family’s Mississippi River shantyboat. But when their father must rush their mother to the hospital one stormy night, Rill is left in charge—until strangers arrive in force. Wrenched from all that is familiar and thrown into a Tennessee Children’s Home Society orphanage, the Foss children are assured that they will soon be returned to their parents—but they quickly realize the dark truth. At the mercy of the facility’s cruel director, Rill fights to keep her sisters and brother together in a world of danger and uncertainty.Aiken, South Carolina, present day. Born into wealth and privilege, Avery Stafford seems to have it all: a successful career as a federal prosecutor, a handsome fiancé, and a lavish wedding on the horizon. But when Avery returns home to help her father weather a health crisis, a chance encounter leaves her with uncomfortable questions and compels her to take a journey through her family’s long-hidden history, on a path that will ultimately lead either to devastation or to redemption.Based on one of America’s most notorious real-life scandals—in which Georgia Tann, director of a Memphis-based adoption organization, kidnapped and sold poor children to wealthy families all over the country—Lisa Wingate’s riveting, wrenching, and ultimately uplifting tale reminds us how, even though the paths we take can lead to many places, the heart never forgets where we belong."
Mr. Mercedes,Stephen King,United States,3.97,"['Fiction', 'Thriller', 'Horror', 'Mystery', 'Crime', 'Audiobook', 'Mystery Thriller', 'Suspense', 'Adult', 'Detective']",English,m,"#1 New York Times bestseller! In a high-suspense race against time, three of the most unlikely heroes Stephen King has ever created try to stop a lone killer from blowing up thousands. “Mr. Mercedes is a rich, resonant, exceptionally readable accomplishment by a man who can write in whatever genre he chooses” (The Washington Post).In the frigid pre-dawn hours, in a distressed Midwestern city, desperate unemployed folks are lined up for a spot at a job fair. Without warning, a lone driver plows through the crowd in a stolen Mercedes, running over the innocent, backing up, and charging again. Eight people are killed; fifteen are wounded. The killer escapes. In another part of town, months later, a retired cop named Bill Hodges is still haunted by the unsolved crime. When he gets a crazed letter from someone who self-identifies as the “perk” and threatens an even more diabolical attack, Hodges wakes up from his depressed and vacant retirement, hell-bent on preventing another tragedy. Brady Hartsfield lives with his alcoholic mother in the house where he was born. He loved the feel of death under the wheels of the Mercedes, and he wants that rush again. Only Bill Hodges, with two new, unusual allies, can apprehend the killer before he strikes again. And they have no time to lose, because Brady’s next mission, if it succeeds, will kill or maim thousands.Mr. Mercedes is a war between good and evil, from the master of suspense whose insight into the mind of this obsessed, insane killer is chilling and unforgettable. Now an AT&T Audience Original Series WINNER OF THE EDGAR AWARD FOR BEST NOVEL"
Mercy,Lucian Bane,United States,3.93,"['Dark', 'Erotica', 'BDSM', 'Romance', 'Adult Fiction', 'Contemporary', 'Abuse', 'Erotic Romance', 'Adult', 'Suspense']",English,m,"Jonathan Ashcroft--aka Sade--never asked for kindness or second chances, but he gets both when Mercy the mysterious do-gooder shows up in his life out of nowhere.First order of business is--where the hell did she even come from? Who is she, really? How does she know about his sadistic affairs, but more importantly, what is she suddenly doing in them?Yes, he's asked her all these questions five different ways. Nicely. And even while tied to a chair in a compromising position, she still refuses to cooperate. Continues to lie. Play stupid. He can only assume she wants him to force the issue even more than this. Sweet Miss Mercy wants to stick her nose where it doesn't belong? She wants help him, no strings attached? Fine. He'll play her cute game. But that will come with a price. Terms and conditions. Contracts. And they will especially include satisfying his sadistic needs. Let's see how helpful she's feeling then."
The Children Act,Ian McEwan,United Kingdom,3.7,"['Fiction', 'Contemporary', 'Literary Fiction', 'British Literature', 'Novels', 'Audiobook', 'Adult Fiction', 'Book Club', 'Religion', 'Adult']",English,m,"A fiercely intelligent, well-respected High Court judge in London faces a morally ambiguous case while her own marriage crumbles in a novel that will keep readers thoroughly enthralled until the last stunning page.Fiona Maye is a High Court judge in London presiding over cases in family court. She is fiercely intelligent, well respected, and deeply immersed in the nuances of her particular field of law. Often the outcome of a case seems simple from the outside, the course of action to ensure a child's welfare obvious. But the law requires more rigor than mere pragmatism, and Fiona is an expert in considering the sensitivities of culture and religion when handing down her verdicts. But Fiona's professional success belies domestic strife. Her husband, Jack, asks her to consider an open marriage and, after an argument, moves out of their house. His departure leaves her adrift, wondering whether it was not love she had lost so much as a modern form of respectability; whether it was not contempt and ostracism she really fears. She decides to throw herself into her work, especially a complex case involving a seventeen-year-old boy whose parents will not permit a lifesaving blood transfusion because it conflicts with their beliefs as Jehovah's Witnesses. But Jack doesn't leave her thoughts, and the pressure to resolve the case - as well as her crumbling marriage - tests Fiona in ways that will keep readers thoroughly enthralled until the last stunning page."
Pachinko,Min Jin Lee,"South Korea, United States",4.26,"['Historical Fiction', 'Fiction', 'Historical', 'Japan', 'Asia', 'Audiobook', 'Literary Fiction', 'Adult', 'Novels', 'Asian Literature']",English,w,"In the early 1900s, teenaged Sunja, the adored daughter of a crippled fisherman, falls for a wealthy stranger at the seashore near her home in Korea. He promises her the world, but when she discovers she is pregnant--and that her lover is married--she refuses to be bought. Instead, she accepts an offer of marriage from a gentle, sickly minister passing through on his way to Japan. But her decision to abandon her home, and to reject her son's powerful father, sets off a dramatic saga that will echo down through the generations.Richly told and profoundly moving, Pachinko is a story of love, sacrifice, ambition, and loyalty. From bustling street markets to the halls of Japan's finest universities to the pachinko parlors of the criminal underworld, Lee's complex and passionate characters--strong, stubborn women, devoted sisters and sons, fathers shaken by moral crisis--survive and thrive against the indifferent arc of history."
Paradise,Judith McNaught,Tanzania,4.31,"['Romance', 'Contemporary Romance', 'Contemporary', 'Fiction', 'Historical Romance', 'Chick Lit', 'Adult', 'Historical', 'Romantic Suspense', 'Historical Fiction']",English,m,"Corporate raider Matthew Farrell had come a long way from the poor, scruffy kid of Indiana's steel mills. A long way from the country club where, feeling like an outsider, he had dared to fall in love with a beautiful blonde named Meredith Bancroft, and known a once-in-a-lifetime passion and betrayal that still haunted his memory... Now world leaders courted him, the media watched his every move, and he was ready to move in on the Bancroft empire.A cool, poised executive in her family's legendary department store chain, Meredith had once defied her father for the sexually magnetic, intense Matt Farrell -- and their brief, ill-fated marriage was the disastrous outcome. Now, as the Bancroft firm is threatened by a hostile takeover, Meredith is forced to confront Matt. As tensions build between them, bittersweet memories rise to the surface, leaving them suspicious, restless, and uncertain. Will they be able to believe in each other -- and grasp the tender miracle that is before them?"
No Longer Human,Osamu Dazai,Japan,4.12,"['Fiction', 'Japan', 'Japanese Literature', 'Classics', 'Literature', 'Novels', 'Asia', 'Asian Literature', '20th Century', 'Literary Fiction']",English,m,"Osamu Dazai's No Longer Human, this leading postwar Japanese writer's second novel, tells the poignant and fascinating story of a young man who is caught between the breakup of the traditions of a northern Japanese aristocratic family and the impact of Western ideas. In consequence, he feels himself ""disqualified from being human"" (a literal translation of the Japanese title).Donald Keene, who translated this and Dazai's first novel, The Setting Sun, has said of the author's work: ""His world … suggests Chekhov or possibly postwar France, … but there is a Japanese sensibility in the choice and presentation of the material. A Dazai novel is at once immediately intelligible in Western terms and quite unlike any Western book."" His writing is in some ways reminiscent of Rimbaud, while he himself has often been called a forerunner of Yukio Mishima.Cover painting by Noe Nojechowiz, from the collection of John and Barbara Duncan; design by Gertrude Huston"
Revolution,Jennifer Donnelly,Spain,4.0,"['Historical Fiction', 'Young Adult', 'Historical', 'Fiction', 'Time Travel', 'Fantasy', 'Contemporary', 'Romance', 'Teen', 'France']",English,m,"BROOKLYN: Andi Alpers is on the edge. She’s angry at her father for leaving, angry at her mother for not being able to cope, and heartbroken by the loss of her younger brother, Truman. Rage and grief are destroying her. And she’s about to be expelled from Brooklyn Heights’ most prestigious private school when her father intervenes. Now Andi must accompany him to Paris for winter break.PARIS: Alexandrine Paradis lived over two centuries ago. She dreamed of making her mark on the Paris stage, but a fateful encounter with a doomed prince of France cast her in a tragic role she didn’t want—and couldn’t escape. Two girls, two centuries apart. One never knowing the other. But when Andi finds Alexandrine’s diary, she recognizes something in her words and is moved to the point of obsession. There’s comfort and distraction for Andi in the journal’s antique pages—until, on a midnight journey through the catacombs of Paris, Alexandrine’s words transcend paper and time, and the past becomes suddenly, terrifyingly present."
The Secret of the Nagas,Amish Tripathi,India,4.06,"['Fiction', 'Mythology', 'Fantasy', 'Indian Literature', 'Historical Fiction', 'India', 'Amish', 'Novels', 'Adventure', 'Thriller']",English,m,"Today, He is a God. 4000 years ago, He was just a man. The hunt is on. The sinister Naga warrior has killed his friend Brahaspati and now stalks his wife Sati. Shiva, the Tibetan immigrant who is the prophesied destroyer of evil, will not rest till he finds his demonic adversary. His vengeance and the path to evil will lead him to the door of the Nagas, the serpent people. Of that he is certain. The evidence of the malevolent rise of evil is everywhere. A kingdom is dying as it is held to ransom for a miracle drug. A crown prince is murdered. The Vasudevs Shivas philosopher guides betray his unquestioning faith as they take the aid of the dark side. Even the perfect empire, Meluha is riddled with a terrible secret in Maika, the city of births. Unknown to Shiva, a master puppeteer is playing a grand game. In a journey that will take him across the length and breadth of ancient India, Shiva searches for the truth in a land of deadly mysteries only to find that nothing is what it seems. Fierce battles will be fought. Surprising alliances will be forged. Unbelievable secrets will be revealed in this second book of the Shiva Trilogy, the sequel to the #1 national bestseller, The Immortals of Meluha."
The Leopard,Giuseppe Tomasi di Lampedusa,Norway,4.01,"['Fiction', 'Classics', 'Historical Fiction', 'Italy', 'Italian Literature', 'Literature', 'Novels', 'Historical', '20th Century', 'Literary Fiction']",English,m,"The Leopard is a story of a decadent and dying aristocracy threatened by the forces of revolution and democracy. Set against the political upheavals of Italy in the 1860s, it focuses on Don Fabrizio, a Sicilian prince of immense sensual appetites, wealth, and great personal magnetism. Around this powerful figure swirls a glittering array of characters: a Bourbon king, liberals and pseudo liberals, peasants and millionaires."
Blood of Elves,Andrzej Sapkowski,Poland,4.11,"['Fantasy', 'Fiction', 'Audiobook', 'High Fantasy', 'Polish Literature', 'Adult', 'Magic', 'Adventure', 'Epic Fantasy', 'Science Fiction Fantasy']",English,m,"The New York Times bestselling series that inspired the international hit video game: The Witcher.For over a century, humans, dwarves, gnomes, and elves have lived together in relative peace. But times have changed, the uneasy peace is over, and now the races are fighting once again. The only good elf, it seems, is a dead elf.Geralt of Rivia, the cunning assassin known as The Witcher, has been waiting for the birth of a prophesied child. This child has the power to change the world - for good, or for evil.As the threat of war hangs over the land and the child is hunted for her extraordinary powers, it will become Geralt's responsibility to protect them all - and the Witcher never accepts defeat.The Witcher returns in this sequel to The Last Wish, as the inhabitants of his world become embroiled in a state of total war."
Go Set a Watchman,Harper Lee,United States,3.31,"['Fiction', 'Historical Fiction', 'Classics', 'Audiobook', 'Historical', 'Adult', 'Adult Fiction', 'Literature', 'Literary Fiction', 'Novels']",English,w,"From Harper Lee comes a landmark new novel set two decades after her beloved Pulitzer Prize-winning masterpiece, To Kill a Mockingbird. Maycomb, Alabama. Twenty-six-year-old Jean Louise Finch—""Scout""—returns home from New York City to visit her aging father, Atticus. Set against the backdrop of the civil rights tensions and political turmoil that were transforming the South, Jean Louise's homecoming turns bittersweet when she learns disturbing truths about her close-knit family, the town and the people dearest to her. Memories from her childhood flood back, and her values and assumptions are thrown into doubt. Featuring many of the iconic characters from To Kill a Mockingbird, Go Set a Watchman perfectly captures a young woman, and a world, in a painful yet necessary transition out of the illusions of the past—a journey that can be guided only by one's conscience. Written in the mid-1950s, Go Set a Watchman imparts a fuller, richer understanding and appreciation of Harper Lee. Here is an unforgettable novel of wisdom, humanity, passion, humor and effortless precision—a profoundly affecting work of art that is both wonderfully evocative of another era and relevant to our own times. It not only confirms the enduring brilliance of To Kill a Mockingbird, but also serves as its essential companion, adding depth, context and new meaning to an American classic."
Winter's Tale,Mark Helprin,United States,3.5,"['Fiction', 'Fantasy', 'Historical Fiction', 'Magical Realism', 'Romance', 'Historical', 'New York', 'Unfinished', 'Steampunk', 'Literature']",English,m,"New York City is subsumed in arctic winds, dark nights, and white lights, its life unfolds, for it is an extraordinary hive of the imagination, the greatest house ever built, and nothing exists that can check its vitality. One night in winter, Peter Lake, orphan and master-mechanic, attempts to rob a fortress-like mansion on the Upper West Side.Though he thinks the house is empty, the daughter of the house is home. Thus begins the love between Peter Lake, a middle-aged Irish burglar, and Beverly Penn, a young girl, who is dying.Peter Lake, a simple, uneducated man, because of a love that, at first he does not fully understand, is driven to stop time and bring back the dead. His great struggle, in a city ever alight with its own energy and besieged by unprecedented winters, is one of the most beautiful and extraordinary stories of American literature."
The Lying Game,Sara Shepard,United Kingdom,3.93,"['Young Adult', 'Mystery', 'Contemporary', 'Fiction', 'Romance', 'Chick Lit', 'Thriller', 'Teen', 'Mystery Thriller', 'Realistic Fiction']",English,w,"I had a life anyone would kill for.Then someone did.The worst part of being dead is that there's nothing left to live for. No more kisses. No more secrets. No more gossip. It's enough to kill a girl all over again. But I'm about to get something no one else does--an encore performance, thanks to Emma, the long-lost twin sister I never even got to meet.Now Emma's desperate to know what happened to me. And the only way to figure it out is to be me--to slip into my old life and piece it all together. But can she laugh at inside jokes with my best friends? Convince my boyfriend she's the girl he fell in love with? Pretend to be a happy, care-free daughter when she hugs my parents goodnight? And can she keep up the charade, even after she realizes my murderer is watching her every move?From Sara Shepard, the #1 New York Times bestselling author of the Pretty Little Liars books, comes a riveting new series about secrets, lies, and killer consequences.Let the lying game begin."
Verity,Colleen Hoover,United States,4.32,"['Thriller', 'Romance', 'Mystery', 'Fiction', 'Mystery Thriller', 'Contemporary', 'Suspense', 'Adult', 'Dark', 'New Adult']",English,w,"Lowen Ashleigh is a struggling writer on the brink of financial ruin when she accepts the job offer of a lifetime. Jeremy Crawford, husband of bestselling author Verity Crawford, has hired Lowen to complete the remaining books in a successful series his injured wife is unable to finish.Lowen arrives at the Crawford home, ready to sort through years of Verity's notes and outlines, hoping to find enough material to get her started. What Lowen doesn't expect to uncover in the chaotic office is an unfinished autobiography Verity never intended for anyone to read. Page after page of bone-chilling admissions, including Verity's recollection of what really happened the day her daughter died.Lowen decides to keep the manuscript hidden from Jeremy, knowing its contents would devastate the already grieving father. But as Lowen's feelings for Jeremy begin to intensify, she recognizes all the ways she could benefit if he were to read his wife's words. After all, no matter how devoted Jeremy is to his injured wife, a truth this horrifying would make it impossible for him to continue to love her.A standalone romantic thriller from #1 New York Times bestselling author Colleen Hoover."
It's Not Summer Without You,Jenny Han,United States,4.09,"['Young Adult', 'Romance', 'Contemporary', 'Chick Lit', 'Fiction', 'Realistic Fiction', 'Young Adult Contemporary', 'Teen', 'Young Adult Romance', 'Audiobook']",English,w,"Belly finds out what comes after falling in love in this follow-up to The Summer I Turned Pretty from the New York Times bestselling author of To All the Boys I’ve Loved Before (soon to be a major motion picture!), Jenny Han.Can summer be truly summer without Cousins Beach?It used to be that Belly counted the days until summer, until she was back at Cousins Beach with Conrad and Jeremiah. But not this year. Not after Susannah got sick again and Conrad stopped caring. Everything that was right and good has fallen apart, leaving Belly wishing summer would never come.But when Jeremiah calls saying Conrad has disappeared, Belly knows what she must do to make things right again. And it can only happen back at the beach house, the three of them together, the way things used to be. If this summer really and truly is the last summer, it should end the way it started—at Cousins Beach."
The Outsider,Stephen King,United States,3.98,"['Horror', 'Fiction', 'Mystery', 'Thriller', 'Crime', 'Audiobook', 'Mystery Thriller', 'Fantasy', 'Suspense', 'Supernatural']",English,m,"An unspeakable crime. A confounding investigation. At a time when the King brand has never been stronger, he has delivered one of his most unsettling and compulsively readable stories.An eleven-year-old boy’s violated corpse is found in a town park. Eyewitnesses and fingerprints point unmistakably to one of Flint City’s most popular citizens. He is Terry Maitland, Little League coach, English teacher, husband, and father of two girls. Detective Ralph Anderson, whose son Maitland once coached, orders a quick and very public arrest. Maitland has an alibi, but Anderson and the district attorney soon add DNA evidence to go with the fingerprints and witnesses. Their case seems ironclad.As the investigation expands and horrifying answers begin to emerge, King’s propulsive story kicks into high gear, generating strong tension and almost unbearable suspense. Terry Maitland seems like a nice guy, but is he wearing another face? When the answer comes, it will shock you as only Stephen King can."
Sugar Daddy,Lisa Kleypas,Hungary,4.01,"['Romance', 'Contemporary Romance', 'Contemporary', 'Chick Lit', 'Adult', 'Fiction', 'Audiobook', 'Adult Fiction', 'New Adult', 'Family']",English,w,"Lisa Kleypas has enthralled millions of readers with her powerfully seductive novels. Now she delivers a story featuring her most unforgettable characters yet...SHE'S FROM THE WRONG SIDE OF THE TRACKSLiberty Jones has dreams and determination that will take her far away from Welcome, Texas---if she can keep her wild heart from ruling her mind. Hardy Cates sees Liberty as completely off-limits. His own ambitions are bigger than Welcome, and Liberty Jones is a complication he doesn't need. But something magical and potent draws them to each other, in a dangerous attraction that is stronger than both of them. HE'S THE ONE MAN SHE CAN'T HAVEWhen Hardy leaves town to pursue his plans, Liberty finds herself alone with a young sister to raise. Soon Liberty finds herself under the spell of a billionaire tycoon - a Sugar Daddy, one might say. But the relationship goes deeper than people think, and Liberty begins to discover secrets about her own family's past. WILL THEY FIND THEIR HEARTS' DESIRES OR WILL HEARTBREAK TEAR THEM APART?Two men. One woman. A choice that can make her or break her. A woman you'll root for every step of the way. A love story you'll never forget."
Baltasar and Blimunda,José Saramago,Portugal,3.93,"['Fiction', 'Historical Fiction', 'Classics', 'Portuguese Literature', 'Portugal', 'Romance', 'Nobel Prize', 'Literature', 'Historical', 'Novels']",English,m,"From the recipient of the 1998 Nobel Prize in Literature, a “brilliant...enchanting novel” (New York Times Book Review) of romance, deceit, religion, and magic set in eighteenth-century Portugal at the height of the Inquisition. National bestseller. Translated by Giovanni Pontiero.When King and Church exercise absolute power what happens to the dreams of ordinary people? In early eighteenth century Lisbon, Baltasar, a soldier who has lost a hand in battle, falls in love with Blimunda, a young girl with strange visionary powers. From the day that he follows her home from the auto-da-fe where her mother is condemned and sent into exile, the two are bound body and soul by a love of unassailable strength. A third party shares their supper that evening: Padre Bartolemeu Lourenço, whose fantasy is to invent a flying machine. As the inquisition rages and royalty and religion clash, they pursue his impossible, not to mention heretical, dream of flight."
The Circle,Dave Eggers,United States,3.43,"['Fiction', 'Science Fiction', 'Dystopia', 'Contemporary', 'Audiobook', 'Adult', 'Novels', 'Thriller', 'Technology', 'Adult Fiction']",English,m,"When Mae Holland is hired to work for the Circle, the world's most powerful internet company, she feels she's been given the opportunity of a lifetime. The Circle, run out of a sprawling California campus, links users' personal emails, social media, banking, and purchasing with their universal operating system, resulting in one online identity and a new age of civility and transparency. As Mae tours the open-plan office spaces, the towering glass dining facilities, the cozy dorms for those who spend nights at work, she is thrilled with the company's modernity and activity. There are parties that last through the night, there are famous musicians playing on the lawn, there are athletic activities and clubs and brunches, and even an aquarium of rare fish retrieved from the Marianas Trench by the CEO. Mae can't believe her luck, her great fortune to work for the most influential company in the world--even as life beyond the campus grows distant, even as a strange encounter with a colleague leaves her shaken, even as her role at the Circle becomes increasingly public. What begins as the captivating story of one woman's ambition and idealism soon becomes a heart-racing novel of suspense, raising questions about memory, history, privacy, democracy, and the limits of human knowledge.(front flap)"
Winter Garden,Kristin Hannah,United States,4.18,"['Historical Fiction', 'Fiction', 'Chick Lit', 'Historical', 'Contemporary', 'Russia', 'Romance', 'Adult Fiction', 'World War II', 'Adult']",English,w,"
  Can a woman ever really know herself if she doesn’t know her mother? From the author of the smash-hit bestseller Firefly Lane and True Colors comes a powerful, heartbreaking novel that illuminates the intricate mother-daughter bond and explores the enduring links between the present and the past Meredith and Nina Whitson are as different as sisters can be. One stayed at home to raise her children and manage the family apple orchard; the other followed a dream and traveled the world to become a famous photojournalist. But when their beloved father falls ill, Meredith and Nina find themselves together again, standing alongside their cold, disapproving mother, Anya, who even now, offers no comfort to her daughters. As children, the only connection between them was the Russian fairy tale Anya sometimes told the girls at night. On his deathbed, their father extracts a promise from the women in his life: the fairy tale will be told one last time—and all the way to the end. Thus begins an unexpected journey into the truth of Anya’s life in war-torn Leningrad, more than five decades ago. Alternating between the past and present, Meredith and Nina will finally hear the singular, harrowing story of their mother’s life, and what they learn is a secret so terrible and terrifying that it will shake the very foundation of their family and change who they believe they are. Librarian's note: See alternate cover edition of ISBN13 9780312663155 here.
"
Invisible,Paul Auster,United States; United States,3.68,"['Fiction', 'Contemporary', 'Novels', 'American', 'Literature', 'Literary Fiction', 'Mystery', 'The United States Of America', 'Drama', 'New York']",English,m; m,"“One of America’s greatest novelists” dazzlingly reinvents the coming-of-age story in his most passionate and surprising book to dateSinuously constructed in four interlocking parts, Paul Auster’s fifteenth novel opens in New York City in the spring of 1967, when twenty-year-old Adam Walker, an aspiring poet and student at Columbia University, meets the enigmatic Frenchman Rudolf Born and his silent and seductive girfriend, Margot. Before long, Walker finds himself caught in a perverse triangle that leads to a sudden, shocking act of violence that will alter the course of his life.Three different narrators tell the story of Invisible, a novel that travels in time from 1967 to 2007 and moves from Morningside Heights, to the Left Bank of Paris, to a remote island in the Caribbean. It is a book of youthful rage, unbridled sexual hunger, and a relentless quest for justice. With uncompromising insight, Auster takes us into the shadowy borderland between truth and memory, between authorship and identity, to produce a work of unforgettable power that confirms his reputation as “one of America’s most spectacularly inventive writers.” "
Small Great Things,Jodi Picoult,United States,4.34,"['Fiction', 'Contemporary', 'Audiobook', 'Adult Fiction', 'Adult', 'Book Club', 'Realistic Fiction', 'Race', 'Drama', 'Literary Fiction']",English,w,"Ruth Jefferson is a labor and delivery nurse at a Connecticut hospital with more than twenty years' experience. During her shift, Ruth begins a routine checkup on a newborn, only to be told a few minutes later that she's been reassigned to another patient. The parents are white supremacists and don't want Ruth, who is African American, to touch their child. The hospital complies with their request, but the next day, the baby goes into cardiac distress while Ruth is alone in the nursery. Does she obey orders or does she intervene? Ruth hesitates before performing CPR and, as a result, is charged with a serious crime. Kennedy McQuarrie, a white public defender, takes her case but gives unexpected advice: Kennedy insists that mentioning race in the courtroom is not a winning strategy. Conflicted by Kennedy's counsel, Ruth tries to keep life as normal as possible for her family—especially her teenage son—as the case becomes a media sensation. As the trial moves forward, Ruth and Kennedy must gain each other's trust, and come to see that what they've been taught their whole lives about others—and themselves—might be wrong. With incredible empathy, intelligence, and candor, Jodi Picoult tackles race, privilege, prejudice, justice, and compassion—and doesn't offer easy answers. Small Great Things is a remarkable achievement from a writer at the top of her game."
The Gray House,Mariam Petrosyan,Armenia,4.18,"['Fantasy', 'Fiction', 'Magical Realism', 'Russia', 'Young Adult', 'Russian Literature', 'Contemporary', 'Audiobook', 'Unfinished', 'Cultural']",English,w,"The Gray House is an astounding tale of how what others understand as liabilities can be leveraged into strengths.Bound to wheelchairs and dependent on prosthetic limbs, the physically disabled students living in the House are overlooked by the Outsides. Not that it matters to anyone living in the House, a hulking old structure that its residents know is alive. From the corridors and crawl spaces to the classrooms and dorms, the House is full of tribes, tinctures, scared teachers, and laws—all seen and understood through a prismatic array of teenagers’ eyes.But student deaths and mounting pressure from the Outsides put the time-defying order of the House in danger. As the tribe leaders struggle to maintain power, they defer to the awesome power of the House, attempting to make it through days and nights that pass in ways that clocks and watches cannot record."
Queen of Air and Darkness,Cassandra Clare,United States,4.36,"['Fantasy', 'Young Adult', 'Romance', 'Urban Fantasy', 'Paranormal', 'Young Adult Fantasy', 'LGBT', 'Fiction', 'Angels', 'Magic']",English,w,"What if damnation is the price of true love?Innocent blood has been spilled on the steps of the Council Hall, the sacred stronghold of the Shadowhunters. In the wake of the tragic death of Livia Blackthorn, the Clave teeters on the brink of civil war. One fragment of the Blackthorn family flees to Los Angeles, seeking to discover the source of the disease that is destroying the race of warlocks. Meanwhile, Julian and Emma take desperate measures to put their forbidden love aside and undertake a perilous mission to Faerie to retrieve the Black Volume of the Dead. What they find in the Courts is a secret that may tear the Shadow World asunder and open a dark path into a future they could never have imagined. Caught in a race against time, Emma and Julian must save the world of Shadowhunters before the deadly power of the parabatai curse destroys them and everyone they love."
Naked,David Sedaris,Belgium,4.09,"['Humor', 'Nonfiction', 'Memoir', 'Essays', 'Short Stories', 'Comedy', 'Biography', 'Audiobook', 'Biography Memoir', 'Autobiography']",English,m,"Welcome to the hilarious, strange, elegiac, outrageous world of David Sedaris. In Naked, Sedaris turns the mania for memoir on its proverbial ear, mining the exceedingly rich terrain of his life, his family, and his unique worldview—a sensibility at once take-no-prisoners sharp and deeply charitable. A tart-tongued mother does dead-on imitations of her young son's nervous tics, to the great amusement of his teachers; a stint of Kerouackian wandering is undertaken (of course!) with a quadriplegic companion; a family gathers for a wedding in the face of imminent death. Through it all is Sedaris's unmistakable voice, without doubt one of the freshest in American writing."
Norse Mythology,Neil Gaiman,United Kingdom,4.08,"['Fantasy', 'Mythology', 'Fiction', 'Audiobook', 'Short Stories', 'Classics', 'Adult', 'Historical Fiction', 'Retellings', 'Religion']",English,m,"Neil Gaiman, long inspired by ancient mythology in creating the fantastical realms of his fiction, presents a bravura rendition of the Norse gods and their world from their origin though their upheaval in Ragnarok. In Norse Mythology, Gaiman stays true to the myths in envisioning the major Norse pantheon: Odin, the highest of the high, wise, daring, and cunning; Thor, Odin’s son, incredibly strong yet not the wisest of gods; and Loki—son of a giant—blood brother to Odin and a trickster and unsurpassable manipulator.Gaiman fashions these primeval stories into a novelistic arc that begins with the genesis of the legendary nine worlds and delves into the exploits of deities, dwarfs, and giants. Through Gaiman’s deft and witty prose, these gods emerge with their fiercely competitive natures, their susceptibility to being duped and to duping others, and their tendency to let passion ignite their actions, making these long-ago myths breathe pungent life again."
The Promise,Chaim Potok,South Africa,4.16,"['Fiction', 'Jewish', 'Classics', 'Historical Fiction', 'Religion', 'Judaism', 'Literature', 'Novels', 'Young Adult', 'Literary Fiction']",English,m,"“A superb mirror of a place, a time, and a group of people who capture our immediate interest and hold it tightly.” —The Philadelphia InquirerYoung Reuven Malter is unsure of himself and his place in life. An unconventional scholar, he struggles for recognition from his teachers. With his old friend Danny Saunders—who himself had abandoned the legacy as the chosen heir to his father's rabbinical dynasty for the uncertain life of a healer—Reuvan battles to save a sensitive boy imprisoned by his genius and rage. Painfully, triumphantly, Reuven's understanding of himself, though the boy change, as he starts to approach the peace he has long sought…"
The Alice Network,Kate Quinn,United States,4.27,"['Historical Fiction', 'Fiction', 'Historical', 'Audiobook', 'World War II', 'War', 'France', 'World War I', 'Adult', 'Book Club']",English,w,"In an enthralling new historical novel from national bestselling author Kate Quinn, two women—a female spy recruited to the real-life Alice Network in France during World War I and an unconventional American socialite searching for her cousin in 1947—are brought together in a mesmerizing story of courage and redemption. 1947. In the chaotic aftermath of World War II, American college girl Charlie St. Clair is pregnant, unmarried, and on the verge of being thrown out of her very proper family. She's also nursing a desperate hope that her beloved cousin Rose, who disappeared in Nazi-occupied France during the war, might still be alive. So when Charlie's parents banish her to Europe to have her ""little problem"" taken care of, Charlie breaks free and heads to London, determined to find out what happened to the cousin she loves like a sister.1915. A year into the Great War, Eve Gardiner burns to join the fight against the Germans and unexpectedly gets her chance when she's recruited to work as a spy. Sent into enemy-occupied France, she's trained by the mesmerizing Lili, code name Alice, the ""queen of spies"", who manages a vast network of secret agents right under the enemy's nose. Thirty years later, haunted by the betrayal that ultimately tore apart the Alice Network, Eve spends her days drunk and secluded in her crumbling London house. Until a young American barges in uttering a name Eve hasn't heard in decades, and launches them both on a mission to find the truth...no matter where it leads."
Covet,J.R. Ward,United States,3.91,"['Paranormal', 'Paranormal Romance', 'Romance', 'Angels', 'Fantasy', 'Urban Fantasy', 'Demons', 'Adult', 'Fiction', 'Supernatural']",English,w,"Seven deadly sins. Seven souls to save. This is the first battle between a savior who doesn't believe and a demon with nothing to lose!Redemption isn't a word Jim Heron knows much about—his specialty is revenge, and to him, sin is all relative. But everything changes when he becomes a fallen angel and is charged with saving the souls of seven people from the seven deadly sins. And failure is not an option. Vin DiPietro long ago sold his soul to his business, and he's good with that-until fate intervenes in the form of a tough-talking, Harley-riding, self-professed savior. And then he meets a woman who will make him question his destiny, his sanity, and his heart—and he has to work with a fallen angel to win her over and redeem his own soul."
Snow Like Ashes,Sara Raasch,United States,3.89,"['Fantasy', 'Young Adult', 'Romance', 'Magic', 'Young Adult Fantasy', 'High Fantasy', 'Fiction', 'Adventure', 'Dystopia', 'Audiobook']",English,m,"A heartbroken girl. A fierce warrior. A hero in the making.Sixteen years ago the Kingdom of Winter was conquered and its citizens enslaved, leaving them without magic or a monarch. Now, the Winterians’ only hope for freedom is the eight survivors who managed to escape, and who have been waiting for the opportunity to steal back Winter’s magic and rebuild the kingdom ever since.Orphaned as an infant during Winter’s defeat, Meira has lived her whole life as a refugee, raised by the Winterians’ general, Sir. Training to be a warrior—and desperately in love with her best friend, and future king, Mather — she would do anything to help her kingdom rise to power again.So when scouts discover the location of the ancient locket that can restore Winter’s magic, Meira decides to go after it herself. Finally, she’s scaling towers, fighting enemy soldiers, just as she’s always dreamed she would. But the mission doesn’t go as planned, and Meira soon finds herself thrust into a world of evil magic and dangerous politics – and ultimately comes to realize that her destiny is not, never has been, her own."
Hades,Alexandra Adornetto,Italy,3.96,"['Angels', 'Young Adult', 'Fantasy', 'Romance', 'Paranormal', 'Paranormal Romance', 'Demons', 'Supernatural', 'Fiction', 'Teen']",English,m,"Heaven Help Her.Bethany Church is an angel sent to Earth to keep dark forces at bay. Falling in love was never part of her mission, but the bond between Beth and her mortal boyfriend, Xavier Woods, is undeniably strong. But even Xavier’s love, and the care of her archangel siblings, Gabriel and Ivy, can’t keep Beth from being tricked into a motorcycle ride that ends up in Hell. There, the demon Jake Thorn bargains for Beth’s release back to Earth. But what he asks of her will destroy her, and quite possibly, her loved ones, as well.The story that Alexandra Adornetto built in her New York Times - bestselling debut, Halo, comes alive in action-packed and unexpected ways, as angels battle demons, and the power of love is put to the test."
Into the Water,Paula Hawkins,United Kingdom,3.58,"['Mystery', 'Fiction', 'Thriller', 'Mystery Thriller', 'Audiobook', 'Crime', 'Suspense', 'Adult', 'Contemporary', 'Adult Fiction']",English,w,"The author of the #1 New York Times bestseller and global phenomenon The Girl on the Train returns with Into the Water, her addictive new novel of psychological suspense.A single mother turns up dead at the bottom of the river that runs through town. Earlier in the summer, a vulnerable teenage girl met the same fate. They are not the first women lost to these dark waters, but their deaths disturb the river and its history, dredging up secrets long submerged. Left behind is a lonely fifteen-year-old girl. Parentless and friendless, she now finds herself in the care of her mother's sister, a fearful stranger who has been dragged back to the place she deliberately ran from—a place to which she vowed she'd never return. With the same propulsive writing and acute understanding of human instincts that captivated millions of readers around the world in her explosive debut thriller, The Girl on the Train, Paula Hawkins delivers an urgent, twisting, deeply satisfying read that hinges on the deceptiveness of emotion and memory, as well as the devastating ways that the past can reach a long arm into the present. Beware a calm surface—you never know what lies beneath."
The Sympathizer,Viet Thanh Nguyen,Vietnam,3.97,"['Fiction', 'Historical Fiction', 'War', 'Asia', 'Novels', 'Historical', 'Literary Fiction', 'Literature', 'Book Club', 'Politics']",English,m,"It is April 1975, and Saigon is in chaos. At his villa, a general of the South Vietnamese army is drinking whiskey and, with the help of his trusted captain, drawing up a list of those who will be given passage aboard the last flights out of the country. The general and his compatriots start a new life in Los Angeles, unaware that one among their number, the captain, is secretly observing and reporting on the group to a higher-up in the Viet Cong. The Sympathizer is the story of this captain: a man brought up by an absent French father and a poor Vietnamese mother, a man who went to university in America, but returned to Vietnam to fight for the Communist cause. A gripping spy novel, an astute exploration of extreme politics, and a moving love story, The Sympathizer explores a life between two worlds and examines the legacy of the Vietnam War in literature, film, and the wars we fight today."
Love Letters to the Dead,Ava Dellaira,United States,3.79,"['Young Adult', 'Contemporary', 'Fiction', 'Romance', 'Realistic Fiction', 'Death', 'Coming Of Age', 'LGBT', 'Young Adult Contemporary', 'Teen']",English,w,"It begins as an assignment for English class: Write a letter to a dead person. Laurel chooses Kurt Cobain because her sister, May, loved him. And he died young, just like May did. Soon, Laurel has a notebook full of letters to people like Janis Joplin, Amy Winehouse, Amelia Earhart, Heath Ledger, and more -- though she never gives a single one of them to her teacher. She writes about starting high school, navigating new friendships, falling in love for the first time, learning to live with her splintering family. And, finally, about the abuse she suffered while May was supposed to be looking out for her. Only then, once Laurel has written down the truth about what happened to herself, can she truly begin to accept what happened to May. And only when Laurel has begun to see her sister as the person she was -- lovely and amazing and deeply flawed -- can she begin to discover her own path in this stunning debut from Ava Dellaira, Love Letters to the Dead."
House of Earth and Blood,Sarah J. Maas,United States,4.43,"['Fantasy', 'Romance', 'New Adult', 'Adult', 'Urban Fantasy', 'Fiction', 'Paranormal', 'Fae', 'Magic', 'Angels']",English,w,"Bound by blood.Tempted by desire.Unleashed by destiny.Bryce Quinlan had the perfect life—working hard all day and partying all night—until a demon murdered her closest friends, leaving her bereft, wounded, and alone. When the accused is behind bars but the crimes start up again, Bryce finds herself at the heart of the investigation. She’ll do whatever it takes to avenge their deaths.Hunt Athalar is a notorious Fallen angel, now enslaved to the Archangels he once attempted to overthrow. His brutal skills and incredible strength have been set to one purpose—to assassinate his boss’s enemies, no questions asked. But with a demon wreaking havoc in the city, he’s offered an irresistible deal: help Bryce find the murderer, and his freedom will be within reach.As Bryce and Hunt dig deep into Crescent City’s underbelly, they discover a dark power that threatens everything and everyone they hold dear, and they find, in each other, a blazing passion—one that could set them both free, if they’d only let it.With unforgettable characters, sizzling romance, and page-turning suspense, this richly inventive new fantasy series by #1 New York Times bestselling author Sarah J. Maas delves into the heartache of loss, the price of freedom—and the power of love."
Normal People,Sally Rooney,Ireland,3.86,"['Fiction', 'Contemporary', 'Romance', 'Literary Fiction', 'Ireland', 'Audiobook', 'Adult', 'Novels', 'Adult Fiction', 'Irish Literature']",English,w,"Librarian's note: An alternate cover edition can be found hereAt school Connell and Marianne pretend not to know each other. He’s popular and well-adjusted, star of the school soccer team while she is lonely, proud, and intensely private. But when Connell comes to pick his mother up from her housekeeping job at Marianne’s house, a strange and indelible connection grows between the two teenagers - one they are determined to conceal.A year later, they’re both studying at Trinity College in Dublin. Marianne has found her feet in a new social world while Connell hangs at the sidelines, shy and uncertain. Throughout their years in college, Marianne and Connell circle one another, straying toward other people and possibilities but always magnetically, irresistibly drawn back together. Then, as she veers into self-destruction and he begins to search for meaning elsewhere, each must confront how far they are willing to go to save the other.Sally Rooney brings her brilliant psychological acuity and perfectly spare prose to a story that explores the subtleties of class, the electricity of first love, and the complex entanglements of family and friendship."
Sleeping Beauties,"Stephen King , Owen King",United States; United States,3.73,"['Horror', 'Fantasy', 'Fiction', 'Thriller', 'Audiobook', 'Mystery', 'Science Fiction', 'Adult', 'Supernatural', 'Dystopia']",English,m; m,"In a future so real and near it might be now, something happens when women go to sleep; they become shrouded in a cocoon-like gauze. If they are awakened, and the gauze wrapping their bodies is disturbed or violated, the women become feral and spectacularly violent; and while they sleep they go to another place. The men of our world are abandoned, left to their increasingly primal devices. One woman, however, the mysterious Evie, is immune to the blessing or curse of the sleeping disease. Is Evie a medical anomaly to be studied, or is she a demon who must be slain?"
The Devotion of Suspect X,Keigo Higashino,Japan,4.13,"['Mystery', 'Fiction', 'Japan', 'Crime', 'Thriller', 'Japanese Literature', 'Mystery Thriller', 'Detective', 'Asia', 'Suspense']",English,m,"Yasuko lives a quiet life, working in a Tokyo bento shop, a good mother to her only child. But when her ex-husband appears at her door without warning one day, her comfortable world is shattered. When Detective Kusanagi of the Tokyo Police tries to piece together the events of that day, he finds himself confronted by the most puzzling, mysterious circumstances he has ever investigated. Nothing quite makes sense, and it will take a genius to understand the genius behind this particular crime..."
Leaving Time,Jodi Picoult,United States,3.96,"['Fiction', 'Mystery', 'Audiobook', 'Contemporary', 'Adult Fiction', 'Adult', 'Chick Lit', 'Paranormal', 'Animals', 'Drama']",English,w,"For more than a decade, Jenna Metcalf has never stopped thinking about her mother, Alice, who mysteriously disappeared in the wake of a tragic accident. Refusing to believe she was abandoned, Jenna searches for her mother regularly online and pores over the pages of Alice’s old journals. A scientist who studied grief among elephants, Alice wrote mostly of her research among the animals she loved, yet Jenna hopes the entries will provide a clue to her mother’s whereabouts.As Jenna’s memories dovetail with the events in her mother’s journals, the story races to a mesmerizing finish."
4 3 2 1,Paul Auster,United States,3.87,"['Fiction', 'Historical Fiction', 'Contemporary', 'Literary Fiction', 'Novels', 'Literature', 'American', 'Audiobook', 'Americana', 'The United States Of America']",English,m,"Astonishing, a masterpiece, Paul Auster’s greatest, most satisfying, most vivid and heartbreaking novel -- a sweeping and surprising story of inheritance, family, love and life itself.Nearly two weeks early, on March 3, 1947, in the maternity ward of Beth Israel Hospital in Newark, New Jersey, Archibald Isaac Ferguson, the one and only child of Rose and Stanley Ferguson, is born. From that single beginning, Ferguson’s life will take four simultaneous and independent fictional paths. Four identical Fergusons made of the same DNA, four boys who are the same boy, go on to lead four parallel and entirely different lives. Family fortunes diverge. Athletic skills and sex lives and friendships and intellectual passions contrast. Each Ferguson falls under the spell of the magnificent Amy Schneiderman, yet each Amy and each Ferguson have a relationship like no other. Meanwhile, readers will take in each Ferguson’s pleasures and ache from each Ferguson’s pains, as the mortal plot of each Ferguson’s life rushes on.As inventive and dexterously constructed as anything Paul Auster has ever written, yet with a passion for realism and a great tenderness and fierce attachment to history and to life itself that readers have never seen from Auster before. 4 3 2 1 is a marvelous and unforgettably affecting tour de force."
The Three-Body Problem,Liu Cixin,China,4.06,"['Science Fiction', 'Fiction', 'China', 'Science Fiction Fantasy', 'Audiobook', 'Fantasy', 'Aliens', 'Novels', 'Speculative Fiction', 'Adult']",English,m,"The Three-Body Problem is the first chance for English-speaking readers to experience the Hugo Award-winning phenomenon from China's most beloved science fiction author, Liu Cixin."
The Prisoner of Heaven,Carlos Ruiz Zafón,Spain,4.04,"['Fiction', 'Historical Fiction', 'Mystery', 'Fantasy', 'Spain', 'Books About Books', 'Magical Realism', 'Historical', 'Spanish Literature', 'Gothic']",English,m,"Barcelona, 1957. It is Christmas, and Daniel Sempere and his wife Bea have much to celebrate. They have a beautiful new baby son named Julian, and their close friend Fermín Romero de Torres is about to be wed. But their joy is eclipsed when a mysterious stranger visits the Sempere bookshop and threatens to divulge a terrible secret that has been buried for two decades in the city's dark past. His appearance plunges Fermín and Daniel into a dangerous adventure that will take them back to the 1940's and the dark early days of Franco's dictatorship. The terrifying events of that time launch them on a journey fraught with jealousy, suspicion, vengeance, and lies, a search for the truth that will put into peril everything they love and ultimately transform their lives. Full of intrigue and emotion, The Prisoner of Heaven is a majestic novel in which the threads of The Shadow of the Wind and The Angel's Game converge under the spell of literature and bring us toward the enigma of the mystery hidden at the heart of the Cemetery of Forgotten Books, a collection of lost treasures known only to its few initiates and the very core of Carlos Ruiz Zafón's enchanting fictional world.(front flap)"
The Plot Against America,Philip Roth,United States,3.78,"['Fiction', 'Historical Fiction', 'Alternate History', 'Literature', 'Novels', 'American', 'Science Fiction', 'Jewish', 'Politics', 'Literary Fiction']",English,m,"In an astonishing feat of narrative invention, our most ambitious novelist imagines an alternate version of American history. In 1940 Charles A. Lindbergh, heroic aviator and rabid isolationist, is elected President. Shortly thereafter, he negotiates a cordial ""understanding"" with Adolf Hitler, while the new government embarks on a program of folksy anti-Semitism.For one boy growing up in Newark, Lindbergh's election is the first in a series of ruptures that threatens to destroy his small, safe corner of America - and with it, his mother, his father, and his older brother.(back cover)"
Legacy,Shannon Messenger,United States,4.53,"['Fantasy', 'Middle Grade', 'Young Adult', 'Adventure', 'Fiction', 'Romance', 'Childrens', 'Young Adult Fantasy', 'Audiobook', 'Urban Fantasy']",English,w,"Illusions shatter—and Sophie and her friends face impossible choices—in this astonishing eighth book in the New York Times and USA TODAY bestselling Keeper of the Lost Cities series.Sophie Foster wants answers. But after a lifetime of lies, sometimes the truth is the most dangerous discovery. Even the smallest secret comes with terrifying new responsibilities.  And Sophie’s not the only one with blank spots in her past, or mysteries surrounding her family. She and her friends are part of something much bigger than they imagined—and their roles have already been chosen for them. Every clue drags them deeper into the conspiracy. Every memory forces them to question everything—especially one another. And the harder they fight, the more the lines blur between friend and enemy."
My Grandmother Asked Me to Tell You She's Sorry,Fredrik Backman,Sweden,4.05,"['Fiction', 'Contemporary', 'Fantasy', 'Humor', 'Audiobook', 'Adult', 'Adult Fiction', 'Book Club', 'Family', 'Sweden']",English,m,"Elsa is seven years old and different. Her grandmother is seventy-seven years old and crazy, standing-on-the-balcony-firing-paintball-guns-at-men-who-want-to-talk-about-Jesus-crazy. She is also Elsa's best, and only, friend. At night Elsa takes refuge in her grandmother's stories, in the Land of Almost-Awake and the Kingdom of Miamas where everybody is different and nobody needs to be normal.When Elsa's grandmother dies and leaves behind a series of letters apologizing to people she has wronged, Elsa's greatest adventure begins. Her grandmother's letters lead her to an apartment building full of drunks, monsters, attack dogs, and totally ordinary old crones, but also to the truth about fairytales and kingdoms and a grandmother like no other."
Succubus Revealed,Richelle Mead,United States,4.26,"['Urban Fantasy', 'Paranormal', 'Fantasy', 'Romance', 'Paranormal Romance', 'Demons', 'Vampires', 'Adult', 'Angels', 'Supernatural']",English,w,"In Georgina Kincaid, succubus and she-demon, #1 New York Times bestselling author Richelle Mead has created one of her most enticing characters. But with a shot at love, and maybe even redemption, is the ultimate seductress finally going soft? Like hell she is. . .Georgina Kincaid has had an eternity to figure out the opposite sex, but sometimes they still surprise her. Take Seth Mortensen. The man has risked his soul to become Georgina's boyfriend. Still, with Lucifer for a boss, Georgina can't just hang up her killer heels and settle down to domestic bliss. In fact, she's being forced to transfer operations. . .to Las Vegas. The City of Sin is a dream gig for a succubus, but Georgina's allies are suspicious. Why are the powers-that-be so eager to get her away from Seattle and from Seth? Georgina is one of Hell's most valuable assets, but if there's any way out of the succubus business she plans to take it, no matter how much roadkill she leaves behind. She just hopes the casualties won't include the one man she's risking everything for. . ."
The Human Stain,Philip Roth,United States,3.88,"['Fiction', 'Novels', 'Literature', 'American', 'Contemporary', 'Literary Fiction', 'Classics', 'The United States Of America', 'Americana', 'Jewish']",English,m,"It is 1998, the year in which America is whipped into a frenzy of prurience by the impeachment of a president, and in a small New England town an aging Classics professor, Coleman Silk, is forced to retire when his colleagues decree that he is a racist. The charge is a lie, but the real truth about Silk would astonish even his most virulent accuser.Coleman Silk has a secret, one which has been kept for fifty years from his wife, his four children, his colleagues, and his friends, including the writer Nathan Zuckerman. It is Zuckerman who stumbles upon Silk's secret and sets out to reconstruct the unknown biography of this eminent, upright man, esteemed as an educator for nearly all his life, and to understand how this ingeniously contrived life came unraveled. And to understand also how Silk's astonishing private history is, in the words of the Wall Street Journal, ""magnificently"" interwoven with ""the larger public history of modern America."""
Crossroads,Mary Ting,United States,3.71,"['Angels', 'Fantasy', 'Young Adult', 'Paranormal', 'Romance', 'Paranormal Romance', 'Demons', 'Urban Fantasy', 'Fiction', 'Supernatural']",English,m,"***Gold Medal READERS FAVORITE AWARDS WINNER 2012 for Young Adult-General***Can two worlds collide in dreams?  Protecting her from the fallen was his duty.Falling in love was never part of his plan.Loving her was forbidden.Being with her was all that mattered, even if it meant he would be exiled for all eternity.  Claudia Emerson's life is about to change when her good friend, who coincidentally shares the same first and last name, dies in a tragic accident. Distraught at the loss of her friend, Claudia's dreams become tumultuous, and through them she mysteriously travels to another world called Crossroads. There, she unexpectedly meets Michael, a nephilim--half angel, half human. Now that she's been there, fallen and demons are after her, suspecting she must be special, and it is up to Michael and the other nephilim to protect her. Her dream becomes a nightmare as more secrets are revealed about who she really is, and the true identities of the people she loves most."
The Silkworm,Robert Galbraith,United Kingdom,4.04,"['Mystery', 'Fiction', 'Crime', 'Thriller', 'Audiobook', 'Mystery Thriller', 'Detective', 'Adult', 'Contemporary', 'Adult Fiction']",English,w,"Private investigator Cormoran Strike returns in a new mystery from Robert Galbraith, author of the #1 international bestseller The Cuckoo's Calling.When novelist Owen Quine goes missing, his wife calls in private detective Cormoran Strike. At first, Mrs. Quine just thinks her husband has gone off by himself for a few days—as he has done before—and she wants Strike to find him and bring him home.But as Strike investigates, it becomes clear that there is more to Quine's disappearance than his wife realizes. The novelist has just completed a manuscript featuring poisonous pen-portraits of almost everyone he knows. If the novel were to be published, it would ruin lives—meaning that there are a lot of people who might want him silenced.When Quine is found brutally murdered under bizarre circumstances, it becomes a race against time to understand the motivation of a ruthless killer, a killer unlike any Strike has encountered before..."
White Night,Jim Butcher,Japan,4.38,"['Fantasy', 'Urban Fantasy', 'Fiction', 'Mystery', 'Paranormal', 'Magic', 'Audiobook', 'Vampires', 'Supernatural', 'Science Fiction Fantasy']",English,m,"The inspiration for the Sci Fi channel television series  In Chicago, someone has been killing practitioners of magic, those incapable of becoming full-fledged wizards. Shockingly, all the evidence points to Harry Dresden's half-brother, Thomas, as the murderer. Determined to clear his sibling's name, Harry uncovers a conspiracy within the White Council of Wizards that threatens not only him, but his nearest and dearest, too..."
After You,Jojo Moyes,United Kingdom,3.73,"['Fiction', 'Romance', 'Contemporary', 'Chick Lit', 'Audiobook', 'Adult', 'Adult Fiction', 'Drama', 'Realistic Fiction', 'Novels']",English,w,"From the New York Times bestselling author of The Giver of Stars, discover the love story that captured over 20 million hearts in Me Before You, After You, and Still Me.“You’re going to feel uncomfortable in your new world for a bit. But I hope you feel a bit exhilarated too. Live boldly. Push yourself. Don’t settle. Just live well. Just live. Love, Will.” How do you move on after losing the person you loved? How do you build a life worth living? Louisa Clark is no longer just an ordinary girl living an ordinary life. After the transformative six months spent with Will Traynor, she is struggling without him. When an extraordinary accident forces Lou to return home to her family, she can’t help but feel she’s right back where she started. Her body heals, but Lou herself knows that she needs to be kick-started back to life. Which is how she ends up in a church basement with the members of the Moving On support group, who share insights, laughter, frustrations, and terrible cookies. They will also lead her to the strong, capable Sam Fielding—the paramedic, whose business is life and death, and the one man who might be able to understand her. Then a figure from Will’s past appears and hijacks all her plans, propelling her into a very different future. . . . For Lou Clark, life after Will Traynor means learning to fall in love again, with all the risks that brings. But here Jojo Moyes gives us two families, as real as our own, whose joys and sorrows will touch you deeply, and where both changes and surprises await."
Heretics of Dune,Frank Herbert,United States,3.87,"['Science Fiction', 'Fiction', 'Fantasy', 'Science Fiction Fantasy', 'Space Opera', 'Classics', 'Novels', 'Audiobook', 'Speculative Fiction', 'Space']",English,m,"With more than ten million copies sold, Frank Herbert's magnificent Dune books stand among the major achievements of the human imagination. In this, the fifth and most spectacular Dune book of all, the planet Arrakis--now called Rakis--is becoming desert again. The Lost Ones are returning home from the far reaches of space. The great sandworms are dying. And the children of Dune's children awaken from empire as from a dream, wielding the new power of a heresy called love..."
Blackout,Connie Willis,Austria,3.84,"['Science Fiction', 'Time Travel', 'Historical Fiction', 'Fiction', 'Historical', 'Fantasy', 'World War II', 'Science Fiction Fantasy', 'Speculative Fiction', 'Hugo Awards']",English,m,"Oxford in 2060 is a chaotic place, with scores of time-traveling historians being sent into the past. Michael Davies is prepping to go to Pearl Harbor. Merope Ward is coping with a bunch of bratty 1940 evacuees and trying to talk her thesis adviser into letting her go to VE-Day. Polly Churchill’s next assignment will be as a shopgirl in the middle of London’s Blitz. But now the time-travel lab is suddenly canceling assignments and switching around everyone’s schedules. And when Michael, Merope, and Polly finally get to World War II, things just get worse. For there they face air raids, blackouts, and dive-bombing Stukas--to say nothing of a growing feeling that not only their assignments but the war and history itself are spiraling out of control. Because suddenly the once-reliable mechanisms of time travel are showing significant glitches, and our heroes are beginning to question their most firmly held belief: that no historian can possibly change the past."
Crazy Rich Asians,Kevin Kwan,"Singapore, United States",3.85,"['Fiction', 'Romance', 'Contemporary', 'Chick Lit', 'Audiobook', 'Adult', 'Humor', 'Adult Fiction', 'Asia', 'Realistic Fiction']",English,m,"Crazy Rich Asians is the outrageously funny debut novel about three super-rich, pedigreed Chinese families and the gossip, backbiting, and scheming that occurs when the heir to one of the most massive fortunes in Asia brings home his ABC (American-born Chinese) girlfriend to the wedding of the season.When Rachel Chu agrees to spend the summer in Singapore with her boyfriend, Nicholas Young, she envisions a humble family home, long drives to explore the island, and quality time with the man she might one day marry. What she doesn't know is that Nick's family home happens to look like a palace, that she'll ride in more private planes than cars, and that with one of Asia's most eligible bachelors on her arm, Rachel might as well have a target on her back.Initiated into a world of dynastic splendor beyond imagination, Rachel meets Astrid, the It Girl of Singapore society; Eddie, whose family practically lives in the pages of the Hong Kong socialite magazines; and Eleanor, Nick's formidable mother, a woman who has very strong feelings about who her son should--and should not--marry. Uproarious, addictive, and filled with jaw-dropping opulence, Crazy Rich Asians is an insider's look at the Asian JetSet; a perfect depiction of the clash between old money and new money; between Overseas Chinese and Mainland Chinese; and a fabulous novel about what it means to be young, in love, and gloriously, crazily rich."
Manuscript Found in Accra,Paulo Coelho,Brazil,3.8,"['Fiction', 'Philosophy', 'Historical Fiction', 'Spirituality', 'Novels', 'Inspirational', 'Self Help', 'Literature', 'Audiobook', 'Religion']",English,m,"The latest novel from the #1 internationally best-selling author of The Alchemist.There is nothing wrong with anxiety.Although we cannot control God's time, it is part of the human condition to want to receive the thing we are waiting for as quickly as possible.Or to drive away whatever is causing our fear....Anxiety was born in the very same moment as mankind. And since we will never be able to master it, we will have to learn to live with it-just as we have learned to live with storms.* * *July 14, 1099. Jerusalem awaits the invasion of the crusaders who have surrounded the city's gates. There, inside the ancient city's walls, men and women of every age and every faith have gathered to hear the wise words of a mysterious man known only as the Copt. He has summoned the townspeople to address their fears with truth:""Tomorrow, harmony will become discord. Joy will be replaced by grief. Peace will give way to war.... None of us can know what tomorrow will hold, because each day has its good and its bad moments. So, when you ask your questions, forget about the troops outside and the fear inside. Our task is not to leave a record of what happened on this date for those who will inherit the Earth; history will take care of that. Therefore, we will speak about our daily lives, about the difficulties we have had to face.""The people begin with questions about defeat, struggle, and the nature of their enemies; they contemplate the will to change and the virtues of loyalty and solitude; and they ultimately turn to questions of beauty, love, wisdom, sex, elegance, and what the future holds. ""What is success?"" poses the Copt. ""It is being able to go to bed each night with your soul at peace.""* * *Now, these many centuries later, the wise man's answers are a record of the human values that have endured throughout time. And, in Paulo Coelho's hands, The Manuscript Found in Accra reveals that who we are, what we fear, and what we hope for the future come from the knowledge and belief that can be found within us, and not from the adversity that surrounds us."
My Not So Perfect Life,Sophie Kinsella,United Kingdom,3.8,"['Chick Lit', 'Fiction', 'Romance', 'Contemporary', 'Audiobook', 'Adult', 'Adult Fiction', 'Humor', 'Contemporary Romance', 'British Literature']",English,w,"NEW YORK TIMES BESTSELLER - Part love story, part workplace drama, this sharply observed novel is a witty critique of the false judgments we make in a social-media-obsessed world. New York Times bestselling author Sophie Kinsella has written her most timely novel yet.Everywhere Katie Brenner looks, someone else is living the life she longs for, particularly her boss, Demeter Farlowe. Demeter is brilliant and creative, lives with her perfect family in a posh townhouse, and wears the coolest clothes. Katie's life, meanwhile, is a daily struggle--from her dismal rental to her oddball flatmates to the tense office politics she's trying to negotiate. No wonder Katie takes refuge in not-quite-true Instagram posts, especially as she's desperate to make her dad proud.Then, just as she's finding her feet--not to mention a possible new romance--the worst happens. Demeter fires Katie. Shattered but determined to stay positive, Katie retreats to her family's farm in Somerset to help them set up a vacation business. London has never seemed so far away--until Demeter unexpectedly turns up as a guest. Secrets are spilled and relationships rejiggered, and as the stakes for Katie's future get higher, she must question her own assumptions about what makes for a truly meaningful life.Sophie Kinsella is celebrated for her vibrant, relatable characters and her great storytelling gifts. Now she returns with all of the wit, warmth, and wisdom that are the hallmarks of her bestsellers to spin this fresh, modern story about presenting the perfect life when the reality is far from the truth."
The Inheritance of Loss,Kiran Desai,India,3.43,"['Fiction', 'India', 'Historical Fiction', 'Indian Literature', 'Novels', 'Asia', 'Literary Fiction', 'Literature', 'Contemporary', 'Book Club']",English,w,"In a crumbling, isolated house at the foot of Mount Kanchenjunga in the Himalayas lives an embittered judge who wants only to retire in peace, when his orphaned granddaughter, Sai, arrives on his doorstep. The judge’s cook watches over her distractedly, for his thoughts are often on his son, Biju, who is hopscotching from one gritty New York restaurant to another. Kiran Desai’s brilliant novel, published to huge acclaim, is a story of joy and despair. Her characters face numerous choices that majestically illuminate the consequences of colonialism as it collides with the modern world."
Truly Madly Guilty,Liane Moriarty,Australia,3.57,"['Fiction', 'Contemporary', 'Chick Lit', 'Audiobook', 'Mystery', 'Adult Fiction', 'Adult', 'Australia', 'Drama', 'Thriller']",English,w,"Six responsible adults. Three cute kids. One small dog. It’s just a normal weekend. What could possibly go wrong?Sam and Clementine have a wonderful, albeit, busy life: they have two little girls, Sam has just started a new dream job, and Clementine, a cellist, is busy preparing for the audition of a lifetime. If there’s anything they can count on, it’s each other.Clementine and Erika are each other’s oldest friends. A single look between them can convey an entire conversation. But theirs is a complicated relationship, so when Erika mentions a last minute invitation to a barbecue with her neighbors, Tiffany and Vid, Clementine and Sam don’t hesitate. Having Tiffany and Vid’s larger than life personalities there will be a welcome respite.Two months later, it won’t stop raining, and Clementine and Sam can’t stop asking themselves the question: What if we hadn’t gone?In Truly Madly Guilty, Liane Moriarty takes on the foundations of our lives: marriage, sex, parenthood, and friendship. She shows how guilt can expose the fault lines in the most seemingly strong relationships, how what we don’t say can be more powerful than what we do, and how sometimes it is the most innocent of moments that can do the greatest harm."
War Storm,Victoria Aveyard,United States,3.88,"['Fantasy', 'Young Adult', 'Dystopia', 'Romance', 'Fiction', 'Young Adult Fantasy', 'Audiobook', 'Science Fiction', 'Magic', 'High Fantasy']",English,w,"Victory comes at a price.Mare Barrow learned this all too well when Cal’s betrayal nearly destroyed her. Now determined to protect her heart—and secure freedom for Reds and newbloods like her—Mare resolves to overthrow the kingdom of Norta once and for all… starting with the crown on Maven’s head.But no battle is won alone, and before the Reds may rise as one, Mare must side with the boy who broke her heart in order to defeat the boy who almost broke her. Cal’s powerful Silver allies, alongside Mare and the Scarlet Guard, prove a formidable force. But Maven is driven by an obsession so deep, he will stop at nothing to have Mare as his own again, even if it means demolishing everything—and everyone—in his path.War is coming, and all Mare has fought for hangs in the balance. Will victory be enough to topple the Silver kingdoms? Or will the little lightning girl be forever silenced?In the epic conclusion to Victoria Aveyard’s stunning series, Mare must embrace her fate and summon all her power… for all will be tested, but not all will survive."
Nothing,Janne Teller,Denmark,3.75,"['Young Adult', 'Fiction', 'Contemporary', 'Teen', 'Realistic Fiction', 'Philosophy', 'Danish', 'School', 'Horror', 'Read For School']",English,w,"When Pierre-Anthon realizes there is no meaning to life, the seventh-grader leaves his classroom, climbs a tree, and stays there. His classmates cannot make him come down, not even by pelting him with rocks. So to prove to Pierre-Anthon that life has meaning, the children decide to give up things of importance. The pile starts with the superficial—a fishing rod, a new pair of shoes. But as the sacrifices become more extreme, the students grow increasingly desperate to get Pierre-Anthon down, to justify their belief in meaning. Sure to prompt intense thought and discussion, Nothing—already a treasured work overseas—is not to be missed."
Last Breath,Rachel Caine,United Kingdom,4.31,"['Vampires', 'Young Adult', 'Paranormal', 'Fantasy', 'Urban Fantasy', 'Romance', 'Supernatural', 'Fiction', 'Paranormal Romance', 'Teen']",English,m,"With her boss preoccupied researching the Founder Houses in Morganville, student Claire Danvers is left to her own devices when she learns that three vampires have vanished without a trace. She soon discovers that the last person seen with one of the missing vampires is someone new to town-a mysterious individual named Magnus. After an uneasy encounter with Morganville's latest resident, Claire is certain Magnus isn't merely human. But is he a vampire-or something else entirely?"
China Rich Girlfriend,Kevin Kwan,"Singapore, United States",3.82,"['Fiction', 'Contemporary', 'Romance', 'Chick Lit', 'Audiobook', 'Adult', 'Humor', 'Asia', 'Adult Fiction', 'China']",English,m,"Kevin Kwan, bestselling author of Crazy Rich Asians, is back with a wickedly funny new novel of social climbing, secret e-mails, art-world scandal, lovesick billionaires, and the outrageous story of what happens when Rachel Chu, engaged to marry Asia's most eligible bachelor, discovers her birthfather. On the eve of her wedding to Nicholas Young, heir to one of the greatest fortunes in Asia, Rachel should be over the moon. She has a flawless Asscher-cut diamond from JAR, a wedding dress she loves more than anything found in the salons of Paris, and a fiance willing to sacrifice his entire inheritance in order to marry her. But Rachel still mourns the fact that her birthfather, a man she never knew, won't be able to walk her down the aisle. Until: a shocking revelation draws Rachel into a world of Shanghai splendor beyond anything she has ever imagined. Here we meet Carlton, a Ferrari-crashing bad boy known for Prince Harry-like antics; Colette, a celebrity girlfriend chased by fevered paparazzi; and the man Rachel has spent her entire life waiting to meet: her father. Meanwhile, Singapore's It Girl, Astrid Leong, is shocked to discover that there is a downside to having a newly minted tech billionaire husband. A romp through Asia's most exclusive clubs, auction houses, and estates, China Rich Girlfriend brings us into the elite circles of Mainland China, introducing a captivating cast of characters, and offering an inside glimpse at what it's like to be gloriously, crazily, China-rich."
The Girl You Left Behind,Jojo Moyes,United Kingdom,3.99,"['Historical Fiction', 'Fiction', 'Romance', 'Chick Lit', 'Historical', 'Contemporary', 'Adult', 'Adult Fiction', 'War', 'Audiobook']",English,w,"From the New York Times bestselling author of The Giver of Stars, a sweeping bestseller of love and loss, deftly weaving two journeys from World War I France to present day London.Paris, World War I. Sophie Lefèvre must keep her family safe while her adored husband, Édouard, fights at the front. When their town falls to the Germans, Sophie is forced to serve them every evening at her hotel. From the moment the new Kommandant sets eyes on Sophie’s portrait—painted by her artist husband—a dangerous obsession is born. Almost a century later in London, Sophie’s portrait hangs in the home of Liv Halston, a wedding gift from her young husband before his sudden death. After a chance encounter reveals the portrait’s true worth, a battle begins over its troubled history and Liv’s world is turned upside all over again."
Then She Was Gone,Lisa Jewell,United Kingdom,4.03,"['Mystery', 'Thriller', 'Fiction', 'Mystery Thriller', 'Audiobook', 'Suspense', 'Crime', 'Adult', 'Adult Fiction', 'Psychological Thriller']",English,w,"THENShe was fifteen, her mother's golden girl. She had her whole life ahead of her. And then, in the blink of an eye, Ellie was gone. NOW It’s been ten years since Ellie disappeared, but Laurel has never given up hope of finding her daughter.And then one day a charming and charismatic stranger called Floyd walks into a café and sweeps Laurel off her feet. Before too long she’s staying the night at this house and being introduced to his nine year old daughter. Poppy is precocious and pretty - and meeting her completely takes Laurel's breath away. Because Poppy is the spitting image of Ellie when she was that age. And now all those unanswered questions that have haunted Laurel come flooding back. What happened to Ellie? Where did she go? Who still has secrets to hide?"
The Unlikely Pilgrimage of Harold Fry,Rachel Joyce,United Kingdom,3.92,"['Fiction', 'Contemporary', 'Audiobook', 'Book Club', 'Adult Fiction', 'British Literature', 'Adult', 'Literary Fiction', 'Novels', 'Travel']",English,w,"Meet Harold Fry, recently retired. He lives in a small English village with his wife, Maureen, who seems irritated by almost everything he does, even down to how he butters his toast. Little differentiates one day from the next. Then one morning the mail arrives, and within the stack of quotidian minutiae is a letter addressed to Harold in a shaky scrawl from a woman he hasn't seen or heard from in twenty years. Queenie Hennessy is in hospice and is writing to say goodbye. Harold pens a quick reply and, leaving Maureen to her chores, heads to the corner mailbox. But then, as happens in the very best works of fiction, Harold has a chance encounter, one that convinces him that he absolutely must deliver his message to Queenie in person. And thus begins the unlikely pilgrimage. Harold Fry is determined to walk six hundred miles from Kingsbridge to the hospice in Berwick-upon-Tweed because, he believes, as long as he walks, Queenie Hennessey will live. Still in his yachting shoes and light coat, Harold embarks on his urgent quest across the countryside. Along the way he meets one character after another, each of whom unlocks his long-dormant spirit and sense of promise. Memories of his first dance with Maureen, his wedding day, his joy in fatherhood, come rushing back to him - allowing him to also reconcile the losses and the regrets. As for Maureen, she finds herself missing Harold for the first time in years. And then there is the unfinished business with Queenie Hennessy."
Fever,Lauren DeStefano,United States,3.78,"['Dystopia', 'Young Adult', 'Romance', 'Science Fiction', 'Fantasy', 'Fiction', 'Post Apocalyptic', 'Teen', 'Adventure', 'Futuristic']",English,w,"Rhine and Gabriel have escaped the mansion, but danger is never far behind.Running away brings Rhine and Gabriel right into a trap, in the form of a twisted carnival whose ringmistress keeps watch over a menagerie of girls. Just as Rhine uncovers what plans await her, her fortune turns again. With Gabriel at her side, Rhine travels through an environment as grim as the one she left a year ago - surroundings that mirror her own feelings of fear and hopelessness.The two are determined to get to Manhattan, to relative safety with Rhine’s twin brother, Rowan. But the road there is long and perilous - and in a world where young women only live to age twenty and young men die at twenty-five, time is precious. Worse still, they can’t seem to elude Rhine’s father-in-law, Vaughn, who is determined to bring Rhine back to the mansion...by any means necessary.In the sequel to Lauren DeStefano’s harrowing Wither, Rhine must decide if freedom is worth the price - now that she has more to lose than ever."
The Story of a New Name,Elena Ferrante,Italy,4.39,"['Fiction', 'Italy', 'Historical Fiction', 'Italian Literature', 'Novels', 'Literary Fiction', 'Audiobook', 'Contemporary', 'Literature', 'Historical']",English,w,"In 2012, Elena Ferrante's My Brilliant Friend introduced readers to the unforgettable Elena and Lila, whose lifelong friendship provides the backbone for the Neapolitan Novels. The Story of a New Name is the second book in this series. With these books, which the New Yorker's James Wood described as ""large, captivating, amiably peopled ... a beautiful and delicate tale of confluence and reversal,"" Ferrante proves herself to be one of Italy's most accomplished storytellers. She writes vividly about a specific neighborhood of Naples from the late-1950s through to the current day and about two remarkable young women who are very much the products of that place and time. Yet in doing so she has created a world in which readers will recognize themselves and has drawn a marvelously nuanced portrait of friendship.In The Story of a New Name, Lila has recently married and made her entrée into the family business; Elena, meanwhile, continues her studies and her exploration of the world beyond the neighborhood that she so often finds stifling. Love, jealousy, family, freedom, commitment, and above all friendship: these are signs under which both women live out this phase in their stories. Marriage appears to have imprisoned Lila, and the pressure to excel is at times too much for Elena. Yet the two young women share a complex and evolving bond that is central to their emotional lives and is a source of strength in the face of life's challenges. In these Neapolitan Novels, Elena Ferrante, the acclaimed author of The Days of Abandonment, gives readers a poignant and universal story about friendship and belonging."
Central Park,Guillaume Musso,France,3.96,"['Thriller', 'Fiction', 'Mystery', 'Romance', 'France', 'Novels', 'Crime', 'Contemporary', 'French Literature', 'Roman']",French,m,"Alice et Gabriel n'ont aucun souvenir de la nuit dernière... ...pourtant, ils ne sont pas près de l'oublier.New York, huit heures du matin ...Alice, jeune flic parisien, et Gabriel, pianiste de jazz américain, se réveillent menottés l'un à l'autre sur un banc de Central Park.Ils ne se connaissent pas et n'ont aucun souvenir de leur rencontre. La veille au soir, Alice faisait la fête avec ses copines sur les Champs-Élysées tandis que Gabriel jouait du piano dans un club de Dublin.Impossible ? Et pourtant ...Les questions succèdent à la stupéfaction. Comment se sont-ils retrouvés dans une situation aussi périlleuse ? D'où provient le sang qui tache le chemisier d'Alice ? Pourquoi manque-t-il une balle dans son arme ?Pour comprendre ce qui leur arrive et renouer les fils de leurs vies, Alice et Gabriel n'ont pas d'autre choix que de faire équipe. La vérité qu'ils vont découvrir va bouleverser leur existence ..."
We Are All Completely Beside Ourselves,Karen Joy Fowler,United States,3.71,"['Fiction', 'Contemporary', 'Literary Fiction', 'Adult Fiction', 'Book Club', 'Animals', 'Audiobook', 'Adult', 'Family', 'Novels']",English,w,"Meet the Cooke family. Our narrator is Rosemary Cooke. As a child, she never stopped talking; now that she's started college, she has wrapped herself in silence: the silence of intentional forgetting, of protective cover. Rosemary is now an only child, but she used to have a sister the same age as her, and an older brother. Both are now gone—vanished from her life. Her once lively mother is a shell of her former self, her clever and imperious father now a distant, brooding man. And there was something unique about Rosemary's sister, Fern.You'll have to find out for yourself what it is that makes her unhappy family unlike any other."
The Woman in Cabin 10,Ruth Ware,United Kingdom,3.7,"['Mystery', 'Thriller', 'Fiction', 'Mystery Thriller', 'Suspense', 'Audiobook', 'Adult', 'Crime', 'Adult Fiction', 'Contemporary']",English,w,"Lo Blacklock, a journalist who writes for a travel magazine, has just been given the assignment of a lifetime: a week on a luxury cruise with only a handful of cabins. The sky is clear, the waters calm, and the veneered, select guests jovial as the exclusive cruise ship, the Aurora, begins her voyage in the picturesque North Sea. At first, Lo's stay is nothing but pleasant: the cabins are plush, the dinner parties are sparkling, and the guests are elegant. But as the week wears on, frigid winds whip the deck, gray skies fall, and Lo witnesses what she can only describe as a dark and terrifying nightmare: a woman being thrown overboard. The problem? All passengers remain accounted for and so, the ship sails on as if nothing has happened, despite Lo's desperate attempts to convey that something (or someone) has gone terribly, terribly wrong."
The Buried Giant,Kazuo Ishiguro,United Kingdom,3.52,"['Fantasy', 'Fiction', 'Historical Fiction', 'Literary Fiction', 'Audiobook', 'Novels', 'Historical', 'Literature', 'British Literature', 'Magical Realism']",English,m,"""You've long set your heart against it, Axl, I know. But it's time now to think on it anew. There's a journey we must go on, and no more delay...""The Buried Giant begins as a couple set off across a troubled land of mist and rain in the hope of finding a son they have not seen in years.Sometimes savage, often intensely moving, Kazuo Ishiguro's first novel in nearly a decade is about lost memories, love, revenge, and war."
The Innocent,David Baldacci,United States,4.13,"['Thriller', 'Fiction', 'Mystery', 'Suspense', 'Crime', 'Mystery Thriller', 'Drama', 'Action', 'Audiobook', 'Novels']",English,m,"America has enemies - ruthless people that the police, the FBI, even the military can't stop. That's when the U.S. government calls on Will Robie, a stone cold hitman who never questions orders and always nails his target. But Will Robie may have just made the first - and last - mistake of his career... It begins with a hit gone wrong. Robie is dispatched to eliminate a target unusually close to home in Washington, D.C. But something about this mission doesn't seem right to Robie, and he does the unthinkable. He refuses to kill. Now, Robie becomes a target himself and must escape from his own people.Fleeing the scene, Robie crosses paths with a wayward teenage girl, a fourteen-year-old runaway from a foster home. But she isn't an ordinary runaway -- her parents were murdered, and her own life is in danger. Against all of his professional habits, Robie rescues her and finds he can't walk away. He needs to help her.Even worse, the more Robie learns about the girl, the more he's convinced she is at the center of a vast cover-up, one that may explain her parents' deaths and stretch to unimaginable levels of power.Now, Robie may have to step out of the shadows in order to save this girl's life... and perhaps his own."
Mahabharata,C. Rajagopalachari (Translator),India,4.28,"['Classics', 'Mythology', 'Religion', 'Fiction', 'India', 'Philosophy', 'Epic', 'Poetry', 'Spirituality', 'Indian Literature']",English,m,"Originally published in the year 1951, the huge popularity of the book has resulted in the book being re-printed several times. Centuries ago, it was proclaimed of the Mahabharata: ""What is not in it, is nowhere."" But even now, we can use the same words about it. He who knows it not, knows not the heights and depths of the soul; he misses the trials and tragedy and the beauty and grandeur of life. The Mahabharata is not a mere epic; it is a romance telling the tale of heroic men and women, and of some who were divine. It is a whole literature in itself, containing a code of life, a philosophy of social and ethical relations, and speculative thought on human problems that is hard to rival."
The 17th Suspect,"James Patterson , Maxine Paetro",United States; United States,3.9,"['Mystery', 'Fiction', 'Thriller', 'Crime', 'Audiobook', 'Mystery Thriller', 'Suspense', 'Detective', 'Murder Mystery', 'Adult']",English,m; w,"In this #1 NYT bestseller, Sergeant Lindsay Boxer puts her life on the line to protect San Francisco from a shrewd and unpredictable killer.When a series of shootings exposes San Francisco to a mysterious killer, a reluctant woman decides to put her trust in Sergeant Lindsay Boxer. The confidential informant's tip leads Lindsay to a disturbing conclusion: something has gone horribly wrong inside the police department.The hunt for the killer lures Lindsay out of her jurisdiction and impacts her in dangerous ways. She suffers unsettling medical symptoms, and her friends in the Women's Murder Club warn her against taking the crimes to heart. But with lives at stake, the detective can't help but follow the case into terrifying terrain.A decorated officer, loving wife, devoted mother, and loyal friend, Lindsay has always acted with unwavering integrity. But now she is confronting a killer who is determined to undermine it all."
The Silent Wife,A.S.A. Harrison,United States,3.31,"['Fiction', 'Thriller', 'Mystery', 'Suspense', 'Mystery Thriller', 'Drama', 'Crime', 'Audiobook', 'Psychological Thriller', 'Contemporary']",English,w,"Told in alternating voices, ""The Silent Wife ""is about a marriage in the throes of dissolution, a couple headed for catastrophe, concessions that can't be made, and promises that won't be kept."
Seveneves,Neal Stephenson,United States,3.99,"['Science Fiction', 'Fiction', 'Post Apocalyptic', 'Science Fiction Fantasy', 'Audiobook', 'Dystopia', 'Space', 'Fantasy', 'Apocalyptic', 'Speculative Fiction']",English,m,"What would happen if the world were ending?A catastrophic event renders the earth a ticking time bomb. In a feverish race against the inevitable, nations around the globe band together to devise an ambitious plan to ensure the survival of humanity far beyond our atmosphere, in outer space.But the complexities and unpredictability of human nature coupled with unforeseen challenges and dangers threaten the intrepid pioneers, until only a handful of survivors remain . . .Five thousand years later, their progeny—seven distinct races now three billion strong—embark on yet another audacious journey into the unknown . . . to an alien world utterly transformed by cataclysm and time: Earth.A writer of dazzling genius and imaginative vision, Neal Stephenson combines science, philosophy, technology, psychology, and literature in a magnificent work of speculative fiction that offers a portrait of a future that is both extraordinary and eerily recognizable. As he did in Anathem, Cryptonomicon, the Baroque Cycle, and Reamde, Stephenson explores some of our biggest ideas and perplexing challenges in a breathtaking saga that is daring, engrossing, and altogether brilliant."
A Man,Oriana Fallaci,Italy,4.35,"['Fiction', 'Italian Literature', 'Novels', 'Italy', 'Literature', 'Romance', 'Historical Fiction', 'Classics', 'Politics', 'Contemporary']",English,w,"""What's the point anyway — Of suffering, dying? It teaches us to live, boy. A man who does not struggle does not live, he survives."" (quote from the book)The book is a pseudo-biography about Alexandros Panagoulis written in the form of a novel. Fallaci had an intense romantic relationship with Panagoulis. She uses the novel to put forth her view that Panagoulis was assassinated by a vast conspiracy, a view widely shared by many Greeks."
A Dangerous Fortune,Ken Follett,United Kingdom,4.07,"['Historical Fiction', 'Fiction', 'Thriller', 'Historical', 'Mystery', 'Audiobook', 'Suspense', 'Romance', 'Drama', 'British Literature']",English,m,"In 1866, tragedy strikes at the exclusive Windfield School. A young student drowns in a mysterious accident involving a small circle of boys. The drowning and its aftermath initiates a spiraling circle of treachery that will span three decades and entwine many loves... From the exclusive men's club and brothels that cater to every dark desire of London's upper classes to the dazzling ballrooms and mahogany-paneled suites of the manipulators of the world's wealth, Ken Follett conjures up a stunning array of contrasts. This breathtaking novel portrays a family splintered by lust, bound by a shared legacy... men and women swept toward a perilous climax where greed, fed by the shocking truth of a boy's death, must be stopped, or not just one man's dreams, but those of a nation, will die..."
Twelve Sharp,Janet Evanovich,United States,4.15,"['Mystery', 'Fiction', 'Humor', 'Chick Lit', 'Romance', 'Crime', 'Comedy', 'Mystery Thriller', 'Contemporary', 'Adult']",English,w,"Welcome to Trenton, New Jersey, where bounty hunter Stephanie Plum's life is about to implode in Janet Evanovich's wildest, hottest novel yet! FIRST A STRANGER APPEARSWhile chasing down the usual cast of miscreants and weirdos Stephanie discovers that a crazed woman is stalking her. THEN THE STRANGER REVEALS HER SECRETSThe woman dresses in black, carries a 9mm Glock, and has a bad attitude and a mysterious connection to dark and dangerous Carlos Manoso …street name, Ranger.  NEXT, SOMEBODY DIESThe action turns deadly serious, and Stephanie goes from hunting skips to hunting a murderer.  SOON, THE CHASE IS ONRanger needs Stephanie for more reasons than he can say.  And now, the two are working together to find a killer, rescue a missing child, and stop a lunatic from raising the body count.  When Stephanie Plum and Ranger get too close for comfort, vice cop Joe Morelli (her on-again, off-again boyfriend) steps in.   Will the ticking clock stop at the stroke of twelve, or will a stranger in the wind find a way to stop Stephanie Plum…forever?  Filled with Janet Evanovich's trademark action, nonstop adventure, and sharp humor, Twelve Sharp shows why her novels have been called ""hot stuff"" (The New York Times), and Evanovich herself ""the master"" (San Francisco Examiner). "
Down London Road,Samantha Young,United Kingdom,4.23,"['Romance', 'New Adult', 'Contemporary Romance', 'Contemporary', 'Adult', 'Erotica', 'Chick Lit', 'Fiction', 'Abuse', 'Erotic Romance']",English,w,"Johanna Walker is used to taking charge. But she’s about to meet someone who will make her lose control... It has always been up to Johanna to care for her family, particularly her younger brother, Cole. With an absent father and a useless mother, she’s been making decisions based on what’s best for Cole for as long as she can remember. She even determines what men to date by how much they can provide for her brother and her, not on whatever sparks may—or may not—fly. But with Cameron MacCabe, the attraction is undeniable. The sexy new bartender at work gives her butterflies every time she looks at him. And for once, Jo is tempted to put her needs first. Cam is just as obsessed with getting to know Jo, but her walls are too solid to let him get close enough to even try. Then Cam moves into the flat below Jo’s, and their blistering connection becomes impossible to ignore. Especially since Cam is determined to uncover all of Jo’s secrets... even if it means taking apart her defenses piece by piece."
The Lost Boy,Dave Pelzer,Sweden,4.09,"['Nonfiction', 'Memoir', 'Biography', 'Autobiography', 'Psychology', 'Abuse', 'True Story', 'Biography Memoir', 'Adult', 'Fostering']",English,w,"Imagine a young boy who has never had a loving home. His only possesions are the old, torn clothes he carries in a paper bag. The only world he knows is one of isolation and fear. Although others had rescued this boy from his abusive alcoholic mother, his real hurt is just begining -- he has no place to call home.  This is Dave Pelzer's long-awaited sequel to A Child Called ""It"". In The Lost Boy, he answers questions and reveals new adventures through the compelling story of his life as an adolescent. Now considered an F-Child (Foster Child), Dave is moved in and out of five different homes. He suffers shame and experiences resentment from those who feel that all foster kids are trouble and unworthy of being loved just because they are not part of a ""real"" family.  Tears, laughter, devastation and hope create the journey of this little lost boy who searches desperately for just one thing -- the love of a family."
2 States: The Story of My Marriage,Chetan Bhagat,India,3.43,"['Fiction', 'Romance', 'Indian Literature', 'India', 'Contemporary', 'Novels', 'Young Adult', 'Drama', 'Humor', 'Romantic']",English,m,"Love marriages around the world are simple: Boy loves girl. Girl loves boy. They get married. In India, there are a few more steps: Boy loves Girl. Girl loves Boy. Girl's family has to love boy. Boy's family has to love girl. Girl's Family has to love Boy's Family. Boy's family has to love girl's family. Girl and Boy still love each other. They get married.Welcome to 2 States, a story about Krish and Ananya. They are from two different states of India, deeply in love and want to get married. Of course, their parents don't agrees. To convert their love story into a love marriage, the couple have a tough battle in front of them. For it is easy to fight and rebel, but it is much harder to convince. Will they make it?From the author of blockbusters Five Point Someone, One Night @ the Call Center and The 3 Mistakes of My Life, comes another witty tale about inter-community marriages in modern india."
Revenge,O.L. Ramos,United Kingdom,4.26,['Young Adult'],English,m,"If the world you lived in was someday revealed to be nothing but a lie, would you really want the truth? Elizabeth McBeth did, and she's paid the price for it...After almost 10 years since Liz's mother was taken from her, Liz finally found her mother, Mary. But Mary has been forever changed, something that Liz will have to accept. The beginning of happier times, one would think...The conspiracy has been exposed; Liz, Vincent, Mary and Michael had all thought that the vampire plot had been destroyed. They should have never underestimated Klein. Klein has reinforced his armies, splitting the entire vampire species with the question... is Klein the vampiric messiah? Unfortunately for the heroes and the world itself, Klein has set in motion a plan that will destroy the world and recreate it in his own image.Will the group be able to defeat Klein and restore the balance to nature? Or are they already doomed?"
The Underground Railroad,Colson Whitehead,United States,4.03,"['Historical Fiction', 'Fiction', 'Historical', 'Audiobook', 'Race', 'Literary Fiction', 'African American', 'Adult', 'Adult Fiction', 'Novels']",English,m,"Cora is a slave on a cotton plantation in Georgia. Life is hell for all the slaves, but especially bad for Cora; an outcast even among her fellow Africans, she is coming into womanhood—where even greater pain awaits. When Caesar, a recent arrival from Virginia, tells her about the Underground Railroad, they decide to take a terrifying risk and escape. Matters do not go as planned—Cora kills a young white boy who tries to capture her. Though they manage to find a station and head north, they are being hunted.In Whitehead’s ingenious conception, the Underground Railroad is no mere metaphor—engineers and conductors operate a secret network of tracks and tunnels beneath the Southern soil. Cora and Caesar’s first stop is South Carolina, in a city that initially seems like a haven. But the city’s placid surface masks an insidious scheme designed for its black denizens. And even worse: Ridgeway, the relentless slave catcher, is close on their heels. Forced to flee again, Cora embarks on a harrowing flight, state by state, seeking true freedom.Like the protagonist of Gulliver’s Travels, Cora encounters different worlds at each stage of her journey—hers is an odyssey through time as well as space. As Whitehead brilliantly re-creates the unique terrors for black people in the pre–Civil War era, his narrative seamlessly weaves the saga of America from the brutal importation of Africans to the unfulfilled promises of the present day. The Underground Railroad is at once a kinetic adventure tale of one woman’s ferocious will to escape the horrors of bondage and a shattering, powerful meditation on the history we all share."
Only Time Will Tell,Jeffrey Archer,United Kingdom,4.08,"['Fiction', 'Historical Fiction', 'Mystery', 'Thriller', 'Drama', 'Historical', 'Audiobook', 'Suspense', 'Novels', 'Crime']",English,m,"
  From the internationally bestselling author of Kane and Abel and A Prisoner of Birth comes Only Time Will Tell, the first in an ambitious new series that tells the story of one family across generations, across oceans, from heartbreak to triumph.
The epic tale of Harry Clifton’s life begins in 1920, with the words “I was told that my father was killed in the war.” A dock worker in Bristol, Harry never knew his father, but he learns about life on the docks from his uncle, who expects Harry to join him at the shipyard once he’s left school. But then an unexpected gift wins him a scholarship to an exclusive boys’ school, and his life will never be the same again.As he enters into adulthood, Harry finally learns how his father really died, but the awful truth only leads him to question, was he even his father? Is he the son of Arthur Clifton, a stevedore who spent his whole life on the docks, or the firstborn son of a scion of West Country society, whose family owns a shipping line?This introductory novel in Archer’s ambitious series The Clifton Chronicles includes a cast of colorful characters and takes us from the ravages of the Great War to the outbreak of the Second World War, when Harry must decide whether to take up a place at Oxford or join the navy and go to war with Hitler’s Germany. From the docks of working-class England to the bustling streets of 1940 New York City, Only Time Will Tell takes readers on a journey through to future volumes, which will bring to life one hundred years of recent history to reveal a family story that neither the reader nor Harry Clifton himself could ever have imagined."
The Viscount Who Loved Me,Julia Quinn,United States,4.17,"['Historical Romance', 'Romance', 'Historical', 'Historical Fiction', 'Regency', 'Fiction', 'Adult', 'Regency Romance', 'Chick Lit', 'Humor']",English,w,"1814 promises to be another eventful season, but not, this author believes, for Anthony Bridgerton, London's most elusive bachelor, who has shown no indication that he plans to marry.And in truth, why should he? When it comes to playing the consummate rake, nobody does it better...—Lady Whistledown's Society Papers, April 1814But this time, the gossip columnists have it wrong. Anthony Bridgerton hasn't just decided to marry—he's even chosen a wife! The only obstacle is his intended's older sister, Kate Sheffield—the most meddlesome woman ever to grace a London ballroom. The spirited schemer is driving Anthony mad with her determination to stop the betrothal, but when he closes his eyes at night, Kate is the woman haunting his increasingly erotic dreams...Contrary to popular belief, Kate is quite sure that reformed rakes do not make the best husbands—and Anthony Bridgerton is the most wicked rogue of them all. Kate is determined to protect her sister—but she fears her own heart is vulnerable. And when Anthony's lips touch hers, she's suddenly afraid she might not be able to resist the reprehensible rake herself..."
The Starless Sea,Erin Morgenstern,United States,3.85,"['Fantasy', 'Fiction', 'Adult', 'Magical Realism', 'Audiobook', 'LGBT', 'Romance', 'Books About Books', 'Adult Fiction', 'Magic']",English,w,"Far beneath the surface of the earth, upon the shores of the Starless Sea, there is a labyrinthine collection of tunnels and rooms filled with stories. The entryways that lead to this sanctuary are often hidden, sometimes on forest floors, sometimes in private homes, sometimes in plain sight. But those who seek will find. Their doors have been waiting for them.Zachary Ezra Rawlins is searching for his door, though he does not know it. He follows a silent siren song, an inexplicable knowledge that he is meant for another place. When he discovers a mysterious book in the stacks of his campus library he begins to read, entranced by tales of lovelorn prisoners, lost cities, and nameless acolytes. Suddenly a turn of the page brings Zachary to a story from his own childhood impossibly written in this book that is older than he is.A bee, a key, and a sword emblazoned on the book lead Zachary to two people who will change the course of his life: Mirabel, a fierce, pink-haired painter, and Dorian, a handsome, barefoot man with shifting alliances. These strangers guide Zachary through masquerade party dances and whispered back room stories to the headquarters of a secret society where doorknobs hang from ribbons, and finally through a door conjured from paint to the place he has always yearned for. Amid twisting tunnels filled with books, gilded ballrooms, and wine-dark shores Zachary falls into an intoxicating world soaked in romance and mystery. But a battle is raging over the fate of this place and though there are those who would willingly sacrifice everything to protect it, there are just as many intent on its destruction. As Zachary, Mirabel, and Dorian venture deeper into the space and its histories and myths, searching for answers and each other, a timeless love story unspools, casting a spell of pirates, painters, lovers, liars, and ships that sail upon a Starless Sea."
The Narrow Road to the Deep North,Richard Flanagan,Australia,4.01,"['Fiction', 'Historical Fiction', 'War', 'Australia', 'Historical', 'World War II', 'Literary Fiction', 'Literature', 'Asia', 'Novels']",English,m,"A novel of the cruelty of war, and tenuousness of life and the impossibility of love.Richard Flanagan's story — of Dorrigo Evans, an Australian doctor haunted by a love affair with his uncle's wife — journeys from the caves of Tasmanian trappers in the early twentieth century to a crumbling pre-war beachside hotel, from a Thai jungle prison to a Japanese snow festival, from the Changi gallows to a chance meeting of lovers on the Sydney Harbour Bridge.Taking its title from 17th-century haiku poet Basho's travel journal, The Narrow Road to the Deep North is about the impossibility of love. At its heart is one day in a Japanese slave labour camp in August 1943. As the day builds to its horrific climax, Dorrigo Evans battles and fails in his quest to save the lives of his fellow POWs, a man is killed for no reason, and a love story unfolds."
The Magic Strings of Frankie Presto,Mitch Albom,United States,4.34,"['Fiction', 'Historical Fiction', 'Music', 'Audiobook', 'Adult Fiction', 'Fantasy', 'Adult', 'Magical Realism', 'Inspirational', 'Book Club']",English,m,"Mitch Albom creates a magical world through his love of music in this remarkable new novel about the power of talent to change our livesThis is the epic story of Frankie Presto—the greatest guitar player who ever lived—and the six lives he changed with his six magical blue stringsFrankie, born in a burning church, abandoned as an infant, and raised by a music teacher in a small Spanish town, until war rips his life apart. At nine years old, he is sent to America in the bottom of a boat. His only possession is an old guitar and six precious strings. His amazing journey weaves him through the musical landscape of the 1940s, ’50s and ’60s, with his stunning playing and singing talent affecting numerous stars (Duke Ellington, Hank Williams, Elvis Presley) until, as if predestined, he becomes a pop star himself.He makes records. He is adored. But Frankie Presto’s gift is also his burden, as he realizes the power of the strings his teacher gave him, and how, through his music, he can actually affect people’s lives. At the height of his popularity, tortured by his biggest mistake, he vanishes. His legend grows. Only decades later, having finally healed his heart, does Frankie reappearjust before his spectacular death—to change one last life. With the Spirit of Music as our guide, we glimpse into the lives that were changed by one man whose strings could touch the music—and the magic—in each of us."
The Vegetarian,Han Kang,South Korea,3.58,"['Fiction', 'Contemporary', 'Literary Fiction', 'Asia', 'Horror', 'Novels', 'Adult', 'Asian Literature', 'Audiobook', 'Adult Fiction']",English,w,"Before the nightmare, Yeong-hye and her husband lived an ordinary life. But when splintering, blood-soaked images start haunting her thoughts, Yeong-hye decides to purge her mind and renounce eating meat. In a country where societal mores are strictly obeyed, Yeong-hye's decision to embrace a more “plant-like” existence is a shocking act of subversion. And as her passive rebellion manifests in ever more extreme and frightening forms, scandal, abuse, and estrangement begin to send Yeong-hye spiraling deep into the spaces of her fantasy. In a complete metamorphosis of both mind and body, her now dangerous endeavor will take Yeong-hye—impossibly, ecstatically, tragically—far from her once-known self altogether."
Runaway,Meg Cabot,Canada,3.91,"['Young Adult', 'Romance', 'Chick Lit', 'Science Fiction', 'Contemporary', 'Fiction', 'Teen', 'Mystery', 'Fantasy', 'Realistic Fiction']",English,w,"EM WATTS IS ON THE RUNShe's on the run from school, from work, from her family, from her friends, from herself.With everyone she loves furious with her for something she can't explain, and nothing but the live Stark Angel fashion show on New Year's Eve to look forward to, Em's reached the end of her rope... what's the point of even going on?But when she discovers the truth about Nikki's secret, she knows there's only one person she can turn to.Will Christopher be able to put aside his personal feelings and help her expose her employer to the world? Is it even fair to get Christopher involved - since if he agrees, there's every chance that Stark Enterprises will try to have them both killed - this time, permanently?MAYBE IT WOULD BE BETTER TO KEEP ON RUNNING"
The Good Daughter,Karin Slaughter,United States,4.09,"['Mystery', 'Thriller', 'Fiction', 'Mystery Thriller', 'Crime', 'Audiobook', 'Suspense', 'Adult', 'Contemporary', 'Adult Fiction']",English,w,"Two girls are forced into the woods at gunpoint. One runs for her life. One is left behind.Twenty-eight years ago, Charlotte and Samantha Quinn's happy small-town family life was torn apart by a terrifying attack on their family home. It left their mother dead. It left their father—Pikeville's notorious defense attorney—devastated. And it left the family fractured beyond repair, consumed by secrets from that terrible night.Twenty-eight years later, Charlotte has followed in her father's footsteps to become a lawyer herself—the ideal good daughter. But when violence comes to Pikeville again, and a shocking tragedy leaves the whole town traumatized, Charlotte is plunged into a nightmare. Not only is she the first witness on the scene, but it's a case that unleashes the terrible memories she's spent so long trying to suppress--because the shocking truth about the crime that destroyed her family nearly thirty years ago won't stay buried forever. Packed with twists and turns, brimming with emotion and heart, The Good Daughter is fiction at its most thrilling."
All Fall Down,Ally Carter,United States,3.84,"['Young Adult', 'Mystery', 'Contemporary', 'Fiction', 'Thriller', 'Realistic Fiction', 'Adventure', 'Teen', 'Audiobook', 'Mystery Thriller']",English,w,"A new series of global proportions -- from master of intrigue, NEW YORK TIMES bestselling author Ally Carter.Grace Blakely is absolutely certain of three things:1. She is not crazy.2. Her mother was murdered.3. Someday she is going to find the killer and make him pay.As certain as Grace is about these facts, nobody else believes her -- so there's no one she can completely trust. Not her grandfather, a powerful ambassador. Not her new friends, who all live on Embassy Row. Not Alexei, the Russian boy next door, who is keeping his eye on Grace for reasons she neither likes nor understands.Everybody wants Grace to put on a pretty dress and a pretty smile, blocking out all her unpretty thoughts. But they can't control Grace -- no more than Grace can control what she knows or what she needs to do. Her past has come back to hunt her . . . and if she doesn't stop it, Grace isn't the only one who will get hurt. Because on Embassy Row, the countries of the world stand like dominoes, and one wrong move can make them all fall down."
Lincoln in the Bardo,George Saunders,United States,3.75,"['Fiction', 'Historical Fiction', 'Audiobook', 'Fantasy', 'Literary Fiction', 'Historical', 'Novels', 'Magical Realism', 'Literature', 'Adult Fiction']",English,m,"In his long-awaited first novel, American master George Saunders delivers his most original, transcendent, and moving work yet. Unfolding in a graveyard over the course of a single night, narrated by a dazzling chorus of voices, Lincoln in the Bardo is a literary experience unlike any other—for no one but Saunders could conceive it.February 1862. The Civil War is less than one year old. The fighting has begun in earnest, and the nation has begun to realize it is in for a long, bloody struggle. Meanwhile, President Lincoln’s beloved eleven-year-old son, Willie, lies upstairs in the White House, gravely ill. In a matter of days, despite predictions of a recovery, Willie dies and is laid to rest in a Georgetown cemetery. “My poor boy, he was too good for this earth,” the president says at the time. “God has called him home.” Newspapers report that a grief-stricken Lincoln returned to the crypt several times alone to hold his boy’s body.From that seed of historical truth, George Saunders spins an unforgettable story of familial love and loss that breaks free of its realistic, historical framework into a thrilling, supernatural realm both hilarious and terrifying. Willie Lincoln finds himself in a strange purgatory, where ghosts mingle, gripe, commiserate, quarrel, and enact bizarre acts of penance. Within this transitional state—called, in the Tibetan tradition, the bardo—a monumental struggle erupts over young Willie’s soul.Lincoln in the Bardo is an astonishing feat of imagination and a bold step forward from one of the most important and influential writers of his generation. Formally daring, generous in spirit, deeply concerned with matters of the heart, it is a testament to fiction’s ability to speak honestly and powerfully to the things that really matter to us. Saunders has invented a thrilling new form that deploys a kaleidoscopic, theatrical panorama of voices—living and dead, historical and invented—to ask a timeless, profound question: How do we live and love when we know that everything we love must end?"
Twisted Love,Wally Runnels,United States,4.19,"['21st Century', 'Romantic', 'Mystery', 'Love Story', 'Romance', 'Thriller', 'Drama', 'Adventure', 'Modern', 'Suspense']",,w,"Roiling in political corruption and the raging violence of drug cartels in the California/Mexico borderlands, Twisted Love explores the redemptive power of love even amidst the most brutal and privileged echelons of contemporary society. Julietta Aguilar, a young archaeologist with a dark past shrouded with sordid family secrets, discovers a hidden chamber under the ruins of the Templo Mejor, in the heart of Mexico City. She soon finds herself enmeshed in an ancient mystery even as she tries to solve her father's senseless murder.Now followed by cartel killers, deadly supernatural spirits and thwarted by her own family, her quest for peace seems almost insurmountable - until she meets a man in black with a nefarious background who goes only by one name. Rocky. A fast-paced, gripping read reminiscent of fifties pulp, the characters in Twisted Love offer a dark study in human nature, with all the gory details of unbridled power, soul-searching hatred, strange fetishes, and macabre personalities etched on the reader's mind in searing black and white."
The Gift,"James Patterson , Ned Rust",Germany,3.78,"['Fantasy', 'Young Adult', 'Dystopia', 'Fiction', 'Magic', 'Paranormal', 'Adventure', 'Witches', 'Supernatural', 'Science Fiction']",,m,"When Whit & Wisty were imprisoned by the wicked forces of the totalitarian regime known as the New Order, they were barely able to escape with their lives. Now part of a hidden community of teens like themselves, Whit and Wisty have established themselves as leaders of the Resistance, willing to sacrifice anything to save kids kidnapped and brutally imprisoned by the New Order.But the One has other plans in store for them: He needs Wisty, for she is ""The One Who Has the Gift."" While trying to figure out what that means, Whit and Wisty's suspenseful adventures through Overworld and Shadowland lead to a jaw-dropping climax and conclusion: the highly-anticipated fulfillment of the heart-pounding opening prologue of book one... The Execution of the Allgoods. ."
After We Collided,Anna Todd,United States,3.77,"['Romance', 'New Adult', 'Contemporary', 'Young Adult', 'Fiction', 'College', 'Audiobook', 'Contemporary Romance', 'Love', 'Drama']",English,w,"Tessa has everything to lose. Hardin has nothing to lose… except her. After a tumultuous beginning to their relationship, Tessa and Hardin were on the path to making things work. Tessa knew Hardin could be cruel, but when a bombshell revelation is dropped about the origins of their relationship—and Hardin’s mysterious past—Tessa is beside herself.Hardin will always be… Hardin. But is he really the deep, thoughtful guy Tessa fell madly in love with despite his angry exterior—or has he been a stranger all along? She wishes she could walk away. It’s just not that easy. Not with the memory of passionate nights spent in his arms. His electric touch. His hungry kisses.Still, Tessa’s not sure she can endure one more broken promise. She put so much on hold for Hardin—school, friends, her mom, a relationship with a guy who really loved her, and now possibly even a promising new career. She needs to move forward with her life.Hardin knows he made a mistake, possibly the biggest one of his life. He’s not going down without a fight. But can he change? Will he change for love?Book Two of the After series—now newly revised and expanded, Anna Todd’s After fan-fiction racked up 1 billion reads online and captivated readers across the globe. Experience the Internet’s most talked-about book for yourself!"
Swami and Friends,R.K. Narayan,India,4.22,"['Fiction', 'India', 'Indian Literature', 'Classics', 'Humor', 'Childrens', 'Literature', 'Short Stories', 'Novels', 'Asia']",English,m,"""There are writers—Tolstoy and Henry James to name two—whom we hold in awe, writers—Turgenev and Chekhov—for whom we feel a personal affection, other writers whom we respect—Conrad for example—but who hold us at a long arm's length with their 'courtly foreign grace.' Narayan (whom I don't hesitate to name in such a context) more than any of them wakes in me a spring of gratitude, for he has offered me a second home. Without him I could never have known what it is like to be Indian.""—Graham GreeneOffering rare insight into the complexities of Indian middle-class society, R. K. Narayan traces life in the fictional town of Malgudi. The Dark Room is a searching look at a difficult marriage and a woman who eventually rebels against the demands of being a good and obedient wife. In Mr. Sampath, a newspaper man tries to keep his paper afloat in the face of social and economic changes sweeping India. Narayan writes of youth and young adulthood in the semiautobiographical Swami and Friends and The Bachelor of Arts. Although the ordinary tensions of maturing are heightened by the particular circumstances of pre-partition India, Narayan provides a universal vision of childhood, early love and grief.""The experience of reading one of his novels is . . . comparable to one's first reaction to the great Russian novels: the fresh realization of the common humanity of all peoples, underlain by a simultaneous sense of strangeness—like one's own reflection seen in a green twilight.""—Margaret Parton, New York Herald Tribune""The novels of R.K. Narayan are the best I have read in any language for a long time. . . . His work gives the conviction that it is possible to capture in English, a language not born of India, the distinctive characteristics of Indian family life.""—Amit Roy, Daily Telegraph"
Paper Princess,"Erin Watt  (Pseudonym), Elle Kennedy , Jen Frederick",South Korea; Canada,4.0,"['Romance', 'New Adult', 'Contemporary', 'Young Adult', 'High School', 'Contemporary Romance', 'Fiction', 'Chick Lit', 'Audiobook', 'Adult']",English,w; w,"There is an alternate cover edition for this ASIN here.From strip clubs and truck stops to southern coast mansions and prep schools, one girl tries to stay true to herself.These Royals will ruin you…Ella Harper is a survivor—a pragmatic optimist. She’s spent her whole life moving from town to town with her flighty mother, struggling to make ends meet and believing that someday she’ll climb out of the gutter. After her mother’s death, Ella is truly alone. Until Callum Royal appears, plucking Ella out of poverty and tossing her into his posh mansion among his five sons who all hate her. Each Royal boy is more magnetic than the last, but none as captivating as Reed Royal, the boy who is determined to send her back to the slums she came from.Reed doesn’t want her. He says she doesn’t belong with the Royals.He might be right.Wealth. Excess. Deception. It’s like nothing Ella has ever experienced, and if she’s going to survive her time in the Royal palace, she’ll need to learn to issue her own Royal decrees. "
The President Is Missing,"Bill Clinton, James Patterson",United States; United States,3.82,"['Fiction', 'Thriller', 'Mystery', 'Audiobook', 'Politics', 'Mystery Thriller', 'Suspense', 'Adult', 'Crime', 'Adult Fiction']",English,m; m,"President Bill Clinton and bestselling novelist James Patterson have written a spellbinding thriller, The President is Missing.As the novel opens, a threat looms. Enemies are planning an attack of unprecedented scale on America. Uncertainty and fear grip Washington. There are whispers of cyberterror and espionage and a traitor in the cabinet. The President himself becomes a suspect, and then goes missing...Set in real time, over the course of three days, The President Is Missing is one of the most dramatic thrillers in decades. And it could all really happen. The President Is Missing is Bill Clinton and James Patterson's totally authentic and spellbinding thriller."
Wedding Night,Sophie Kinsella,United Kingdom,3.43,"['Chick Lit', 'Romance', 'Fiction', 'Contemporary', 'Humor', 'Adult', 'Audiobook', 'Adult Fiction', 'Contemporary Romance', 'Comedy']",English,w,"Lottie just knows that her boyfriend is going to propose, but then his big question involves a trip abroad — not a trip down the aisle. Completely crushed, Lottie reconnects with an old flame, and they decide to take drastic action. No dates, no moving in together, they’ll just get married . . . right now. Her sister, Fliss, thinks Lottie is making a terrible mistake, and will do anything to stop her. But Lottie is determined to say “I do,” for better, or for worse."
The Dry,Jane Harper,Australia,4.02,"['Mystery', 'Fiction', 'Thriller', 'Crime', 'Mystery Thriller', 'Australia', 'Audiobook', 'Contemporary', 'Adult', 'Book Club']",English,w,"A small town hides big secrets in this atmospheric, page-turning debut mystery by award-winning author Jane Harper.In the grip of the worst drought in a century, the farming community of Kiewarra is facing life and death choices daily when three members of a local family are found brutally slain.Federal Police investigator Aaron Falk reluctantly returns to his hometown for the funeral of his childhood friend, loath to face the townsfolk who turned their backs on him twenty years earlier. But as questions mount, Falk is forced to probe deeper into the deaths of the Hadler family. Because Falk and Luke Hadler shared a secret. A secret Falk thought was long buried. A secret Luke's death now threatens to bring to the surface in this small Australian town, as old wounds bleed into new ones."
Edge of Eternity,Ken Follett,United Kingdom,4.12,"['Historical Fiction', 'Fiction', 'Historical', 'Audiobook', 'Novels', 'War', 'Adult', '20th Century', 'Politics', 'Drama']",English,m,"
  Edge of Eternity is the sweeping, passionate conclusion to Ken Follett’s extraordinary historical epic, The Century Trilogy.
 Throughout these books, Follett has followed the fortunes of five intertwined families – American, German, Russian, English, and Welsh – as they make their way through the twentieth century. Now they come to one of the most tumultuous eras of all: the enormous social, political, and economic turmoil of the 1960s through the 1980s, from civil rights, assassinations, mass political movements and Vietnam to the Berlin Wall, the Cuban Missile Crisis, presidential impeachment, revolution – and rock and roll.East German teacher Rebecca Hoffman discovers she’s been spied on by the Stasi for years and commits an impulsive act that will affect her family for the rest of their lives.…George Jakes, the child of a mixed-race couple, bypasses a corporate law career to join Robert F. Kennedy’s Justice Department, and finds himself in the middle not only of the seminal events of the civil rights battle, but a much more personal battle of his own.…Cameron Dewar, the grandson of a senator, jumps at the chance to do some official and unofficial espionage for a cause he believes in, only to discover that the world is a much more dangerous place than he’d imagined.…Dimka Dvorkin, a young aide to Nikita Khrushchev, becomes a prime agent both for good and for ill as the United States and the Soviet Union race to the brink of nuclear war, while his twin sister, Tania, carves out a role that will take her from Moscow to Cuba to Prague to Warsaw – and into history.As always with Follett, the historical background is brilliantly researched and rendered, the action fast-moving, the characters rich in nuance and emotion. With the hand of a master, he brings us into a world we thought we knew but now will never seem the same again."
Prince Lestat,Anne Rice,United States,3.8,"['Horror', 'Fantasy', 'Vampires', 'Fiction', 'Paranormal', 'Supernatural', 'Gothic', 'Urban Fantasy', 'Audiobook', 'Adult']",English,w,"The vampire world is in crisis – their kind have been proliferating out of control and, thanks to technologies undreamed of in previous centuries, they can communicate as never before. Roused from their earth-bound slumber, ancient ones are in thrall to the Voice: which commands that they burn fledgling vampires in cities from Paris to Mumbai, Hong Kong to Kyoto and San Francisco. Immolation, huge massacres, have commenced all over the world.Who – or what – is the Voice? What does it desire, and why?There is only one vampire, only one blood drinker, truly known to the entire world of the Undead. Will the dazzling hero-wanderer, the dangerous rebel-outlaw Lestat heed the call to unite the Children of Darkness as they face this new twilight?Anne Rice’s epic, luxuriant, fiercely ambitious new novel brings together all the worlds and beings of the legendary Vampire Chronicles, from present-day New York and Ancient Egypt to fourth-century Carthage and Renaissance Venice; from Louis de Pointe du Lac; Armand the eternally young; Mekare and Maharet; to Pandora and Flavius; David Talbot, vampire and ultimate fixer from the Secret Talamasca; and Marius, the true child of the Millennia. It also introduces many other seductive supernatural creatures, and heralds significant new blood."
Revival,Stephen King,United States,3.78,"['Horror', 'Fiction', 'Thriller', 'Mystery', 'Fantasy', 'Audiobook', 'Science Fiction', 'Supernatural', 'Paranormal', 'Adult']",English,m,"In a small New England town, in the early 60s, a shadow falls over a small boy playing with his toy soldiers. Jamie Morton looks up to see a striking man, the new minister. Charles Jacobs, along with his beautiful wife, will transform the local church. The men and boys are all a bit in love with Mrs Jacobs; the women and girls – including Jamie’s mother and beloved sister – feel the same about Reverend Jacobs. With Jamie, the Reverend shares a deeper bond, based on their fascination with simple experiments in electricity.Then tragedy strikes the Jacobs family; the preacher curses God, mocking all religious belief, and is banished from the shocked town.Jamie has demons of his own. In his mid-thirties, he is living a nomadic lifestyle of bar-band rock and roll. Addicted to heroin, stranded, desperate, he sees Jacobs again – a showman on stage, creating dazzling ‘portraits in lightning’ – and their meeting has profound consequences for both men. Their bond becomes a pact beyond even the Devil’s devising, and Jamie discovers that revival has many meanings. Because for every cure there is a price…This rich and disturbing novel spans five decades on its way to the most terrifying conclusion Stephen King has ever written. It’s a masterpiece from King, in the great American tradition of Nathaniel Hawthorne and Edgar Allan Poe."
The Bone Clocks,David Mitchell,United Kingdom,3.83,"['Fiction', 'Fantasy', 'Science Fiction', 'Literary Fiction', 'Contemporary', 'Magical Realism', 'Adult', 'Dystopia', 'Audiobook', 'Mystery']",English,m,"Following a scalding row with her mother, fifteen-year-old Holly Sykes slams the door on her old life. But Holly is no typical teenage runaway: a sensitive child once contacted by voices she knew only as “the radio people,” Holly is a lightning rod for psychic phenomena. Now, as she wanders deeper into the English countryside, visions and coincidences reorder her reality until they assume the aura of a nightmare brought to life.For Holly has caught the attention of a cabal of dangerous mystics—and their enemies. But her lost weekend is merely the prelude to a shocking disappearance that leaves her family irrevocably scarred. This unsolved mystery will echo through every decade of Holly’s life, affecting all the people Holly loves—even the ones who are not yet born.A Cambridge scholarship boy grooming himself for wealth and influence, a conflicted father who feels alive only while reporting from occupied Iraq, a middle-aged writer mourning his exile from the bestseller list—all have a part to play in this surreal, invisible war on the margins of our world. From the medieval Swiss Alps to the nineteenth-century Australian bush, from a hotel in Shanghai to a Manhattan townhouse in the near future, their stories come together in moments of everyday grace and extraordinary wonder."
The Elephant Vanishes,Haruki Murakami,Japan,3.86,"['Short Stories', 'Fiction', 'Japan', 'Japanese Literature', 'Magical Realism', 'Contemporary', 'Literature', 'Fantasy', 'Asia', 'Audiobook']",English,m,"Alternate cover edition of ISBN 9780679750536With the same deadpan mania and genius for dislocation that he brought to his internationally acclaimed novels A Wild Sheep Chase and Hard-Boiled Wonderland and the End of the World, Haruki Murakami makes this collection of stories a determined assault on the normal. A man sees his favorite elephant vanish into thin air; a newlywed couple suffers attacks of hunger that drive them to hold up a McDonald's in the middle of the night; and a young woman discovers that she has become irresistible to a little green monster who burrows up through her backyard.By turns haunting and hilarious, The Elephant Vanishes is further proof of Murakami's ability to cross the border between separate realities -- and to come back bearing treasure."
Every Breath,Nicholas Sparks,United States,4.02,"['Romance', 'Fiction', 'Chick Lit', 'Audiobook', 'Adult Fiction', 'Contemporary', 'Adult', 'Drama', 'Contemporary Romance', 'Africa']",English,m,"In the romantic tradition of The Notebook and Nights in Rodanthe, #1 New York Times bestselling author Nicholas Sparks returns with a story about a chance encounter that becomes a touchstone for two vastly different individuals -- transcending decades, continents, and the bittersweet workings of fate.Hope Anderson is at a crossroads. At thirty-six, she's been dating her boyfriend, an orthopedic surgeon, for six years. With no wedding plans in sight, and her father recently diagnosed with ALS, she decides to use a week at her family's cottage in Sunset Beach, North Carolina, to ready the house for sale and mull over some difficult decisions about her future.Tru Walls has never visited North Carolina but is summoned to Sunset Beach by a letter from a man claiming to be his father. A safari guide, born and raised in Zimbabwe, Tru hopes to unravel some of the mysteries surrounding his mother's early life and recapture memories lost with her death. When the two strangers cross paths, their connection is as electric as it is unfathomable . . . but in the immersive days that follow, their feelings for each other will give way to choices that pit family duty against personal happiness in devastating ways.Illuminating life's heartbreaking regrets and enduring hope, Every Breath explores the many facets of love that lay claim to our deepest loyalties -- and asks the question, How long can a dream survive?"
Undone,Karin Slaughter,United States,4.22,"['Thriller', 'Mystery', 'Crime', 'Fiction', 'Suspense', 'Mystery Thriller', 'Drama', 'Audiobook', 'Dark', 'Novels']",English,w,"When a tortured young woman enters the trauma center of an Atlanta hospital, Dr. Sara Linton is thrust into a desperate police investigation with Special Agent Will Trent and his partner, Faith Mitchell. Though guarding their own wounds and their own secrets, Sara, Will, and Faith find that they are all that stand between a madman and his next victim."
The Sun and Her Flowers,Rupi Kaur,Canada,4.16,"['Poetry', 'Feminism', 'Nonfiction', 'Adult', 'Contemporary', 'Romance', 'Mental Health', 'Canada', 'Womens', 'Love']",English,w,"From Rupi Kaur, the #1 New York Times bestselling author of milk and honey, comes her long-awaited second collection of poetry. A vibrant and transcendent journey about growth and healing. Ancestry and honoring one’s roots. Expatriation and rising up to find a home within yourself.Divided into five chapters and illustrated by Kaur, the sun and her flowers is a journey of wilting, falling, rooting, rising, and blooming. A celebration of love in all its forms. this is the recipe of lifesaid my motheras she held me in her arms as i wept think of those flowers you plantin the garden each year they will teach youthat people toomust wiltfallrootrisein order to bloom"
Romancing Mister Bridgerton,Julia Quinn,United States,4.18,"['Historical Romance', 'Romance', 'Historical', 'Historical Fiction', 'Regency', 'Fiction', 'Regency Romance', 'Adult', 'Chick Lit', 'Humor']",English,w,"Everyone knows that Colin Bridgerton is the most charming man in London. Penelope Featherington has secretly adored her best friend's brother for...well, it feels like forever. After half a lifetime of watching Colin Bridgerton from afar, she thinks she knows everything about him, until she stumbles across his deepest secret...and fears she doesn't know him at all.Colin Bridgerton is tired of being thought nothing but an empty-headed charmer, tired of everyone's preoccupation with the notorious gossip columnist Lady Whistledown, who can't seem to publish an edition without mentioning him in the first paragraph. But when Colin returns to London from a trip abroad he discovers nothing in his life is quite the same - especially Penelope Featherington! The girl haunting his dreams. But when he discovers that Penelope has secrets of her own, this elusive bachelor must decide...is she his biggest threat - or his promise of a happy ending?"
The Black Book,Orhan Pamuk,United States; United States,3.92,"['Fiction', 'Turkish Literature', 'Turkish', 'Mystery', 'Novels', 'Literature', 'Nobel Prize', 'Literary Fiction', 'Contemporary', '20th Century']",English,m; m,"A New Translation and Afterword by Maureen FreelyGalip is a lawyer living in Istanbul. His wife, the detective novel–loving Ruya, has disappeared. Could she have left him for her ex-husband or Celâl, a popular newspaper columnist? But Celâl, too, seems to have vanished. As Galip investigates, he finds himself assuming the enviable Celâl's identity, wearing his clothes, answering his phone calls, even writing his columns. Galip pursues every conceivable clue, but the nature of the mystery keeps changing, and when he receives a death threat, he begins to fear the worst.With its cascade of beguiling stories about Istanbul, The Black Book is a brilliantly unconventional mystery, and a provocative meditation on identity. For Turkish literary readers it is the cherished cult novel in which Orhan Pamuk found his original voice, but it has largely been neglected by English-language readers. Now, in Maureen Freely’s beautiful new translation, they, too, may encounter all its riches."
Six Years,Harlan Coben,United States,3.83,"['Mystery', 'Thriller', 'Fiction', 'Mystery Thriller', 'Suspense', 'Crime', 'Audiobook', 'Adult', 'Romance', 'Drama']",English,m,"Harlan Coben, the master of domestic suspense, returns with a standalone thriller in the vein of #1 bestsellers Hold Tight, Caught and Stay Close that explores the depth and passion of a lost love . . . and the secrets and lies at its heart. Six years have passed since Jake Fisher watched Natalie, the love of his life, marry another man. Six years of hiding a broken heart by throwing himself into his career as a college professor. Six years of keeping his promise to leave Natalie alone, and six years of tortured dreams of her life with her new husband, Todd. But six years haven’t come close to extinguishing his feelings, and when Jake comes across Todd’s obituary, he can’t keep himself away from the funeral. There he gets the glimpse of Todd’s wife he’s hoping for . . . but she is not Natalie. Whoever the mourning widow is, she’s been married to Todd for more than a decade, and with that fact everything Jake thought he knew about the best time of his life—a time he has never gotten over—is turned completely inside out. As Jake searches for the truth, his picture-perfect memories of Natalie begin to unravel. Mutual friends of the couple either can’t be found or don’t remember Jake. No one has seen Natalie in years. Jake’s search for the woman who broke his heart—and who lied to him—soon puts his very life at risk as it dawns on him that the man he has become may be based on carefully constructed fiction. Harlan Coben once again delivers a shocking page-turner that deftly explores the power of past love and the secrets and lies that such love can hide."
The Thing Around Your Neck,Chimamanda Ngozi Adichie,Nigeria,4.24,"['Short Stories', 'Fiction', 'Africa', 'Contemporary', 'Nigeria', 'Feminism', 'African Literature', 'Literary Fiction', 'Adult', 'Literature']",English,w,"Searing and profound, suffused with beauty, sorrow, and longing, the stories in The Thing Around Your Neck map, with Adichie's signature emotional wisdom, the collision of two cultures and the deeply human struggle to reconcile them.Chimamanda Ngozi Adichie burst onto the literary scene with her remarkable debut novel, Purple Hibiscus, which critics hailed as ""one of the best novels to come out of Africa in years"" (Baltimore Sun), with ""prose as lush as the Nigerian landscape that it powerfully evokes"" (The Boston Globe); The Washington Post called her ""the twenty-first-century daughter of Chinua Achebe."" Her award-winning Half of a Yellow Sun became an instant classic upon its publication three years later, once again putting her tremendous gifts - graceful storytelling, knowing compassion, and fierce insight into her characters' hearts - on display. Now, in her most intimate and seamlessly crafted work to date, Adichie turns her penetrating eye on not only Nigeria but America, in twelve dazzling stories that explore the ties that bind men and women, parents and children, Africa and the United States.In ""A Private Experience,"" a medical student hides from a violent riot with a poor Muslim woman whose dignity and faith force her to confront the realities and fears she's been pushing away. In ""Tomorrow is Too Far,"" a woman unlocks the devastating secret that surrounds her brother's death. The young mother at the center of ""Imitation"" finds her comfortable life in Philadelphia threatened when she learns that her husband has moved his mistress into their Lagos home. And the title story depicts the choking loneliness of a Nigerian girl who moves to an America that turns out to be nothing like the country she expected; though falling in love brings her desires nearly within reach, a death in her homeland forces her to reexamine them.Searing and profound, suffused with beauty, sorrow, and longing, these stories map, with Adichie's signature emotional wisdom, the collision of two cultures and the deeply human struggle to reconcile them. The Thing Around Your Neck is a resounding confirmation of the prodigious literary powers of one of our most essential writers."
After Ever Happy,Anna Todd,United States,4.08,"['Romance', 'New Adult', 'Contemporary', 'Young Adult', 'College', 'Fiction', 'Contemporary Romance', 'Audiobook', 'Love', 'Drama']",English,w,"Tessa and Hardin have defied all the odds, but will their fairy tale ending be turned on its head? AFTER EVER HAPPY...Life will never be the same. #HESSAIt’s never been all rainbows and sunshine for Tessa and Hardin, but each new challenge they’ve faced has only made their passionate bond stronger and stronger. But when a revelation about the past shakes Hardin’s inpenetrable façade to the core—and then Tessa suffers a tragedy—will they stick together again, or be torn apart?As the shocking truth about each of their families emerges, it’s clear the two lovers are not so different from each other. Tessa is no longer the sweet, simple, good girl she was when she met Hardin—any more than he is the cruel, moody boy she fell so hard for. Tessa understands all the troubling emotions brewing beneath Hardin’s exterior, and she knows she’s the only one who can calm him when he erupts. He needs her.But the more layers of his past come to light, the darker he grows, and the harder he pushes Tessa—and everyone else in his life—away. Tessa’s not sure if she really can save him—not without sacrificing herself. She refuses to go down without a fight. But who is she fighting for—Hardin or herself?"
The Immortalists,Chloe Benjamin,United States,3.71,"['Fiction', 'Fantasy', 'Historical Fiction', 'Contemporary', 'Audiobook', 'Adult', 'Literary Fiction', 'Magical Realism', 'Adult Fiction', 'Book Club']",English,w,"If you knew the date of your death, how would you live your life? It's 1969 in New York City's Lower East Side, and word has spread of the arrival of a mystical woman, a traveling psychic who claims to be able to tell anyone the day they will die. The Gold children—four adolescents on the cusp of self-awareness—sneak out to hear their fortunes.The prophecies inform their next five decades. Golden-boy Simon escapes to the West Coast, searching for love in '80s San Francisco; dreamy Klara becomes a Las Vegas magician, obsessed with blurring reality and fantasy; eldest son Daniel seeks security as an army doctor post-9/11; and bookish Varya throws herself into longevity research, where she tests the boundary between science and immortality.A sweeping novel of remarkable ambition and depth, The Immortalists probes the line between destiny and choice, reality and illusion, this world and the next. It is a deeply moving testament to the power of story, the nature of belief, and the unrelenting pull of familial bonds."
Killer,Sara Shepard,United States,4.05,"['Young Adult', 'Mystery', 'Fiction', 'Contemporary', 'Chick Lit', 'Romance', 'Thriller', 'Realistic Fiction', 'Teen', 'Drama']",English,m,"In picture-perfect Rosewood, Pennsylvania, ash-blond highlights gleam in the winter sun and frozen lakes sparkle like Swarovski crystals. But pictures often lie— and so do Rosewood's four prettiest girls. Hanna, Aria, Spencer, and Emily have been lying ever since they became friends with beautiful Alison DiLaurentis. Ali made them do terrible things—things they had to keep secret for years. And even though Ali was killed at the end of seventh grade, their bad-girl ways didn't die with her. Hanna's on a mission to corrupt Rosewood's youth, starting with a very attractive sophomore. Aria's snooping into her boyfriend's past. Spencer's stealing— from her family. And pure little Emily's abstaining from abstinence. The girls should be careful, though. They thought they were safe when Ali's killer was arrested and A's true identity was finally revealed. But now there's a new A in town turning up the heat. And this time Rosewood is going to burn."
The Rooster Bar,John Grisham,United States,3.62,"['Fiction', 'Mystery', 'Thriller', 'Audiobook', 'Legal Thriller', 'Crime', 'Suspense', 'Mystery Thriller', 'Contemporary', 'Law']",English,m,"Mark, Todd, and Zola came to law school to change the world, to make it a better place. But now, as third-year students, these close friends realize they have been duped. They all borrowed heavily to attend a third-tier, for-profit law school so mediocre that its graduates rarely pass the bar exam, let alone get good jobs. And when they learn that their school is one of a chain owned by a shady New York hedge-fund operator who also happens to own a bank specializing in student loans, the three know they have been caught up in The Great Law School Scam. But maybe there's a way out. Maybe there’s a way to escape their crushing debt, expose the bank and the scam, and make a few bucks in the process. But to do so, they would first have to quit school. And leaving law school a few short months before graduation would be completely crazy, right? Well, yes and no . . . Pull up a stool, grab a cold one, and get ready to spend some time at The Rooster Bar."
Lethal White,Robert Galbraith,United Kingdom,4.2,"['Mystery', 'Fiction', 'Crime', 'Audiobook', 'Thriller', 'Mystery Thriller', 'Adult', 'Detective', 'Contemporary', 'British Literature']",English,w,"""Rowling's wizardry as a writer is on fulsome display"" (USA Today) in this #1 New York Times bestseller from the international bestselling author Robert Galbraith.When Billy, a troubled young man, comes to private eye Cormoran Strike's office to ask for his help investigating a crime he thinks he witnessed as a child, Strike is left deeply unsettled. While Billy is obviously mentally distressed, and cannot remember many concrete details, there is something sincere about him and his story. But before Strike can question him further, Billy bolts from his office in a panic.Trying to get to the bottom of Billy's story, Strike and Robin Ellacott-once his assistant, now a partner in the agency-set off on a twisting trail that leads them through the backstreets of London, into a secretive inner sanctum within Parliament, and to a beautiful but sinister manor house deep in the countryside.And during this labyrinthine investigation, Strike's own life is far from straightforward: his newfound fame as a private eye means he can no longer operate behind the scenes as he once did. Plus, his relationship with his former assistant is more fraught than it ever has been-Robin is now invaluable to Strike in the business, but their personal relationship is much, much trickier than that.The most epic Robert Galbraith novel yet, Lethal White is both a gripping mystery and a page-turning next instalment in the ongoing story of Cormoran Strike and Robin Ellacott."
The Girl in the Spider's Web,David Lagercrantz,Sweden,3.77,"['Fiction', 'Mystery', 'Thriller', 'Crime', 'Mystery Thriller', 'Audiobook', 'Suspense', 'Sweden', 'Contemporary', 'Adult']",English,m,"She is the girl with the dragon tattoo—a genius hacker and uncompromising misfit. He is a crusading journalist whose championing of the truth often brings him to the brink of prosecution.Late one night, Blomkvist receives a phone call from a source claiming to have information vital to the United States. The source has been in contact with a young female superhacker—a hacker resembling someone Blomkvist knows all too well. The implications are staggering. Blomkvist, in desperate need of a scoop for Millennium, turns to Salander for help. She, as usual, has her own agenda. The secret they are both chasing is at the center of a tangled web of spies, cybercriminals, and governments around the world, and someone is prepared to kill to protect it . . . The duo who captivated millions of readers in The Girl with the Dragon Tattoo, The Girl Who Played with Fire, and The Girl Who Kicked the Hornet’s Nest join forces again in this adrenaline-charged, uniquely of-the-moment thriller."
My Name Is Lucy Barton,Elizabeth Strout,United States,3.52,"['Fiction', 'Literary Fiction', 'Contemporary', 'Audiobook', 'Adult Fiction', 'Family', 'Novels', 'Adult', 'Book Club', 'American']",English,w,"Lucy Barton is recovering slowly from what should have been a simple operation. Her mother, to whom she hasn't spoken for many years, comes to see her. Her unexpected visit forces Lucy to confront the tension and longing that have informed every aspect of her life: her impoverished childhood in Amgash, Illinois, her escape to New York and her desire to become a writer, her faltering marriage, her love for her two daughters. Knitting this powerful narrative together is the brilliant storytelling voice of Lucy herself: keenly observant, deeply human, and truly unforgettable. In My Name Is Lucy Barton, one of America's finest writers shows how a simple hospital visit illuminates the most tender relationship of all-the one between mother and daughter."
After We Fell,Anna Todd,United States,3.9,"['Romance', 'New Adult', 'Contemporary', 'Young Adult', 'Fiction', 'College', 'Contemporary Romance', 'Audiobook', 'Love', 'Erotica']",English,w,"Book 3 of the After series—newly revised and expanded, Anna Todd's After fanfiction racked up 1 billion reads online and captivated readers across the globe. Experience the internet's most talked-about book for yourself from the writer Cosmopolitan called “the biggest literary phenomenon of her generation.”Tessa and Hardin’s love was complicated before. Now it’s more confusing than ever. AFTER WE FELL...Life will never be the same. #HESSAJust as Tessa makes the biggest decision of her life, everything changes. Revelations about first her family, and then Hardin’s, throw everything they knew before in doubt and makes their hard-won future together more difficult to claim.Tessa’s life begins to come unglued. Nothing is what she thought it was. Not her friends. Not her family. The one person she should be able to rely on, Hardin, is furious when he discovers the massive secret she’s been keeping. And rather than being understanding, he turns to sabotage.Tessa knows Hardin loves her and will do anything to protect her, but there’s a difference between loving someone and being able to have them in your life. This cycle of jealousy, unpredictable anger, and forgiveness is exhausting. She’s never felt so intensely for anyone, so exhilarated by someone’s kiss—but is the irrepressible heat between her and Hardin worth all the drama? Love used to be enough to hold them together. But if Tessa follows her heart now, will it be...the end?"
See Me,Nicholas Sparks,United States,3.96,"['Romance', 'Fiction', 'Chick Lit', 'Audiobook', 'Contemporary', 'Mystery', 'Adult', 'Adult Fiction', 'Suspense', 'Thriller']",English,m,"See me just as I see you . . .Colin Hancock is giving his second chance his best shot. With a history of violence and bad decisions behind him and the threat of prison dogging his every step, he's determined to walk a straight line. To Colin, that means applying himself single-mindedly toward his teaching degree and avoiding everything that proved destructive in his earlier life. Reminding himself daily of his hard-earned lessons, the last thing he is looking for is a serious relationship.Maria Sanchez, the hardworking daughter of Mexican immigrants, is the picture of conventional success. With a degree from Duke Law School and a job at a prestigious firm in Wilmington, she is a dark-haired beauty with a seemingly flawless professional track record. And yet Maria has a traumatic history of her own, one that compelled her to return to her hometown and left her questioning so much of what she once believed.A chance encounter on a rain-swept road will alter the course of both Colin and Maria's lives, challenging deeply held assumptions about each other and ultimately, themselves. As love unexpectedly takes hold between them, they dare to envision what a future together could possibly look like . . . until menacing reminders of events in Maria's past begin to surface.Rich in emotion and fueled with suspense, SEE ME reminds us that love is sometimes forged in the crises that threaten to shatter us . . . and that those who see us for who we truly are may not always be the ones easiest to recognize.
  
"
An American Marriage,Tayari Jones,United States,3.96,"['Fiction', 'Contemporary', 'Audiobook', 'Literary Fiction', 'Adult Fiction', 'Adult', 'African American', 'Book Club', 'Race', 'Romance']",English,w,"Newlyweds, Celestial and Roy, are the embodiment of both the American Dream and the New South. He is a young executive and she is artist on the brink of an exciting career. They are settling into the routine of their life together, when they are ripped apart by circumstances neither could have imagined. Roy is arrested and sentenced to twelve years for a crime Celestial knows he didn’t commit. Though fiercely independent, Celestial finds herself bereft and unmoored, taking comfort in Andre, her childhood friend, and best man at their wedding. As Roy’s time in prison passes, she is unable to hold on to the love that has been her center. After five years, Roy’s conviction is suddenly overturned, and he returns to Atlanta ready to resume their life together.This stirring love story is a deeply insightful look into the hearts and minds of three people who are at once bound and separated by forces beyond their control. An American Marriage is a masterpiece of storytelling, an intimate look into the souls of people who must reckon with the past while moving forward- with hope and pain- into the future."
Rich People Problems,Kevin Kwan,"Singapore, United States",3.93,"['Fiction', 'Contemporary', 'Romance', 'Chick Lit', 'Audiobook', 'Adult', 'Humor', 'Adult Fiction', 'Asia', 'Asian Literature']",English,m,"Kevin Kwan, bestselling author of Crazy Rich Asians and China Rich Girlfriend, is back with an uproarious new novel featuring a family driven by fortune, an ex-wife driven psychotic with jealousy, a battle royal fought through couture-gown sabotage, and the heir to one of Asia's greatest fortunes locked out of his inheritance.When Nicholas Young hears that his grandmother, Su Yi, is on her deathbed, he rushes to be by her bedside—but he's not alone. The entire Shang-Young clan has convened from all corners of the globe to stake claim to their matriarch's massive fortune. With each family member vying to inherit Tyersall Park—a trophy estate on sixty-four prime acres in the heart of Singapore—Nicholas' childhood home turns into a hotbed of backbiting and intrigue. As Su Yi's relatives fight over heirlooms, Astrid Leong is at the center of her own storm, desperately in love with her old sweetheart Charlie Wu but tormented by her ex-husband—a man hell-bent on destroying Astrid's reputation and relationship. Meanwhile, Kitty Pong, married to China's second richest man, Jack Bing, still feels upstaged by her new stepdaughter, famous fashionista Colette Bing.In this sweeping tale that takes us from the elegantly appointed mansions of Manila to the secluded private islands in the Sulu Sea, from a kidnapping at Hong Kong's most elite private school to a surprise marriage proposal at an Indian palace that is caught on camera by the telephoto lenses of paparazzi, Kevin Kwan hilariously reveals the long-buried secrets of Asia's most privileged families and their rich people problems."
Nine Perfect Strangers,Liane Moriarty,Australia,3.51,"['Fiction', 'Contemporary', 'Audiobook', 'Chick Lit', 'Mystery', 'Adult', 'Adult Fiction', 'Thriller', 'Australia', 'Book Club']",English,w,"Could ten days at a health resort really change you forever? These nine perfect strangers are about to find out...Nine people gather at a remote health resort. Some are here to lose weight, some are here to get a reboot on life, some are here for reasons they can’t even admit to themselves. Amidst all of the luxury and pampering, the mindfulness and meditation, they know these ten days might involve some real work. But none of them could imagine just how challenging the next ten days are going to be.Frances Welty, the formerly best-selling romantic novelist, arrives at Tranquillum House nursing a bad back, a broken heart, and an exquisitely painful paper cut. She’s immediately intrigued by her fellow guests. Most of them don’t look to be in need of a health resort at all. But the person that intrigues her most is the strange and charismatic owner/director of Tranquillum House. Could this person really have the answers Frances didn’t even know she was seeking? Should Frances put aside her doubts and immerse herself in everything Tranquillum House has to offer—or should she run while she still can?It’s not long before every guest at Tranquillum House is asking exactly the same question.Combining all of the hallmarks that have made Liane Moriarty's writing a go-to for anyone looking for wickedly smart, page-turning fiction that will make you laugh and gasp, Nine Perfect Strangers once again shows why she is a master of her craft."
Malgudi Days,R.K. Narayan,India,4.21,"['Fiction', 'India', 'Short Stories', 'Classics', 'Indian Literature', 'Literature', 'Asia', 'Humor', 'Literary Fiction', 'Cultural']",English,m,"Four gems, with new introductions, mark acclaimed Indian writer R. K. Narayan’s centennialIntroducing this collection of stories, R. K. Narayan describes how in India “the writer has only to look out of the window to pick up a character and thereby a story.” Composed of powerful, magical portraits of all kinds of people, and comprising stories written over almost forty years, Malgudi Days presents Narayan’s imaginary city in full color, revealing the essence of India and of human experience. This edition includes an introduction by Pulitzer Prize- winning author Jhumpa Lahiri. For more than seventy years, Penguin has been the leading publisher of classic literature in the English-speaking world. With more than 1,700 titles, Penguin Classics represents a global bookshelf of the best works throughout history and across genres and disciplines. Readers trust the series to provide authoritative texts enhanced by introductions and notes by distinguished scholars and contemporary authors, as well as up-to-date translations by award-winning translators."
The Testaments,Margaret Atwood,Canada,4.2,"['Fiction', 'Dystopia', 'Science Fiction', 'Feminism', 'Audiobook', 'Canada', 'Adult', 'Literary Fiction', 'Speculative Fiction', 'Novels']",English,w,"An alternate cover edition of ISBN 978-0385543781 can be found here.When the van door slammed on Offred's future at the end of The Handmaid's Tale, readers had no way of telling what lay ahead for her--freedom, prison or death.With The Testaments, the wait is over.Margaret Atwood's sequel picks up the story more than fifteen years after Offred stepped into the unknown, with the explosive testaments of three female narrators from Gilead.In this brilliant sequel to The Handmaid's Tale, acclaimed author Margaret Atwood answers the questions that have tantalized readers for decades.""Dear Readers: Everything you've ever asked me about Gilead and its inner workings is the inspiration for this book. Well, almost everything! The other inspiration is the world we've been living in."" --Margaret Atwood"
Asylum,Madeleine Roux,United Kingdom,3.64,"['Horror', 'Young Adult', 'Mystery', 'Paranormal', 'Fiction', 'Fantasy', 'Thriller', 'Ghosts', 'Supernatural', 'Teen']",English,m,"Asylum is a thrilling and creepy photo-novel perfect for fans of the New York Times bestseller Miss Peregrine's Home for Peculiar Children.For sixteen-year-old Dan Crawford, New Hampshire College Prep is more than a summer program—it's a lifeline. An outcast at his high school, Dan is excited to finally make some friends in his last summer before college. But when he arrives at the program, Dan learns that his dorm for the summer used to be a sanatorium, more commonly known as an asylum. And not just any asylum—a last resort for the criminally insane.As Dan and his new friends, Abby and Jordan, explore the hidden recesses of their creepy summer home, they soon discover it's no coincidence that the three of them ended up here. Because the asylum holds the key to a terrifying past. And there are some secrets that refuse to stay buried.Featuring found photos of unsettling history and real abandoned asylums and filled with chilling mystery and page-turning suspense, Madeleine Roux's teen debut, Asylum, is a horror story that treads the line between genius and insanity."
The Rosie Effect,Graeme Simsion,Australia,3.61,"['Fiction', 'Romance', 'Contemporary', 'Humor', 'Audiobook', 'Chick Lit', 'Adult', 'Adult Fiction', 'Comedy', 'Realistic Fiction']",English,m,"Don Tillman and Rosie Jarman are back. The Wife Project is complete, and Don and Rosie are happily married and living in New York. But they're about to face a new challenge because - surprise - Rosie is pregnant. Don sets about learning the protocols of becoming a father, but his unusual research style gets him into trouble with the law. Fortunately his best friend Gene is on hand to offer advice: he's left Claudia and moved in with Don and Rosie. As Don tries to schedule time for pregnancy research, getting Gene and Claudia to reconcile, servicing the industrial refrigeration unit that occupies half his apartment, helping Dave the Baseball Fan save his business, and staying on the right side of Lydia the social worker, he almost misses the biggest problem of all: he might lose Rosie when she needs him the most."
The Dinner,Herman Koch,Netherlands,3.24,"['Fiction', 'Mystery', 'Contemporary', 'Thriller', 'Adult', 'Audiobook', 'Book Club', 'Adult Fiction', 'Mystery Thriller', 'Crime']",English,m,"An internationally bestselling phenomenon: the darkly suspenseful, highly controversial tale of two families struggling to make the hardest decision of their lives - all over the course of one meal. It's a summer's evening in Amsterdam, and two couples meet at a fashionable restaurant for dinner. Between mouthfuls of food and over the polite scrapings of cutlery, the conversation remains a gentle hum of polite discourse - the banality of work, the triviality of the holidays. But behind the empty words, terrible things need to be said, and with every forced smile and every new course, the knives are being sharpened. Each couple has a fifteen-year-old son. The two boys are united by their accountability for a single horrific act; an act that has triggered a police investigation and shattered the comfortable, insulated worlds of their families. As the dinner reaches its culinary climax, the conversation finally touches on their children. As civility and friendship disintegrate, each couple show just how far they are prepared to go to protect those they love. Tautly written, incredibly gripping, and told by an unforgettable narrator, The Dinner promises to be the topic of countless dinner party debates. Skewering everything from parenting values to pretentious menus to political convictions, this novel reveals the dark side of genteel society and asks what each of us would do in the face of unimaginable tragedy."
Sisters,Raina Telgemeier,France,4.34,"['Graphic Novels', 'Middle Grade', 'Comics', 'Young Adult', 'Realistic Fiction', 'Childrens', 'Family', 'Humor', 'Fiction', 'Juvenile']",English,m,"Three weeks. Two sisters. One car. A True StoryRaina can’t wait to be a big sister. But once Amara is born, things aren’t quite how she expected them to be. Amara is cute, but she’s also a cranky, grouchy baby, and mostly prefers to play by herself. Their relationship doesn’t improve much over the years, but when a baby brother enters the picture and later, when something doesn’t seem right between their parents, they realize they must figure out how to get along. They are sisters, after all.Raina uses her signature humor and charm in both present-day narrative and perfectly placed flashbacks to tell the story of her relationship with her sister, which unfolds during the course of a road trip from their home in San Francisco to a family reunion in Colorado."
Finders Keepers,Stephen King,United States,4.04,"['Fiction', 'Thriller', 'Horror', 'Mystery', 'Crime', 'Audiobook', 'Mystery Thriller', 'Suspense', 'Detective', 'Adult']",English,m,"Wake up, genius. The genius is John Rothstein, an iconic author who created a famous character, Jimmy Gold, but who hasn’t published a book for decades. Morris Bellamy is livid, not just because Rothstein has stopped providing books, but because the nonconformist Jimmy Gold has sold out for a career in advertising. Morris kills Rothstein and empties his safe of cash, yes, but the real treasure is a trove of notebooks containing at least one more Gold novel.Morris hides the money and the notebooks, and then he is locked away for another crime. Decades later, a boy named Pete Saubers finds the treasure, and now it is Pete and his family that Bill Hodges, Holly Gibney, and Jerome Robinson must rescue from the ever-more deranged and vengeful Morris when he’s released from prison after thirty-five years."
Theatre,W. Somerset Maugham,Japan,4.15,"['Classics', 'Fiction', 'British Literature', '20th Century', 'Romance', 'Novels', 'English Literature', 'Literature', 'Theatre', 'Classic Literature']",English,m,"In Theatre, W. Somerset Maugham–the author of the classic novels Of Human Bondage and Up at the Villa–introduces us to Julia Lambert, a woman of breathtaking poise and talent whose looks have stood by her forty-six years. She is a star stage actress England–so good, in fact, that perhaps she never stops acting.It seems that noting can ruffle her satin feathers, until a quiet stranger who challenges Julia's very sense of self. As a result, she will endure rejection for the first time, her capacity as a mother will be affronted, and her ability to put on whatever face she desired for her public will prove limited. In Theatre, Maugham subtly exposes the tensions and triumphs that occur when acting and reality blend together, and–for Julia–ultimately reverse."
Betty,Tiffany McDaniel,United States,4.5,"['Fiction', 'Historical Fiction', 'Literary Fiction', 'Historical', 'Contemporary', 'Adult Fiction', 'Coming Of Age', 'Novels', 'Adult', 'Audiobook']",English,w,"A stunning, lyrical novel set in the rolling foothills of the Appalachians in which a young girl discovers stark truths that will haunt her for the rest of her life. ""A girl comes of age against the knife."" So begins the story of Betty Carpenter. Born in a bathtub in 1954 to a Cherokee father and white mother, Betty is the sixth of eight siblings. The world they inhabit is one of poverty and violence--both from outside the family, and also, devastatingly, from within. The lush landscape, rich with birdsong, wild fruit, and blazing stars, becomes a kind of refuge for Betty, but when her family's darkest secrets are brought to light, she has no choice but to reckon with the brutal history hiding in the hills, as well as the heart-wrenching cruelties and incredible characters she encounters in her rural town of Breathed, Ohio. But despite the hardship she faces, Betty is resilient. Her curiosity about the natural world, her fierce love for her sisters, and her father's brilliant stories are kindling for the fire of her own imagination, and in the face of all she bears witness to, Betty discovers an escape: she begins to write. She recounts the horrors of her family's past and present with pen and paper and buries them deep in the dirt--moments that has stung her so deeply, she could not tell them, until now. Inspired by the life of her own mother, Tiffany McDaniel sets out to free the past by telling this heartbreaking yet magical story--a remarkable novel that establishes her as one of the freshest and most important voices in American fiction."
The Wife Between Us,"Greer Hendricks , Sarah Pekkanen",United States; United States,3.84,"['Thriller', 'Fiction', 'Mystery', 'Mystery Thriller', 'Audiobook', 'Suspense', 'Adult', 'Psychological Thriller', 'Contemporary', 'Adult Fiction']",English,w; w,"When you read this book, you will make many assumptions.You will assume you are reading about a jealous ex-wife.You will assume she is obsessed with her replacement – a beautiful, younger woman who is about to marry the man they both love. You will assume you know the anatomy of this tangled love triangle.Assume nothing. Twisted and deliciously chilling, Greer Hendricks and Sarah Pekkanen's The Wife Between Us exposes the secret complexities of an enviable marriage - and the dangerous truths we ignore in the name of love.Read between the lies. "
The Late Show,Michael Connelly,United States,4.05,"['Mystery', 'Fiction', 'Crime', 'Thriller', 'Mystery Thriller', 'Audiobook', 'Suspense', 'Detective', 'Contemporary', 'Adult']",English,m,"From #1 New York Times bestselling author Michael Connelly, a new thriller introducing a driven young detective trying to prove herself in the LAPDRenée Ballard works the night shift in Hollywood, beginning many investigations but finishing none as each morning she turns her cases over to day shift detectives. A once up-and-coming detective, she's been given this beat as punishment after filing a sexual harassment complaint against a supervisor.But one night she catches two cases she doesn't want to part with: the brutal beating of a prostitute left for dead in a parking lot and the killing of a young woman in a nightclub shooting. Ballard is determined not to give up at dawn. Against orders and her own partner's wishes, she works both cases by day while maintaining her shift by night. As the cases entwine they pull her closer to her own demons and the reason she won't give up her job no matter what the department throws at her.
  
"
The Betrothed,Alessandro Manzoni,United States,3.82,"['Classics', 'Fiction', 'Italian Literature', 'Italy', 'Historical Fiction', 'Literature', '19th Century', 'Romance', 'Novels', 'Historical']",English,w,"“The great plague novel.” —The New YorkerSet in Lombardy during the Spanish occupation of the late 1620s, The Betrothed tells the story of two young lovers, Renzo and Lucia, prevented from marrying by the petty tyrant Don Rodrigo, who desires Lucia for himself. Forced to flee, they are then cruelly separated, and must face many dangers including plague, famine and imprisonment, and confront a variety of strange characters—the mysterious Nun of Monza, the fiery Father Cristoforo and the sinister “Unnamed”—in their struggle to be reunited. A vigorous portrayal of enduring passion, The Betrothed‘s exploration of love, power, and faith presents a whirling panorama of seventeenth-century Italian life and is one of the greatest European historical novels.“The 19th-century Italian literary classic renowned for its vivid descriptions of the 1630 pestilence that gutted Milan.” —The New York Times“Compulsory reading for Italian high school students, The Betrothed gives a historically accurate account of the bubonic plague that wiped out a quarter of Milan’s population in 1629-1631.” —Politico“This is not just a book; it offers consolation to the whole of humanity.” —Giuseppe Verdi"
On Earth We're Briefly Gorgeous,Ocean Vuong,"Vietnam, United States",4.05,"['Fiction', 'Poetry', 'LGBT', 'Contemporary', 'Literary Fiction', 'Queer', 'Novels', 'Adult', 'Audiobook', 'Adult Fiction']",English,m,"Poet Ocean Vuong's debut novel is a shattering portrait of a family, a first love, and the redemptive power of storytelling.On Earth We're Briefly Gorgeous is a letter from a son to a mother who cannot read. Written when the speaker, Little Dog, is in his late twenties, the letter unearths a family's history that began before he was born — a history whose epicenter is rooted in Vietnam — and serves as a doorway into parts of his life his mother has never known, all of it leading to an unforgettable revelation. At once a witness to the fraught yet undeniable love between a single mother and her son, it is also a brutally honest exploration of race, class, and masculinity. Asking questions central to our American moment, immersed as we are in addiction, violence, and trauma, but undergirded by compassion and tenderness, On Earth We're Briefly Gorgeous is as much about the power of telling one's own story as it is about the obliterating silence of not being heard.With stunning urgency and grace, Ocean Vuong writes of people caught between disparate worlds, and asks how we heal and rescue one another without forsaking who we are. The question of how to survive, and how to make of it a kind of joy, powers the most important debut novel of many years."
The Midnight Line,Lee Child,United Kingdom,4.06,"['Fiction', 'Thriller', 'Mystery', 'Crime', 'Suspense', 'Action', 'Mystery Thriller', 'Adventure', 'Audiobook', 'Military Fiction']",English,m,"Reacher takes a stroll through a small Wisconsin town and sees a class ring in a pawn shop window: West Point 2005. A tough year to graduate: Iraq, then Afghanistan. The ring is tiny, for a woman, and it has her initials engraved on the inside. Reacher wonders what unlucky circumstance made her give up something she earned over four hard years. He decides to find out. And find the woman. And return her ring. Why not?So begins a harrowing journey that takes Reacher through the upper Midwest, from a lowlife bar on the sad side of small town to a dirt-blown crossroads in the middle of nowhere, encountering bikers, cops, crooks, muscle, and a missing persons PI who wears a suit and a tie in the Wyoming wilderness.The deeper Reacher digs, and the more he learns, the more dangerous the terrain becomes. Turns out the ring was just a small link in a far darker chain. Powerful forces are guarding a vast criminal enterprise. Some lines should never be crossed. But then, neither should Reacher."
The Fire,"James Patterson , Jill Dembowski",Germany,3.86,"['Fantasy', 'Young Adult', 'Dystopia', 'Magic', 'Fiction', 'Paranormal', 'Supernatural', 'Adventure', 'Witches', 'Science Fiction']",,w,"Whit and Wisty Allgood have sacrificed everything to lead the resistance against the merciless totalitarian regime that governs their world. Its supreme leader, The One Who Is The One, has banned everything they hold dear: books, music, art, and imagination. But the growing strength of the siblings' magic hasn't been enough to stop the One's evil rampage, and now he's executed the only family they had left.Wisty knows that the time has finally come for her to face The One. But her fight and her fire only channel more power to this already invincible being. How can she and Whit possibly prepare for their imminent showdown with the ruthless villain that devastated their world-before he can truly become all-powerful?In this stunning climax of the epic Witch & Wizard series, the stakes have never been higher-and the consequences will change everything."
The Girl Before,J.P. Delaney,"Uganda, United Kingdom",3.69,"['Thriller', 'Mystery', 'Fiction', 'Suspense', 'Mystery Thriller', 'Audiobook', 'Psychological Thriller', 'Adult', 'Crime', 'Adult Fiction']",English,m,"In the tradition of The Girl on the Train, The Silent Wife, and Gone Girl comes an enthralling psychological thriller that spins one woman's seemingly good fortune and another woman's mysterious fate through a kaleidoscope of duplicity, death, and deception.Soon to be a major motion picture directed by Ron Howard.Please make a list of every possession you consider essential to your life.The request seems odd, even intrusive - and for the two women who answer, the consequences are devastating.EmmaReeling from a traumatic break-in, Emma wants a new place to live. But none of the apartments she sees are affordable or feel safe. Until One Folgate Street. The house is an architectural masterpiece: a minimalist design of pale stone, plate glass, and soaring ceilings. But there are rules. The enigmatic architect who designed the house retains full control: no books, no throw pillows, no photos or clutter or personal effects of any kind. The space is intended to transform its occupant - and it does.JaneAfter a personal tragedy, Jane needs a fresh start. When she finds One Folgate Street, she is instantly drawn to the space - and to its aloof but seductive creator. Moving in, Jane soon learns about the untimely death of the home's previous tenant, a woman similar to Jane in age and appearance. As Jane tries to untangle truth from lies, she unwittingly follows the same patterns, makes the same choices, crosses paths with the same people, and experiences the same terror as the girl before.Listening Length: 9 hours and 59 minutes"
The Return,Victoria Hislop,United States,3.84,"['Historical Fiction', 'Fiction', 'Spain', 'Historical', 'Romance', 'War', 'Spanish Civil War', 'Novels', 'Contemporary', 'Drama']",English,m,"Beneath the majestic towers of the Alhambra, Granada's cobbled streets resonate with music and secrets. Sonia Cameron knows nothing of the city's shocking past; she is here to dance. But in a quiet café, a chance conversation and an intriguing collection of old photographs draw her into the extraordinary tale of Spain's devastating civil war.Seventy years earlier, the café is home to the close-knit Ramírez family. In 1936, an army coup led by Franco shatters the country's fragile peace, and in the heart of Granada the family witnesses the worst atrocities of conflict. Divided by politics and tragedy, everyone must take a side, fighting a personal battle as Spain rips itself apart.Captivating and deeply moving, Victoria Hislop's second novel is as inspiring as her international bestselling debut, The Island."
The Institute,Stephen King,United States,4.2,"['Horror', 'Fiction', 'Thriller', 'Science Fiction', 'Fantasy', 'Audiobook', 'Mystery', 'Paranormal', 'Mystery Thriller', 'Adult']",English,m,"In the middle of the night, in a house on a quiet street in suburban Minneapolis, intruders silently murder Luke Ellis’s parents and load him into a black SUV. The operation takes less than two minutes. Luke will wake up at The Institute, in a room that looks just like his own, except there’s no window. And outside his door are other doors, behind which are other kids with special talents—telekinesis and telepathy—who got to this place the same way Luke did: Kalisha, Nick, George, Iris, and ten-year-old Avery Dixon. They are all in Front Half. Others, Luke learns, graduated to Back Half, “like the roach motel,” Kalisha says. “You check in, but you don’t check out.”In this most sinister of institutions, the director, Mrs. Sigsby, and her staff are ruthlessly dedicated to extracting from these children the force of their extranormal gifts. There are no scruples here. If you go along, you get tokens for the vending machines. If you don’t, punishment is brutal. As each new victim disappears to Back Half, Luke becomes more and more desperate to get out and get help. But no one has ever escaped from the Institute."
Chain of Gold,Cassandra Clare,United States,4.48,"['Fantasy', 'Young Adult', 'Romance', 'Historical Fiction', 'Paranormal', 'Young Adult Fantasy', 'Urban Fantasy', 'Historical', 'Fiction', 'LGBT']",English,w,"From #1 New York Times and USA TODAY bestselling author Cassandra Clare comes the first novel in a brand-new trilogy where evil hides in plain sight and love cuts deeper than any blade. Chain of Gold is a Shadowhunters novel.Cordelia Carstairs is a Shadowhunter, a warrior trained since childhood to battle demons. When her father is accused of a terrible crime, she and her brother travel to London in hopes of preventing the family’s ruin. Cordelia’s mother wants to marry her off, but Cordelia is determined to be a hero rather than a bride. Soon Cordelia encounters childhood friends James and Lucie Herondale and is drawn into their world of glittering ballrooms, secret assignations, and supernatural salons, where vampires and warlocks mingle with mermaids and magicians. All the while, she must hide her secret love for James, who is sworn to marry someone else.But Cordelia’s new life is blown apart when a shocking series of demon attacks devastate London. These monsters are nothing like those Shadowhunters have fought before—these demons walk in daylight, strike down the unwary with incurable poison, and seem impossible to kill. London is immediately quarantined. Trapped in the city, Cordelia and her friends discover that their own connection to a dark legacy has gifted them with incredible powers—and forced a brutal choice that will reveal the true cruel price of being a hero."
Home,Marilynne Robinson,United States,4.02,"['Fiction', 'Historical Fiction', 'Novels', 'Literary Fiction', 'Literature', 'Religion', 'Contemporary', 'Family', 'Adult Fiction', 'Audiobook']",English,m,"Home parallels the story told in Robinson's Pulitzer Prize-winning Gilead. It is a moving and healing book about families, family secrets, and the passing of the generations, about love and death and faith.Hundreds of thousands were enthralled by the luminous voice of John Ames in Gilead Marilynne Robinson’s Pulitzer Prize–winning novel. Home is an entirely independent, deeply affecting novel that takes place concurrently in the same locale, this time in the household of Reverend Robert Boughton, Ames’s closest friend. Glory Boughton, aged thirty-eight, has returned to Gilead to care for her dying father. Soon her brother, Jack—the prodigal son of the family, gone for twenty years—comes home too, looking for refuge and trying to make peace with a past littered with tormenting trouble and pain. Jack is one of the great characters in recent literature. A bad boy from childhood, an alcoholic who cannot hold a job, he is perpetually at odds with his surroundings and with his traditionalist father, though he remains Boughton’s most beloved child. Brilliant, lovable, and wayward, Jack forges an intense bond with Glory and engages painfully with Ames, his godfather and namesake. Home is a moving and healing book about families, family secrets, and the passing of the generations, about love and death and faith. It is Robinson’s greatest work, an unforgettable embodiment of the deepest and most universal emotions."
That Summer,Sarah Dessen,United States,3.48,"['Young Adult', 'Contemporary', 'Romance', 'Fiction', 'Realistic Fiction', 'Chick Lit', 'Teen', 'Young Adult Contemporary', 'Coming Of Age', 'Audiobook']",English,w,"For fifteen-year-old Haven, life is changing too quickly. She's nearly six feet tall, her father is getting remarried, and her sister—the always perfect Ashley—is planning a wedding of her own. Haven wishes things could just go back to the way they were. Then an old boyfriend of Ashley's reenters the picture, and through him, Haven sees the past for what it really was, and comes to grips with the future."
Every Last Breath,Jennifer L. Armentrout,United States,4.28,"['Fantasy', 'Paranormal', 'Young Adult', 'Romance', 'Demons', 'Paranormal Romance', 'Urban Fantasy', 'Angels', 'New Adult', 'Supernatural']",English,w,"Some loves will last ’til your dying breathEvery choice has consequences—but seventeen-year-old Layla faces tougher choices than most. Light or darkness. Wickedly sexy demon prince Roth, or Zayne, the gorgeous, protective Warden she never thought could be hers. Hardest of all, Layla has to decide which side of herself to trust.Layla has a new problem, too. A Lilin—the deadliest of demons—has been unleashed, wreaking havoc on those around her…including her best friend. To keep Sam from a fate much, much worse than death, Layla must strike a deal with the enemy while saving her city—and her race—from destruction.Torn between two worlds and two different boys, Layla has no certainties, least of all survival, especially when an old bargain comes back to haunt them all. But sometimes, when secrets are everywhere and the truth seems unknowable, you have to listen to your heart, pick a side—and then fight like hell…"
The Seven Sisters,Lucinda Riley,United Kingdom,4.18,"['Historical Fiction', 'Fiction', 'Romance', 'Historical', 'Mystery', 'Contemporary', 'Audiobook', 'Chick Lit', 'Roman', 'Adult']",English,w,"Maia D’Apliese and her five sisters gather together at their childhood home, “Atlantis”—a fabulous, secluded castle situated on the shores of Lake Geneva—having been told that their beloved father, who adopted them all as babies, has died. Each of them is handed a tantalizing clue to her true heritage—a clue which takes Maia across the world to a crumbling mansion in Rio de Janeiro, Brazil. Once there, she begins to put together the pieces of her story and its beginnings.Eighty years earlier in Rio’s Belle Epoque of the 1920s, Izabela Bonifacio’s father has aspirations for his daughter to marry into the aristocracy. Meanwhile, architect Heitor da Silva Costa is devising plans for an enormous statue, to be called Christ the Redeemer, and will soon travel to Paris to find the right sculptor to complete his vision. Izabela—passionate and longing to see the world—convinces her father to allow her to accompany him and his family to Europe before she is married. There, at Paul Landowski’s studio and in the heady, vibrant cafes of Montparnasse, she meets ambitious young sculptor Laurent Brouilly, and knows at once that her life will never be the same again.In this sweeping, epic tale of love and loss—the first in a unique, spellbinding series of seven novels—Lucinda Riley showcases her storytelling talent like never before."
Armada,Ernest Cline,United States,3.53,"['Science Fiction', 'Fiction', 'Young Adult', 'Audiobook', 'Fantasy', 'Science Fiction Fantasy', 'Adventure', 'Aliens', 'Adult', 'Space']",English,m,"Zack Lightman has spent his life dreaming. Dreaming that the real world could be a little more like the countless science-fiction books, movies, and videogames he’s spent his life consuming. Dreaming that one day, some fantastic, world-altering event will shatter the monotony of his humdrum existence and whisk him off on some grand space-faring adventure. But hey, there’s nothing wrong with a little escapism, right? After all, Zack tells himself, he knows the difference between fantasy and reality. He knows that here in the real world, aimless teenage gamers with anger issues don’t get chosen to save the universe. And then he sees the flying saucer. Even stranger, the alien ship he’s staring at is straight out of the videogame he plays every night, a hugely popular online flight simulator called Armada—in which gamers just happen to be protecting the earth from alien invaders.  No, Zack hasn’t lost his mind. As impossible as it seems, what he’s seeing is all too real. And his skills—as well as those of millions of gamers across the world—are going to be needed to save the earth from what’s about to befall it. It’s Zack’s chance, at last, to play the hero. But even through the terror and exhilaration, he can’t help thinking back to all those science-fiction stories he grew up with, and wondering: Doesn’t something about this scenario seem a little…familiar? At once gleefully embracing and brilliantly subverting science-fiction conventions as only Ernest Cline could, Armada is a rollicking, surprising thriller, a classic coming of age adventure, and an alien invasion tale like nothing you’ve ever read before—one whose every page is infused with the pop-culture savvy that has helped make Ready Player One a phenomenon."
A Thousand Boy Kisses,Tillie Cole,United Kingdom,4.26,"['Romance', 'Young Adult', 'Contemporary', 'Contemporary Romance', 'New Adult', 'High School', 'Fiction', 'Young Adult Romance', 'Audiobook', 'Drama']",English,w,"One kiss lasts a moment. But a thousand kisses can last a lifetime. One boy. One girl. A bond that is forged in an instant and cherished for a decade. A bond that neither time nor distance can break. A bond that will last forever. Or so they believe. When seventeen-year-old Rune Kristiansen returns from his native Norway to the sleepy town of Blossom Grove, Georgia, where he befriended Poppy Litchfield as a child, he has just one thing on his mind. Why did the girl who was one half of his soul, who promised to wait faithfully for his return, cut him off without a word of explanation? Rune's heart was broken two years ago when Poppy fell silent. When he discovers the truth, he finds that the greatest heartache is yet to come. A stand-alone young adult tearjerker romance, recommended for ages fourteen and up."
Sinner,Maggie Stiefvater,United States,3.9,"['Young Adult', 'Fantasy', 'Romance', 'Paranormal', 'Werewolves', 'Fiction', 'Urban Fantasy', 'Supernatural', 'Paranormal Romance', 'Audiobook']",English,m,"found.Cole St. Clair has come to California for one reason: to get Isabel Culpeper back. She fled from his damaged, drained life, and damaged and drained it even more. He doesn't just want her. He needs her. lost. Isabel is trying to build herself a life in Los Angeles. It's not really working. She can play the game as well as all the other fakes...but what's the point? What is there to win?sinner.Cole and Isabel share a past that never seemed to have a future. They have the power to save each other and the power to tear each other apart. The only thing for certain is that they cannot let go."
Eden,Jamie McGuire,Iceland,4.15,"['Paranormal', 'Romance', 'Angels', 'Fantasy', 'Young Adult', 'Paranormal Romance', 'New Adult', 'Supernatural', 'Fiction', 'Demons']",English,w,"She had seen the unspeakable. She would learn the unknowable. Now, she would fight the invincible. In the third and final installment of the Providence series, Nina Grey will marry the wrong man, carry the child that was never supposed to be born, and fight a war she can't win. Faced with the impossible task of protecting his new wife and unborn child against the throes of Hell, Jared Ryel is allowed no mistakes. Pressured to return the Naissance de Demoniac to Jerusalem, he revisits St. Ann's to learn the answers were in front of him all along. Together, they must survive long enough to let their child save them - and the world."
Whispers of the Dead,Simon Beckett,United Kingdom,4.08,"['Thriller', 'Crime', 'Mystery', 'Fiction', 'Mystery Thriller', 'Suspense', 'Audiobook', 'German Literature', 'British Literature', 'Adult']",English,m,"In plain black letters were the words Anthropological Research Facility,' but it was better known but another, less formal name. Most people just called it The Body Farm.The victim has been bound and torturer, the body decomposed beyond recognition...A second body is found.In America to escape the violence that nearly killed him, forensics expert David Hunter needs to know whether he is still up to the job of confronting death in all its strange and terrible forms.Then a body is found in a remote cabin out in the woods. And then another...Pushed deep into the heart of a terrifying manhunt, Hunter begins to wonder if they're on the trail of a maniac who simply cannot be stopped.Shocking, cunning and heart-stoppingly exciting, here is the new crime thriller from a No. 1 intentional bestselling storyteller.(back cover)"
The Nest,Cynthia D'Aprix Sweeney,United States,3.42,"['Fiction', 'Contemporary', 'Audiobook', 'Adult Fiction', 'Adult', 'Literary Fiction', 'Family', 'Book Club', 'New York', 'Realistic Fiction']",English,w,"A warm, funny and acutely perceptive debut novel about four adult siblings and the fate of the shared inheritance that has shaped their choices and their lives.Every family has its problems. But even among the most troubled, the Plumb family stands out as spectacularly dysfunctional. Years of simmering tensions finally reach a breaking point on an unseasonably cold afternoon in New York City as Melody, Beatrice, and Jack Plumb gather to confront their charismatic and reckless older brother, Leo, freshly released from rehab. Months earlier, an inebriated Leo got behind the wheel of a car with a nineteen-year-old waitress as his passenger. The ensuing accident has endangered the Plumbs’ joint trust fund, “The Nest,” which they are months away from finally receiving. Meant by their deceased father to be a modest mid-life supplement, the Plumb siblings have watched The Nest’s value soar along with the stock market and have been counting on the money to solve a number of self-inflicted problems. Melody, a wife and mother in an upscale suburb, has an unwieldy mortgage and looming college tuition for her twin teenage daughters. Jack, an antiques dealer, has secretly borrowed against the beach cottage he shares with his husband, Walker, to keep his store open. And Bea, a once-promising short-story writer, just can’t seem to finish her overdue novel. Can Leo rescue his siblings and, by extension, the people they love? Or will everyone need to reimagine the future they’ve envisioned? Brought together as never before, Leo, Melody, Jack, and Beatrice must grapple with old resentments, present-day truths, and the significant emotional and financial toll of the accident, as well as finally acknowledge the choices they have made in their own lives.This is a story about the power of family, the possibilities of friendship, the ways we depend upon one another and the ways we let one another down. In this tender, entertaining, and deftly written debut, Sweeney brings a remarkable cast of characters to life to illuminate what money does to relationships, what happens to our ambitions over the course of time, and the fraught yet unbreakable ties we share with those we love."
Adultery,Paulo Coelho,Brazil,3.06,"['Fiction', 'Romance', 'Novels', 'Contemporary', 'Philosophy', 'Adult', 'Audiobook', 'Love', 'Literature', 'Adult Fiction']",English,m,"I want to change. I need to change. I'm gradually losing touch with myself.

Adultery, the provocative new novel by Paulo Coelho, best-selling author of The Alchemist and Eleven Minutes, explores the question of what it means to live life fully and happily, finding the balance between life's routine and the desire for something new."
Hana,Lauren Oliver,Czechia,3.63,"['Dystopia', 'Young Adult', 'Short Stories', 'Romance', 'Novella', 'Fantasy', 'Science Fiction', 'Fiction', 'Post Apocalyptic', 'Teen']",English,w,"Lauren Oliver's riveting, original digital story set in the world of her New York Times bestseller Delirium.The summer before they're supposed to be cured of the ability to love, best friends Lena and Hana begin to drift apart. While Lena shies away from underground music and parties with boys, Hana jumps at her last chance to experience the forbidden. For her, the summer is full of wild music, dancing—and even her first kiss.But on the surface, Hana must be a model of perfect behavior. She meets her approved match, Fred Hargrove, and glimpses the safe, comfortable life she’ll have with him once they marry. As the date for her cure draws ever closer, Hana desperately misses Lena, wonders how it feels to truly be in love, and is simultaneously terrified of rebelling and of falling into line.In this digital story that will appeal to fans of Delirium and welcome new admirers to its world, readers will come to understand scenes from Delirium through Hana's perspective. Hana is a touching and revealing look at a life-changing and tumultuous summer."
The Ballad of Songbirds and Snakes,Suzanne Collins,United States,3.82,"['Young Adult', 'Dystopia', 'Fiction', 'Fantasy', 'Science Fiction', 'Audiobook', 'Adventure', 'Science Fiction Fantasy', 'Childrens', 'Young Adult Fantasy']",English,w,"It is the morning of the reaping that will kick off the tenth annual Hunger Games. In the Capital, eighteen-year-old Coriolanus Snow is preparing for his one shot at glory as a mentor in the Games. The once-mighty house of Snow has fallen on hard times, its fate hanging on the slender chance that Coriolanus will be able to outcharm, outwit, and outmaneuver his fellow students to mentor the winning tribute.The odds are against him. He's been given the humiliating assignment of mentoring the female tribute from District 12, the lowest of the low. Their fates are now completely intertwined -- every choice Coriolanus makes could lead to favor or failure, triumph or ruin. Inside the arena, it will be a fight to the death. Outside the arena, Coriolanus starts to feel for his doomed tribute... and must weigh his need to follow the rules against his desire to survive no matter what it takes."
Meant to Be,Lauren Morrill,United States,3.7,"['Young Adult', 'Romance', 'Contemporary', 'Chick Lit', 'Realistic Fiction', 'Young Adult Contemporary', 'Fiction', 'Travel', 'Contemporary Romance', 'Young Adult Romance']",English,w,"It's one thing to fall head over heels into a puddle of hazelnut coffee, and quote another to fall for the - gasp - wrong guy. Straight-A junior Julia may be accident prone, but she's the queen of following rules and being prepared. That's why she keeps a pencil sharpener in her purse and a pocket Shakespeare in her...well, pocket. Julia also believes in fate, and that Mark, her childhood crush, is her MTB - her meant-to-be.But this spring break, Julia's rules are about to get defenestrated (SAT word: thrown from a window) when she's partnered with her personal nemesis, class clown Jason, on a school trip to London. After one wild party, Julia starts receiving romantic texts...from an unknown number! Jason promises to help discover the identity of her mysterious new suitor if she agrees to live a little along the way. And this begins a wild-goose chase through London, leading Julia closer and closer to the biggest surprise of all: true love.Because sometimes the things you least expect are the most meant to be."
Those Who Leave and Those Who Stay,Elena Ferrante,Italy,4.31,"['Fiction', 'Italy', 'Historical Fiction', 'Italian Literature', 'Novels', 'Literary Fiction', 'Audiobook', 'Contemporary', 'Feminism', 'Womens']",English,w,"In this third Neapolitan novel, Elena and Lila, the two girls whom readers first met in My Brilliant Friend, have become women. Lila married at sixteen and has a young son; she has left her abusive husband and now works as a common laborer. Elena has left the neighborhood, earned her college degree, and published a successful novel, all of which have opened the doors to a world of learned interlocutors and richly furnished salons. Both women have pushed against the walls of a prison that would have seen them living a life of misery, ignorance, and submission. They are afloat on the great sea of opportunities that opened up during the nineteen-seventies. Yet they are still very much bound to each other by a strong, unbreakable bond."
Splendor,Anna Godbersen,Italy,3.84,"['Historical Fiction', 'Young Adult', 'Romance', 'Historical', 'Fiction', 'Chick Lit', 'Historical Romance', 'Teen', 'Drama', 'New York']",English,w,"New Beginnings.Shocking Revelations.Unexpected Endings.As spring turns into summer, Elizabeth relishes her new roles as a young wife, while her sister, Diana, searches for adventure abroad. But when a surprising clue about their father's death comes to light, the Holland girls wonder at what cost a life of splendor comes.Carolina Broad, society's newest darling, fans a flame from her past, oblivious to how it might burn her future. Penelope Schoonmaker is finally Manhattan royalty - but when a real prince visits the city, she covets a title that comes with a crown. Her husband, Henry, bravely went to war, only to discover that his father's rule extends well beyond New York's shores and that fighting for love may prove a losing battle.In the dramatic conclusion to the bestselling Luxe series, New York's most dazzling socialites chase dreams, cling to promises, and tempt fate. As society watches what will become of the city's oldest families and newest fortunes, one question remains: Will its stars fade away or will they shine ever brighter?"
Independence,Shelly Crane,Spain,4.31,"['Paranormal', 'Young Adult', 'Romance', 'Fantasy', 'Paranormal Romance', 'Supernatural', 'Magic', 'Contemporary', 'New Adult', 'Fiction']",English,m,"In the fourth and final installment, Maggie and Caleb must tie up all the loose ends of their lives and make a way to be together completely on their own. With everything that happened with Bish and Maggie's father, she's almost reluctant to move on and move out. And now she must figure out all of this...stuff...with Haddock. But of course, nothing can stay simple for the Jacobsons. Enemies who were thought to be dissolved have decided to not go down so easily. And old flames come calling for more than just Maggie. Caleb is torn between leading his family and personal wants. Maggie is torn between Caleb and being the leader of their people. But neither will let what they need most to be pushed to the wayside. They are determined to make it all work, design a plan toward destiny, and make everything right again for themselves and their family.And then there's a wedding..."
A Column of Fire,Ken Follett,United Kingdom,4.19,"['Historical Fiction', 'Fiction', 'Historical', 'Audiobook', 'British Literature', 'Adult', 'Religion', 'Novels', 'Fantasy', 'Medieval']",English,m,"As Europe erupts, can one young spy protect his queen? Ken Follett takes us deep into the treacherous world of powerful monarchs, intrigue, murder, and treason with his magnificent epic, A Column of Fire—the chronological latest in the Kingsbridge series, following The Pillars of the Earth, World Without End, and the prequel, The Evening and the Morning.In 1558, the ancient stones of Kingsbridge Cathedral look down on a city torn apart by religious conflict. As power in England shifts precariously between Catholics and Protestants, royalty and commoners clash, testing friendship, loyalty, and love.  Ned Willard wants nothing more than to marry Margery Fitzgerald. But when the lovers find themselves on opposing sides of the religious conflict dividing the country, Ned goes to work for Princess Elizabeth. When she becomes queen, all Europe turns against England. The shrewd, determined young monarch sets up the country’s first secret service to give her early warning of assassination plots, rebellions, and invasion plans. Over a turbulent half century, the love between Ned and Margery seems doomed as extremism sparks violence from Edinburgh to Geneva. Elizabeth clings to her throne and her principles, protected by a small, dedicated group of resourceful spies and courageous secret agents. The real enemies, then as now, are not the rival religions. The true battle pitches those who believe in tolerance and compromise against the tyrants who would impose their ideas on everyone else—no matter what the cost. Exciting and ambitious, and set during one of the most turbulent and revolutionary times in history, A Column of Fire will delight longtime fans of the Kingsbridge series and serve as the perfect introduction for readers new to Ken Follett."
Nemesis,Agatha Christie,United States,3.86,"['Mystery', 'Fiction', 'Crime', 'Classics', 'Detective', 'Mystery Thriller', 'British Literature', 'Audiobook', 'Murder Mystery', 'Novels']",English,w,"In utter disbelief, Jane Marple read the letter addressed to her from the recently deceased Mr Rafiel - an acquaintance she had met briefly on her travels. He had left instructions for her to investigate a crime after his death. The only problem was, he had failed to tell her who was involved or where and when the crime had been committed. It was most intruguing. Soon she is faced with a new crime - the ultimate crime - murder. It seems someone is adamant that past evils remain buried..."
Shattered,Nicole Banks,United States; United States,4.13,"['Romance', 'New Adult', 'Abuse', 'Military Fiction', 'Amazon']",English,m; m,"JasmineI’m broken.Damaged goods, if you will.I’ve tried to escape my past, but it leaves me exhausted—wanting to end it all, because there’s nothing left for me.Until him.Until he comes home and sparks something inside of me I thought had been ripped away from me.He’s my best friend’s brother, and there’s a line we shouldn’t cross, no matter how much his touch heals my broken parts.AngelI was finally home, hoping to escape the guilt and nightmares that clung to my skin—but one look in her sad brown eyes tells me the ghosts of my failures aren’t as far away as I hoped.She’s the one thing my messed-up mind clings to, and I know I shouldn’t cross that line with her, but the solace I find in her arms is too tempting to resist."
Capital in the Twenty-First Century,Thomas Piketty,France,4.05,"['Economics', 'Nonfiction', 'Politics', 'History', 'Business', 'Finance', 'Philosophy', 'Sociology', 'Science', 'Unfinished']",English,m,"What are the grand dynamics that drive the accumulation and distribution of capital? Questions about the long-term evolution of inequality, the concentration of wealth, and the prospects for economic growth lie at the heart of political economy. But satisfactory answers have been hard to find for lack of adequate data and clear guiding theories. In Capital in the Twenty-First Century, Thomas Piketty analyzes a unique collection of data from twenty countries, ranging as far back as the eighteenth century, to uncover key economic and social patterns. His findings will transform debate and set the agenda for the next generation of thought about wealth and inequality.Piketty shows that modern economic growth and the diffusion of knowledge have allowed us to avoid inequalities on the apocalyptic scale predicted by Karl Marx. But we have not modified the deep structures of capital and inequality as much as we thought in the optimistic decades following World War II. The main driver of inequality—the tendency of returns on capital to exceed the rate of economic growth—today threatens to generate extreme inequalities that stir discontent and undermine democratic values. But economic trends are not acts of God. Political action has curbed dangerous inequalities in the past, Piketty says, and may do so again.A work of extraordinary ambition, originality, and rigor, Capital in the Twenty-First Century reorients our understanding of economic history and confronts us with sobering lessons for today."
What If It's Us,"Becky Albertalli , Adam Silvera",United States,3.91,"['Young Adult', 'Romance', 'LGBT', 'Contemporary', 'Fiction', 'Queer', 'Audiobook', 'Realistic Fiction', 'Young Adult Contemporary', 'M M Romance']",English,w; m,"Arthur is only in New York for the summer, but if Broadway has taught him anything, it’s that the universe can deliver a showstopping romance when you least expect it.Ben thinks the universe needs to mind its business. If the universe had his back, he wouldn’t be on his way to the post office carrying a box of his ex-boyfriend’s things.But when Arthur and Ben meet-cute at the post office, what exactly does the universe have in store for them?Maybe nothing. After all, they get separated.Maybe everything. After all, they get reunited.But what if they can’t quite nail a first date . . . or a second first date . . . or a third?What if Arthur tries too hard to make it work . . . and Ben doesn’t try hard enough?What if life really isn’t like a Broadway play?But what if it is?"
Colombiano,Rusty Young,Australia,4.33,"['Fiction', 'Crime', 'Historical Fiction', 'War', 'Thriller', 'Mystery', 'Coming Of Age', 'Contemporary', 'Politics', 'Action']",English,m,"In Colombia you have to pick a side. Or one will be picked for you . . .All Pedro Gutiérrez cares about is fishing, playing pool and his girlfriend Camila’s promise to sleep with him on his sixteenth birthday. But his life is ripped apart when Guerrilla soldiers callously execute his father in front of him, and he and his mother are banished from their farm.Swearing vengeance against the five men responsible, Pedro, with his best friend Palillo, joins an illegal Paramilitary group, where he is trained to fight, kill and crush any sign of weakness.But as he descends into a world of unspeakable violence, Pedro must decide how far he is willing to go. Can he stop himself before he becomes just as ruthless as those he is hunting? Or will his dark obsession cost him all he loves?Colombiano is an epic tale of rural villages held to ransom, of jungle drug labs, cocaine supermarkets, witch doctors and buried millions, of innocent teenage love, barbaric torture and meticulously planned revenge.Superbly told and by turns gripping, poignant and darkly comic, Colombiano is the remarkable story of a boy whose moral descent becomes a metaphor for the corruption of an entire nation. Both blockbuster thriller and electrifying coming-of-age story, Rusty Young’s powerful novel is also a meditation on the redeeming power of love."
Still Me,Jojo Moyes,United Kingdom,4.13,"['Fiction', 'Romance', 'Chick Lit', 'Contemporary', 'Audiobook', 'Adult', 'Adult Fiction', 'Novels', 'New York', 'Realistic Fiction']",English,w,"From the #1 New York Times bestselling author Jojo Moyes, a new book featuring her iconic heroine of Me Before You and After You, Louisa Clark.Louisa Clark arrives in New York ready to start a new life, confident that she can embrace this new adventure and keep her relationship with Ambulance Sam alive across several thousand miles. She steps into the world of the superrich, working for Leonard Gopnik and his much younger second wife, Agnes. Lou is determined to get the most out of the experience and throws herself into her new job and New York life. As she begins to mix in New York high society, Lou meets Joshua Ryan, a man who brings with him a whisper of her past. Before long, Lou finds herself torn between Fifth Avenue where she works and the treasure-filled vintage clothing store where she actually feels at home. And when matters come to a head, she has to ask herself: Who is Louisa Clark? And how do you find the courage to follow your heart—wherever that may lead?Funny, romantic, and poignant, Still Me follows Lou as she navigates how to stay true to herself, while pushing to live boldly in her brave new world."
The Famished Road,Ben Okri,Nigeria,3.73,"['Fiction', 'Africa', 'Magical Realism', 'Fantasy', 'Nigeria', 'African Literature', 'Literature', 'Literary Fiction', 'Novels', 'Contemporary']",English,m,"In the decade since it won the Booker Prize, Ben Okri's Famished Road has become a classic. Like Salman Rushdie's Midnight's Children or Gabriel Garcia Marquez's One Hundred Years of Solitude, it combines brilliant narrative technique with a fresh vision to create an essential work of world literature.The narrator, Azaro, is an abiku, a spirit child, who in the Yoruba tradition of Nigeria exists between life and death. The life he foresees for himself and the tale he tells is full of sadness and tragedy, but inexplicably he is born with a smile on his face. Nearly called back to the land of the dead, he is resurrected. But in their efforts to save their child, Azaro's loving parents are made destitute. The tension between the land of the living, with its violence and political struggles, and the temptations of the carefree kingdom of the spirits propels this latter-day Lazarus's story."
The Son,Philipp Meyer,Norway,4.0,"['Fiction', 'Historical Fiction', 'Westerns', 'Historical', 'Audiobook', 'Literary Fiction', 'Novels', 'Adult', 'Family', 'Adult Fiction']",English,m,"The acclaimed author of American Rust, returns with The Son: an epic, multigenerational saga of power, blood, and land that follows the rise of one unforgettable Texas family from the Comanche raids of the 1800s to the border raids of the early 1900s to the oil booms of the 20th century.Part epic of Texas, part classic coming-of-age story, part unflinching portrait of the bloody price of power, The Son is an utterly transporting novel that maps the legacy of violence in the American West through the lives of the McCulloughs, an ambitious family as resilient and dangerous as the land they claim.Spring, 1849. The first male child born in the newly established Republic of Texas, Eli McCullough is thirteen years old when a marauding band of Comanche storm his homestead and brutally murder his mother and sister, taking him captive. Brave and clever, Eli quickly adapts to Comanche life, learning their ways and language, answering to a new name, carving a place as the chief's adopted son, and waging war against their enemies, including white men-complicating his sense of loyalty and understanding of who he is. But when disease, starvation, and overwhelming numbers of armed Americans decimate the tribe, Eli finds himself alone. Neither white nor Indian, civilized or fully wild, he must carve a place for himself in a world in which he does not fully belong-a journey of adventure, tragedy, hardship, grit, and luck that reverberates in the lives of his progeny. Intertwined with Eli's story are those of his son, Peter, a man who bears the emotional cost of his father's drive for power, and JA, Eli's great-granddaughter, a woman who must fight hardened rivals to succeed in a man's world.Phillipp Meyer deftly explores how Eli's ruthlessness and steely pragmatism transform subsequent generations of McCulloughs. Love, honor, children are sacrificed in the name of ambition, as the family becomes one of the richest powers in Texas, a ranching-and-oil dynasty of unsurpassed wealth and privilege. Yet, like all empires, the McCoulloughs must eventually face the consequences of their choices.Harrowing, panoramic, and vividly drawn, The Son is a masterful achievement from a sublime young talent."
The It Girl,Cecily von Ziegesar (creator),United Kingdom,3.66,"['Young Adult', 'Chick Lit', 'Contemporary', 'Romance', 'Fiction', 'High School', 'Teen', 'Boarding School', 'Young Adult Contemporary', 'Realistic Fiction']",English,w,"Popular Gossip Girl character Jenny Humphrey is leaving Constance Billard to attend Waverly Academy, an elite boarding school in New York horse country where glamorous rich kids don't let the rules get in the way of an excellent time. Jenny's determined to leave her crazy Manhattan past behind and become a sophisticated goddess on campus. But first she'll have to contend with her self-absorbed roommates, Callie Vernon and Brett Messerschmidt. Hot guys, new intrigue, and more delicious gossip all add up to more trouble than ever for Jenny. But if getting caught with boys and going up against the Disciplinary Committee is what it takes, Jenny is ready. She'll do all that and more to be The It Girl."
Exit West,Mohsin Hamid,Pakistan,3.79,"['Fiction', 'Magical Realism', 'Fantasy', 'Contemporary', 'Literary Fiction', 'Audiobook', 'Romance', 'Adult', 'War', 'Novels']",English,m,"In a country teetering on the brink of civil war, two young people meet—sensual, fiercely independent Nadia and gentle, restrained Saeed. They embark on a furtive love affair and are soon cloistered in a premature intimacy by the unrest roiling their city. When it explodes, turning familiar streets into a patchwork of checkpoints and bomb blasts, they begin to hear whispers about doors—doors that can whisk people far away, if perilously and for a price. As the violence escalates, Nadia and Saeed decide that they no longer have a choice. Leaving their homeland and their old lives behind, they find a door and step through. Exit West follows these characters as they emerge into an alien and uncertain future, struggling to hold on to each other, to their past, to the very sense of who they are. Profoundly intimate and powerfully inventive, it tells an unforgettable story of love, loyalty, and courage that is both completely of our time and for all time."
The Cartel,Don Winslow,United States,4.31,"['Fiction', 'Crime', 'Thriller', 'Mystery', 'Historical Fiction', 'Audiobook', 'Mystery Thriller', 'War', 'Novels', 'Noir']",English,m,"From the internationally best-selling author of the acclaimed novel The Power of the Dog comes The Cartel, a gripping, true-to-life, ripped-from-the-headlines epic story of power, corruption, revenge, and justice spanning the past decade of the Mexican-American drug wars.It’s 2004. DEA agent Art Keller has been fighting the war on drugs for thirty years in a blood feud against Adán Barrera, the head of El Federación, the world’s most powerful cartel, and the man who brutally murdered Keller’s partner. Finally putting Barrera away cost Keller dearly—the woman he loves, the beliefs he cherishes, the life he wants to lead.Then Barrera gets out, determined to rebuild the empire that Keller shattered. Unwilling to live in a world with Barrera in it, Keller goes on a ten-year odyssey to take him down. His obsession with justice—or is it revenge?—becomes a ruthless struggle that stretches from the cities, mountains, and deserts of Mexico to Washington’s corridors of power to the streets of Berlin and Barcelona.Keller fights his personal battle against the devastated backdrop of Mexico’s drug war, a conflict of unprecedented scale and viciousness, as cartels vie for power and he comes to the final reckoning with Barrera—and himself—that he always knew must happen.The Cartel is a story of revenge, honor, and sacrifice, as one man tries to face down the devil without losing his soul. It is the story of the war on drugs and the men—and women—who wage it."
The Nix,Nathan Hill,United States,4.06,"['Fiction', 'Historical Fiction', 'Audiobook', 'Literary Fiction', 'Contemporary', 'Novels', 'Historical', 'Adult Fiction', 'Literature', 'Adult']",English,m,"A hilarious and deeply touching debut novel about a son, the mother who left him as a child, and how his search to uncover the secrets of her life leads him to reclaim his own.Meet Samuel Andresen-Anderson: stalled writer, bored teacher at a local college, obsessive player of an online video game. He hasn't seen his mother, Faye, since she walked out when he was a child. But then one day there she is, all over the news, throwing rocks at a presidential candidate. The media paints Faye as a militant radical with a sordid past, but as far as Samuel knows, his mother never left her small Iowa town. Which version of his mother is the true one? Determined to solve the puzzle--and finally have something to deliver to his publisher--Samuel decides to capitalize on his mother's new fame by writing a tell-all biography, a book that will savage her intimately, publicly. But first, he has to locate her; and second, to talk to her without bursting into tears. As Samuel begins to excavate her history, the story moves from the rural Midwest of the 1960s to New York City during the Great Recession and Occupy Wall Street to the infamous riots at the 1968 Chicago Democratic National Convention, and finally to Norway, home of the mysterious Nix that his mother told him about as a child. And in these places, Samuel will unexpectedly find that he has to rethink everything he ever knew about his mother--a woman with an epic story of her own, a story she kept hidden from the world."
Career of Evil,Robert Galbraith,United Kingdom,4.2,"['Mystery', 'Fiction', 'Crime', 'Thriller', 'Audiobook', 'Mystery Thriller', 'Detective', 'Adult', 'Contemporary', 'Suspense']",English,w,"Cormoran Strike is back, with his assistant Robin Ellacott, in a mystery based around soldiers returning from war.When a mysterious package is delivered to Robin Ellacott, she is horrified to discover that it contains a woman’s severed leg.Her boss, private detective Cormoran Strike, is less surprised but no less alarmed. There are four people from his past who he thinks could be responsible – and Strike knows that any one of them is capable of sustained and unspeakable brutality.With the police focusing on the one suspect Strike is increasingly sure is not the perpetrator, he and Robin take matters into their own hands, and delve into the dark and twisted worlds of the other three men. But as more horrendous acts occur, time is running out for the two of them…Career of Evil is the third in the series featuring private detective Cormoran Strike and his assistant Robin Ellacott. A mystery and also a story of a man and a woman at a crossroads in their personal and professional lives."
Behind Her Eyes,Sarah Pinborough,United Kingdom,3.76,"['Thriller', 'Mystery', 'Fiction', 'Mystery Thriller', 'Suspense', 'Audiobook', 'Psychological Thriller', 'Adult', 'Contemporary', 'Crime']",English,w,"Why is everyone talking about the ending of Sarah Pinborough's Behind Her Eyes?Louise is a single mom, a secretary, stuck in a modern-day rut. On a rare night out, she meets a man in a bar and sparks fly. Though he leaves after they kiss, she’s thrilled she finally connected with someone.When Louise arrives at work on Monday, she meets her new boss, David. The man from the bar. The very married man from the bar…who says the kiss was a terrible mistake but who still can’t keep his eyes off Louise.And then Louise bumps into Adele, who’s new to town and in need of a friend, but she also just happens to be married to David. David and Adele look like the picture-perfect husband and wife, but then why is David so controlling, and why is Adele so scared of him?As Louise is drawn into David and Adele’s orbit, she uncovers more puzzling questions than answers. The only thing that is crystal clear is that something in this marriage is very, very wrong, but Louise can’t guess how wrong―and how far a person might go to protect their marriage’s secrets."
The Little Paris Bookshop,Nina George,Germany,3.51,"['Fiction', 'Romance', 'Books About Books', 'France', 'Contemporary', 'Adult Fiction', 'Adult', 'Audiobook', 'Book Club', 'Travel']",English,w,"“There are books that are suitable for a million people, others for only a hundred. There are even remedies—I mean books—that were written for one person only…A book is both medic and medicine at once. It makes a diagnosis as well as offering therapy. Putting the right novels to the appropriate ailments: that’s how I sell books.” Monsieur Perdu calls himself a literary apothecary. From his floating bookstore in a barge on the Seine, he prescribes novels for the hardships of life. Using his intuitive feel for the exact book a reader needs, Perdu mends broken hearts and souls. The only person he can't seem to heal through literature is himself; he's still haunted by heartbreak after his great love disappeared. She left him with only a letter, which he has never opened.After Perdu is finally tempted to read the letter, he hauls anchor and departs on a mission to the south of France, hoping to make peace with his loss and discover the end of the story. Joined by a bestselling but blocked author and a lovelorn Italian chef, Perdu travels along the country’s rivers, dispensing his wisdom and his books, showing that the literary world can take the human soul on a journey to heal itself.Internationally bestselling and filled with warmth and adventure, The Little Paris Bookshop is a love letter to books, meant for anyone who believes in the power of stories to shape people's lives."
First Love,"James Patterson , Emily Raymond",United States; United States,3.78,"['Romance', 'Young Adult', 'Fiction', 'Contemporary', 'Chick Lit', 'Audiobook', 'Realistic Fiction', 'Contemporary Romance', 'Young Adult Romance', 'Road Trip']",,m; w,"An extraordinary portrait of true love that will move anyone who has a first love story of their own. Axi Moore is a ""good girl"": She studies hard, stays out of the spotlight, and doesn't tell anyone how all she really wants is to run away from it all. The only person she can tell is her best friend, Robinson--who she also happens to be madly in love with. When Axi spontaneously invites Robinson to come with her on an impulsive cross-country road trip, she breaks the rules for the first time in her life. But the adventure quickly turns from carefree to out of control after the teens find themselves on the run from the police. And when Robinson suddenly collapses, Axi has to face the truth that this trip might be his last.A remarkably moving tale very personal to James Patterson's own past, FIRST LOVE is testament to the power of first love--and how it can change the rest of your life."
Life,"Keith Richards, James Fox",Norway,3.87,"['Music', 'Biography', 'Nonfiction', 'Memoir', 'Autobiography', 'Biography Memoir', 'Audiobook', 'History', 'Rock N Roll', 'Pop Culture']",English,w,"With the Rolling Stones, Keith Richards created the riffs, the lyrics and the songs that roused the world, and over four decades he lived the original rock and roll life. Now, at last, the man himself tells us the story of life in the crossfire hurricane."
"Listen, Little Man!",Wilhelm Reich,Austria,4.02,"['Philosophy', 'Psychology', 'Nonfiction', 'Politics', 'Classics', 'Essays', 'Sociology', 'German Literature', 'Psychoanalysis', 'Literature']",English,m,"Listen, Little Man! is a great physician's quiet talk to each one of us, the average human being, the Little Man. Written in 1946 in answer to the gossip and defamation that plagued his remarkable career, it tells how Reich watched, at first naively, then with amazement, and finally with horror, at what the Little Man does to himself; how he suffers and rebels; how he esteems his enemies and murders his friends; how, wherever he gains power as a ""representative of the people,"" he misuses this power and makes it crueler than the power it has supplanted.Reich has us to look honestly at ourselves and to assume responsibility for our lives and for the great untapped potential that lies in the depth of human nature."
Lullabies,Lang Leav,Australia,4.01,"['Poetry', 'Romance', 'Fiction', 'Contemporary', 'Young Adult', 'Adult', 'Love']",English,w,"A sequel to the hugely popular, best-selling Love & Misadventure, Lullabies continues to explore the intricacies of love and loss.Set to a musical theme, love's poetic journey in this new, original collection begins with a Duet and travels through Interlude and Finale with an Encore popular piece from the best-selling Love & Misadventure. Lang Leav's evocative poetry speaks to the soul of anyone who is on this journey. Leav has an unnerving ability to see inside the hearts and minds of her readers. Her talent for translating complex emotions with astonishing simplicity has won her a cult following of devoted fans from all over the world. Lang Leav is a poet and internationally exhibiting artist."
Malice,Chris Wooding,Norway,4.12,"['Fantasy', 'Horror', 'Young Adult', 'Graphic Novels', 'Adventure', 'Fiction', 'Teen', 'Mystery', 'Paranormal', 'Middle Grade']",,m,"Everyone's heard the rumours. Call Tall Jake and he'll take you to Malice, a world that exists inside a horrifying comic book. A place most kids never leave. Seth and Kady think it's all a silly myth. But then their friend disappears, and suddenly the rumours don't seem so silly."
Dust,Hugh Howey,United States,4.26,"['Science Fiction', 'Fiction', 'Dystopia', 'Post Apocalyptic', 'Fantasy', 'Science Fiction Fantasy', 'Apocalyptic', 'Audiobook', 'Speculative Fiction', 'Novels']",English,w,"In a time when secrets and lies were the foundations of life, someone has discovered the truth. And they are going to tell.Jules knows what her predecessors created. She knows they are the reason life has to be lived in this way.And she won't stand for it.But Jules no longer has supporters. And there is far more to fear than the toxic world beyond her walls.A poison is growing from within Silo 18.One that cannot be stopped.Unless Silo 1 step in."
Before Jamaica Lane,Samantha Young,United Kingdom,4.33,"['Romance', 'New Adult', 'Contemporary Romance', 'Contemporary', 'Adult', 'Erotica', 'Chick Lit', 'Humor', 'Audiobook', 'Fiction']",English,w,"Despite her outgoing demeanor, Olivia is painfully insecure around the opposite sex—usually, she can’t get up the nerve to approach guys she’s interested in. But moving to Edinburgh has given her a new start, and, after she develops a crush on a sexy postgrad, she decides it’s time to push past her fears and go after what she wants.Nate Sawyer is a gorgeous player who never commits, but to his close friends, he’s as loyal as they come. So when Olivia turns to him with her relationship woes, he offers to instruct her in the art of flirting and to help her become more sexually confident.The friendly education in seduction soon grows into an intense and hot romance. But then Nate’s past and commitment issues rear their ugly heads, and Olivia is left brokenhearted. When Nate realizes he’s made the biggest mistake of his life, he will have to work harder than he ever has before to entice his best friend into falling back in love with him—or he may lose her forever…."
Luna,Julie Anne Peters,United Kingdom,3.84,"['Young Adult', 'LGBT', 'Fiction', 'Queer', 'Contemporary', 'Realistic Fiction', 'Teen', 'Transgender', 'Gender', 'Coming Of Age']",English,m,"A groundbreaking novel about a transgender teen, selected as a National Book Award Finalist! Regan's brother Liam can't stand the person he is during the day. Like the moon from whom Liam has chosen his female name, his true self, Luna, only reveals herself at night. In the secrecy of his basement bedroom Liam transforms himself into the beautiful girl he longs to be, with help from his sister's clothes and makeup. Now, everything is about to change: Luna is preparing to emerge from her cocoon. But are Liam's family and friends ready to elcome Luna into their lives? Compelling and provocative, this is an unforgettable novel about a transgender teen's struggle for self-identity and acceptance."
Power Play,Ridley Pearson,United States,4.21,"['Fantasy', 'Young Adult', 'Fiction', 'Adventure', 'Middle Grade', 'Science Fiction', 'Mystery', 'Childrens', 'Magic', 'Action']",,w,"For the five teens who modeled as Disney Hologram Imaging hosts, life is beginning to settle down when an intriguing video arrives to Philby's computer at school. It's a call for action: the Overtakers, a group of Disney villains, seem to be plotting to attempt a rescue of two of their leaders, both of whom the Disney Imagineers have hidden away somewhere following a violent encounter in Epcot. A staged attack by new Overtakers at Downtown Disney, startles the group.One of their own, Charlene, is acting strange of late. Has she tired of her role as a Kingdom Keeper or is there something more sinister at play? When caught sneaking into Epcot as her DHI, acting strictly against the group's rules, Finn and Philby take action.Has the ""impossible"" occurred? Have the Overtakers created their own holograms? Have they found a way to ""jump"" from the Virtual Maintenance Network onto the Internet, and if so, what does that mean for the safety of the parks, and the spread and reach of the Overtakers? Are they recruiting an army from outside the parks?A dark cloud in the Kingdom Keeper era is unfolding, and with dissention in their own ranks, it's unclear if there's any chance of escape."
Killer Instinct,Jennifer Lynn Barnes,United States; United States,4.37,"['Mystery', 'Young Adult', 'Thriller', 'Contemporary', 'Romance', 'Crime', 'Mystery Thriller', 'Suspense', 'Fiction', 'Teen']",English,m; m,"Seventeen-year-old Cassie Hobbes has a gift for profiling people. Her talent has landed her a spot in an elite FBI program for teens with innate crime-solving abilities, and into some harrowing situations. After barely escaping a confrontation with an unbalanced killer obsessed with her mother’s murder, Cassie hopes she and the rest of the team can stick to solving cold cases from a distance.But when victims of a brutal new serial killer start turning up, the Naturals are pulled into an active case that strikes too close to home: the killer is a perfect copycat of Dean’s incarcerated father—a man he’d do anything to forget. Forced deeper into a murderer’s psyche than ever before, will the Naturals be able to outsmart the enigmatic killer’s brutal mind games before this copycat twists them into his web for good?With her trademark wit, brilliant plotting, and twists that no one will see coming, Jennifer Lynn Barnes will keep readers on the edge of their seats (and looking over their shoulders) as they race through the pages of this thrilling novel."
Missing You,Meg Cabot,United States,4.17,"['Young Adult', 'Paranormal', 'Romance', 'Fantasy', 'Mystery', 'Chick Lit', 'Teen', 'Supernatural', 'Fiction', 'Contemporary']",English,m,"Good-bye, Lightning GirlEver since a walk home on a particularly stormy day, Jessica Mastriani has had an ability like no other. She became known worldwide as Lightning Girl--a psychic who could find the location of anyone, dead or alive. Jess finally had no choice but to embrace her newfound talent, and ended up lending her skills to the U.S. government. But her work for them has taken a terrible toll, and Jess resurfaces months later a shadow of her former self, her powers gone, Lightning Girl no more. Her only hope is starting over in a new place, a big city where nobody knows her.It's only when Rob Wilkins unexpectedly shows up on her doorstep that she's forced to face her past. Rob, all the way from back home, needs her help. But how can Jess, her powers gone, find anyone, let alone the sister of a man she once loved . . . when she can't even find herself? Missing You, the fifth and final book in the 1-800-Where-R-You series"
Worlds Collide,Chris Colfer,United States,4.56,"['Fantasy', 'Middle Grade', 'Fiction', 'Young Adult', 'Childrens', 'Adventure', 'Fairy Tales', 'Audiobook', 'Magic', 'Retellings']",English,m,"The epic conclusion to Chris Colfer's #1 New York Times bestselling series The Land of Stories!In the highly anticipated conclusion to the Land of Stories series, Conner and Alex must brave the impossible. All of the Land of Stories fairy tale characters--heroes and villains--are no longer confined within their world!With mayhem brewing in the Big Apple, Conner and Alex will have to win their biggest battle yet. Can the twins restore order between the human and fairy tale world?Breathtaking action mixed with laugh out loud moments and lots of heart will make this a gripping conclusion for many fans!"
S.,"J.J. Abrams, Doug Dorst",United States; United States,3.85,"['Fiction', 'Mystery', 'Fantasy', 'Books About Books', 'Thriller', 'Contemporary', 'Adult', 'Romance', 'Mystery Thriller', 'Novels']",English,m; m,"One book. Two readers. A world of mystery, menace, and desire.A young woman picks up a book left behind by a stranger. Inside it are his margin notes, which reveal a reader entranced by the story and by its mysterious author. She responds with notes of her own, leaving the book for the stranger, and so begins an unlikely conversation that plunges them both into the unknown.THE BOOK: Ship of Theseus, the final novel by a prolific but enigmatic writer named V. M. Straka, in which a man with no past is shanghaied onto a strange ship with a monstrous crew and launched onto a disorienting and perilous journey.THE WRITER: Straka, the incendiary and secretive subject of one of the world’s greatest mysteries, a revolutionary about whom the world knows nothing apart from the words he wrote and the rumours that swirl around him.THE READERS: Jennifer and Eric, a college senior and a disgraced grad student, both facing crucial decisions about who they are, who they might become, and how much they’re willing to trust another person with their passions, hurts, and fears.
  S.
, conceived by filmmaker J. J. Abrams and written by award-winning novelist Doug Dorst, is the chronicle of two readers finding each other in the margins of a book and enmeshing themselves in a deadly struggle between forces they don’t understand. It is also Abrams and Dorst’s love letter to the written word."
The Perfect Couple,Elin Hilderbrand,United States,3.95,"['Fiction', 'Mystery', 'Chick Lit', 'Audiobook', 'Romance', 'Contemporary', 'Mystery Thriller', 'Adult Fiction', 'Adult', 'Thriller']",English,w,"It's Nantucket wedding season, also known as summer-the sight of a bride racing down Main Street is as common as the sun setting at Madaket Beach. The Otis-Winbury wedding promises to be an event to remember: the groom's wealthy parents have spared no expense to host a lavish ceremony at their oceanfront estate.But it's going to be memorable for all the wrong reasons after tragedy strikes: a body is discovered in Nantucket Harbor just hours before the ceremony-and everyone in the wedding party is suddenly a suspect. As Chief of Police Ed Kapenash interviews the bride, the groom, the groom's famous mystery-novelist mother, and even a member of his own family, he discovers that every wedding is a minefield-and no couple is perfect. Featuring beloved characters from The Castaways, Beautiful Day, and A Summer Affair, The Perfect Couple proves once again that Elin Hilderbrand is the queen of the summer beach read."
The Widow,Fiona Barton,United Kingdom,3.5,"['Mystery', 'Fiction', 'Thriller', 'Crime', 'Mystery Thriller', 'Suspense', 'Audiobook', 'Psychological Thriller', 'Adult', 'Contemporary']",English,w,"When the police started asking questions, Jean Taylor turned into a different woman. One who enabled her and her husband to carry on, when more bad things began to happen...But that woman’s husband died last week. And Jean doesn’t have to be her anymore.There’s a lot Jean hasn’t said over the years about the crime her husband was suspected of committing. She was too busy being the perfect wife, standing by her man while living with the accusing glares and the anonymous harassment. Now there’s no reason to stay quiet. There are people who want to hear her story. They want to know what it was like living with that man. She can tell them that there were secrets. There always are in a marriage. The truth—that’s all anyone wants. But the one lesson Jean has learned in the last few years is that she can make people believe anything…"
The Door,Magda Szabó,Spain,4.07,"['Fiction', 'Hungary', 'Historical Fiction', 'Hungarian Literature', 'Novels', 'Literary Fiction', 'Literature', 'Classics', 'Womens', 'Contemporary']",English,m,"A busy young writer struggling to cope with domestic chores, hires a housekeeper recommended by a friend. The housekeeper's reputation is one built on dependable efficiency, though she is something of an oddity. Stubborn, foul-mouthed and with a flagrant disregard for her employer's opinions she may even be crazy. She allows no-one to set foot inside her house; she masks herself with a veil and is equally guarded about her personal life. And yet Emerence is revered as much as she is feared. As the story progresses her energy and passion to help becomes clear, extinguishing any doubts arising out of her bizarre behaviour. A stylishly told tale which recounts a strange relationship built up over 20 years between a writer and her housekeeper. After an unpromising and caustic start benign feelings develop and ultimately the writer benefits from what becomes an inseparable relationship. Simultaneously we learn Emerence's tragic past which is revealed in snapshots throughout the book."
Next,Michael Crichton,France,3.52,"['Fiction', 'Science Fiction', 'Thriller', 'Mystery', 'Suspense', 'Novels', 'Science Fiction Fantasy', 'Genetics', 'Mystery Thriller', 'Adventure']",English,m,"Welcome to our genetic world.Fast, furious, and out of control.This is not the world of the future --- it's the world right now.Is a loved one missing some body parts? Are blondes becoming extinct? Is everyone at your dinner table of the same species? Humans and chimpanzees differ in only 400 genes; is that why an adult human being resembles a chimp fetus? And should that worry us? There's a new genetic cure for drug addiction --- is it worse than the disease?We live in a time of momentous scientific leaps; a time when it's possible to sell our eggs and sperm online for thousands of dollars; test our spouses for genetic maladies and even frame someone for a genetic crime.We live in a time when one fifth of all our genes are owned by someone else, and an unsuspecting person and his family can be pursued cross-country because they happen to have certain valuable genes within their chromosomes ...Devilishly clever, Next blends fact and fiction into a breathless tale of a new world where nothing is what it seems, and a set of new possibilities can open at every turn. Next challenges our sense of reality and notions of morality. Balancing the comic and bizarre with the genuinely frightening and disturbing, Next shatters our assumptions, and reveals shocking new choices where we least expect.The future is closer than you think. Get used to it."
The Family,"Mario Puzo, Carol Gino",Spain,3.81,"['Historical Fiction', 'Fiction', 'Historical', 'Italy', 'Crime', 'Thriller', 'Novels', 'Drama', 'American', 'Audiobook']",English,w,"The Barnes & Noble ReviewAfter a visit to the Vatican in 1983, Mario Puzo, bestselling author of 
  The Godfather
 and 
  Omerta
, ""was so enchanted by the look, the feel and food of Italy, so taken by its history,"" Carol Gino explains, ""that he wanted to write a novel about it."" Nearly 20 years in the making, The Family is that novel.Set in Rome in the last years of the 15th century, Puzo's final book (completed by Gino, his companion for many years) is an absorbing, highly entertaining, fictional account of the rise and rule -- and eventual fall -- of that notorious first family of dysfunction during the Renaissance, the Borgias. Fast-paced and well researched, The Family -- in its effort to make such scandalous characters as the Borgias more human -- may well be the most ambitious novel of Puzo's career.Cardinal Roderigo Borgia is charismatic and handsome, a born leader and a perfidious man of the cloth who ascends to the papacy as Pope Alexander VI in 1492, when Italian city-states are competing for land and the Vatican is competing for souls. He is also the loving father of four children, two of whom become pawns in their father's implacable drive for power. Cesare, Roderigo's oldest son, grows from an insecure cardinal to a fierce military leader; and Lucrezia, Roderigo's beautiful, seductive daughter -- and her father's favorite (not to mention her brother's incestuous bedmate) -- becomes the marriage link that unites nations and divides hearts. Throughout Roderigo's wheeling and dealing, the Renaissance is in full swing as religion competes against humanism and the Church seeks autonomous control of what will one day become a united Italy. As in E. L. Doctrow's Ragtime and Glen David Gold's Carter Beats the Devil, historical figures pepper the narrative. Michelangelo, Machiavelli, Leonardo da Vinci (whose military inventions help Cesare kick some serious tail), and Ferdinand and Isabella all make guest appearances, though at times they seem more like window dressing than actual characters.While this blood-is-thicker-than-water tale is more summative than explorative (you don't really get into the heads of the Borgias as well as you do the Corleones), Puzo still knows how to tell a good story. The Family is an energetic novel, filled with enthusiasm and affection for the subject matter and the characters. Puzo's swan song may not be his finest work, but it is a robust, passionate love letter to a land, a history, and a culture that defined him as a writer and a man. (Stephen Bloom)"
The Traitor,Veronica Roth,Mexico,4.16,"['Young Adult', 'Dystopia', 'Short Stories', 'Fiction', 'Science Fiction', 'Fantasy', 'Novella', 'Romance', 'Teen', 'Action']",English,w,"The Traitor takes place two years after The Son and runs parallel with the early events in Divergent. In this robust story, readers follow Tobias as he uncovers the details of an Erudite plan that could threaten the faction system, and makes plans of his own to keep Abnegation safe. At the same time, Tobias is getting to know a new transfer initiate: Tris Prior."
"Sing, Unburied, Sing",Jesmyn Ward,United States,4.02,"['Fiction', 'Contemporary', 'Magical Realism', 'Literary Fiction', 'Audiobook', 'African American', 'Adult', 'Adult Fiction', 'Race', 'Novels']",English,w,"A searing and profound Southern odyssey by National Book Award–winner Jesmyn Ward.In Jesmyn Ward’s first novel since her National Book Award–winning Salvage the Bones, this singular American writer brings the archetypal road novel into rural twenty-first-century America. Drawing on Morrison and Faulkner, The Odyssey and the Old Testament, Ward gives us an epochal story, a journey through Mississippi’s past and present that is both an intimate portrait of a family and an epic tale of hope and struggle. Ward is a major American writer, multiply awarded and universally lauded, and in Sing, Unburied, Sing she is at the height of her powers. Jojo and his toddler sister, Kayla, live with their grandparents, Mam and Pop, and the occasional presence of their drug-addicted mother, Leonie, on a farm on the Gulf Coast of Mississippi. Leonie is simultaneously tormented and comforted by visions of her dead brother, which only come to her when she’s high; Mam is dying of cancer; and quiet, steady Pop tries to run the household and teach Jojo how to be a man. When the white father of Leonie’s children is released from prison, she packs her kids and a friend into her car and sets out across the state for Parchman farm, the Mississippi State Penitentiary, on a journey rife with danger and promise. Sing, Unburied, Sing grapples with the ugly truths at the heart of the American story and the power, and limitations, of the bonds of family. Rich with Ward’s distinctive, musical language, Sing, Unburied, Sing is a majestic new work and an essential contribution to American literature."
Long Shadows,Erin Hunter,United States,4.31,"['Fantasy', 'Animals', 'Middle Grade', 'Fiction', 'Childrens', 'Young Adult', 'Cats', 'Adventure', 'Animal Fiction', 'Juvenile']",English,m,"The Clans are in turmoil. ShadowClan has turned its back on StarClan and pledged to follow the dark predictions of Sol, the strange cat who foretold the solar eclipse. But not all the cats have lost faith in their warrior ancestors. . . .Jaypaw is convinced that StarClan still holds an important place in the warrior code, and his search for answers leads him far back into the past, farther back than even StarClan can remember. Lionblaze, tortured by violent dreams and bloody visions, wishes he had never been prophesied to be one of the three but to turn his back on his littermates would be the ultimate betrayal. And Hollyleaf is terrified that once the Clans lose their faith, the warrior code will fall apart. She's willing to fight tooth and nail to preserve it--whatever the cost.And when murder stalks into the heart of ThunderClan, the cats realize that the darkest shadows don't always lie outside the territory."
The Flatshare,Beth O'Leary,United Kingdom,4.12,"['Romance', 'Contemporary', 'Fiction', 'Chick Lit', 'Adult', 'Audiobook', 'Contemporary Romance', 'Adult Fiction', 'British Literature', 'Humor']",English,w,"
  Tiffy and Leon share a flatTiffy and Leon share a bedTiffy and Leon have never met…
Tiffy Moore needs a cheap flat, and fast. Leon Twomey works nights and needs cash. Their friends think they’re crazy, but it’s the perfect solution: Leon occupies the one-bed flat while Tiffy’s at work in the day, and she has the run of the place the rest of the time. But with obsessive ex-boyfriends, demanding clients at work, wrongly imprisoned brothers and, of course, the fact that they still haven’t met yet, they’re about to discover that if you want the perfect home you need to throw the rulebook out the window…"
Midnight Sun,Stephenie Meyer,Norway,3.82,"['Fantasy', 'Young Adult', 'Romance', 'Paranormal', 'Vampires', 'Fiction', 'Paranormal Romance', 'Audiobook', 'Supernatural', 'Urban Fantasy']",English,m,"When Edward Cullen and Bella Swan met in Twilight, an iconic love story was born. But until now, fans have heard only Bella's side of the story. At last, readers can experience Edward's version in the long-awaited companion novel, Midnight Sun.This unforgettable tale as told through Edward's eyes takes on a new and decidedly dark twist. Meeting Bella is both the most unnerving and intriguing event he has experienced in all his years as a vampire. As we learn more fascinating details about Edward's past and the complexity of his inner thoughts, we understand why this is the defining struggle of his life. How can he justify following his heart if it means leading Bella into danger?"
Fear Nothing,Dean Koontz,United States,3.99,"['Horror', 'Fiction', 'Thriller', 'Mystery', 'Suspense', 'Science Fiction', 'Fantasy', 'Mystery Thriller', 'Romance', 'Paranormal']",English,w,"Christopher Snow is different from all the other residents of Moonlight Bay, different from anyone you've ever met. For Christopher Snow has made his peace with a very rare genetic disorder shared by only one thousand other Americans, a disorder that leaves him dangerously vulnerable to light. His life is filled with the fascinating rituals of one who must embrace the dark. He knows the night as no one else ever will, ever can - the mystery, the beauty, the many terrors, and the eerie, silken rhythms of the night - for it is only at night that he is free. Until the night he witnesses a series of disturbing incidents that sweep him into a violent mystery only he can solve, a mystery that will force him to rise above all fears and confront the many-layered strangeness of Moonlight Bay and its residents."
The Lavender Garden,Lucinda Riley,United Kingdom,4.17,"['Historical Fiction', 'Fiction', 'Romance', 'Historical', 'France', 'Mystery', 'World War II', 'Roman', 'War', 'Adult']",English,w,"An aristocratic French family, a legendary château, and buried secrets with the power to destroy two generations torn between duty and desire.La Côte d’Azur, 1998: In the sun-dappled south of France, Emilie de la Martinières, the last of her gilded line, inherits her childhood home, a magnificent château and vineyard. With the property comes a mountain of debt—and almost as many questions . . .Paris, 1944: A bright, young British office clerk, Constance Carruthers, is sent undercover to Paris to be part of Churchill’s Special Operations Executive during the climax of the Nazi occupation. Separated from her contacts in the Resistance, she soon stumbles into the heart of a prominent family who regularly entertain elite members of the German military even as they plot to liberate France. But in a city rife with collaborators and rebels, Constance’s most difficult decision may be determining whom to trust with her heart.As Emilie discovers what really happened to her family during the war and finds a connection to Constance much closer than she suspects, the château itself may provide the clues that unlock the mysteries of her past, present, and future. Here is a dazzling novel of intrigue and passion from one of the world’s most beloved storytellers.Note to readers: In the UK, this book is published under the title The Light Behind the Window."
King,T.M. Frazier,Poland,4.21,"['Romance', 'Dark', 'New Adult', 'Contemporary', 'Contemporary Romance', 'Abuse', 'Erotica', 'Adult', 'Suspense', 'Crime']",English,m," The  USA Today  bestselling King Series starts here! Homeless. Hungry. Desperate.Doe has no memories of who she is or where she comes from.A notorious career criminal just released from prison, King is someone you don’t want to cross unless you’re prepared to pay him back in blood, sweat, pu$$y or a combination of all three.King’s future hangs in the balance. Doe’s is written in her past. When they come crashing together, they will have to learn that sometimes in order to hold on, you have to first let go."
The Friend,Teresa Driscoll,United States,4.01,"['Thriller', 'Mystery', 'Fiction', 'Suspense', 'Psychological Thriller', 'Mystery Thriller', 'Audiobook', 'Crime', 'Drama', 'Novels']",,w,"The chilling psychological thriller from the #1 bestselling author of I Am Watching You.On a train with her husband, miles from home and their four-year-old son, Ben, Sophie receives a chilling phone call. Two boys are in hospital after a tragic accident. One of them is Ben.She thought she could trust Emma, her new friend, to look after her little boy. After all, Emma’s a kindred spirit—someone Sophie was sure she could bare her soul to, despite the village rumours. But Sophie can’t shake the feeling that she’s made an unforgivable mistake and now her whole family is in danger.Because how well does she know Emma, really? Should she have trusted her at all?Time is running out. Powerless to help her child, still hours from home, Sophie is about to discover the truth. And her life will never be the same."
Deadline,Chris Crutcher,United States,3.93,"['Young Adult', 'Realistic Fiction', 'Fiction', 'Sports', 'Teen', 'Death', 'Contemporary', 'Coming Of Age', 'High School', 'Romance']",English,m,"Ben Wolf has big things planned for his senior year. Had big things planned. Now what he has is some very bad news and only one year left to make his mark on the world.How can a pint-sized, smart-ass seventeen-year-old do anything significant in the nowheresville of Trout, Idaho?First, Ben makes sure that no one else knows what is going on—not his superstar quarterback brother, Cody, not his parents, not his coach, no one. Next, he decides to become the best 127-pound football player Trout High has ever seen; to give his close-minded civics teacher a daily migraine; and to help the local drunk clean up his act.And then there's Dallas Suzuki. Amazingly perfect, fascinating Dallas Suzuki, who may or may not give Ben the time of day. Really, she's first on the list.Living with a secret isn't easy, though, and Ben's resolve begins to crumble . . . especially when he realizes that he isn't the only person in Trout with secrets."
Burn,Maya Banks,United States; United States,4.01,"['Romance', 'Erotica', 'BDSM', 'Contemporary Romance', 'Erotic Romance', 'Contemporary', 'Adult', 'Fiction', 'Adult Fiction', 'Audiobook']",English,m; m,"Ash, Jace, and Gabe: three of the wealthiest, most powerful men in the country. They’re accustomed to getting anything they want. Anything at all. For Ash, it’s the woman who changes everything he’s ever known about dominance and desire...When it comes to sex, Ash McIntyre has always explored his wilder side — extreme and uncompromising. He demands control. And he prefers women who want it like that. Even the women he’s shared with his best friend, Jace.But Jace is involved with a woman he has no intention of sharing. And now even Gabe has settled into a relationship with a woman who gives him everything he needs, leaving Ash feeling restless and unfulfilled.Then Ash meets Josie, who seems immune to his charms and his wealth. Intrigued, he begins a relentless pursuit, determined she won’t be the one who got away. He never imagined the one woman to tell him no would be the only woman who’d ever drive him to the edge of desire."
The Search,Iris Johansen,Germany,4.15,"['Mystery', 'Fiction', 'Thriller', 'Suspense', 'Romance', 'Mystery Thriller', 'Crime', 'Romantic Suspense', 'Contemporary', 'Adult']",English,w,"Building on her series featuring forensic sculptor Eve Duncan, bestselling suspense writer Iris Johansen takes a slightly different tangent with her latest thriller, The Search. The search and rescue team of Sarah Patrick and her golden retriever, Monty, first appeared in The Killing Game, where they helped Eve track down a kidnapped child and a maniacal killer. Now, John Logan, the billionaire who wooed Eve only to lose her to Joe Quinn, needs to utilize Sarah and Monty's talents in a quest of his own. Although it has it rewards, the rescue work Sarah and Monty do demands a hefty emotional toll from them both. Sarah is highly protective of Monty, and when Logan first approaches her with what's obviously a very dangerous mission, Sarah is quick to say no. But Logan brings his powerful resources to bear and more or less forces Sarah to agree to the mission or face the loss of her job, her peace of mind, and Monty. The task at hand involves finding and rescuing a highly valued scientist who has been kidnapped and is being held somewhere in Colombia. But the man who took the scientist is a ruthless and heartless killer whose primary objective is carrying out his sadistic revenge on Logan. Sarah, none too happy about being coerced into helping Logan, becomes even less inclined toward him when Monty is wounded in the rescue attempt. Logan is wounded too, and after their mission has been accomplished, the threesome end up back at Sarah's isolated cabin. Sarah does everything she can to make Logan leave but finds it hard to be too insistent given his wounds. Besides, when Logan pays his debt to her for completing the mission, it is something Sarah could never have anticipated, an act that leaves her stunned, confused, and indebted. As for Logan, he refuses to leave Sarah alone because he knows that his nemesis, Rudzak, saw her and Monty in Colombia. And because of the nature of his relationship with Rudzak and the secret history they share, Logan knows the psycho will eventually come after Sarah. Holed up together and fighting a wide array of emotions, Sarah and Logan discover a spark of passion between them. Though they both try to resist, eventually the spark ignites a full-fledged conflagration that leaves both of them stunned, puzzled, and forever changed. By the time the inevitable confrontation with Rudzak occurs, Logan will be forced to risk both his life and his heart in hopes of keeping Sarah and Monty safe. And Sarah must risk everything she holds dear if she ever hopes to find a happiness she is only now beginning to realize. Fans of Johansen's previous books in this series, The Face of Deception and The Killing Game, will enjoy brief though hair-raising appearances by Eve, Joe Quinn, and Jane -- the spunky, street-wise child Eve adopted in the last book. Also filling out the character roster is an intriguing love interest for Monty: an injured gray wolf named Maggie. But the best parts of Johansen's latest effort are her characteristically explosive mix of chilling terror and heated passion and her gift for weaving a tale of intrigue where seeing isn't necessarily believing. Beth Amos"
The Story of the Lost Child,Elena Ferrante,Italy,4.4,"['Fiction', 'Italy', 'Historical Fiction', 'Italian Literature', 'Novels', 'Audiobook', 'Literary Fiction', 'Contemporary', 'Feminism', 'Womens']",English,w,"Here is the dazzling saga of two women, the brilliant, bookish Elena and the fiery, uncontainable Lila. Both are now adults; life’s great discoveries have been made, its vagaries and losses have been suffered. Through it all, the women’s friendship has remained the gravitational center of their lives. Both women once fought to escape the neighborhood in which they grew up—a prison of conformity, violence, and inviolable taboos. Elena married, moved to Florence, started a family, and published several well-received books. In this final book, she has returned to Naples. Lila, on the other hand, never succeeded in freeing herself from the city of her birth. She has become a successful entrepreneur, but her success draws her into closer proximity with the nepotism, chauvinism, and criminal violence that infect her neighborhood. Proximity to the world she has always rejected only brings her role as its unacknowledged leader into relief. For Lila is unstoppable, unmanageable, unforgettable!Against the backdrop of a Naples that is as seductive as it is perilous and a world undergoing epochal change, the story of a lifelong friendship is told with unmatched honesty and brilliance. The four volumes in this series constitute a long remarkable story that readers will return to again and again, and every return will bring with it new revelations."
The Ice Princess,Camilla Läckberg,Sweden,3.73,"['Mystery', 'Crime', 'Fiction', 'Thriller', 'Mystery Thriller', 'Scandinavian Literature', 'Sweden', 'Suspense', 'Nordic Noir', 'Audiobook']",English,w,"Returning to her hometown of Fjallbacka after the funeral of her parents, writer Erica Falck finds a community on the brink of tragedy. The death of her childhood friend, Alex, is just the beginning. Her wrists slashed, her body frozen in an ice-cold bath, it seems that she has taken her own life.Erica conceives a book about the beautiful but remote Alex, one that will answer questions about their own shared past. While her interest grows into an obsession, local detective Patrik Hedstrom is following his own suspicions about the case. But it is only when they start working together that the truth begins to emerge about a small town with a deeply disturbing past."
Butcher's Crossing,John Williams,United States,4.13,"['Fiction', 'Westerns', 'Historical Fiction', 'Classics', 'Novels', 'American', 'Literature', 'Historical', 'The United States Of America', '20th Century']",English,m,"In his National Book Award–winning novel Augustus, John Williams uncovered the secrets of ancient Rome. With Butcher’s Crossing, his fiercely intelligent, beautifully written western, Williams dismantles the myths of modern America.It is the 1870s, and Will Andrews, ﬁred up by Emerson to seek “an original relation to nature,” drops out of Harvard and heads west. He washes up in Butcher’s Crossing, a small Kansas town on the outskirts of nowhere. Butcher’s Crossing is full of restless men looking for ways to make money and ways to waste it. Before long Andrews strikes up a friendship with one of them, a man who regales Andrews with tales of immense herds of buffalo, ready for the taking, hidden away in a beautiful valley deep in the Colorado Rockies. He convinces Andrews to join in an expedition to track the animals down. The journey out is grueling, but at the end is a place of paradisal richness. Once there, however, the three men abandon themselves to an orgy of slaughter, so caught up in killing buffalo that they lose all sense of time. Winter soon overtakes them: they are snowed in. Next spring, half-insane with cabin fever, cold, and hunger, they stagger back to Butcher’s Crossing to ﬁnd a world as irremediably changed as they have been."
American Dirt,Jeanine Cummins,United States,4.31,"['Fiction', 'Contemporary', 'Audiobook', 'Adult', 'Book Club', 'Adult Fiction', 'Literary Fiction', 'Historical Fiction', 'Thriller', 'Novels']",English,w,"También de este lado hay sueños. On this side, too, there are dreams.Lydia Quixano Pérez lives in the Mexican city of Acapulco. She runs a bookstore. She has a son, Luca, the love of her life, and a wonderful husband who is a journalist. And while there are cracks beginning to show in Acapulco because of the drug cartels, her life is, by and large, fairly comfortable.Even though she knows they’ll never sell, Lydia stocks some of her all-time favorite books in her store. And then one day a man enters the shop to browse and comes up to the register with a few books he would like to buy—two of them her favorites. Javier is erudite. He is charming. And, unbeknownst to Lydia, he is the jefe of the newest drug cartel that has gruesomely taken over the city. When Lydia’s husband’s tell-all profile of Javier is published, none of their lives will ever be the same.Forced to flee, Lydia and eight-year-old Luca soon find themselves miles and worlds away from their comfortable middle-class existence. Instantly transformed into migrants, Lydia and Luca ride la bestia—trains that make their way north toward the United States, which is the only place Javier’s reach doesn’t extend. As they join the countless people trying to reach el norte, Lydia soon sees that everyone is running from something. But what exactly are they running to?"
Find Me,André Aciman,"Egypt, United States",3.32,"['Fiction', 'Romance', 'LGBT', 'Contemporary', 'Queer', 'Gay', 'Audiobook', 'Adult', 'Literary Fiction', 'Novels']",English,m,"In this spellbinding exploration of the varieties of love, the author of the worldwide bestseller Call Me by Your Name revisits its complex and beguiling characters decades after their first meeting.No novel in recent memory has spoken more movingly to contemporary readers about the nature of love than André Aciman’s haunting Call Me by Your Name. First published in 2007, it was hailed as “a love letter, an invocation . . . an exceptionally beautiful book” (Stacey D’Erasmo, The New York Times Book Review). Nearly three quarters of a million copies have been sold, and the book became a much-loved, Academy Award–winning film starring Timothée Chalamet as the young Elio and Armie Hammer as Oliver, the graduate student with whom he falls in love.In Find Me, Aciman shows us Elio’s father, Samuel, on a trip from Florence to Rome to visit Elio, who has become a gifted classical pianist. A chance encounter on the train with a beautiful young woman upends Sami’s plans and changes his life forever.Elio soon moves to Paris, where he, too, has a consequential affair, while Oliver, now a New England college professor with a family, suddenly finds himself contemplating a return trip across the Atlantic.Aciman is a master of sensibility, of the intimate details and the emotional nuances that are the substance of passion. Find Me brings us back inside the magic circle of one of our greatest contemporary romances to ask if, in fact, true love ever dies."
The Manuscript Found in Saragossa,Jan Potocki,Poland,4.11,"['Fiction', 'Classics', 'Fantasy', 'Gothic', 'Polish Literature', 'Horror', 'Poland', 'Literature', 'Historical Fiction', 'Novels']",English,m,"Alphonse, a young Walloon officer, is travelling to join his regiment in Madrid in 1739. But he soon finds himself mysteriously detained at a highway inn in the strange and varied company of thieves, brigands, cabbalists, noblemen, coquettes and gypsies, whose stories he records over sixty-six days. The resulting manuscript is discovered some forty years later in a sealed casket, from which tales of characters transformed through disguise, magic and illusion, of honour and cowardice, of hauntings and seductions, leap forth to create a vibrant polyphony of human voices. Jan Potocki (1761-1812) used a range of literary styles - gothic, picaresque, adventure, pastoral, erotica - in his novel of stories-within-stories, which, like the Decameron and Tales from the Thousand and One Nights, provides entertainment on an epic scale."
The Mistress,Tiffany Reisz,United States,4.49,"['BDSM', 'Erotica', 'Romance', 'Dark', 'Contemporary', 'Adult', 'Erotic Romance', 'Contemporary Romance', 'Fiction', 'Suspense']",English,w,"The final book in The Original Sinners Series - The Red Years.There's punishment-and then there's vengeance.Nora Sutherlin is being held, bound and naked. Under different circumstances, she would enjoy the situation immensely, but her captor isn't interested in play. Or pity.As the reality of her impending peril unfolds, Nora becomes Scheherazade, buying each hour of her life with stories-sensual tales of Søren, Kingsley and Wesley, each of whom has tempted and tested and tortured her in his own way. This, Nora realizes, is her life: nothing so simple, so vanilla, as a mere love triangle for her. It's a knot in a silken cord, a tangled mass of longings of the body and the heart and the mind. And it may unravel at any moment.But in Nora's world, no one is ever truly powerless-a cadre of her friends, protectors and lovers stands ready to do anything to save her, even when the only certainty seems to be sacrifice and heartbreak...."
Love & Gelato,Jenna Evans Welch,United States,4.11,"['Young Adult', 'Romance', 'Contemporary', 'Fiction', 'Young Adult Contemporary', 'Travel', 'Realistic Fiction', 'Audiobook', 'Italy', 'Chick Lit']",English,w,"“I made the wrong choice.”Lina is spending the summer in Tuscany, but she isn’t in the mood for Italy’s famous sunshine and fairy-tale landscape. She’s only there because it was her mother’s dying wish that she get to know her father. But what kind of father isn’t around for sixteen years? All Lina wants to do is go back home.But then she is given a journal that her mom had kept when she lived in Italy. Suddenly Lina’s uncovering a magical world of secret romances, art, and hidden bakeries. A world that inspires her, along with the ever-so-charming Ren, to follow in her mother’s footsteps and unearth a secret that has been kept for far too long. It’s a secret that will change everything she knew about her mother, her father—and even herself.People come to Italy for love and gelato, someone tells her, but sometimes they discover much more."
Ghosts,Raina Telgemeier,United Kingdom,4.22,"['Graphic Novels', 'Middle Grade', 'Comics', 'Fantasy', 'Young Adult', 'Fiction', 'Ghosts', 'Childrens', 'Paranormal', 'Family']",English,w,"Catrina and her family are moving to the coast of Northern California because her little sister, Maya, is sick. Cat isn't happy about leaving her friends for Bahía de la Luna, but Maya has cystic fibrosis and will benefit from the cool, salty air that blows in from the sea. As the girls explore their new home, a neighbor lets them in on a secret: There are ghosts in Bahía de la Luna. Maya is determined to meet one, but Cat wants nothing to do with them. As the time of year when ghosts reunite with their loved ones approaches, Cat must figure out how to put aside her fears for her sister's sake - and her own."
The Girls,Lori Lansens,United States,3.79,"['Fiction', 'Contemporary', 'Canada', 'Adult Fiction', 'Book Club', 'Adult', 'Chick Lit', 'Family', 'Drama', 'Coming Of Age']",English,w,"Meet Rose and Ruby: sisters, best friends, confidantes, and conjoined twins. Since their birth, Rose and Ruby Darlen have been known simply as ""the girls."" They make friends, fall in love, have jobs, love their parents, and follow their dreams. But the Darlens are special. Now nearing their 30th birthday, they are history's oldest craniopagus twins, joined at the head by a spot the size of a bread plate. When Rose, the bookish sister, sets out to write her autobiography, it inevitably becomes the story of her short but extraordinary life with Ruby, the beautiful one. From their awkward first steps--Ruby's arm curled around Rose's neck, her foreshortened legs wrapped around Rose's hips-- to the friendships they gradually build for themselves in the small town of Leaford, this is the profoundly affecting chronicle of an incomparable life journey.As Rose and Ruby's story builds to an unforgettable conclusion, Lansens aims at the heart of human experience--the hardship of loss and struggles for independence, and the fundamental joy of simply living a life. This is a breath taking novel, one that no reader will soon forget, a heartrending story of love between sisters."
Captive,Jex Lane,Algiers,4.29,"['M M Romance', 'Fantasy', 'Paranormal', 'Vampires', 'Romance', 'LGBT', 'Dark', 'Urban Fantasy', 'Magic', 'Paranormal Romance']",English,w,"Matthew Callahan has spent seven years struggling against the insatiable hunger for blood consuming him. Unable to stop the vampire inside from preying on humans, he keeps himself confined to a lonely existence.  Everything changes the night he is lured into a trap and taken prisoner by High Lord General Tarrick—a seductive incubus who feeds off sexual energy. Forced into the middle of a war between vampires and incubi, Matthew is used as a weapon against his own kind. Although he's desperate for freedom, he is unable to deny the burning desire drawing him to the incubus general he now calls Master.  This book is intended for mature audiences. "
The Last Mile,David Baldacci,United States,4.2,"['Mystery', 'Fiction', 'Thriller', 'Crime', 'Mystery Thriller', 'Suspense', 'Audiobook', 'Detective', 'Action', 'Murder Mystery']",English,m,"Convicted murderer Melvin Mars is counting down the last hours before his execution--for the violent killing of his parents twenty years earlier--when he's granted an unexpected reprieve. Another man has confessed to the crime.Amos Decker, newly hired on an FBI special task force, takes an interest in Mars's case after discovering the striking similarities to his own life: Both men were talented football players with promising careers cut short by tragedy. Both men's families were brutally murdered. And in both cases, another suspect came forward, years after the killing, to confess to the crime. A suspect who may or may not have been telling the truth.The confession has the potential to make Melvin Mars--guilty or not--a free man. Who wants Mars out of prison? And why now?But when a member of Decker's team disappears, it becomes clear that something much larger--and more sinister--than just one convicted criminal's life hangs in the balance. Decker will need all of his extraordinary brainpower to stop an innocent man from being executed."
Past Tense,Lee Child,United Kingdom,4.02,"['Fiction', 'Thriller', 'Mystery', 'Crime', 'Suspense', 'Action', 'Mystery Thriller', 'Audiobook', 'Adventure', 'Drama']",English,m,"Jack Reacher plans to follow the autumn sun on an epic road trip across America, from Maine to California. He doesn't get far. On a country road deep in the New England woods, he sees a sign to a place he has never been - the town where his father was born. He thinks, what's one extra day? He takes the detour.At the very same moment, close by, a car breaks down. Two young Canadians are trying to get to New York City to sell a treasure. They are stranded at a lonely motel in the middle of nowhere. It's a strange place ... but it's all there is.The next morning in the city clerk's office, Reacher asks about the old family home. He's told no one named Reacher ever lived in that town. He knows his father never went back. Now he wonders, was he ever there in the first place?So begins another nail-biting, adrenaline-fuelled adventure for Reacher. The present can be tense, but the past can be worse. That's for damn sure."
Save Me,Lisa Scottoline,Germany,3.65,"['Fiction', 'Mystery', 'Suspense', 'Audiobook', 'Chick Lit', 'Adult Fiction', 'Drama', 'Mystery Thriller', 'Adult', 'Contemporary']",English,w,"Save Me will have readers wondering just how far they would go to save the ones they love. Lisa Scottoline is writing about real issues that resonate with real women, and the results are emotional, heartbreaking and honest.Rose McKenna volunteers as a lunch mom in her daughter Melly's school in order to keep an eye on Amanda, a mean girl who's been bullying her daughter. Her fears come true when the bullying begins, sending Melly to the bathroom in tears. Just as Rose is about to follow after her daughter, a massive explosion goes off in the kitchen, sending the room into chaos. Rose finds herself faced with the horrifying decision of whether or not to run to the bathroom to rescue her daughter or usher Amanda to safety. She believes she has accomplished both, only to discover that Amanda, for an unknown reason, ran back into the school once out of Rose's sight. In an instance, Rose goes from hero to villain as the small community blames Amanda's injuries on her. In the days that follow, Rose's life starts to fall to pieces, Amanda's mother decides to sue, her marriage is put to the test, and worse, when her daughter returns to school, the bullying only intensifies. Rose must take matters into her own hands and get down to the truth of what really happened that fateful day in order to save herself, her marriage and her family. In the way that Look Again had readers questioning everything they thought they knew about family, Save Me will have readers wondering just how far they would go to save the ones they love. Lisa Scottoline is writing about real issues that resonate with real women, and the results are emotional, heartbreaking and honest."
The Noise of Time,Julian Barnes,United Kingdom,3.73,"['Fiction', 'Historical Fiction', 'Music', 'Russia', 'Literary Fiction', 'British Literature', 'Historical', 'Literature', 'Novels', 'Contemporary']",English,m,"A compact masterpiece dedicated to the Russian composer Dmitri Shostakovich: Julian Barnes’s first novel since his best-selling, Man Booker Prize–winning The Sense of an Ending. In 1936, Shostakovitch, just thirty, fears for his livelihood and his life. Stalin, hitherto a distant figure, has taken a sudden interest in his work and denounced his latest opera. Now, certain he will be exiled to Siberia (or, more likely, executed on the spot), Shostakovitch reflects on his predicament, his personal history, his parents, various women and wives, his children—and all who are still alive themselves hang in the balance of his fate. And though a stroke of luck prevents him from becoming yet another casualty of the Great Terror, for decades to come he will be held fast under the thumb of despotism: made to represent Soviet values at a cultural conference in New York City, forced into joining the Party and compelled, constantly, to weigh appeasing those in power against the integrity of his music. Barnes elegantly guides us through the trajectory of Shostakovitch's career, at the same time illuminating the tumultuous evolution of the Soviet Union. The result is both a stunning portrait of a relentlessly fascinating man and a brilliant exploration of the meaning of art and its place in society."
Camino Island,John Grisham,United States,3.75,"['Fiction', 'Mystery', 'Thriller', 'Audiobook', 'Crime', 'Mystery Thriller', 'Suspense', 'Books About Books', 'Adult', 'Adult Fiction']",English,m,"A gang of thieves stage a daring heist from a secure vault deep below Princeton University’s Firestone Library. Their loot is priceless, but Princeton has insured it for twenty-five million dollars.Bruce Cable owns a popular bookstore in the sleepy resort town of Santa Rosa on Camino Island in Florida. He makes his real money, though, as a prominent dealer in rare books. Very few people know that he occasionally dabbles in the black market of stolen books and manuscripts.Mercer Mann is a young novelist with a severe case of writer’s block who has recently been laid off from her teaching position. She is approached by an elegant, mysterious woman working for an even more mysterious company. A generous offer of money convinces Mercer to go undercover and infiltrate Bruce Cable’s circle of literary friends, ideally getting close enough to him to learn his secrets. But eventually Mercer learns far too much, and there’s trouble in paradise as only John Grisham can deliver it."
Oblivion,David Foster Wallace,Colombia,4.07,"['Fiction', 'Short Stories', 'Literature', 'American', 'Contemporary', 'Literary Fiction', '21st Century', 'Philosophy', 'Americana', 'Unfinished']",English,m,"Otto romanzi brevi in cui Wallace gioca felicemente fra le macerie della realtà, aprendo nuove vie, nella scelta sia del tema come della forma più originale e sorprendente. Personaggi descritti nelle loro angosce e allucinazioni, scavati fino a zone inesplorate della psiche e della carne, senza mai la benché minima concessione a psicologismi o verismo di maniera. Dal giovane di successo consapevole di essere un impostore, condannato a smascherarsi o ad annientarsi, al pluriomicida che di fronte alla cecità degli altri si scatenerà in un college. Oltre le singole storie, questo libro mostra che la letteratura può arrivare al cuore marcio della società e spalancarci il corpo martoriato, eppure così normale, della nostra vita quotidiana."
Year One,Nora Roberts,United States,4.01,"['Fantasy', 'Fiction', 'Dystopia', 'Paranormal', 'Romance', 'Urban Fantasy', 'Post Apocalyptic', 'Magic', 'Science Fiction', 'Audiobook']",English,w,"It began on New Year's Eve.The sickness came on suddenly, and spread quickly. The fear spread even faster. Within weeks, everything people counted on began to fail them. The electrical grid sputtered; law and government collapsed--and more than half of the world's population was decimated.Where there had been order, there was now chaos. And as the power of science and technology receded, magic rose up in its place. Some of it is good, like the witchcraft worked by Lana Bingham, practicing in the loft apartment she shares with her lover, Max. Some of it is unimaginably evil, and it can lurk anywhere, around a corner, in fetid tunnels beneath the river--or in the ones you know and love the most.As word spreads that neither the immune nor the gifted are safe from the authorities who patrol the ravaged streets, and with nothing left to count on but each other, Lana and Max make their way out of a wrecked New York City. At the same time, other travelers are heading west too, into a new frontier. Chuck, a tech genius trying to hack his way through a world gone offline. Arlys, a journalist who has lost her audience but uses pen and paper to record the truth. Fred, her young colleague, possessed of burgeoning abilities and an optimism that seems out of place in this bleak landscape. And Rachel and Jonah, a resourceful doctor and a paramedic who fend off despair with their determination to keep a young mother and three infants in their care alive.In a world of survivors where every stranger encountered could be either a savage or a savior, none of them knows exactly where they are heading, or why. But a purpose awaits them that will shape their lives and the lives of all those who remain.The end has come. The beginning comes next."
Human Acts,Han Kang,South Korea,4.17,"['Fiction', 'Historical Fiction', 'Literary Fiction', 'Historical', 'Asia', 'Contemporary', 'Asian Literature', 'Adult', 'Novels', 'Adult Fiction']",English,w,"From the internationally bestselling author of The Vegetarian, a rare and astonishing (The Observer) portrait of political unrest and the universal struggle for justice.In the midst of a violent student uprising in South Korea, a young boy named Dong-ho is shockingly killed.The story of this tragic episode unfolds in a sequence of interconnected chapters as the victims and the bereaved encounter suppression, denial, and the echoing agony of the massacre. From Dong-ho's best friend who meets his own fateful end; to an editor struggling against censorship; to a prisoner and a factory worker, each suffering from traumatic memories; and to Dong-ho's own grief-stricken mother; and through their collective heartbreak and acts of hope is the tale of a brutalized people in search of a voice.An award-winning, controversial bestseller, Human Acts is a timeless, pointillist portrait of an historic event with reverberations still being felt today, by turns tracing the harsh reality of oppression and the resounding, extraordinary poetry of humanity."
The Fireman,Joe Hill,United States,3.9,"['Horror', 'Fiction', 'Science Fiction', 'Fantasy', 'Thriller', 'Dystopia', 'Post Apocalyptic', 'Audiobook', 'Apocalyptic', 'Adult']",English,m,"From the award-winning, New York Times bestselling author of NOS4A2 and Heart-Shaped Box comes a chilling novel about a worldwide pandemic of spontaneous combustion that threatens to reduce civilization to ashes and a band of improbable heroes who battle to save it, led by one powerful and enigmatic man known as the Fireman.The fireman is coming. Stay cool.No one knows exactly when it began or where it originated. A terrifying new plague is spreading like wildfire across the country, striking cities one by one: Boston, Detroit, Seattle. The doctors call it Draco Incendia Trychophyton. To everyone else it’s Dragonscale, a highly contagious, deadly spore that marks its hosts with beautiful black and gold marks across their bodies—before causing them to burst into flames. Millions are infected; blazes erupt everywhere. There is no antidote. No one is safe.Harper Grayson, a compassionate, dedicated nurse as pragmatic as Mary Poppins, treated hundreds of infected patients before her hospital burned to the ground. Now she’s discovered the telltale gold-flecked marks on her skin. When the outbreak first began, she and her husband, Jakob, had made a pact: they would take matters into their own hands if they became infected. To Jakob’s dismay, Harper wants to live—at least until the fetus she is carrying comes to term. At the hospital, she witnessed infected mothers give birth to healthy babies and believes hers will be fine too. . . if she can live long enough to deliver the child.Convinced that his do-gooding wife has made him sick, Jakob becomes unhinged, and eventually abandons her as their placid New England community collapses in terror. The chaos gives rise to ruthless Cremation Squads—armed, self-appointed posses roaming the streets and woods to exterminate those who they believe carry the spore. But Harper isn’t as alone as she fears: a mysterious and compelling stranger she briefly met at the hospital, a man in a dirty yellow fire fighter’s jacket, carrying a hooked iron bar, straddles the abyss between insanity and death. Known as The Fireman, he strolls the ruins of New Hampshire, a madman afflicted with Dragonscale who has learned to control the fire within himself, using it as a shield to protect the hunted . . . and as a weapon to avenge the wronged.In the desperate season to come, as the world burns out of control, Harper must learn the Fireman’s secrets before her life—and that of her unborn child—goes up in smoke."
The 19th Christmas,"James Patterson , Maxine Paetro",United States,3.9,"['Mystery', 'Fiction', 'Audiobook', 'Thriller', 'Mystery Thriller', 'Christmas', 'Crime', 'Suspense', 'Adult', 'Murder Mystery']",English,m; w,"
  It's not sleigh bells that are ringing this Christmas.
As the holidays approach, Detective Lindsay Boxer and her friends in the Women's Murder Club have much to celebrate. Crime is down. The medical examiner's office is quiet. Even the courts are showing some Christmas spirit. And the news cycle is so slow that journalist Cindy Thomas is on assignment to tell a story about the true meaning of the season for San Francisco.Then a fearsome criminal known only as ""Loman"" seizes control of the headlines. He is planning a deadly surprise for Christmas morning. And he has commissioned dozens of criminal colleagues to take actions that will mask his plans. All that Lindsay and the SFPD can figure out is that Loman's greed -- for riches, for bloodshed, for attention -- is limitless.Solving crimes never happens on schedule, but as this criminal mastermind unleashes credible threats by the hour, the month of December is upended for the Women's Murder Club. Avoiding tragedy is the only holiday miracle they seek."
Lost,Gregory Maguire,United States,2.82,"['Fantasy', 'Fiction', 'Mystery', 'Horror', 'Fairy Tales', 'Adult', 'Retellings', 'Science Fiction Fantasy', 'Supernatural', 'Adult Fiction']",English,m; m,"At the flat in Weatherall Walk there was no milk in the fridge, no ice in the tiny freezer unit.... The better furniture was hung over with drop cloths, the leather-bound books evacuated from their shelves.... Unconnected wiring threaded from walls, and a smell of lazy drains, something rotting, unfurled from the sewer all the way up to this flat. Winnie wrenched open a window. But no sign of John?Winifred Rudge, a bemused writer struggling to get beyond the runaway success of her mass-market astrology book, travels to London to jump-start her new novel about a woman who is being haunted by the ghost of Jack the Ripper. Upon her arrival, she finds that her stepcousin and old friend John Comestor has disappeared, and a ghostly presence seems to have taken over his apartment in the nineteenth-century rowhouse once owned by Winnie's great-great-grandfather. Is it the spirit of this ancestor, who, family legend claims, was Charles Dickens's childhood inspiration for Ebenezer Scrooge? Could it be the ghostly remains of Jack the Ripper? Or a phantasm derived from a more arcane and insidious origin?Winnie begins to investigate, but John's erstwhile girlfriend, Allegra, is aggressively unhelpful, and his downstairs neighbor, the cat-obsessed Mrs. Maddingly, is growing stranger by the day. Gripped by inspiration and desperation alike, Winnie finds herself the unwilling audience for a drama of specters and shades, some from her family's peculiar history and some from her own unvanquished past.In the spirit of A. S. Byatt's Possession, with dark overtones echoing from A Christmas Carol, Lost presents a rich fictional world that will enrapture Gregory Maguire's eager audience."
In One Person,John Irving,United States,3.68,"['Fiction', 'LGBT', 'Literary Fiction', 'Contemporary', 'Novels', 'Coming Of Age', 'Queer', 'Literature', 'Adult', 'Adult Fiction']",English,m,"His most daringly political, sexually transgressive, and moving novel in well over a decade"" (Vanity Fair).Winner of a 2013 Lambda Literary AwardA New York Times bestselling novel of desire, secrecy, and sexual identity, In One Person is a story of unfulfilled love—tormented, funny, and affecting—and an impassioned embrace of our sexual differences. Billy, the bisexual narrator and main character of In One Person, tells the tragicomic story (lasting more than half a century) of his life as a ""sexual suspect,"" a phrase first used by John Irving in 1978 in his landmark novel of ""terminal cases,"" The World According to Garp.In One Person is a poignant tribute to Billy’s friends and lovers—a theatrical cast of characters who defy category and convention. Not least, In One Person is an intimate and unforgettable portrait of the solitariness of a bisexual man who is dedicated to making himself ""worthwhile."
Closer,Dennis Cooper,Bulgaria,3.57,"['Fiction', 'LGBT', 'Queer', 'Horror', 'Gay', 'Novels', 'American', 'Contemporary', 'Literature', 'Queer Lit']",French,m,"La beauté de George Miles et son étrange passivité en font l’objet des désirs de son entourage. L’un après l’autre, ces garçons (John, David, Cliff, Alex, Philippe, Steve), produits typiques d’une Amérique moyenne déboussolée, vont le soumettre à leurs fantasmes. Dans une suite d’expériences de plus en plus extrêmes, à la limite du supportable, ils vont essayer, chacun à leur manière, de découvrir ce qui se cache derrière son apparence, ce qui se dissimule à l’intérieur même de cette image, quitte à le chercher littéralement sous la peau...Ce premier roman de Dennis Cooper, publié aux États-Unis en 1989, est une descente terrifiante dans les obsessions de l’Amérique contemporaine, un train fantôme dévalant les pentes du désir et plongeant vers la mort sur fond de rock’n’roll, le récit d’un Sade transporté à Disneyland. Tous repères effondrés, toute morale abolie, ses personnages semblent évoluer dans une dimension parallèle dont le sexe, la drogue et les films d’horreur de série Z seraient les dernières balises. Parmi eux, la figure « angélique » de George apparaît comme le déclencheur qui leur permet de découvrir et de repousser leurs limites."
The Wish,Dahlia Lu,United States,3.81,"['Paranormal', 'Paranormal Romance', 'Romance', 'Angels', 'Adult']",English,m,"""An eternity is such a long time to rule alone. Will you join me in Hell?""The Archangel Lucifer, Sovereign of Hell, was awakened ahead of his time by the blood of a teenage girl. To satisfy his curiosity, he revived her from her untimely death and granted her a final wish worth dying for.Kali's life has been one tragedy after another. Orphaned since the day she was born, Kali was brought up by her unfeeling grandmother. She too passed away shortly after Kali turned fourteen. The world was too big of a place for a small soul like her to survive on her own. Kali had no choice, but to rely on her childhood friend, Chevalier, for financial support. The two clung to each other, and together they tried to survive the undercurrent beneath the murky water in the sea of life.But that is only the beginning. Weeks before her sixteenth birthday, Kali will meet a man who will ruthlessly tear the sheer fabric of her life and thrust her into a world far more dangerous than anything she could fathom.A fast-paced novel."
Hullabaloo in the Guava Orchard,Kiran Desai,India,3.45,"['Fiction', 'India', 'Indian Literature', 'Humor', 'Asia', 'Literary Fiction', 'Literature', 'Novels', 'Contemporary', 'Asian Literature']",,w,"Sampath Chawla was born in a time of drought that ended with a vengeance the night of his birth. All signs being auspicious, the villagers triumphantly assured Sampath's proud parents that their son was destined for greatness. Twenty years of failure later, that unfortunately does not appear to be the case. A sullen government worker, Sampath is inspired only when in search of a quiet place to take his nap. ""But the world is round,"" his grandmother says. ""Wait and see Even if it appears he is going downhill, he will come up the other side. Yes, on top of the world. He is just taking a longer route."" No one believes her until, one day, Sampath climbs into a guava tree and becomes unintentionally famous as a holy man, setting off a series of events that spin increasingly out of control. A delightfully sweet comic novel that ends in a raucous bang, Hullabaloo in the Guava Orchard is as surprising and entertaining as it is beautifully wrought."
Sudden Death,Michael Balkind,Mexico,3.37,"['Mystery', 'Fiction', 'Sports', 'Thriller', 'Crime', 'Mystery Thriller']",English,m,"Reid Clark is a pro golfer at the top of the leader board during the PGA tour; he's also a hot-head with a reputation for trouble. Reid receives a death threat right before teeing off on the final day of the Master's Tournament, and hires a P.I. to track down the perpetrator. Suspense builds throughout as Reid tries to compete in one of golf's most prestigious contests...and woo the woman he loves...while dodging death at every turn. For golfers and mystery lovers in general, Sudden Death will score big.""You like golf, you like murder mysteries - then Sudden Death is your book!"" - James Patterson Bestselling Author, Over 130 million copies sold worldwide""Pure fun, pure intrigue. The action never stops till a fascinating climax."" - Clive Cussler Author, Adventurer, Car Collector Extraordinaire, Published in more than 40 languages, 100 countries with over 125 million avid fans."
The Farm,Tom Rob Smith,United Kingdom,3.55,"['Fiction', 'Mystery', 'Thriller', 'Crime', 'Mystery Thriller', 'Suspense', 'Audiobook', 'Sweden', 'Adult Fiction', 'Family']",English,m,"Until the moment he received a frantic call from his father, Daniel believed his parents were headed into a peaceful, well-deserved retirement. They had sold their home and business in London, and said ""farewell to England"" with a cheerful party where all their friends had gathered to wish them well on their great adventure: setting off to begin life anew on a remote, bucolic farm in rural Sweden.But with that phone call, everything changes. Your mother's not well, his father tells him. She's been imagining things--terrible, terrible things. She's had a psychotic breakdown, and has been committed to a mental hospital.Daniel prepares to rush to Sweden, on the first available flight the next day. Before he can board the plane, his father contacts him again with even more frightening news: his mother has been released from the hospital, and he doesn't know where she is.Then, he hears from his mother:I'm sure your father has spoken to you. Everything that man has told you is a lie. I'm not mad. I don't need a doctor. I need the police. I'm about to board a flight to London. Meet me at Heathrow.Caught between his parents, and unsure of who to believe or trust, Daniel becomes his mother's unwilling judge and jury as she tells him an urgent tale of secrets, of lies, of a horrible crime and a conspiracy that implicates his own father."
Noah,Jacquelyn Frank,Germany,4.22,"['Paranormal Romance', 'Paranormal', 'Romance', 'Demons', 'Vampires', 'Fantasy', 'Urban Fantasy', 'Adult', 'Fiction', 'Magic']",English,m,"The Nightwalkers have lived in the shadows of our world for centuries, gifted with abilities few humans can comprehend. For Noah, duty is all--until he meets the woman who is his destiny...SHE WILL TAKE HIM BEYOND HIS WILDEST DREAMS.As Demon King, Noah is dedicated to protecting his kind from their human and Nightwalker enemies. Yet for six months he has struggled with vivid dreams that threaten his very sanity. Every night he's tormented by images of a woman both achingly real and tantalizingly beyond his grasp. And his bone-deep need leaves him no choice but to force her to leave the life she's known and enter a world beyond her imagining...Every day, Kestra risks her life in perilous missions that veer just shy of the law, but she instinctively knows that the imposingly sensual figure before her is a danger unlike any she's ever faced. Kestra has sworn never to trust or need another man, but Noah's lightest touch scorches her with fevered desire, branding her as his mate, blinding them both to the terrifying truth. For within the ranks of their own people lies an adversary growing in number and power. And nothing and no one will be safe again...Desire awakens at night..."
The Snow Leopard,Peter Matthiessen,France,4.12,"['Travel', 'Nonfiction', 'Nature', 'Memoir', 'Adventure', 'Philosophy', 'Animals', 'Asia', 'Classics', 'Biography']",English,m,"When Matthiessen went to Nepal to study the Himalayan blue sheep and, possibly, to glimpse the rare and beautiful snow leopard, he undertook his five-week trek as winter snows were sweeping into the high passes. This is a radiant and deeply moving account of a ""true pilgrimage, a journey of the heart."""
One Hundred Names,Cecelia Ahern,United Kingdom,3.76,"['Fiction', 'Chick Lit', 'Romance', 'Contemporary', 'Audiobook', 'Adult Fiction', 'Adult', 'Ireland', 'Irish Literature', 'Novels']",English,w,"Internationally bestselling author Cecelia Ahern delivers her biggest and most compelling book yet—a tale of secrets, second chances, and the hidden connections that unite our livesScandal has derailed journalist Kitty Logan's career, a setback that is soon compounded by an even more devastating loss. Constance, the woman who taught Kitty everything she knew, is dying. At her mentor's bedside, Kitty asks her, ""What is the one story you always wanted to write?""The answer lies in a single sheet of paper buried in Constance's office—a list of one hundred names—with no notes or explanation. But before Kitty can ask her friend, it is too late.Determined to unlock the mystery and rebuild her own shaky confidence, Kitty throws herself into the investigation, tracking down each of the names on the list and uncovering their connection. Meeting these ordinary people and learning their stories, Kitty begins to piece together an unexpected portrait of Constance's life... and starts to understand her own."
I See You,Clare Mackintosh,Italy,3.88,"['Thriller', 'Mystery', 'Fiction', 'Mystery Thriller', 'Crime', 'Suspense', 'Psychological Thriller', 'Audiobook', 'Adult', 'Contemporary']",English,w,"The twisty, gripping number one bestseller from Richard and Judy Book Club winner Clare Mackintosh, author of I Let You Go.Winner of the Richard and Judy Summer Book Club 2017When Zoe Walker sees her photo in the classifieds section of a London newspaper, she is determined to find out why it's there. There's no explanation: just a grainy image, a website address and a phone number. She takes it home to her family, who are convinced it's just someone who looks like Zoe. But the next day the advert shows a photo of a different woman, and another the day after that.Is it a mistake? A coincidence? Or is someone keeping track of every move they make...If you like Shari Lapena, Paula Hawkins, Rachel Abbott, B A Paris, Fiona Barton, Ruth Ware and CL Taylor, you'll love this gripping psychological thriller."
Lila,Marilynne Robinson,United States,3.93,"['Fiction', 'Historical Fiction', 'Literary Fiction', 'Novels', 'Literature', 'Audiobook', 'Religion', 'Contemporary', 'Adult Fiction', 'Adult']",English,w,"Marilynne Robinson, one of the greatest novelists of our time, returns to the town of Gilead in an unforgettable story of a girlhood lived on the fringes of society in fear, awe, and wonder. Lila, homeless and alone after years of roaming the countryside, steps inside a small-town Iowa church - the only available shelter from the rain - and ignites a romance and a debate that will reshape her life. She becomes the wife of a minister, John Ames, and begins a new existence while trying to make sense of the life that preceded her newfound security. Neglected as a toddler, Lila was rescued by Doll, a canny young drifter, and brought up by her in a hardscrabble childhood. Together they crafted a life on the run, living hand to mouth with nothing but their sisterly bond and a ragged blade to protect them. Despite bouts of petty violence and moments of desperation, their shared life was laced with moments of joy and love. When Lila arrives in Gilead, she struggles to reconcile the life of her makeshift family and their days of hardship with the gentle Christian worldview of her husband which paradoxically judges those she loves. Revisiting the beloved characters and setting of Robinson's Pulitzer Prize–winning Gilead and Home, a National Book Award finalist, Lila is a moving expression of the mysteries of existence that is destined to become an American classic."
Natural Law,Joey W. Hill,Spain,4.06,"['BDSM', 'Erotica', 'Romance', 'Erotic Romance', 'Contemporary', 'Contemporary Romance', 'M F Romance', 'Suspense', 'Adult', 'Romantic Suspense']",English,m,"Mackenzie ""Mac"" Nighthorse is a highly respected homicide detective and a career cop. There isn't a dangerous situation that can back him down. However, the personal becomes uncomfortably entangled in the professional when he goes undercover in a high class BDSM club as a male submissive to find a Dominatrix who is winning the trust and then murdering her chosen partners. When his path crosses Violet Siemanski's, he realizes he's found a Mistress willing to be his ally in finding the murderess. But Violet is also going to shatter Mac's shields and make him question who he is and what he wants, a challenge more disturbing than any case he's ever worked."
Cage,Harper Sloan,United States,4.28,"['Romance', 'Contemporary Romance', 'Military Fiction', 'Contemporary', 'Erotica', 'Adult', 'New Adult', 'Romantic Suspense', 'Suspense', 'Erotic Romance']",English,m,"**Warning** This book is intended for a mature reading** Greg Cage was born to protect. While growing up, he was his mother and sister's shield against the world... until he failed. For the last decade, he has carried that guilt and need for vengeance around... until it was stripped from him. Now, with his best friend getting married and no longer needing his protection, he is even more lost, completely adrift, and desperate for some control. All he has ever known was how to protect: his family, his friends, and his country. Can he go against everything he has ever known, and give up that control? Melissa Larson will never let anyone hold the reins in her life. She has been the rock in her family for more years than she can remember, and the fight to keep them together is her main priority right now. She has always been fiercely independent and proud. The last thing she will ever do is ask for someone else's help. But when that choice is out of her control, forcing her to rely on others to save her and her family, and pick up the pieces that are left, will she be able to let someone else be her strength? The second Greg locks eyes with Meli, he knows that she is someone he needs. Someone he craves. Meli knew the second she met Greg that he would be nothing but trouble and heartache. Her life takes an unexpected turn, and that bitch Fate is back to wreak more havoc on another member of the Corps family. All hell breaks loose, leaving Greg no choice but to call in a favor. He hooks back up with his old friend Braxxon Breaker from the Breakneck MC. Together, they make sure that nothing threatens anyone Greg loves again."
The Japanese Lover,Isabel Allende,Chile,3.82,"['Historical Fiction', 'Fiction', 'Romance', 'Audiobook', 'Historical', 'Adult', 'World War II', 'Book Club', 'Novels', 'Literary Fiction']",English,w,"In 1939, as Poland falls under the shadow of the Nazis, young Alma Belasco's parents send her away to live in safety with an aunt and uncle in their opulent mansion in San Francisco. There, as the rest of the world goes to war, she encounters Ichimei Fukuda, the quiet and gentle son of the family's Japanese gardener. Unnoticed by those around them, a tender love affair begins to blossom. Following the Japanese attack on Pearl Harbor, the two are cruelly pulled apart as Ichimei and his family, like thousands of other Japanese Americans are declared enemies and forcibly relocated to internment camps run by the United States government. Throughout their lifetimes, Alma and Ichimei reunite again and again, but theirs is a love that they are forever forced to hide from the world.Decades later, Alma is nearing the end of her long and eventful life. Irina Bazili, a care worker struggling to come to terms with her own troubled past, meets the elderly woman and her grandson, Seth, at San Francisco's charmingly eccentric Lark House nursing home. As Irina and Seth forge a friendship, they become intrigued by a series of mysterious gifts and letters sent to Alma, eventually learning about Ichimei and this extraordinary secret passion that has endured for nearly seventy years."
Two By Two,Nicholas Sparks,United States,3.92,"['Romance', 'Fiction', 'Chick Lit', 'Audiobook', 'Contemporary', 'Adult Fiction', 'Adult', 'Family', 'Drama', 'Novels']",English,m,"#1 New York Times bestselling author Nicholas Sparks returns with an emotionally powerful story of unconditional love, its challenges, its risks and most of all, its rewards.At 32, Russell Green has it all: a stunning wife, a lovable six year-old daughter, a successful career as an advertising executive and an expansive home in Charlotte. He is living the dream, and his marriage to the bewitching Vivian is the center of that. But underneath the shiny surface of this perfect existence, fault lines are beginning to appear...and no one is more surprised than Russ when he finds every aspect of the life he took for granted turned upside down. In a matter of months, Russ finds himself without a job or wife, caring for his young daughter while struggling to adapt to a new and baffling reality. Throwing himself into the wilderness of single parenting, Russ embarks on a journey at once terrifying and rewarding—one that will test his abilities and his emotional resources beyond anything he ever imagined."
Wolf Totem,Jiang Rong,China,4.03,"['Fiction', 'China', 'Historical Fiction', 'Asia', 'Chinese Literature', 'Animals', 'Novels', 'Literature', 'Asian Literature', 'Wolves']",English,m,"An epic Chinese tale in the vein of The Last Emperor, Wolf Totem depicts the dying culture of the Mongols-the ancestors of the Mongol hordes who at one time terrorized the world-and the parallel extinction of the animal they believe to be sacred: the fierce and otherworldly Mongolian wolf  Published under a pen name, Wolf Totem was a phenomenon in China, breaking all sales records there and earning the distinction of being the second most read book after Mao's little red book. There has been much international excitement too-to date, rights have been sold in thirteen countries. Wolf Totem is set in 1960s China-the time of the Great Leap Forward, on the eve of the Cultural Revolution.  Searching for spirituality, Beijing intellectual Chen Zhen travels to the pristine grasslands of Inner Mongolia to live among the nomadic Mongols-a proud, brave, and ancient race of people who coexist in perfect harmony with their unspeakably beautiful but cruel natural surroundings. Their philosophy of maintaining a balance with nature is the ground stone of their religion, a kind of cult of the wolf.  The fierce wolves that haunt the steppes of the unforgiving grassland searching for food are locked with the nomads in a profoundly spiritual battle for survival-a life-and-death dance that has gone on between them for thousands of years. The Mongols believe that the wolf is a great and worthy foe that they are divinely instructed to contend with, but also to worship and to learn from. Chen's own encounters with the otherworldly wolves awake a latent primitive instinct in him, and his fascination with them blossoms into obsession, then reverence.  After many years, the peace is shattered with the arrival of Chen's kinfolk, Han Chinese, sent from the cities to bring modernity to the grasslands. They immediately launch a campaign to exterminate the wolves, sending the balance that has been maintained with religious dedication for thousands of years into a spiral leading to extinction-first the wolves, then the Mongol culture, finally the land. As a result of the eradication of the wolves, rats become a plague and wild sheep graze until the meadows turn to dust. Mongolian dust storms glide over Beijing, sometimes blocking out the moon.  Part period epic, part fable for modern days, Wolf Totem is a stinging social commentary on the dangers of China's overaccelerated economic growth as well as a fascinating immersion into the heart of Chinese culture."
The Nickel Boys,Colson Whitehead,United States,4.27,"['Fiction', 'Historical Fiction', 'Historical', 'Audiobook', 'Race', 'Literary Fiction', 'African American', 'Adult', 'Adult Fiction', 'Novels']",English,m,"Winner of the 2020 Pulizer Prize for FictionIn this bravura follow-up to the Pulitzer Prize and National Book Award-winning #1 New York Times bestseller The Underground Railroad, Colson Whitehead brilliantly dramatizes another strand of American history through the story of two boys sentenced to a hellish reform school in Jim Crow-era Florida. When Elwood Curtis, a black boy growing up in 1960s Tallahassee, is unfairly sentenced to a juvenile reformatory called the Nickel Academy, he finds himself trapped in a grotesque chamber of horrors. Elwood’s only salvation is his friendship with fellow “delinquent” Turner, which deepens despite Turner’s conviction that Elwood is hopelessly naive, that the world is crooked, and that the only way to survive is to scheme and avoid trouble. As life at the Academy becomes ever more perilous, the tension between Elwood’s ideals and Turner’s skepticism leads to a decision whose repercussions will echo down the decades. Based on the real story of a reform school that operated for 111 years and warped the lives of thousands of children, The Nickel Boys is a devastating, driven narrative that showcases a great American novelist writing at the height of his powers."
Belle,Lesley Pearse,United Kingdom,4.26,"['Historical Fiction', 'Romance', 'Fiction', 'Historical Romance', 'Chick Lit', 'Adult', 'Drama', 'Mystery', 'Contemporary', 'Crime']",English,w,"London 1910Fifteen year-old Belle has lived in a brothel in Seven Dials all her life, with no understanding of what happens in the rooms upstairs. But her innocence is shattered when she witnesses the murder of one of the girls and, subsequently snatched from the streets by the killer, she is sold into prostitution in Paris.No longer mistress of her own fate, Belle is blown across the globe to sensuous New Orleans where she comes of age and learns to enjoy life as a courtesan. Yet thoughts of home - and the knowledge her status as golden girl cannot last - compel her to break out of her gilded cage.But Belle finds escaping tougher than she imagined, for her life is threatened by desperate men who crave her beauty and attention. Armed only with resourcefulness and spirit, she has a long and dangerous journey ahead of her.Will courage be enough to sustain her? Can she make it back to her family and friends and find her chance at true happiness?"
The Garden of Evening Mists,Tan Twan Eng,Malaysia,4.12,"['Historical Fiction', 'Fiction', 'Asia', 'War', 'Historical', 'Japan', 'Asian Literature', 'Literary Fiction', 'Novels', 'Book Club']",English,m,"It's Malaya, 1949. After studying law at Cambridge and time spent helping to prosecute Japanese war criminals, Yun Ling Teoh, herself the scarred lone survivor of a brutal Japanese wartime camp, seeks solace among the jungle-fringed plantations of Northern Malaya where she grew up as a child. There she discovers Yugiri, the only Japanese garden in Malaya, and its owner and creator, the enigmatic Aritomo, exiled former gardener of the Emperor of Japan.Despite her hatred of the Japanese, Yun Ling seeks to engage Aritomo to create a garden in Kuala Lumpur, in memory of her sister who died in the camp. Aritomo refuses, but agrees to accept Yun Ling as his apprentice 'until the monsoon comes'. Then she can design a garden for herself.As the months pass, Yun Ling finds herself intimately drawn to her sensei and his art while, outside the garden, the threat of murder and kidnapping from the guerrillas of the jungle hinterland increases with each passing day. But the Garden of Evening Mists is also a place of mystery. Who is Aritomo and how did he come to leave Japan? Why is it that Yun Ling's friend and host, Magnus Praetorius, seems almost immune from the depredations of the Communists? What is the legend of 'Yamashita's Gold' and does it have any basis in fact? And is the real story of how Yun Ling managed to survive the war perhaps the darkest secret of all?"
Do Not Say We Have Nothing,Madeleine Thien,Canada,3.91,"['Fiction', 'Historical Fiction', 'China', 'Canada', 'Historical', 'Asia', 'Literary Fiction', 'Contemporary', 'Music', 'Novels']",English,w,"“In a single year, my father left us twice. The first time, to end his marriage, and the second, when he took his own life. I was ten years old.”Master storyteller Madeleine Thien takes us inside an extended family in China, showing us the lives of two successive generations—those who lived through Mao’s Cultural Revolution and their children, who became the students protesting in Tiananmen Square. At the center of this epic story are two young women, Marie and Ai-Ming. Through their relationship Marie strives to piece together the tale of her fractured family in present-day Vancouver, seeking answers in the fragile layers of their collective story. Her quest will unveil how Kai, her enigmatic father, a talented pianist, and Ai-Ming’s father, the shy and brilliant composer, Sparrow, along with the violin prodigy Zhuli were forced to reimagine their artistic and private selves during China’s political campaigns and how their fates reverberate through the years with lasting consequences.With maturity and sophistication, humor and beauty, Thien has crafted a novel that is at once intimate and grandly political, rooted in the details of life inside China yet transcendent in its universality."
Tschick,Wolfgang Herrndorf,Germany,3.81,"['Young Adult', 'German Literature', 'Fiction', 'Contemporary', 'School', 'Germany', 'Coming Of Age', 'Travel', 'Road Trip', 'Read For School']",German,m,"Mutter in der Entzugsklinik, Vater mit Assistentin auf Geschäftsreise: Maik Klingenberg wird die großen Ferien allein am Pool der elterlichen Villa verbringen. Doch dann kreuzt Tschick auf. Tschick, eigentlich Andrej Tschichatschow, kommt aus einem der Asi-Hochhäuser in Hellersdorf, hat es von der Förderschule irgendwie bis aufs Gymnasium geschafft und wirkt doch nicht gerade wie das Musterbeispiel der Integration. Außerdem hat er einen geklauten Wagen zur Hand. Und damit beginnt eine Reise ohne Karte und Kompass durch die sommerglühende deutsche Provinz, unvergesslich wie die Flussfahrt von Tom Sawyer und Huck Finn."
The Affair,Lee Child,United Kingdom,4.1,"['Thriller', 'Fiction', 'Mystery', 'Crime', 'Suspense', 'Mystery Thriller', 'Action', 'Military Fiction', 'Audiobook', 'Adventure']",English,m,"March 1997. A woman has her throat cut behind a bar in Carter Crossing, Mississippi. Just down the road is a big army base. Is the murderer a local guy - or is he a soldier?Jack Reacher, still a major in the military police, is sent in undercover. The county sheriff is a former US Marine - and a stunningly beautiful woman. Her investigation is going nowhere. Is the Pentagon stonewalling her? Or doesn't she really want to find the killer?The adrenaline-pumping, high-voltage action in The Affair is set just six months before the opening of Killing Floor, and it marks a turning point in Reacher's career. If he does what the army wants, will he be able to live with himself? And if he doesn't, will the army be able to live with him?Is this his last case in uniform?"
Beautiful Bitch,Christina Lauren,United States; United States,3.91,"['Romance', 'Contemporary', 'Contemporary Romance', 'Erotica', 'Adult', 'New Adult', 'Novella', 'Erotic Romance', 'Humor', 'Chick Lit']",English,w; w,"Picking up where Beautiful Bastard left off, Chloe Mills and Bennett Ryan continue their steamy, combative relationship.Just when Chloe’s career starts to take off, Bennett wishes it would all slow down long enough to spend a wild night alone with his girlfriend. But after he refuses to take no for an answer, Chloe and Bennett find themselves with two plane tickets, one French Villa, and a surprising conversation that, predictably, leaves them wrestling under the covers."
The Last Child,John Hart,France,4.13,"['Mystery', 'Fiction', 'Thriller', 'Mystery Thriller', 'Crime', 'Suspense', 'Audiobook', 'Adult', 'Contemporary', 'Adult Fiction']",English,m,"Thirteen year-old Johnny Merrimon had the perfect life: a warm home and loving parents; a twin sister, Alyssa, with whom he shared an irreplaceable bond. He knew nothing of loss, until the day Alyssa vanished from the side of a lonely street. Now, a year later, Johnny finds himself isolated and alone, failed by the people he'd been taught since birth to trust. No one else believes that Alyssa is still alive, but Johnny is certain that she is—confident in a way that he can never fully explain.Determined to find his sister, Johnny risks everything to explore the dark side of his hometown. It is a desperate, terrifying search, but Johnny is not as alone as he might think. Detective Clyde Hunt has never stopped looking for Alyssa either, and he has a soft spot for Johnny. He watches over the boy and tries to keep him safe, but when Johnny uncovers a dangerous lead and vows to follow it, Hunt has no choice but to intervene.Then a second child goes missing...Undeterred by Hunt's threats or his mother's pleas, Johnny enlists the help of his last friend, and together they plunge into the wild, to a forgotten place with a history of violence that goes back more than a hundred years. There, they meet a giant of a man, an escaped convict on his own tragic quest. What they learn from him will shatter every notion Johnny had about the fate of his sister; it will lead them to another far place, to a truth that will test both boys to the limit.Traveling the wilderness between innocence and hard wisdom, between hopelessness and faith, The Last Child leaves all categories behind and establishes John Hart as a writer of unique power."
Eeny Meeny,M.J. Arlidge,United Kingdom,3.92,"['Thriller', 'Mystery', 'Crime', 'Fiction', 'Mystery Thriller', 'Suspense', 'Audiobook', 'Adult', 'Detective', 'Horror']",English,m,"The ""dark, twisted, thought-provoking"" (#1 New York Times bestseller Tami Hoag) international bestseller—first in the new series featuring Detective Helen Grace.Two people are abducted, imprisoned, and left with a gun. As hunger and thirst set in, only one walks away alive.It’s a game more twisted than any Detective Helen Grace has ever seen. If she hadn’t spoken with the shattered survivors herself, she almost wouldn’t believe them.Helen is familiar with the dark sides of human nature, including her own, but this case—with its seemingly random victims—has her baffled. But as more people go missing, nothing will be more terrifying than when it all starts making sense...."
Unseen,Karin Slaughter,United States,4.19,"['Mystery', 'Thriller', 'Crime', 'Fiction', 'Mystery Thriller', 'Suspense', 'Audiobook', 'Detective', 'Adult', 'Adult Fiction']",English,w,"Karin Slaughter’s novels featuring Special Agent Will Trent are utterly riveting and masterfully drawn. Her latest thriller, Unseen, pits detectives, lovers, and enemies against one another in an unforgettable standoff between righteous courage and deepest evil. Will Trent is a Georgia Bureau of Investigation agent whose latest case has him posing as Bill Black, a scary ex-con who rides a motorcycle around Macon, Georgia, and trails an air of violence wherever he goes. The cover has worked and he has caught the eye of a wiry little drug dealer who thinks he might be a useful ally. But undercover and cut off from the support of the woman he loves, Sara Linton, Will finds his demons catching up with him. Although she has no idea where Will has gone, or why, Sara herself has come to Macon because of a cop shooting: Her stepson, Jared, has been gunned down in his own home. Sara holds Lena, Jared’s wife, responsible: Lena, a detective, has been a magnet for trouble all her life, and Jared’s shooting is not the first time someone Sara loved got caught in the crossfire. Furious, Sara finds herself involved in the same case that Will is working without even knowing it, and soon danger is swirling around both of them. In a novel of fierce intensity, shifting allegiances, and shocking twists, two investigations collide with a conspiracy straddling both sides of the law. Karin Slaughter’s latest is both an electrifying thriller and a piercing study of human nature: what happens when good people face the unseen evils in their lives."
The Lake House,James Patterson,Australia,3.8,"['Fiction', 'Mystery', 'Thriller', 'Fantasy', 'Science Fiction', 'Suspense', 'Mystery Thriller', 'Crime', 'Adult', 'Adult Fiction']",English,w,"The memorable story begun in When the Wind Blows continues in this thrilling novel, and it's one that really soars! Frannie O'Neil, a Colorado veterinarian, knows a terrible secret that will change the history of the world. Kit Harrison, an FBI agent under suspension has seen things that no one in his right mind would believe. A twelve-year-old girl named Max and five other incredible children have powers we can only dream of. These children can fly. And the only place they will be safe is the Lake House. Or so they believe... "
A Spool of Blue Thread,Anne Tyler,United States,3.42,"['Fiction', 'Contemporary', 'Audiobook', 'Literary Fiction', 'Family', 'Adult Fiction', 'Historical Fiction', 'Adult', 'Book Club', 'Novels']",English,w,"A freshly observed, joyful and wrenching, funny and true new novel from Anne Tyler""It was a beautiful, breezy, yellow-and-green afternoon."" This is how Abby Whitshank always begins the story of how she fell in love with Red that day in July 1959. The Whitshanks are one of those families that radiate togetherness: an indefinable, enviable kind of specialness. But they are also like all families, in that the stories they tell themselves reveal only part of the picture. Abby and Red and their four grown children have accumulated not only tender moments, laughter, and celebrations, but also jealousies, disappointments, and carefully guarded secrets. from Red's father and mother, newly-arrived in Baltimore in the 1920s, to Abby and Red's grandchildren carrying the family legacy boisterously into the twenty-first century, here are four generations of Whitshanks, their lives unfolding in and around the sprawling, lovingly worn Baltimore house that has always been their anchor.Brimming with all the insight, humour, and generosity of spirit that are the hallmarks of Anne Tyler's work, A Spool of Blue Thread tells a poignant yet unsentimental story in praise of family in all its emotional complexity. It is a novel to cherish."
"To Sir Phillip, With Love",Julia Quinn,United States,3.89,"['Historical Romance', 'Romance', 'Historical', 'Historical Fiction', 'Regency', 'Fiction', 'Regency Romance', 'Adult', 'Chick Lit', 'British Literature']",English,w,"an alternate cover edition can be found hereSir Phillip knew from his correspondence with his dead wife's distant cousin that Eloise Bridgerton was a spinster, and so he'd proposed, figuring that she'd be homely and unassuming, and more than a little desperate for an offer of marriage. Except . . . she wasn't. The beautiful woman on his doorstep was anything but quiet, and when she stopped talking long enough to close her mouth, all he wanted to do was kiss her...Eloise Bridgerton couldn't marry a man she had never met! But then she started thinking... and wondering... and before she knew it, she was in a hired carriage in the middle of the night, on her way to meet the man she hoped might be her perfect match. Except... he wasn't. Her perfect husband wouldn't be so moody and ill-mannered. And he certainly should have mentioned that he had two young - and decidedly unruly - children, as much in need of a mother as Phillip is in need of a wife."
Steel,Carrie Vaughn,Italy,3.42,"['Fantasy', 'Young Adult', 'Time Travel', 'Historical Fiction', 'Pirates', 'Adventure', 'Historical', 'Romance', 'Fiction', 'Magic']",English,w,"It was a slender length of rusted steel, tapered to a point at one end and jagged at the other, as if it had broken. A thousand people would step over it and think it trash, but not her.This was the tip of a rapier.Sixteen-year-old Jill has fought in dozens of fencing tournaments, but she has never held a sharpened blade. When she finds a corroded sword piece on a Caribbean beach, she is instantly intrigued and pockets it as her own personal treasure.The broken tip holds secrets, though, and it transports Jill through time to the deck of a pirate ship. Stranded in the past and surrounded by strangers, she is forced to sign on as crew. But a pirate's life is bloody and brief, and as Jill learns about the dark magic that brought her there, she forms a desperate scheme to get home—one that risks everything in a duel to the death with a villainous pirate captain.Time travel, swordplay, and romance combine in an original high-seas adventure from New York Times bestseller Carrie Vaughn."
A Dog's Journey,W. Bruce Cameron,United States,4.41,"['Fiction', 'Animals', 'Dogs', 'Contemporary', 'Audiobook', 'Adult', 'Fantasy', 'Young Adult', 'Adult Fiction', 'Realistic Fiction']",English,m,"The direct sequel to the New York Times and USA Today bestselling A Dog's Purpose.Buddy is a good dog.After searching for his purpose through several eventful lives, Buddy is sure that he has found and fulfilled it. Yet as he watches curious baby Clarity get into dangerous mischief, he is certain that this little girl is very much in need of a dog of her own.When Buddy is reborn, he realizes that he has a new destiny. He's overjoyed when he is adopted by Clarity, now a vibrant but troubled teenager. When they are suddenly separated, Buddy despairs―who will take care of his girl?A charming and heartwarming story of hope, love, and unending devotion, A Dog's Journey asks the question: Do we really take care of our pets, or do they take care of us? More than just another endearing dog tale, A Dog's Journey is the moving story of unwavering loyalty and a love that crosses all barriers."
The Perfect Nanny,Leïla Slimani,Morocco,3.39,"['Fiction', 'Thriller', 'Mystery', 'France', 'Contemporary', 'Mystery Thriller', 'Crime', 'Adult', 'Suspense', 'Adult Fiction']",English,w,"When Myriam, a French-Moroccan lawyer, decides to return to work after having children, she and her husband look for the perfect nanny for their two young children. They never dreamed they would find Louise: a quiet, polite, devoted woman who sings to the children, cleans the family's chic apartment in Paris's upscale tenth arrondissement, stays late without complaint, and hosts enviable kiddie parties. But as the couple and the nanny become more dependent on one another, jealousy, resentment, and suspicions mount, shattering the idyllic tableau"
First Blood,David Morrell,Belgium,4.0,"['Fiction', 'Thriller', 'Action', 'War', 'Adventure', 'Military Fiction', 'Mystery Thriller', 'Suspense', 'Novels', 'Mystery']",English,w,"First came the man: a young wanderer in a fatigue coat and long hair. Then came the legend, as John Rambo sprang from the pages of FIRST BLOOD to take his place in the American cultural landscape. This remarkable novel pits a young Vietnam veteran against a small-town cop who doesn't know whom he's dealing with -- or how far Rambo will take him into a life-and-death struggle through the woods, hills, and caves of rural Kentucky.Millions saw the Rambo movies, but those who haven't read the book that started it all are in for a surprise -- a critically acclaimed story of character, action, and compassion."
Wayfaring Stranger,James Lee Burke,United States,4.04,"['Historical Fiction', 'Fiction', 'Mystery', 'Thriller', 'Audiobook', 'Historical', 'Crime', 'Mystery Thriller', 'Suspense', 'Adult Fiction']",English,m,"A sprawling thriller drenched with atmosphere and intrigue that takes a young boy from a chance encounter with Bonnie and Clyde to the trenches of World War II and the oil fields along the Texas-Louisiana coast.It is 1934 and the Depression is bearing down when sixteen-year-old Weldon Avery Holland happens upon infamous criminals Bonnie Parker and Clyde Barrow after one of their notorious armed robberies. A confrontation with the outlaws ends as Weldon puts a bullet through the rear window of Clyde’s stolen automobile.Ten years later, Second Lieutenant Weldon Holland and his sergeant, Hershel Pine, escape certain death in the Battle of the Bulge and encounter a beautiful young woman named Rosita Lowenstein hiding in a deserted extermination camp. Eventually, Weldon and Rosita fall in love and marry and, with Hershel, return to Texas to seek their fortunes.There, they enter the domain of jackals known as the oil business. They meet Roy Wiseheart—a former Marine aviator haunted with guilt for deserting his squadron leader over the South Pacific—and Roy’s wife Clara, a vicious anti-Semite who is determined to make Weldon and Rosita’s life a nightmare. It will be the frontier justice upheld by Weldon’s grandfather, Texas lawman Hackberry Holland, and the legendary antics of Bonnie and Clyde that shape Weldon’s plans for saving his family from the evil forces that lurk in peacetime America and threaten to destroy them all."
Artemis,Andy Weir,United States,3.66,"['Science Fiction', 'Fiction', 'Audiobook', 'Space', 'Science Fiction Fantasy', 'Adult', 'Fantasy', 'Thriller', 'Adventure', 'Adult Fiction']",English,m,"Jazz Bashara is a criminal. Well, sort of. Life on Artemis, the first and only city on the moon, is tough if you're not a rich tourist or an eccentric billionaire. So smuggling in the occasional harmless bit of contraband barely counts, right? Not when you've got debts to pay and your job as a porter barely covers the rent. Everything changes when Jazz sees the chance to commit the perfect crime, with a reward too lucrative to turn down. But pulling off the impossible is just the start of her problems, as she learns that she's stepped square into a conspiracy for control of Artemis itself—and that now, her only chance at survival lies in a gambit even riskier than the first."
Dark Sacred Night,Michael Connelly,United States,4.14,"['Mystery', 'Fiction', 'Crime', 'Thriller', 'Audiobook', 'Mystery Thriller', 'Detective', 'Suspense', 'Contemporary', 'Adult Fiction']",English,m,"10 hours, 39 minutesLAPD Detective Renée Ballard teams up with Harry Bosch in the new thriller from #1 NYT bestselling author Michael Connelly.Renée Ballard is working the night beat again, and returns to Hollywood Station in the early hours only to find a stranger rifling through old file cabinets. The intruder is retired detective Harry Bosch, working a cold case that has gotten under his skin. Ballard kicks him out, but then checks into the case herself and it brings a deep tug of empathy and anger.Bosch is investigating the death of fifteen-year-old Daisy Clayton, a runaway on the streets of Hollywood who was brutally murdered and her body left in a dumpster like so much trash. Now, Ballard joins forces with Bosch to find out what happened to Daisy and finally bring her killer to justice."
Knife,R.J. Anderson,Norway,3.97,"['Fantasy', 'Young Adult', 'Fairies', 'Fae', 'Magic', 'Paranormal', 'Romance', 'Fiction', 'Urban Fantasy', 'Adventure']",English,m,"Once upon a time, a fairy is born. She lives in an old oak tree at the bottom of a garden with the rest of the fairy folk. Never has she known a time when life hasn’t been hard, with many dangers and much adversity. But when she becomes the Hunter of the group and learns to do battle in the outside world, her adventures really take off...Don’t read this book if you’re expecting fairy dust – the last thing Knife is likely to wield is a magic wand..."
Deep Blue,Jennifer Donnelly,United States,3.83,"['Fantasy', 'Young Adult', 'Mermaids', 'Mythology', 'Paranormal', 'Romance', 'Fiction', 'Magic', 'Young Adult Fantasy', 'Adventure']",English,m,"Serafina, daughter of Isabella, Queen of Miromara, has been raised with the expectation - and burden - that she will someday become ruler of the oldest civilization of the merfolk. On the eve of the Dokimí ceremony, which will determine if she is worthy of the crown, Sera is haunted by a strange dream that foretells the return of an ancient evil. But her nightmare is forgotten the next day as she diligently practices her songspell; eagerly anticipates a reunion with her best friend, Neela; and anxiously worries about Mahdi, the crown prince of Matali, and whether his feelings toward her and their future betrothal have changed. Most of all, she worries about not living up to her mother's hopes.The Dokimí proceeds, a dazzling display of majesty and might, until a shocking turn of events interrupts it: an assassin's arrow wounds Isabella. The realm falls into chaos, and Serafina's darkest premonitions are confirmed. Now she and Neela must embark on a quest to find the assassin's master and prevent a war between the mer nations. Their search will lead them to other mermaid heriones scattered across the six seas. Together they will form an unbreakable bond of sisterhood as they uncover a conspiracy that threatens their world's very existence."
War,Sebastian Junger,France,4.23,"['Nonfiction', 'War', 'History', 'Military Fiction', 'Military History', 'Memoir', 'Journalism', 'Audiobook', 'Psychology', 'Politics']",English,m,"In his breakout bestseller, The Perfect Storm, Sebastian Junger created ""a wild ride that brilliantly captures the awesome power of the raging sea and the often futile attempts of humans to withstand it"" (Los Angeles Times Book Review). Now, Junger turns his brilliant and empathetic eye to the reality of combat--the fear, the honor, and the trust among men in an extreme situation whose survival depends on their absolute commitment to one another. His on-the-ground account follows a single platoon through a 15-month tour of duty in the most dangerous outpost in Afghanistan's Korengal Valley. Through the experiences of these young men at war, he shows what it means to fight, to serve, and to face down mortal danger on a daily basis."
When He Was Wicked,Julia Quinn,United States,4.03,"['Historical Romance', 'Romance', 'Historical', 'Historical Fiction', 'Regency', 'Fiction', 'Regency Romance', 'Adult', 'Chick Lit', 'British Literature']",English,w,"Everything was so much simpler... when he was wicked.In every life there is a turning point. A moment so tremendous, so sharp and breathtaking, that one knows one's life will never be the same. For Michael Stirling, London's most infamous rake, that moment came the first time he laid eyes on Francesca Bridgerton. After a lifetime of chasing women, of smiling slyly as they chased him, of allowing himself to be caught but never permitting his heart to become engaged, he took one look at Francesca Bridgerton and fell so fast and hard into love it was a wonder he managed to remain standing. Unfortunately for Michael, however, Francesca's surname was to remain Bridgerton for only a mere thirty-six hours longer—the occasion of their meeting was, lamentably, a supper celebrating her imminent wedding to his cousin. But that was then... Now Michael is the earl and Francesca is free, but still she thinks of him as nothing other than her dear friend and confidant. Michael dares not speak to her of his love... until one dangerous night, when she steps innocently into his arms, and passion proves stronger than even the most wicked of secrets..."
The Chemist,Stephenie Meyer,United States,3.72,"['Fiction', 'Thriller', 'Mystery', 'Romance', 'Audiobook', 'Suspense', 'Adult', 'Mystery Thriller', 'Contemporary', 'Adult Fiction']",English,w,"In this gripping page-turner, an ex-agent on the run from her former employers must take one more case to clear her name and save her life. She used to work for the U.S. government, but very few people ever knew that. An expert in her field, she was one of the darkest secrets of an agency so clandestine it doesn't even have a name. And when they decided she was a liability, they came for her without warning. Now she rarely stays in the same place or uses the same name for long. They've killed the only other person she trusted, but something she knows still poses a threat. They want her dead, and soon. When her former handler offers her a way out, she realizes it's her only chance to erase the giant target on her back. But it means taking one last job for her ex-employers. To her horror, the information she acquires only makes her situation more dangerous. Resolving to meet the threat head-on, she prepares for the toughest fight of her life but finds herself falling for a man who can only complicate her likelihood of survival. As she sees her choices being rapidly whittled down, she must apply her unique talents in ways she never dreamed of. In this tautly plotted novel, Meyer creates a fierce and fascinating new heroine with a very specialized skill set. And she shows once again why she's one of the world's bestselling authors."
The Beast,J.R. Ward,Spain; Spain; Spain,4.44,"['Paranormal', 'Romance', 'Paranormal Romance', 'Vampires', 'Fantasy', 'Urban Fantasy', 'Adult', 'Fiction', 'Supernatural', 'Erotica']",English,m; m; m,"Nothing is as it used to be for the Black Dagger Brotherhood. After avoiding war with the Shadows, alliances have shifted and lines have been drawn. The slayers of the Lessening Society are stronger than ever, preying on human weakness to acquire more money, more weapons, more power. But as the Brotherhood readies for an all-out attack on them, one of their own fights a battle within himself… For Rhage, the Brother with the biggest appetites, but also the biggest heart, life was supposed to be perfect—or at the very least, perfectly enjoyable. Mary, his beloved shellan, is by his side and his King and his brothers are thriving. But Rhage can’t understand—or control—the panic and insecurity that plague him… And that terrifies him—as well as distances him from his mate. After suffering mortal injury in battle, Rhage must reassess his priorities—and the answer, when it comes to him, rocks his world...and Mary’s. But Mary is on a journey of her own, one that will either bring them closer together or cause a split that neither will recover from..."
Aurelia,Anne Osterlund,France,3.63,"['Young Adult', 'Fantasy', 'Romance', 'Historical Fiction', 'Historical', 'Mystery', 'Fiction', 'Teen', 'Adventure', 'Fairy Tales']",English,m,"Princess Aurelia is next in line to rule the kingdom of Tyralt, but she would rather be one of the common folk, free to learn and roam and . . . not marry the next tyrannical prince that comes courting. Naturally, the king wants Aurelia to marry for political power. Aurelia wants to marry for love. And someone in the kingdom wants her . . . dead. Assigned to investigate and protect Aurelia is Robert, the son of the king's former royal spy and one of Aurelia's oldest friends. As Aurelia and Robert slowly uncover clues as to who is threatening her, their friendship turns to romance. With everything possible on the line, her life, her kingdom, her heart, Aurelia is forced to take matters into her own hands, no matter the cost."
The Last Concubine,Lesley Downer,United Kingdom,3.84,"['Historical Fiction', 'Japan', 'Fiction', 'Historical', 'Romance', 'Asian Literature', 'Historical Romance', 'Asia', 'Adult', 'Cultural']",English,w,"How do you fall in love when your society has no word for it? ""The Last Concubine"" is an epic love story closely based on historical events, chronicling 19th century Japan's extraordinary change from a medieval to a modern country. This is the story of a shogun, a princess and the three thousand women of the women's palace - all of whom really existed - and of the civil war that brought their way of life to an end ...Japan, 1865: the women's palace in the great city of Edo is a sprawling complex much like a middle-eastern harem.Bristling with intrigue and erotic rivalries, the palace is home to three thousand women and only one man - the young shogun. Sachi, a beautiful fifteen-year-old girl, is chosen as his concubine. But Japan is changing. Black Ships have arrived from the West, bringing foreigners eager to add Japan to their colonial empires. As civil war erupts, Sachi flees for her life. Rescued by a rebel warrior, she finds unknown feelings stirring within her; but this is a world in which private passions have no place and there is not even a word for 'love'. Before she dare dream of a life with him, Sachi must unravel the mystery of her own origins - a mystery that encompasses a wrong so terrible that it threatens to destroy her ...From the timeless beauty of the Women's Palace in Edo to bloody battles fought outside its walls, ""The Last Concubine"" is an epic evocation of a country in revolution, and of a young woman's quest to find out who she really is. Hide"
The Garden,Robin Craig Clark,Russia,3.74,"['Fantasy', 'Spirituality', 'Philosophy', 'Romance', 'Poetry', 'Self Help', 'Art', 'Paranormal']",English,w,"A Guide for the Seeker on a Quest for True Self. 
  Kahlil Gibran's The Prophet meets Hermann Hesse's Siddhartha.
  
    
    
      The great path has no gates,
    
    
      Thousands of roads enter it.
    
    
      When one passes through this gateless gate
    
    
      He walks freely between heaven and earth.
    
    --Wumen Huikai (1183-1260)
    
    From the Upanishads sacred writings, Hinduism philosophy and spirituality, the poetry of Zen and Taoism to ancient Celtic Mysticism, The Garden portrays a universal and timeless spiritual message, I Am That I Am.  There is no book in this world which is as thrilling and illuminating as the Upanishads. They contain the direct spiritual experiences or revelations of seers, or sages. They are the products of the highest wisdom, supreme divine knowledge. Hence they stir the hearts of people and inspire them.--Swami Sivananda
    The Garden is a sacred book on enlightenment, a guide for the 'seeker', the one who is ready to discover the deepest secret of life. The wisdom it contains points to the greatest mystery that has always surrounded us yet always alluded us. This secret lies nearer to us than does anything else.A journey of self discovery and initiation, the story contains deep insights that point toward the one true realisation, that the power of life is us. By becoming more alert, more aware, more awake, the reader may discover the answer to the mystery of all mysteries: Who am I? This profound and illuminating book is based upon certain deep truths of human experience. One may be ready to see the Truth this book contains, while another may only see a dreamland of fantasy.Fools will laugh but the wise shall understand. --Rinzai Zen The Garden gently guides the reader into the imaginative realm of consciousness to help actualize the highest teaching, the seeing into one's being. This fantastically visionary story, much like the Zen Koans, deals with states of mind rather than words. Huikai says: ""Unless this is understood, the point of the classic will be missed. The whole intent was to help the pupil break the shell of his limited mind and attain a second eternal birth, satori, enlightenment."" What the book achieves is something very refreshing and very original. It offers no teaching yet points towards an answer to life that is rarely perceived. ""Life is the answer"", Clark says. ""The answer to all our seeking remains hidden all the time while we are looking for it."" Told in four parts: The First Awakening, The Sleeping, The Dreaming and The Reawakening, The Garden mirrors the Mandukya Upanishad: Three States and One Reality [an exposition of the principle of Aum as consisting of three elements: a, u, m, which may be used to experience the soul itself. It contains twelve verses that delineate four levels of consciousness: waking, dreaming, deep sleep, and a fourth mystical state of being one with the soul. It is said that this Upanishad alone is enough to lead one to spiritual liberation]. The condensed narrative of this spiritual love story is so designed that each reader will want to think about the words over and again, through a sustained process of inner reflection. It is a meditation on the ""Unborn Mind"" -- the birthless, deathless, timeless, spaceless, boundless awareness that is our real identity. [Bankei Yotaku] Winner of the Premier's Book AwardsThe Gateless Gate: peliguin.com
  
    
"
Such a Fun Age,Kiley Reid,United States,3.85,"['Fiction', 'Contemporary', 'Audiobook', 'Adult', 'Adult Fiction', 'Race', 'Literary Fiction', 'Novels', 'African American', 'Realistic Fiction']",English,w,"In the midst of a family crisis one late evening, white blogger Alix Chamberlain calls her African American babysitter, Emira, asking her to take toddler Briar to the local market for distraction. There, the security guard accuses Emira of kidnapping Briar, and Alix's efforts to right the situation turn out to be good intentions selfishly mismanaged."
Outside,Shalini Boland,Germany; Germany,3.39,"['Dystopia', 'Young Adult', 'Post Apocalyptic', 'Science Fiction', 'Fiction', 'Romance', 'Mystery', 'Apocalyptic', 'Futuristic', 'Teen']",English,m; m,"The future is divided by Perimeters: high-security gated communities where life goes on as normal. If you’re inside you’re lucky. If you’re outside, life expectancy takes a nose dive.Riley is fortunate to have been born on the right side of the fence. But her life of privilege comes crashing down when someone breaks through and murders her sister.She forsakes her own safety to go in search of the killer. Luc decides to go with her otherwise she’ll be dead before she’s past the security gate. But what awaits her outside is more unbelievable than she ever expected.Cut to the present day, where Eleanor's world is falling apart. This time next year, civilisation won't be quite so civilised..."
The Way Home,A.C. Bextor,Germany,4.24,"['Romance', 'Erotica', 'Motorcycle', 'Abuse', 'Contemporary Romance', 'Contemporary', 'Adult', 'Drama', 'Erotic Romance', 'Death']",English,m,"Where do you begin to piece back the fragments of a shattered heart?“I’m letting you go today, it’s time.” Finally, Sadey is ready to say goodbye to the only man she’s ever loved. With the help of Shame and Mace she’s learning to breathe on her own again; one day at a time.Her hopes are high and her world is finally coming into focus.Until someone from her past comes back to help her heal, bringing with him more heartbreak and confusion than she could have ever believed possible.Ace loves her. For six months, he’s watched her suffer from a distance. Knowing it wasn’t his place to see her through this, but no matter the risk he won’t stay away.“Sadey, I’ve missed you, okay? I’ve thought about you. I missed being here. Do you understand that? I’ve missed being around you, touching you, holding you, and laughing with you. I missed you before I even left town that night. You chose Hem, not that it was any kind of competition, but you were with Hem. I was never even given the consideration.”Emotions are high as further truths of betrayal are exposed, leaving everyone to pick up the pieces once again.This is not intended to be read as a stand-alone novel. Authors note: This novel contains material that is not suitable for individuals under the age of 18. Content includes: drug use, explicit language, violence, rape, and other scenarios with content that readers may find offensive. Please use caution when deciding on this book, as every reader has the right to understand the product before purchase. "
Dear Edward,Ann Napolitano,United States,4.15,"['Fiction', 'Contemporary', 'Audiobook', 'Adult', 'Adult Fiction', 'Literary Fiction', 'Coming Of Age', 'Family', 'Young Adult', 'Book Club']",English,w,"One summer morning, twelve-year-old Edward Adler, his beloved older brother, his parents, and 183 other passengers board a flight in Newark headed for Los Angeles. Among them is a Wall Street wunderkind, a young woman coming to terms with an unexpected pregnancy, an injured vet returning from Afghanistan, a septuagenarian business tycoon, and a free-spirited woman running away from her controlling husband. And then, tragically, the plane crashes. Edward is the sole survivor.Edward's story captures the attention of the nation, but he struggles to find a place for himself in a world without his family. He continues to feel that a piece of him has been left in the sky, forever tied to the plane and all of his fellow passengers. But then he makes an unexpected discovery--one that will lead him to the answers of some of life's most profound questions: When you've lost everything, how do find yourself? How do you discover your purpose? What does it mean not just to survive, but to truly live?Dear Edward is at once a transcendent coming-of-age story, a multidimensional portrait of an unforgettable cast of characters, and a breathtaking illustration of all the ways a broken heart learns to love again."
Heroes,Robert Cormier,United Kingdom,3.43,"['Young Adult', 'Historical Fiction', 'School', 'Fiction', 'Historical', 'War', 'Read For School', 'Classics', 'World War II', 'Thriller']",English,m,"Francis Joseph Cassavant is eighteen. He has just returned home from the Second World War, and he has no face. He does have a gun and a mission: to murder his childhood hero.Francis lost most of his face when he fell on a grenade in France. He received the Silver Star for bravery, but was it really an act of heroism? Now, having survived, he is looking for a man he once admired and respected, a man adored by many people, a man who also received a Silver Star for bravery. A man who destroyed Francis's life"
Drive Your Plow Over the Bones of the Dead,Olga Tokarczuk,Poland,3.96,"['Fiction', 'Mystery', 'Poland', 'Crime', 'Polish Literature', 'Literary Fiction', 'Contemporary', 'Novels', 'Nobel Prize', 'Mystery Thriller']",English,w,"WINNER OF THE NOBEL PRIZE IN LITERATUREIn a remote Polish village, Janina devotes the dark winter days to studying astrology, translating the poetry of William Blake, and taking care of the summer homes of wealthy Warsaw residents. Her reputation as a crank and a recluse is amplified by her not-so-secret preference for the company of animals over humans. Then a neighbor, Big Foot, turns up dead. Soon other bodies are discovered, in increasingly strange circumstances. As suspicions mount, Janina inserts herself into the investigation, certain that she knows whodunit. If only anyone would pay her mind... A deeply satisfying thriller cum fairy tale, Drive Your Plow over the Bones of the Dead is a provocative exploration of the murky borderland between sanity and madness, justice and tradition, autonomy and fate. Whom do we deem sane? it asks. Who is worthy of a voice?"
After Rain,Anggun Prameswari,United Kingdom,3.84,"['Romance', 'Novels', 'Indonesian Literature', 'Fiction']",Indonesian,w,"Mungkin aku dibutakan oleh cinta, sebab akalku dikacaukan olehmu.
Seberapa banyak pun aku meminta, kau takkan memilihku.

Ini yang kau sebut cinta?

Menunggumu bukan pilihan.
Izinkan aku meninggalkanmu, dengan serpihan hati yang tersisa.
Dan jika ternyata dia yang ada di sana,
sama-sama menanggung keping-keping hati yang berhamburan,
saat kami saling menyembuhkan—salahkah itu?"
The First Bad Man,Miranda July,United States,3.61,"['Fiction', 'Contemporary', 'Novels', 'Literary Fiction', 'Audiobook', 'Queer', 'Adult Fiction', 'LGBT', 'American', 'Adult']",English,w,"From the acclaimed filmmaker, artist, and bestselling author of No One Belongs Here More Than You, a spectacular debut novel that is so heartbreaking, so dirty, so tender, so funny--so Miranda July--readers will be blown away. Here is Cheryl, a tightly-wound, vulnerable woman who lives alone, with a perpetual lump in her throat. She is haunted by a baby boy she met when she was six, who sometimes recurs as other people's babies. Cheryl is also obsessed with Phillip, a philandering board member at the women's self-defense non-profit where she works. She believes they've been making love for many lifetimes, though they have yet to consummate in this one. When Cheryl's bosses ask if their twenty-one-year-old daughter Clee can move into her house for a little while, Cheryl's eccentrically-ordered world explodes. And yet it is Clee--the selfish, cruel blond bombshell--who bullies Cheryl into reality and, unexpectedly, provides her the love of a lifetime. Tender, gripping, slyly hilarious, infused with raging sexual fantasies and fierce maternal love, Miranda July's first novel confirms her as a spectacularly original, iconic and important voice today, and a writer for all time. The First Bad Man is dazzling, disorienting, and unforgettable."
"Girl, Woman, Other",Bernardine Evaristo,United Kingdom,4.42,"['Fiction', 'Feminism', 'Contemporary', 'Short Stories', 'Literary Fiction', 'LGBT', 'Race', 'Audiobook', 'Queer', 'Novels']",English,w,"Joint Winner of the Man Booker Prize 2019Teeming with life and crackling with energy — a love song to modern Britain and black womanhoodGirl, Woman, Other follows the lives and struggles of twelve very different characters. Mostly women, black and British, they tell the stories of their families, friends and lovers, across the country and through the years.Joyfully polyphonic and vibrantly contemporary, this is a gloriously new kind of history, a novel of our times: celebratory, ever-dynamic and utterly irresistible."
Feather,Abra Ebner,Italy,3.51,"['Paranormal', 'Angels', 'Young Adult', 'Fantasy', 'Romance', 'Paranormal Romance', 'Magic', 'Urban Fantasy', 'Supernatural', 'Mystery']",English,m,"FOR FULLY EDITED VERSION, SEARCH FEATHER: SECOND EDITION...This is the limited release UNEDITED author's copy of Feather. Estella's magical life as an orphan was never easy, and at eighteen, she is finally free. In her desperate attempt to leave the city behind and unravel her strange talents, she flees to a secluded college nestled deep in the forests of the North Cascades. It is here that she hopes to escape her painful life, and forgotten past. As classes begin, Elle struggles to find her place, until she meets Professor Edgar. Young, handsome, yet terrifying, Elle is suddenly intrigued. Despite her fear of him, she finds the strange attraction mesmerizing, dangerous, and somehow familiar. As their acquaintance grows, she is suddenly drawn further into a life she never knew she lived, in a place that finally feels like home. As her happiness returns, so do the demons of her forgotten past. It is here that she finds herself faced with the sacrifice of her life, and the beginning of a journey deeply rooted in our existence. Feather takes us into the darkest regions of our soul, into a world where we only dream to exist. Book one of the series introduces us to this new world, a place closely rooted in our dreams, and a place we ve all been. Begin the journey your soul craves, in a world where warrior's spring from the earth and magic is all around us."
Cross My Heart,Katie Klein,United States,3.91,"['Young Adult', 'Romance', 'Contemporary', 'Chick Lit', 'New Adult', 'Contemporary Romance', 'High School', 'Young Adult Romance', 'Realistic Fiction', 'Young Adult Contemporary']",English,m,"True love can blossom in unexpected places. This is Jaden pretending not to notice. . . .Jaden McEntyre and Parker Whalen are a wrong fit from the start. Jaden is driven and focused, Harvard Med School within reach. Parker has a past-a reputation-and the rumors about his mysterious habits abound. So there's no reason why, when they're assigned to work together on a project in English, they should discover they have anything in common, or even like each other, and they definitely shouldn't be falling in love.As they bond over Edith Wharton's tragic novella, Ethan Frome, the ""bad boy"" vibe Parker plays begins to dissipate. Soon, Jaden finds herself shedding her own ""good girl"" image: sneaking around to be with him, confiding in him, and ultimately falling hard for this leather-wearing, motorcycle-driving loner who plays into the rebel stereotype.Still, Jaden can't shake the feeling that there's more to Parker than he's letting on. He's hiding something from her, and discovering the truth means reconciling the Parker she's grown to love with the person he really is. Because it's possible that his life inside the classroom-everything Jaden knows-is one, massive lie."
The Bone Labyrinth,James Rollins,United States,4.14,"['Thriller', 'Fiction', 'Adventure', 'Mystery', 'Action', 'Science Fiction', 'Suspense', 'Mystery Thriller', 'Historical Fiction', 'Audiobook']",English,m,"A war is coming, a battle that will stretch from the prehistoric forests of the ancient past to the cutting-edge research labs of today, all to reveal a true mystery buried deep within our DNA, a mystery that will leave readers changed forever . . .In this groundbreaking masterpiece of ingenuity and intrigue that spans 50,000 years in human history, New York Times bestselling author James Rollins takes us to mankind’s next great leap.But will it mark a new chapter in our development . . . or our extinction?In the remote mountains of Croatia, an archaeologist makes a strange discovery:  a subterranean Catholic chapel, hidden for centuries, holds the bones of a Neanderthal woman. In the same cavern system, elaborate primitive paintings tell the story of an immense battle between tribes of Neanderthals and monstrous shadowy figures. Who is this mysterious enemy depicted in these ancient drawings and what do the paintings mean?Before any answers could be made, the investigative team is attacked, while at the same time, a bloody assault is made upon a primate research center outside of Atlanta. How are these events connected? Who is behind these attacks?  The search for the truth will take Commander Gray Pierce of Sigma Force 50,000 years into the past. As he and Sigma trace the evolution of human intelligence to its true source, they will be plunged into a cataclysmic battle for the future of humanity that stretches across the globe . . . and beyond.With the fate of our future at stake, Sigma embarks on its most harrowing odyssey ever—a breathtaking quest that will take them from ancient tunnels in Ecuador that span the breadth of South America to a millennia-old necropolis holding the bones of our ancestors. Along the way, revelations involving the lost continent of Atlantis will reveal true mysteries tied to mankind’s first steps on the moon. In the end, Gray Pierce and his team will face to their greatest threat: an ancient evil, resurrected by modern genetic science, strong enough to bring about the end of man’s dominance on this planet.Only this time, Sigma will falter—and the world we know will change forever."
The Summer Book,Tove Jansson,Finland,4.08,"['Fiction', 'Short Stories', 'Classics', 'Finnish Literature', 'Scandinavian Literature', 'Novels', 'Literature', 'Literary Fiction', '20th Century', 'Swedish Literature']",English,w,"An elderly artist and her six-year-old granddaughter while away a summer together on a tiny island in the gulf of Finland. Gradually, the two learn to adjust to each other's fears, whims and yearnings for independence, and a fierce yet understated love emerges - one that encompasses not only the summer inhabitants but the island itself, with its mossy rocks, windswept firs and unpredictable seas.Full of brusque humour and wisdom, The Summer Book is a profoundly life-affirming story. Tove Jansson captured much of her own experience and spirit in the book, which was her favourite of the novels she wrote for adults. This new edition sees the return of a European literary gem - fresh, authentic and deeply humane."
The Binding,L. Filloon,United Kingdom,4.06,"['Fantasy', 'Romance', 'Young Adult', 'Fae', 'Magic', 'Paranormal', 'Paranormal Romance', 'Fairies', 'Urban Fantasy', 'Fiction']",English,w,"Looking for the new cover? See here.Two nights after her eighteenth birthday, Lily is attacked while out jogging, but is saved by Tharin Lunar, a Sidhe prince. When she discovers that her attacker is her own brother, Lucas, who disappeared four years ago, Lily refuses to believe that her brother would truly hurt her and becomes determined to find Lucas and bring him home. Lily finds that Lucas’ disappearance is somehow tied to Tharin; so when he informs her that she is his betrothed and must return with him to Velesi, fulfill a treaty between their families and unite the two strongest clans through their marriage, Lily agrees. However, she’s not going to Velesi for a wedding, but to bring home her only family, Lucas. On their journey to the borders of Velesi, the realm of the Thirteen Clans, they’re pursued by a Sidhe assassin group call the Ange, meet with an ogre crime lord that ends badly, deal with a sleazy troll motel manager, and when they discover that there’s a bounty on their heads, they must keep one step ahead of every assassin, bounty hunter and low-life criminal in Velesi. Protecting Lily has become the biggest challenge of Tharin’s life. Lucky for him he has help in the form of his twin brother, Tolan, Lily’s best friend Julia and his three bodyguard cousins."
The Liar,Stephen Fry,United States,3.67,"['Fiction', 'Humor', 'Contemporary', 'Comedy', 'British Literature', 'LGBT', 'Novels', 'Modern', 'Literature', '20th Century']",English,w,"Stephen Fry's breathtakingly outrageous debut novel, by turns eccentric, shocking, brilliantly comic and achingly romantic.Adrian Healey is magnificently unprepared for the long littleness of life; unprepared too for the afternoon in Salzburg when he will witness the savage murder of a Hungarian violinist; unprepared to learn about the Mendax device; unprepared for more murders and wholly unprepared for the truth.The Liar is a thrilling, sophisticated and laugh out loud hilarious novel from a brilliantly talented writer."
The Year I Met You,Cecelia Ahern,Ireland,3.63,"['Chick Lit', 'Romance', 'Contemporary', 'Fiction', 'Adult', 'Novels', 'Family', 'Young Adult', 'Contemporary Romance', 'Adult Fiction']",English,w,"A thoughtful, captivating and ultimately uplifting novel from this uniquely talented authorJasmine know two things: one, she loves her vulnerable sister unconditionally, and will fight to the death to protect her from anyone who upsets her. Two, she's only ever been good at one thing – her job helping business start-ups.So when she’s sacked and put on gardening leave, Jasmine realises that she has nothing else to fill her life. Insomnia keeps her staring out of her bedroom window, and she finds herself watching the antics of her neighbour, shock jock Matt, with more than a casual eye. Matt is also taking a forced leave of absence from work, after one of his controversial chat shows went too far…Jasmine has every reason to dislike Matt, and the feeling appears to be mutual. But not everything is as it seems, and soon Jasmine and Matt are forced to think again…"
Two Kinds of Truth,Michael Connelly,United States,4.24,"['Mystery', 'Fiction', 'Crime', 'Thriller', 'Detective', 'Audiobook', 'Mystery Thriller', 'Suspense', 'Legal Thriller', 'Adult']",English,m,"Harry Bosch is back as a volunteer working cold cases for the San Fernando Police Department and is called out to a local drug store where a young pharmacist has been murdered. Bosch and the town's 3-person detective squad sift through the clues, which lead into the dangerous, big business world of pill mills and prescription drug abuse.Meanwhile, an old case from Bosch's LAPD days comes back to haunt him when a long-imprisoned killer claims Harry framed him, and seems to have new evidence to prove it. Bosch left the LAPD on bad terms, so his former colleagues aren't keen to protect his reputation. He must fend for himself in clearing his name and keeping a clever killer in prison.The two unrelated cases wind around each other like strands of barbed wire. Along the way Bosch discovers that there are two kinds of truth: the kind that sets you free and the kind that leaves you buried in darkness."
When Life Gives You Lululemons,Lauren Weisberger,United States,3.72,"['Fiction', 'Chick Lit', 'Audiobook', 'Contemporary', 'Adult Fiction', 'Adult', 'Humor', 'Womens Fiction', 'Romance', 'Realistic Fiction']",,w,"New York Times bestselling author Lauren Weisberger returns with a novel starring one of her favorite characters from The Devil Wears Prada—Emily Charlton, first assistant to Miranda Priestly, now a highly successful image consultant who’s just landed the client of a lifetime.Welcome to Greenwich, CT, where the lawns and the women are perfectly manicured, the Tito’s and sodas are extra strong, and everyone has something to say about the infamous new neighbor.Let’s be clear: Emily Charlton, Miranda Priestly’s ex-assistant, does not do the suburbs. She’s working in Hollywood as an image consultant to the stars, but recently, Emily’s lost a few clients. She’s hopeless with social media. The new guard is nipping at her heels. She needs a big opportunity, and she needs it now.Karolina Hartwell is as A-list as they come. She’s the former face of L’Oreal. A mega-supermodel recognized the world over. And now, the gorgeous wife of the newly elected senator from New York, Graham, who also has his eye on the presidency. It’s all very Kennedy-esque, right down to the public philandering and Karolina’s arrest for a DUI—with a Suburban full of other people’s children.Miriam is the link between them. Until recently she was a partner at one of Manhattan’s most prestigious law firms. But when Miriam moves to Greenwich and takes time off to spend with her children, she never could have predicted that being stay-at-home mom in an uber-wealthy town could have more pitfalls than a stressful legal career. Emily, Karolina, and Miriam make an unlikely trio, but they desperately need each other. Together, they’ll navigate the social landmines of life in America’s favorite suburb on steroids, revealing the truths—and the lies—that simmer just below the glittering surface. With her signature biting style, Lauren Weisberger offers a dazzling look into another sexy, over-the-top world, where nothing is as it appears."
Dangerous Games,Lora Leigh,United States,4.17,"['Romance', 'Romantic Suspense', 'Erotica', 'Military Fiction', 'Contemporary Romance', 'Contemporary', 'BDSM', 'Suspense', 'Erotic Romance', 'Military Romance']",English,w,"When this hot, hard-bodied Navy SEAL plays around, he means business…It’s not whether you win or lose.Navy SEAL Clint “Iceman” McIntyre didn’t earn his name by being a coward. Or a quitter. Having crushed an infamous drug cartel in Columbia, Clint was nothing short of an American hero. Now he’s home, on a much-needed leave, but instead of some R&R, he finds himself neck-deep in the hottest kind of trouble with his best friend’s little sister, Morganna Chavez—the only woman who has the power to bring him to his knees…It’s how you play…Morganna has been secretly working with the DEA to uncover a thriving date-rape drug, which leads her to a shadowy faction that is more deadly than anything her team has ever encountered. Now, it’s up to Clint to keep this beautiful, determined agent out of harm’s way, even while the explosive passion between them threatens to consume them. Soon Clint’s greatest mission will be not just keeping Morganna alive, but getting her into his arms and never letting go."
The Girl,Lola St. Vil,Spain; Spain; Spain,3.71,"['Paranormal', 'Young Adult', 'Fantasy', 'Angels', 'Romance', 'Paranormal Romance', 'Demons', 'Fiction', 'Amazon', 'Urban Fantasy']",English,m; m; m,"After his death, Marcus found the love of his life...

Unfortunately it's not his sexy, telekinetic angel girlfriend – it's Emmy Baxter... a human.

Between torture, demon attacks, and midterms, Marcus and Emily must fight their feelings for a devastating prophecy has predicted:

""Should Angel and Human unite, humanity will perish."""
The Road Home,Jim Harrison,Italy,4.34,"['Fiction', 'Historical Fiction', 'Literature', 'American', 'Westerns', 'Novels', 'Literary Fiction']",English,m,"Continuing the story of Dalva and her peculiar and remarkable family, The Road Home encompasses the voices of Dalva's grandfather, John Northridge; Naomi, the widow of his favourite son; Paul, the first Northridge son; and Nelse, Dalva's son."
End of Watch,Stephen King,United States,4.08,"['Horror', 'Fiction', 'Thriller', 'Mystery', 'Crime', 'Audiobook', 'Mystery Thriller', 'Suspense', 'Paranormal', 'Fantasy']",English,m,"The spectacular finale to the New York Times bestselling trilogy that began with Mr. Mercedes (winner of the Edgar Award) and Finders Keepers—In End of Watch, the diabolical “Mercedes Killer” drives his enemies to suicide, and if Bill Hodges and Holly Gibney don’t figure out a way to stop him, they’ll be victims themselves.In Room 217 of the Lakes Region Traumatic Brain Injury Clinic, something has awakened. Something evil. Brady Hartsfield, perpetrator of the Mercedes Massacre, where eight people were killed and many more were badly injured, has been in the clinic for five years, in a vegetative state. According to his doctors, anything approaching a complete recovery is unlikely. But behind the drool and stare, Brady is awake, and in possession of deadly new powers that allow him to wreak unimaginable havoc without ever leaving his hospital room.Retired police detective Bill Hodges, the unlikely hero of Mr. Mercedes and Finders Keepers, now runs an investigation agency with his partner, Holly Gibney—the woman who delivered the blow to Hartsfield’s head that put him on the brain injury ward. When Bill and Holly are called to a suicide scene with ties to the Mercedes Massacre, they find themselves pulled into their most dangerous case yet, one that will put their lives at risk, as well as those of Bill’s heroic young friend Jerome Robinson and his teenage sister, Barbara. Brady Hartsfield is back, and planning revenge not just on Hodges and his friends, but on an entire city.In End of Watch, Stephen King brings the Hodges trilogy to a sublimely terrifying conclusion, combining the detective fiction of Mr. Mercedes and Finders Keepers with the heart-pounding, supernatural suspense that has been his bestselling trademark. The result is an unnerving look at human vulnerability and chilling suspense. No one does it better than King."
The Kept Woman,Karin Slaughter,United States,4.1,"['Mystery', 'Thriller', 'Fiction', 'Crime', 'Mystery Thriller', 'Suspense', 'Audiobook', 'Adult', 'Detective', 'Contemporary']",English,w,"
  Husbands and wives. Mothers and daughters. The past and the future. 

  Secrets bind them. And secrets can destroy them. 
The author of Pretty Girls returns with an electrifying, emotionally complex thriller that plunges its fascinating protagonist into the darkest depths of a mystery that just might destroy him. With the discovery of a murder at an abandoned construction site, Will Trent of the Georgia Bureau of Investigation is brought in on a case that becomes much more dangerous when the dead man is identified as an ex-cop.Studying the body, Sara Linton—the GBI’s newest medical examiner and Will’s lover—realizes that the extensive blood loss didn't belong to the corpse. Sure enough, bloody footprints leading away from the scene indicate there is another victim—a woman—who has vanished . . . and who will die soon if she isn’t found.Will is already compromised, because the site belongs to the city’s most popular citizen: a wealthy, powerful, and politically connected athlete protected by the world’s most expensive lawyers—a man who’s already gotten away with rape, despite Will’s exhaustive efforts to put him away.But the worst is yet to come. Evidence soon links Will’s troubled past to the case . . . and the consequences will tear through his life with the force of a tornado, wreaking havoc for Will and everyone around him, including his colleagues, family, friends—and even the suspects he pursues.Relentlessly suspenseful and furiously paced, peopled with conflicted, fallible characters who leap from the page, The Kept Woman is a seamless blend of twisty police procedural and ingenious psychological thriller -- a searing, unforgettable novel of love, loss, and redemption.  "
Underground,Kat Richardson,Japan,3.87,"['Urban Fantasy', 'Fantasy', 'Paranormal', 'Mystery', 'Fiction', 'Ghosts', 'Supernatural', 'Vampires', 'Horror', 'Magic']",English,m,"Harper Blaine was your average small-time P.I. until she died for two minutes. Now Harper is a Greywalker -- walking the thin line between the living world and the paranormal realm. And she's discovering that her new abilities are landing her all sorts of ""strange"" cases.Pioneer Square's homeless are turning up dead and mutilated, and zombies have been seen roaming the underground--the city buried beneath modern Seattle. When Harper's friend Quinton believes he may be implicated in the deaths, he persuades her to investigate. But the killer is no mere murderer--it is a creature of ancient legend. And Harper must deal with both the living and the dead to stop the monster and its master…...unless they stop her first."
The Readers of Broken Wheel Recommend,Katarina Bivald,Sweden,3.56,"['Fiction', 'Books About Books', 'Romance', 'Contemporary', 'Chick Lit', 'Adult Fiction', 'Adult', 'Audiobook', 'Book Club', 'Realistic Fiction']",English,w,"Once you let a book into your life, the most unexpected things can happen...Broken Wheel, Iowa, has never seen anyone like Sara, who traveled all the way from Sweden just to meet her pen pal, Amy. When she arrives, however, she finds that Amy's funeral has just ended. Luckily, the townspeople are happy to look after their bewildered tourist—even if they don't understand her peculiar need for books. Marooned in a farm town that's almost beyond repair, Sara starts a bookstore in honor of her friend's memory. All she wants is to share the books she loves with the citizens of Broken Wheel and to convince them that reading is one of the great joys of life. But she makes some unconventional choices that could force a lot of secrets into the open and change things for everyone in town. Reminiscent of The Guernsey Literary and Potato Peel Pie Society, this is a warm, witty book about friendship, stories, and love."
Fool Me Once,Harlan Coben,United States,3.93,"['Mystery', 'Thriller', 'Fiction', 'Suspense', 'Mystery Thriller', 'Crime', 'Audiobook', 'Adult', 'Adult Fiction', 'Contemporary']",English,m,"Former special ops pilot Maya, home from the war, sees an unthinkable image captured by her nanny cam while she is at work: her two-year-old daughter playing with Maya’s husband, Joe—who had been brutally murdered two weeks earlier. The provocative question at the heart of the mystery: can you believe everything you see with your own eyes, even when you desperately want to? To find the answer, Maya must finally come to terms with deep secrets and deceit in her own past before she can face the unbelievable truth about her husband—and herself."
Depraved Heart,Patricia Cornwell,United States,3.62,"['Mystery', 'Fiction', 'Thriller', 'Crime', 'Suspense', 'Mystery Thriller', 'Audiobook', 'Contemporary', 'Drama', 'Murder Mystery']",English,w,"Dr. Kay Scarpetta is working a highly suspicious death scene in a historic home in Cambridge, Massachusetts when an emergency alert sounds on her phone. A video link lands in her text messages, immediately begins playing... and seems to be from her niece Lucy. But how can it be? It’s clearly a surveillance film of Lucy taken almost twenty years ago.As Scarpetta watches she comes to grips with frightening secrets about her niece, whom she loves like a daughter. That first clip and others sent soon after raise dangerous implications that increasingly isolate Scarpetta and leave her confused, alarmed, and not knowing where to turn. She doesn’t know whom she can tell – not her FBI agent husband, Benton Wesley, or her investigative partner, Pete Marino. Not even Lucy.Cornwell launches these unforgettable characters on an intensely psychological odyssey that includes the bizarre death of a Hollywood mogul’s daughter, wreckage on the bottom of the sea in the Bermuda Triangle, a grisly gift left in the back of a crime scene truck, and videos from the past that threaten to destroy Scarpetta’s entire world and everyone she loves. The diabolical presence and singularly ""depraved heart"" behind what unfolds seems obvious - but strangely, not to the FBI. Certainly that’s the message they send when they start harassing Lucy and begin building a case that could send her to prison for the rest of her life.In the latest novel in her bestselling series featuring medical examiner Dr. Kay Scarpetta, Cornwell captivates readers again with the jolting twists, high-wire tension, and cutting-edge forensic detail for which she is renowned, proving yet again why she is the world’s number one bestselling crime writer."
Elizabeth Is Missing,Emma Healey,United Kingdom,3.72,"['Fiction', 'Mystery', 'Contemporary', 'Crime', 'Mystery Thriller', 'Thriller', 'Audiobook', 'Adult Fiction', 'Historical Fiction', 'Adult']",English,w,"In this darkly riveting debut novel—a sophisticated psychological mystery that is also a heartbreakingly honest meditation on memory, identity, and aging—an elderly woman descending into dementia embarks on a desperate quest to find the best friend she believes has disappeared, and her search for the truth will go back decades and have shattering consequences.Maud, an aging grandmother, is slowly losing her memory—and her grip on everyday life. Yet she refuses to forget her best friend Elizabeth, who she is convinced is missing and in terrible danger.But no one will listen to Maud—not her frustrated daughter, Helen, not her caretakers, not the police, and especially not Elizabeth's mercurial son, Peter. Armed with handwritten notes she leaves for herself and an overwhelming feeling that Elizabeth needs her help, Maud resolves to discover the truth and save her beloved friend.This singular obsession forms a cornerstone of Maud's rapidly dissolving present. But the clues she discovers seem only to lead her deeper into her past, to another unsolved disappearance: her sister, Sukey, who vanished shortly after World War II.As vivid memories of a tragedy that occurred more than fifty years ago come flooding back, Maud discovers new momentum in her search for her friend. Could the mystery of Sukey's disappearance hold the key to finding Elizabeth?"
A Good Girl's Guide to Murder,Holly Jackson,United Kingdom,4.33,"['Mystery', 'Young Adult', 'Thriller', 'Contemporary', 'Mystery Thriller', 'Fiction', 'Audiobook', 'Crime', 'Suspense', 'Murder Mystery']",English,w,"The case is closed. Five years ago, schoolgirl Andie Bell was murdered by Sal Singh. The police know he did it. Everyone in town knows he did it.But having grown up in the same small town that was consumed by the murder, Pippa Fitz-Amobi isn't so sure. When she chooses the case as the topic for her final year project, she starts to uncover secrets that someone in town desperately wants to stay hidden. And if the real killer is still out there, how far will they go to keep Pip from the truth?"
Flights,Olga Tokarczuk,Poland,3.79,"['Fiction', 'Short Stories', 'Polish Literature', 'Poland', 'Travel', 'Literary Fiction', 'Contemporary', 'Novels', 'Literature', 'Nobel Prize']",English,w,"From the incomparably original Polish writer Olga Tokarczuk, Flights interweaves reflections on travel with an in-depth exploration of the human body, broaching life, death, motion, and migration. Chopin’s heart is carried back to Warsaw in secret by his adoring sister. A woman must return to her native Poland in order to poison her terminally ill high school sweetheart, and a young man slowly descends into madness when his wife and child mysteriously vanish during a vacation and just as suddenly reappear. Through these brilliantly imagined characters and stories, interwoven with haunting, playful, and revelatory meditations, Flights explores what it means to be a traveler, a wanderer, a body in motion not only through space but through time. Where are you from? Where are you coming in from? Where are you going? we call to the traveler. Enchanting, unsettling, and wholly original, Flights is a master storyteller’s answer.Olga Tokarczuk is a Nobel Laureate."
Redemption,Erica Stevens,United States,4.38,"['Vampires', 'Paranormal', 'Romance', 'Fantasy', 'Paranormal Romance', 'Young Adult', 'New Adult', 'Dystopia', 'Fiction', 'Love']",English,m,"A year has passed since the war against Jack’s father that freed the humans from their roles as blood slaves and servants to the vampire race. Having left the palace behind in order to ensure that the outer towns are obeying the new laws, Jack struggles to come to terms with the grief and haunting memories that drove him from the palace in the first place. He’s content to lose himself in the outer lands and the obscurity that they offer him. That is, until he encounters Hannah.  Growing up in the small town of Chippman, Hannah had long ago accepted the fact that she would never leave it. When Jack walks into her life, and turns it upside down, she quickly realizes that not everything is what she’d believed it to be. Knowing that Jack will reject her if he learns the truth about her, Hannah struggles to fight her growing attraction to him. For though the town of Chippman seems normal on the outside, its residents harbor secrets that they’ve taken great pains to keep hidden. Secrets that have forced the town to live under the rule of the one man that could tear Jack and Hannah apart forever. ***Though this is a stand alone novel it is highly recommended that the first four books in the Captive Series be read first. ***Mature YA/New Adult. This book contains some language, violence, and sexual situations. Recommended for ages sixteen and up.Edited by Leslie Mitchell at G2 Freelance Editing. Cover art by EbooklaunchRecommended reading order for The Captive Series.Captured (Book 1)Renegade (Book 2)Refugee (Book 3)Salvation (Book 4)Redemption (Book 5)Broken (The Captive series prequel) Vengeance (Book 6)"
Kristy's Great Idea,"Raina Telgemeier  (Illustrator), Ann M. Martin",United States,4.18,"['Graphic Novels', 'Middle Grade', 'Comics', 'Fiction', 'Childrens', 'Realistic Fiction', 'Young Adult', 'Graphic Novels Comics', 'Juvenile', 'Family']",English,w,"In this new graphic novel edition of the very first Baby-Sitters Club book, Raina Telgemeier captures all the drama of the original in warm, spunky illustrations. Witness Kristy's eureka moment, when she gets the idea for a ""baby-sitters club"" and enlists her best friends, shy Mary Anne and artistic Claudia, in an exciting new venture. But the baby-sitting business isn't the only thing absorbing their attention: Kristy is having a hard time accepting her stepdad-to-be, and the newest member of the gang, Stacey, seems to be hiding a secret."
The Bazaar of Bad Dreams,Stephen King,United States,3.92,"['Horror', 'Short Stories', 'Fiction', 'Fantasy', 'Audiobook', 'Thriller', 'Anthologies', 'Mystery', 'Adult', 'Paranormal']",English,m,"A master storyteller at his best—the O. Henry Prize winner Stephen King delivers a generous collection of stories, several of them brand-new, featuring revelatory autobiographical comments on when, why, and how he came to write (or rewrite) each story.Since his first collection, Nightshift, published thirty-five years ago, Stephen King has dazzled readers with his genius as a writer of short fiction. In this new collection he assembles, for the first time, recent stories that have never been published in a book. He introduces each with a passage about its origins or his motivations for writing it.There are thrilling connections between stories; themes of morality, the afterlife, guilt, what we would do differently if we could see into the future or correct the mistakes of the past. “Afterlife” is about a man who died of colon cancer and keeps reliving the same life, repeating his mistakes over and over again. Several stories feature characters at the end of life, revisiting their crimes and misdemeanors. Other stories address what happens when someone discovers that he has supernatural powers—the columnist who kills people by writing their obituaries in “Obits;” the old judge in “The Dune” who, as a boy, canoed to a deserted island and saw names written in the sand, the names of people who then died in freak accidents. In “Morality,” King looks at how a marriage and two lives fall apart after the wife and husband enter into what seems, at first, a devil’s pact they can win.Magnificent, eerie, utterly compelling, these stories comprise one of King’s finest gifts to his constant reader—“I made them especially for you,” says King. “Feel free to examine them, but please be careful. The best of them have teeth.”"
Journey Under the Midnight Sun,Keigo Higashino,Japan,4.32,"['Mystery', 'Fiction', 'Japan', 'Thriller', 'Crime', 'Japanese Literature', 'Mystery Thriller', 'Detective', 'Asia', 'Novels']",English,m,"When a man is found murdered in an abandoned building in Osaka in 1973, unflappable detective Sasagaki is assigned to the case. He begins to piece together the connection of two young people who are inextricably linked to the crime; the dark, taciturn son of the victim and the unexpectedly captivating daughter of the main suspect. Over the next twenty years we follow their lives as Sasagaki pursues the case - which remains unsolved - to the point of obsession. Stark, intriguing and stylish, Journey Under the Midnight Sun is an epic mystery by the bestselling Japanese author."
Fates and Furies,Lauren Groff,United States,3.57,"['Fiction', 'Contemporary', 'Literary Fiction', 'Audiobook', 'Adult Fiction', 'Adult', 'Novels', 'Book Club', 'Romance', 'Marriage']",English,m,"Every story has two sides. Every relationship has two perspectives. And sometimes, it turns out, the key to a great marriage is not its truths but its secrets. At the core of this rich, expansive, layered novel, Lauren Groff presents the story of one such marriage over the course of twenty-four years.At age twenty-two, Lotto and Mathilde are tall, glamorous, madly in love, and destined for greatness. A decade later, their marriage is still the envy of their friends, but with an electric thrill we understand that things are even more complicated and remarkable than they have seemed."
Camille,Tess Oliver,France,3.68,"['Young Adult', 'Paranormal', 'Werewolves', 'Fantasy', 'Romance', 'Historical', 'Historical Fiction', 'Paranormal Romance', 'Fiction', 'Historical Romance']",English,m,"At a time when society conforms to the strictest rules and most proper etiquette, sixteen-year-old Camille Kennecott and her guardian, Dr. Bennett, live a most unconventional life. They hunt werewolves. When unwitting victim, Nathaniel Strider, wanders into one of their full moon pursuits, Camille and Dr. Bennett believe they have found a specimen for their study. Finding a scientific key to unlocking the mystery of lycanthropy would end their late night excursions. Yet beneath the irresistible exterior, Nathaniel is transforming into a flesh-tearing monster, and as each experiment fails, Camille loses another inch of her soul to him. In a month’s time, she must face the prospect of destroying the boy who has stolen her heart."
Sad Girls,Lang Leav,Australia,3.38,"['Poetry', 'Young Adult', 'Romance', 'Fiction', 'Contemporary', 'Mental Health', 'Novels', 'Realistic Fiction', 'Drama', 'Love']",English,w,"Your first love isn’t the first person you give your heart to—it’s the first one who breaks it.School is almost out for Audrey, but the panic attacks are just beginning. Because Audrey told a lie and now her classmate, Ana, is dead. Just as her world begins to spin out of control, Audrey meets the enigmatic Rad—the boy who could turn it all around. But will their ill-timed romance drive her closer to the edge?"
Love Letters,Geraldine Solon,United States,3.58,"['Romance', 'Contemporary']",English,w,"Bridal shop manager Chloe Rogers will soon marry Richard Foster—so she thinks—until suddenly, she bumps into her childhood sweetheart, Josh Goldman, whom she hasn’t seen in thirteen years. The sparks between Chloe and Josh fly, but Richard provides safety, financial security. Should she follow her heart or her head? The answer comes in a surprise twist. While cleaning her attic, she stumbles upon love letters written to her estranged mother forty years ago from a man she loved. When Chloe secretly brings them together again and sees how much time they’ve lost, she is challenged not to make the same mistake her mother made. Will Chloe opt for security or will she risk her heart and marry her true love?"
The Prague Cemetery,Umberto Eco,Italy,3.45,"['Fiction', 'Historical Fiction', 'Mystery', 'Literature', 'Historical', 'Italian Literature', 'Novels', 'Italy', 'Unfinished', 'Contemporary']",English,m,"  19th-century Europe—from Turin to Prague to Paris—abounds with the ghastly and the mysterious. Conspiracies rule history. Jesuits plot against Freemasons. Italian republicans strangle priests with their own intestines. French criminals plan bombings by day and celebrate Black Masses at night. Every nation has its own secret service, perpetrating forgeries, plots, and massacres. From the unification of Italy to the Paris Commune to the Dreyfus Affair to The Protocols of the Elders of Zion, Europe is in tumult and everyone needs a scapegoat. But what if, behind all of these conspiracies both real and imagined, lay one lone man? What if that evil genius created its most infamous document?　 Eco takes his readers here on an unforgettable journey through the underbelly of world-shattering events. This is Eco at his most exciting, a book immediately hailed as his masterpiece. 　"
Catalyst,Laurie Halse Anderson,United States,3.61,"['Young Adult', 'Fiction', 'Realistic Fiction', 'Contemporary', 'Teen', 'High School', 'Coming Of Age', 'Death', 'Audiobook', 'Drama']",English,m,"Meet Kate Malone—straight-A science and math geek, minister's daughter, ace long-distance runner, new girlfriend (to Mitchell ""Early Decision Harvard"" Pangborn III), unwilling family caretaker, and emotional avoidance champion. Kate manages her life by organizing it as logically as the periodic table. She can handle it all—or so she thinks. Then, things change as suddenly as a string of chemical reactions; first, the Malones' neighbors get burned out of their own home and move in. Kate has to share her room with her nemesis, Teri Litch, and Teri's little brother. The days are ticking down and she's still waiting to hear from the only college she applied to: MIT. Kate feels that her life is spinning out of her control—and then, something happens that truly blows it all apart. Set in the same community as the remarkable Speak, Catalyst is a novel that will change the way you look at the world."
Andromaque,Jean Racine,France,3.75,"['Classics', 'Plays', 'France', 'Theatre', 'Drama', 'French Literature', 'Fiction', '17th Century', 'School', 'Literature']",French,m,"Fin d’une guerre où l’on crie malheur aux vaincus. Prise d’otages. Chantage sur un enfant. Complot. Manipulation. Passions trahies et noyées dans le sang. Fanatisme. Folie. Bain de sang final. Des horreurs d’aujourd’hui ? Non. C’est le résumé de la tragédie Andromaque, sur les suites de la guerre de Troie, qui lance, en 1667, la grande carrière de Racine. Ici, il est impossible à la fois d’aimer et d’être aimé, de posséder et l’amour et le pouvoir."
The Perfect Wife,J.P. Delaney,Italy,3.68,"['Thriller', 'Mystery', 'Fiction', 'Science Fiction', 'Suspense', 'Mystery Thriller', 'Psychological Thriller', 'Audiobook', 'Adult', 'Adult Fiction']",English,m,"The perfect life. The perfect love.Abbie awakens in a daze with no memory of who she is or how she landed in this unsettling condition. The man by her side claims to be her husband. He's a titan of the tech world, the founder of one of Silicon Valley's most innovative start-ups. He tells Abbie that she is a gifted artist, an avid surfer, a loving mother to their young son, and the perfect wife. He says she had a terrible accident five years ago and that, through a huge technological breakthrough, she has been brought back from the abyss.She is a miracle of science.But as Abbie pieces together memories of her marriage, she begins questioning her husband's motives--and his version of events. Can she trust him when he says he wants them to be together forever? And what really happened to Abbie half a decade ago?Beware the man who calls you . . ."
Life After Death,Damien Echols,United States,3.94,"['Nonfiction', 'True Crime', 'Memoir', 'Biography', 'Crime', 'Autobiography', 'Biography Memoir', 'Audiobook', 'Adult', 'True Story']",English,w,"In 1993 three teenagers, Damien Echols, Jason Baldwin and Jessie Miskelley Jr were arrested and charged with the murders of three eight-year-old boys in West Memphis, Arkansas. The ensuing trial was rife with inconsistencies, false testimony and superstition. Echols was accused of, among other things, practising witchcraft and satanic rituals – a result of the “satanic panic” prevalent in the media at the time. Baldwin and Miskelley were sentenced to life in prison. Echols, deemed the ringleader, was sentenced to death. He was eighteen years old.In a shocking reversal of events, all three were suddenly released in August 2011. This is Damien Echols' story in full: from abuses by prison guards and wardens, to descriptions of inmates and deplorable living conditions, to the incredible reserves of patience, spirituality, and perseverance that kept him alive and sane for nearly two decades. Echols also writes about his complicated and painful childhood. Like Dead Man Walking, Life After Death is destined to be a classic."
The Valley of Amazement,Amy Tan,United States,3.64,"['Historical Fiction', 'Fiction', 'China', 'Historical', 'Asia', 'Adult', 'Asian Literature', 'Adult Fiction', 'Audiobook', 'Novels']",English,w,"A sweeping, evocative epic of two women's intertwined fates and their search for identity, that moves from the lavish parlors of Shanghai courtesans to the fog-shrouded mountains of a remote Chinese village.Spanning more than forty years and two continents, The Valley of Amazement resurrects pivotal episodes in history: from the collapse of China's last imperial dynasty, to the rise of the Republic, the explosive growth of lucrative foreign trade and anti-foreign sentiment, to the inner workings of courtesan houses and the lives of the foreign ""Shanghailanders"" living in the International Settlement, both erased by World War II. A deeply evocative narrative about the profound connections between mothers and daughters, The Valley of Amazement returns readers to the compelling territory of Amy Tan's The Joy Luck Club. With her characteristic insight and humor, she conjures a story of inherited trauma, desire and deception, and the power and stubbornness of love."
Fifteen Dogs,André Alexis,"Trinidad and Tobago, Canada",3.79,"['Fiction', 'Canada', 'Fantasy', 'Animals', 'Philosophy', 'Dogs', 'Contemporary', 'Literary Fiction', 'Novels', 'Adult Fiction']",English,m,""" I wonder"", said Hermes, ""what it would be like if animals had human intelligence."""" I'll wager a year's servitude, answered Apollo, that animals – any animal you like – would be even more unhappy than humans are, if they were given human intelligence.""And so it begins: a bet between the gods Hermes and Apollo leads them to grant human consciousness and language to a group of dogs overnighting at a Toronto vet­erinary clinic. Suddenly capable of more complex thought, the pack is torn between those who resist the new ways of thinking, preferring the old 'dog' ways, and those who embrace the change. The gods watch from above as the dogs venture into their newly unfamiliar world, as they become divided among themselves, as each struggles with new thoughts and feelings. Wily Benjy moves from home to home, Prince becomes a poet, and Majnoun forges a relationship with a kind couple that stops even the Fates in their tracks.André Alexis's contemporary take on the apologue offers an utterly compelling and affecting look at the beauty and perils of human consciousness. By turns meditative and devastating, charming and strange, Fifteen Dogs shows you can teach an old genre new tricks."
Manhattan Beach,Jennifer Egan,United States,3.62,"['Historical Fiction', 'Fiction', 'Historical', 'Audiobook', 'New York', 'Literary Fiction', 'World War II', 'Novels', 'Adult', 'Book Club']",English,w,"Anna Kerrigan, nearly twelve years old, accompanies her father to visit Dexter Styles, a man who, she gleans, is crucial to the survival of her father and her family. She is mesmerized by the sea beyond the house and by some charged mystery between the two men.‎Years later, her father has disappeared and the country is at war. Anna works at the Brooklyn Naval Yard, where women are allowed to hold jobs that once belonged to men, now soldiers abroad. She becomes the first female diver, the most dangerous and exclusive of occupations, repairing the ships that will help America win the war. One evening at a nightclub, she meets Dexter Styles again, and begins to understand the complexity of her father’s life, the reasons he might have vanished.With the atmosphere of a noir thriller, Egan’s first historical novel follows Anna and Styles into a world populated by gangsters, sailors, divers, bankers, and union men. Manhattan Beach is a deft, dazzling, propulsive exploration of a transformative moment in the lives and identities of women and men, of America and the world."
The Fallen,Charlie Higson,United States,4.43,"['Horror', 'Zombies', 'Young Adult', 'Dystopia', 'Post Apocalyptic', 'Science Fiction', 'Fiction', 'Thriller', 'Survival', 'Apocalyptic']",English,m,"First the sickness rotted the adults' minds. Then their bodies. Now they stalk the streets, hunting human flesh.The Holloway crew are survivors. They've fought their way across London and made it to the Natural History Museum alive - just. But the fight will never end while the Enemy lives, unless there's another way. . .The kids at the museum are looking for a cure. All they need are medical supplies. To get them means a journey down unknown roads. Roads where not only crazed, hungry sickos hide in the shadows.SUDDENLY IT'S NOT SO CLEAR WHO - OR WHAT - THEY'RE FIGHTING."
A Wanted Man,Lee Child,United Kingdom,4.03,"['Thriller', 'Fiction', 'Mystery', 'Crime', 'Action', 'Suspense', 'Mystery Thriller', 'Audiobook', 'Adventure', 'Drama']",English,m,"Four people in a car, hoping to make Chicago by morning. One man driving, eyes on the road. Another man next to him, telling stories that don’t add up. A woman in the back, silent and worried. And next to her, a huge man with a broken nose, hitching a ride east to Virginia. An hour behind them, a man lies stabbed to death in an old pumping station. He was seen going in with two others, but he never came out. He has been executed, the knife work professional, the killers vanished. Within minutes, the police are notified. Within hours, the FBI descends, laying claim to the victim without ever saying who he was or why he was there. All Reacher wanted was a ride to Virginia. All he did was stick out his thumb. But he soon discovers he has hitched more than a ride. He has tied himself to a massive conspiracy that makes him a threat - to both sides at once.14 hr., 30 min"
The Last Hunt,Bruce Coville,France,4.16,"['Fantasy', 'Unicorns', 'Young Adult', 'Middle Grade', 'Fiction', 'Dragons', 'Magic', 'Adventure', 'Childrens', 'Young Adult Fantasy']",English,m,"Readers will be on the edge of their seats with this concluding episode of the riveting best-selling series by one of America's most gifted fantasy writers.In the center if Luster stands an enormous tree called the Axis Mundi, the Heart of the World. But now that tree is wounded, pierced through by magic. And through that wound marches an army of Hunters, led by the sinister and vengeful Beloved. And they are all determined to destroy each and every unicorn. As the unicorns gather to defend their lives, the human girl, Cara, is sent on a mission to meet a ferocious and mysterious dragon. Faced with perilous danger, Cara must make a desperate decision that will change her life forever.(contd.)"
Surrender,Pamela Clare,Spain,4.04,"['Historical Romance', 'Romance', 'Historical', 'Historical Fiction', 'Adult', 'Fiction', 'Scotland', 'Westerns', 'Erotica', 'Military Fiction']",English,m,"A hand-picked cadre of warriors, they had the fierce courage of their Scots forefathers, combined with the stealth and cunning of the Indians who lived beside them in the wilderness. Battling the French in a no-holds-barred combat, they forged a new brand of honor, became a new breed of men...MacKinnon's RangersIain MacKinnon had been forced to serve the British crown, but compassion urged him to save the lovely lass facing certain death at the hands of the Abenaki. He'd defied his orders, endangered his brothers, his men and his mission, all for a woman. But when he held Annie's sweet body in his arms, he could feel no regret. Though he sensed she was hiding something from him, it was too late to hold back his heart. In love and war, there are times when the only course of action is...Surrender."
Trapped,Kevin Hearne,Germany; Germany,4.27,"['Urban Fantasy', 'Fantasy', 'Fiction', 'Magic', 'Paranormal', 'Mythology', 'Audiobook', 'Vampires', 'Supernatural', 'Adventure']",English,m; m,"After twelve years of secret training, Atticus O’Sullivan is finally ready to bind his apprentice, Granuaile, to the earth and double the number of Druids in the world. But on the eve of the ritual, the world that thought he was dead abruptly discovers that he’s still alive, and they would much rather he return to the grave. Having no other choice, Atticus, his trusted Irish wolfhound, Oberon, and Granuaile travel to the base of Mount Olympus, where the Roman god Bacchus is anxious to take his sworn revenge—but he’ll have to get in line behind an ancient vampire, a band of dark elves, and an old god of mischief, who all seem to have KILL THE DRUID at the top of their to-do lists."
The Heart Goes Last,Margaret Atwood,Canada,3.37,"['Fiction', 'Dystopia', 'Science Fiction', 'Audiobook', 'Canada', 'Speculative Fiction', 'Adult', 'Adult Fiction', 'Literary Fiction', 'Contemporary']",English,w,"Margaret Atwood puts the human heart to the ultimate test in an utterly brilliant new novel that is as visionary as The Handmaid's Tale and as richly imagined as The Blind Assassin.Stan and Charmaine are a married couple trying to stay afloat in the midst of an economic and social collapse. Job loss has forced them to live in their car, leaving them vulnerable to roving gangs. They desperately need to turn their situation around - and fast. The Positron Project in the town of Consilience seems to be the answer to their prayers. No one is unemployed and everyone gets a comfortable, clean house to live in... for six months out of the year. On alternating months, residents of Consilience must leave their homes and function as inmates in the Positron prison system. Once their month of service in the prison is completed, they can return to their ""civilian"" homes. At first, this doesn't seem like too much of a sacrifice to make in order to have a roof over one's head and food to eat. But when Charmaine becomes romantically involved with the man who lives in their house during the months when she and Stan are in the prison, a series of troubling events unfolds, putting Stan's life in danger. With each passing day, Positron looks less like a prayer answered and more like a chilling prophecy fulfilled."
All We Ever Wanted,Emily Giffin,United States,3.85,"['Fiction', 'Chick Lit', 'Contemporary', 'Audiobook', 'Adult Fiction', 'Adult', 'Romance', 'Womens Fiction', 'Drama', 'Family']",English,w,"In the riveting new novel from the #1 New York Times bestselling author of First Comes Love and Something Borrowed, three very different people must choose between their family and their values.Nina Browning is living the good life after marrying into Nashville’s elite. More recently, her husband made a fortune selling his tech business, and their adored son has been accepted to Princeton. Yet sometimes the middle-class small-town girl in Nina wonders if she’s strayed from the person she once was.Tom Volpe is a single dad working multiple jobs while struggling to raise his headstrong daughter, Lyla. His road has been lonely, long, and hard, but he finally starts to relax after Lyla earns a scholarship to Windsor Academy, Nashville’s most prestigious private school.Amid so much wealth and privilege, Lyla doesn’t always fit in—and her overprotective father doesn’t help—but in most ways, she’s a typical teenage girl, happy and thriving.Then, one photograph, snapped in a drunken moment at a party, changes everything. As the image spreads like wildfire, the Windsor community is instantly polarized, buzzing with controversy and assigning blame.At the heart of the lies and scandal, Tom, Nina, and Lyla are forced together—all questioning their closest relationships, asking themselves who they really are, and searching for the courage to live a life of true meaning."
The Highwayman,R.A. Salvatore,United States,3.98,"['Fantasy', 'Fiction', 'Epic Fantasy', 'High Fantasy', 'Science Fiction Fantasy', 'Forgotten Realms', 'Adventure', 'Audiobook', 'Adult', 'Heroic Fantasy']",English,m,"Long ago, in a distant land, a lonely young man struggles to discover who he is and where he belongs. He carries the blood and magic of two people, a sword of unimaginable power, and the staggering potential for great good, or greater evil."
Natchez Burning,Greg Iles,United States,4.15,"['Fiction', 'Mystery', 'Thriller', 'Historical Fiction', 'Mystery Thriller', 'Crime', 'Suspense', 'Southern', 'Audiobook', 'Historical']",English,m,"#1 New York Times bestselling author Greg Iles returns with his most eagerly anticipated novel yet—Natchez Burning—the first installment in an epic trilogy that interweaves crimes, lies, and secrets past and present in a mesmerizing thriller featuring Southern lawyer and former prosecutor Penn CageGrowing up in the rural Southern hamlet of Natchez, Mississippi, Penn Cage learned everything he knows about honor and duty from his father, Tom Cage. But now the beloved family doctor is accused of murdering Viola Turner, the beautiful nurse with whom he worked in the early 1960s. A fighter who has always stood for justice, Penn is determined to save his father.The quest for answers sends Penn deep into the past—into the heart of a conspiracy of greed and murder involving the Double Eagles, a vicious KKK crew headed by one of the wealthiest and most powerful men in the state. Now Penn must follow a bloody trail that stretches back forty years, to one undeniable fact: no one—black or white, young or old, brave or not—is ever truly safe."
Stone Cold,David Baldacci,United States,4.12,"['Fiction', 'Thriller', 'Mystery', 'Suspense', 'Crime', 'Mystery Thriller', 'Audiobook', 'Action', 'Novels', 'Politics']",English,m,"The #1 bestselling author of The Collectors and Simple Genius returns with STONE COLD...an unforgetable novel of revenge, conspiracy, and murder that brings a band of unlikely heroes face-to-face with their greatest threat.Oliver Stone, the leader of the mysterious group that calls itself the Camel Club, is both feared and respected by those who've crossed his path. Keeping a vigilant watch over our leaders in Washington D.C., the Camel Club has won over some allies, but it has also earned formidable enemies-including those in power who will do anything to prevent Stone and his friends from uncovering the hidden, secret work of the government.Annabelle Conroy, an honorary member of the Camel Club, is also the greatest con artist of her generation. She has swindled forty million dollars from casino king Jerry Bagger, the man who murdered her mother. Now he's hot on her trail with only one goal in mind: Annabelle's death. But as Stone and the Camel Club circle the wagons to protect Annabelle, a new opponent, who makes Bagger's menace pale by comparison, suddenly arises. One by one, men from Stone's shadowy past are turning up dead. Behind this slaughter stands one man: Harry Finn. To almost all who know him, Finn is a doting father and loving husband who uses his skills behind the scenes to keep our nation safe. But the other face of Harry Finn is that of an unstoppable killer who inevitably sets his lethal bull's-eye on Oliver Stone. And with Finn, Stone may well have met his match. As Annabelle and the Camel Club fight for their lives, the twists and turns whipsaw, leading to a finale that is as explosive as it is shattering. And when buried secrets are at last violently resurrected, the members of the Camel Club left standing will be changed forever. With unrelenting pacing, stunning reversals, and two of the most compelling characters in modern fiction, STONE COLD is David Baldacci writing at his breathtaking best."
Make Me,Amanda Heath,United Kingdom,3.91,"['Romance', 'New Adult', 'High School', 'Young Adult', 'Contemporary', 'Abuse', 'Contemporary Romance', 'Young Adult Romance', 'Love', 'Drama']",,m,"“Make me, Channing. Make me fall. Push me, shove me, just make sure I get there.” I shout at him, taking a step back. His eyes clash with mine. I read the challenge there, making me take another step back.He stalks the few steps to me and grabs my arms slamming his forehead down on mine, “I’ll make you.” His lips skim against mine as he continues to speak, “And I’ll be falling right there with you.”Paisley Vaughn grew up on the wrong side of the tracks. After finding her mother dead from an overdose, Paisley and her baby sister are shipped off to live with her maternal grandparents. She always knew they were rich, she just didn’t realize how rich they were. Now she’s being forced to go to a prestigious high school. One where the tuition is more money then she’s ever seen. Thinking these rich kids are going to be snobbish and rude, she’s surprised to find the Vaughn name means she is untouchable. Well unless your name is Channing Southerland. Paisley has to navigate her new life and all the new people in it. While her mother might have lied about her grandparents, no one is lying about Channing. He’s beautiful, mean, arrogant, and turning her on. Before long a war is fought, leaving Paisley wondering if she’ll be ruined or made. Though she might just fall irrevocably in love."
Friend Request,Laura Marshall,United Kingdom,3.79,"['Thriller', 'Mystery', 'Fiction', 'Mystery Thriller', 'Suspense', 'Crime', 'Contemporary', 'Psychological Thriller', 'Adult', 'Audiobook']",English,w,"
  Maria Weston wants to be friends. But Maria Weston is dead. Isn't she?
1989. When Louise first notices the new girl who has mysteriously transferred late into their senior year, Maria seems to be everything the girls Louise hangs out with aren't. Authentic. Funny. Brash. Within just a few days, Maria and Louise are on their way to becoming fast friends.2016. Louise receives a heart-stopping email: Maria Weston wants to be friends on Facebook. Long-buried memories quickly rise to the surface: those first days of their budding friendship; cruel decisions made and dark secrets kept; the night that would change all their lives forever.Louise has always known that if the truth ever came out, she could stand to lose everything. Her job. Her son. Her freedom. Maria's sudden reappearance threatens it all, and forces Louise to reconnect with everyone she'd severed ties with to escape the past. But as she tries to piece together exactly what happened that night, Louise discovers there's more to the story than she ever knew. To keep her secret, Louise must first uncover the whole truth, before what's known to Maria - or whoever's pretending to be her - is known to all."
Now You See Her,"James Patterson , Michael Ledwidge",Canada,4.01,"['Mystery', 'Fiction', 'Thriller', 'Suspense', 'Mystery Thriller', 'Crime', 'Audiobook', 'Adult', 'Adult Fiction', 'Romance']",English,w,"The perfect lifeA successful lawyer and loving mother, Nina Bloom would do anything to protect the life she's built in New York--including lying to everyone, even her daughter, about her past. But when an innocent man is framed for murder, she knows that she can't let him pay for the real killer's crimes. The perfect lieNina's secret life began 18 years ago. She had looks to die for, a handsome police-officer husband, and a carefree life in Key West. When she learned she was pregnant with their first child, her happiness was almost overwhelming. But Nina's world is shattered when she unearths a terrible secret that causes her to run for her life and change her identity.The perfect way to dieNow, years later, Nina risks everything she's earned to return to Florida and confront the murderous evil she fled. In a story of wrenching suspense, James Patterson gives us his most head-spinning, action-filled story yet--a Hitchcock-like blend of unquenchable drama and pleasure."
A Map of Days,Ransom Riggs,United States,4.14,"['Fantasy', 'Young Adult', 'Fiction', 'Paranormal', 'Audiobook', 'Adventure', 'Historical Fiction', 'Mystery', 'Time Travel', 'Young Adult Fantasy']",English,m,"The #1 bestselling series returns with a thrilling new story arc set in America!Vintage photographs reveal the never-before-seen world of peculiar America with a stunning addition—full-color images.Having defeated the monstrous threat that nearly destroyed the peculiar world, Jacob Portman is back where his story began, in Florida. Except now Miss Peregrine, Emma, and their peculiar friends are with him, and doing their best to blend in. But carefree days of beach visits and normalling lessons are soon interrupted by a discovery—a subterranean bunker that belonged to Jacob’s grandfather, Abe.Clues to Abe’s double-life as a peculiar operative start to emerge, secrets long hidden in plain sight. And Jacob begins to learn about the dangerous legacy he has inherited—truths that were part of him long before he walked into Miss Peregrine’s time loop.Now, the stakes are higher than ever as Jacob and his friends are thrust into the untamed landscape of American peculiardom—a world with few ymbrynes, or rules—that none of them understand. New wonders, and dangers, await in this brilliant next chapter for Miss Peregrine’s peculiar children. Their story is again illustrated throughout by haunting vintage photographs, but with a striking addition for this all-new, multi-era American adventure—full color."
News of a Kidnapping,Gabriel García Márquez,Colombia,3.86,"['Nonfiction', 'History', 'Spanish Literature', 'Crime', 'Journalism', 'Latin American', 'Literature', 'True Crime', 'Politics', 'Nobel Prize']",English,m,"THIS ASTONISHING BOOK by the Nobel laureate Gabriel Garcí­a Márquez chronicles the 1990 kidnappings of ten Colombian man and women--all journalists but one--by the Medellín drug boss Pablo Escobar. The carefully orchestrated abductions were Escobar's attempt to extort from the government its assurance that he, and other narcotics traffickers, would not be extradited to the United States if they were to surrender.From the highest corridors of government to the domain of the ruthless drug cartels, we watch the unfolding of a bizarre drama replete with fascinating characters Cesar Gaviria, the nation's cool and secretive president; Diana Turbay, a famous television journalist and magazine editor; three indomitable women who are imprisoned for miserable months in a small room with a light perpetually on; an eighty-two-year-old priest with a mission to bring the regime and the cartel to the negotiating table; and Escobar himself, the legendary drug baron who changes his bodyguards daily and maintains a private zoo with giraffes and hippos from Africa.All of this takes place in a country where presidential candidates and cabinet officers are routinely assassinated; where police go into the Medellín slums to murder boys they think may be working for Escobar; but where brave and honest citizens are trying desperately to make democracy survive.An international best-seller, News of a Kidnapping combines journalistic tenacity with the breathtaking language and perception that distinguish the writings of Gabriel Garcí­a Márquez. It draws us unto into a world that, like some phantasmagorical setting in a great Garcí­a Márquez novel, we can scarcely believe exists--but that continually shocks us with its cold, hard reality."
Be Careful What You Wish For,Jeffrey Archer,United Kingdom,4.09,"['Fiction', 'Historical Fiction', 'Mystery', 'Audiobook', 'Historical', 'Drama', 'Thriller', 'Suspense', 'British Literature', 'Adult Fiction']",English,m,"
  Bestselling author Jeffrey Archer's Be Careful What You Wish For opens with Harry Clifton and his wife Emma rushing to hospital to learn the fate of their son Sebastian, who has been involved in a fatal car accident. But who died, Sebastian or his best friend Bruno?
When Ross Buchanan is forced to resign as chairman of the Barrington Shipping Company, Emma Clifton wants to replace him. But Don Pedro Martinez intends to install his puppet, the egregious Major Alex Fisher, in order to destroy the Barrington family firm just as the company plans to build its new luxury liner, the MV Buckingham.Back in London, Harry and Emma's adopted daughter wins a scholarship to the Slade Academy of Art where she falls in love with a fellow student, Clive Bingham, who asks her to marry him. Both families are delighted until Priscilla Bingham, Jessica's future mother-in-law, has a visit from an old friend, Lady Virginia Fenwick, who drops her particular brand of poison into the wedding chalice.Then, without warning, Cedric Hardcastle, a bluff Yorkshireman who no one has come across before, takes his place on the board of Barringtons. This causes an upheaval that none of them could have anticipated, and will change the lives of every member of the Clifton and Barrington families. Hardcastle's first decision is who to support to become the next chairman of the board: Emma Clifton or Major Alex Fisher? And with that decision, the story takes yet another twist that will keep you on the edge of your seat.Be Careful What You Wish For showcases the master storyteller's talent as never before – when the Clifton and Barrington families march forward into the sixties, in this epic tale of love, revenge, ambition and betrayal."
Freewill,Elyse Draper,Norway,3.92,"['Fantasy', 'Young Adult', 'Paranormal', 'Romance', 'Paranormal Romance']",English,w,"Freewill is a Young Adult slipstream novel that embodies both science fiction and dark fantasy, with strong paranormal romantic overtones. Within its pages a world comes to life, where mythology is real and evident in humanity's interaction with the ethereal Others. Ellie, once a human but now an Other (an empathic creature surviving in a fugue state, inside the otherworldly veil for over sixty years,) has been finding the strength to exist through her compulsion to be a muse; that is, until she meets Christopher. Christopher, a present day young man with the special talent to foresee the truth of the intangible Others, quickly becomes Ellie's heart's desire. Ellie and Christopher inevitably find themselves developing an unusual relationship, where touching one another can only happen in Christopher’s dreams. Unbeknownst to them, ever since Ellie's birth in 1922, destiny's hand, guided by mythical forces and fairytale lineage, has been pushing them into each other's embrace, while also potentially into the arms of evil Others called the Timoro, and into the sights of dangerous feuding organizations-- the Symboulio: the council of the ancient and divine, and the Symbio: the new world council of acceptance.In this first book of the trilogy, the readers start to understand that Ellie’s transformation into an Other as an empath is exceptionally rare; only happening one additional time, over 2,000 years ago. Finally awakened by Christopher’s presence, if she does not build a connection to lessen the burden of feeling the world’s emotions she will cease to exist. Delving into a mixture of historical events, mythical manifestations, and folklore, the setting provides glimpses into familiar images that lull the reader into believing they know what may happen next … but that doesn't account for Free Will."
Revealed,Tamera Alexander,United Kingdom,4.26,"['Christian Fiction', 'Historical Fiction', 'Romance', 'Christian', 'Fiction', 'Christian Romance', 'Historical', 'Historical Romance', 'Christian Historical Fiction', 'Westerns']",English,w,"Words, once spoken, can mend a broken life…or cripple it. But words left unspoken can haunt the soul, inflicting a far deeper wound.Annabelle Grayson has been given a second chance at life, but she can't claim it with the cloud of her past hanging over her in Willow Springs. After her husband dies, she advertises for a trail guide to accompany her to land waiting for her in Idaho—and a most unlikely candidate applies for the job.Matthew Taylor is a man on the run, with consequences of past mistakes pursuing him at every turn. Meeting Annabelle Grayson the first time was unpleasant enough, but when she crosses his path again, her presence in his life—and what she reveals—is devastating. If given a single wish, Matthew would turn back time and right a grievous wrong. If given a second wish, he would make Annabelle Grayson pay."
The Prey,Andrew Fukuda,Australia,4.05,"['Young Adult', 'Vampires', 'Dystopia', 'Fantasy', 'Paranormal', 'Horror', 'Science Fiction', 'Fiction', 'Teen', 'Romance']",English,m,"For Gene and the remaining humans—or hepers—death is just a heartbeat away. On the run and hunted by society, they must find a way to survive in The Vast... and avoid the hungry predators tracking them in the dark. But they’re not the only things following Gene. He’s haunted by the girl he left behind and his burgeoning feelings for Sissy, the human girl at his side.When they discover a refuge of exiled humans living high in the mountains, Gene and his friends think they’re finally safe. Led by a group of intensely secretive elders, the civilisation begins to raise more questions than answers. A strict code of behaviour is the rule, harsh punishments are meted out, young men are nowhere to be found—and Gene begins to wonder if the world they’ve entered is just as evil as the one they left behind. As life at the refuge grows more perilous, he and Sissy only grow closer. In an increasingly violent world, all they have is each other... if they can only stay alive."
Us,"Sarina Bowen , Elle Kennedy , Teddy Hamilton",United Kingdom,4.36,"['M M Romance', 'Romance', 'Sports', 'Contemporary', 'New Adult', 'LGBT', 'Sports Romance', 'Hockey', 'Contemporary Romance', 'Fiction']",English,m,"Can your favorite hockey players finish their first season together undefeated?Five months in, NHL forward Ryan Wesley is having a record-breaking rookie season. He’s living his dream of playing pro hockey and coming home every night to the man he loves—Jamie Canning, his longtime best friend turned boyfriend. There’s just one problem: the most important relationship of his life is one he needs to keep hidden, or else face a media storm that will eclipse his success on the ice.Jamie loves Wes. He really, truly does. But hiding sucks. It’s not the life Jamie envisioned for himself, and the strain of keeping their secret is taking its toll. It doesn’t help that his new job isn’t going as smoothly as he’d hoped, but he knows he can power through it as long as he has Wes. At least apartment 10B is their retreat, where they can always be themselves.Or can they? When Wes’s nosiest teammate moves in upstairs, the threads of their carefully woven lie begin to unravel. With the outside world determined to take its best shot at them, can Wes and Jamie develop major-league relationship skills on the fly?Warning: contains sexual situations, a vibrating chair, long-distance sexytimes and proof that hockey players look hot in any shade of green."
The Water Dancer,Ta-Nehisi Coates,United States,4.07,"['Fiction', 'Historical Fiction', 'Fantasy', 'Magical Realism', 'Historical', 'Audiobook', 'African American', 'Race', 'Adult', 'Adult Fiction']",English,m,"Young Hiram Walker was born into bondage. When his mother was sold away, Hiram was robbed of all memory of her — but was gifted with a mysterious power. Years later, when Hiram almost drowns in a river, that same power saves his life. This brush with death births an urgency in Hiram and a daring scheme: to escape from the only home he’s ever known.So begins an unexpected journey that takes Hiram from the corrupt grandeur of Virginia’s proud plantations to desperate guerrilla cells in the wilderness, from the coffin of the deep South to dangerously utopic movements in the North. Even as he’s enlisted in the underground war between slavers and the enslaved, Hiram’s resolve to rescue the family he left behind endures."
The Mothers,Brit Bennett,Spain; Spain; Spain,3.86,"['Fiction', 'Contemporary', 'Literary Fiction', 'Audiobook', 'Adult', 'Adult Fiction', 'African American', 'Novels', 'Coming Of Age', 'Family']",English,m; m; m,"Set within a contemporary black community in Southern California, Brit Bennett's mesmerizing first novel is an emotionally perceptive story about community, love, and ambition. It begins with a secret.""All good secrets have a taste before you tell them, and if we'd taken a moment to swish this one around our mouths, we might have noticed the sourness of an unripe secret, plucked too soon, stolen and passed around before its season.""It is the last season of high school life for Nadia Turner, a rebellious, grief-stricken, seventeen-year-old beauty. Mourning her own mother's recent suicide, she takes up with the local pastor's son. Luke Sheppard is twenty-one, a former football star whose injury has reduced him to waiting tables at a diner. They are young; it's not serious. But the pregnancy that results from this teen romance—and the subsequent cover-up—will have an impact that goes far beyond their youth. As Nadia hides her secret from everyone, including Aubrey, her God-fearing best friend, the years move quickly. Soon, Nadia, Luke, and Aubrey are full-fledged adults and still living in debt to the choices they made that one seaside summer, caught in a love triangle they must carefully maneuver, and dogged by the constant, nagging question: What if they had chosen differently? The possibilities of the road not taken are a relentless haunt.In entrancing, lyrical prose, The Mothers asks whether a ""what if"" can be more powerful than an experience itself. If, as time passes, we must always live in servitude to the decisions of our younger selves, to the communities that have parented us, and to the decisions we make that shape our lives forever."
The Hunt,Andrew Fukuda,France,3.72,"['Young Adult', 'Vampires', 'Dystopia', 'Fantasy', 'Paranormal', 'Horror', 'Science Fiction', 'Romance', 'Fiction', 'Supernatural']",English,m,"Don’t sweat. Don’t laugh. Don’t draw attention to yourself. And most of all, whatever you do, do not fall in love with one of them.Gene is different from everyone else around him. He can’t run with lightning speed, sunlight doesn’t hurt him, and he doesn’t have an unquenchable lust for blood. Gene is a human, and he knows the rules. Keep the truth a secret. It’s the only way to stay alive in a world of night - a world where humans are considered a delicacy and hunted for their blood.When he’s chosen for a once-in-a-lifetime opportunity to hunt the last remaining humans, Gene’s carefully constructed life begins to crumble around him. He’s thrust into the path of a girl who makes him feel things he never thought possible - and into a ruthless pack of hunters whose suspicions about his true nature are growing. Now that Gene has finally found something worth fighting for, his need to survive is stronger than ever - but is it worth the cost of his humanity?"
Night Broken,Patricia Briggs,United States,4.42,"['Urban Fantasy', 'Fantasy', 'Paranormal', 'Romance', 'Werewolves', 'Vampires', 'Paranormal Romance', 'Shapeshifters', 'Magic', 'Fae']",English,w,"An unexpected phone call heralds a new challenge for Mercy. Her mate Adam’s ex-wife is in trouble, on the run from a stalker. Adam isn’t the kind of man to turn away a person in need—and Mercy knows it. But with Christy holed up in Adam’s house, Mercy can’t shake the feeling that something about the situation isn’t right.Soon her suspicions are confirmed when she learns that Christy has the furthest thing from good intentions. She wants Adam back, and she’s willing to do whatever it takes to get him, including turning Adam’s pack against Mercy.Mercy isn’t about to step down without a fight, but there’s a more dangerous threat circling. Christy’s stalker is more than a bad man—in fact, he may not be human at all. As the bodies start piling up, Mercy must put her personal troubles aside to face a creature with the power to tear her whole world apart."
Promise,Kristie Cook,Denmark,3.96,"['Paranormal', 'Romance', 'Fantasy', 'Young Adult', 'Paranormal Romance', 'Angels', 'New Adult', 'Urban Fantasy', 'Demons', 'Supernatural']",English,m,"New Adult Paranormal Romance ** Mature Content ** 
  Recommended for ages 16+ due to sexual situations and language
First installment of award-winning author Kristie Cook's bestselling Soul Savers series.Alexis Ames has a life full of promise... but not all promises can be kept.When Alexis Ames is attacked by creatures that can't be real, she decides it's time she learns who she really is, with or without the help of her mother, who guards their family's secrets closely. After meeting the inhumanly attractive, multi-talented Tristan Knight, however, Alexis retreats behind her façade of normalcy...until she discovers he's not exactly normal either. Then their secrets begin to unravel.Their union brings hope and promise to her family's secret society, the Angels' army, and to the future of mankind. But it also incites a dangerous pursuit by the enemy - Satan's minions and Tristan's creators. After all, Alexis and Tristan are a match made in Heaven and in Hell.1st Place - 2010 Royal Palm Literary Award - Fantasy (Published) by Florida Writers Association"
Now,Morris Gleitzman,Italy,4.07,"['Historical Fiction', 'Young Adult', 'Holocaust', 'Fiction', 'Historical', 'Middle Grade', 'War', 'World War II', 'Childrens', 'Australia']",English,w,"Now is the third shocking, funny and heartbreaking book in Morris Gleitzman's Second World War series.Sometimes facing the past is the bravest act of all...ONCE I didn't know about my grandfather Felix's scary childhood.THENI found out what the Nazis did to his best friend Zelda.NOWI understand why Felix does the things he does.At least he's got me. My name is Zelda too. This is our story.Now is the third in a series of children's novels about Felix, a Jewish orphan caught in the middle of the Holocaust, from Australian author Morris Gleitzman - author of Bumface and Two Weeks with the Queen. The other books in the series, Once, Then and After are also available from Puffin."
Sabotage,Joe Craig,Spain,4.09,"['Young Adult', 'Espionage', 'Science Fiction', 'Fantasy', 'Action', 'Mystery', 'Adventure']",English,m,"Jimmy Coates seems like an ordinary boy, but he's not. He's genetically engineered to grow into the perfect government assassin. Speed, strength and deadly instinct - it's all in his blood. He has to fight not to kill... while his government fights to kill him.Shot down, stranded and assumed dead, Jimmy faces his greatest struggle yet. But this time it's not just about survival..."
Let's Explore Diabetes with Owls,David Sedaris,United States,3.83,"['Humor', 'Nonfiction', 'Essays', 'Memoir', 'Audiobook', 'Short Stories', 'Comedy', 'Biography', 'Biography Memoir', 'Adult']",English,m,"A guy walks into a bar car and...From here the story could take many turns. When this guy is David Sedaris, the possibilities are endless, but the result is always the same: he will both delight you with twists of humor and intelligence and leave you deeply moved. Sedaris remembers his father's dinnertime attire (shirtsleeves and underpants), his first colonoscopy (remarkably pleasant), and the time he considered buying the skeleton of a murdered Pygmy. With Let's Explore Diabetes with Owls, David Sedaris shows once again why his work has been called ""hilarious, elegant, and surprisingly moving"" (Washington Post)."
The Secret Place,Tana French,United States,3.85,"['Mystery', 'Fiction', 'Crime', 'Mystery Thriller', 'Thriller', 'Ireland', 'Audiobook', 'Adult', 'Suspense', 'Irish Literature']",English,w,"An alternate cover edition for this ISBN can be found here.A year ago a boy was found murdered at a girlsʼ boarding school, and the case was never solved. Detective Stephen Moran has been waiting for his chance to join Dublin’s Murder Squad when sixteen-year-old Holly Mackey arrives in his office with a photo of the boy with the caption: “I KNOW WHO KILLED HIM.” Stephen joins with Detective Antoinette Conway to reopen the case—beneath the watchful eye of Holly’s father, fellow detective Frank Mackey. With the clues leading back to Holly’s close-knit group of friends, to their rival clique, and to the tangle of relationships that bound them all to the murdered boy, the private underworld of teenage girls turns out to be more mysterious and more dangerous than the detectives imagined."
Sweet Tooth,Ian McEwan,United Kingdom,3.42,"['Fiction', 'Historical Fiction', 'Mystery', 'Literary Fiction', 'British Literature', 'Espionage', 'Romance', 'Contemporary', 'Historical', 'Novels']",English,m,"In this stunning new novel, Ian McEwan's first female protagonist since Atonement is about to learn that espionage is the ultimate seduction. Cambridge student Serena Frome's beauty and intelligence make her the ideal recruit for MI5. The year is 1972. The Cold War is far from over. England's legendary intelligence agency is determined to manipulate the cultural conversation by funding writers whose politics align with those of the government. The operation is code named ""Sweet Tooth.""  Serena, a compulsive reader of novels, is the perfect candidate to infiltrate the literary circle of a promising young writer named Tom Haley. At first, she loves his stories. Then she begins to love the man. How long can she conceal her undercover life? To answer that question, Serena must abandon the first rule of espionage: trust no one.  Once again, Ian McEwan's mastery dazzles us in this superbly deft and witty story of betrayal and intrigue, love and the invented self."
The Last Dance,Melody Carlson,United Kingdom,4.05,"['Christian Fiction', 'Christian', 'Young Adult', 'Fiction', 'Romance', 'Teen', 'Chick Lit', 'Contemporary']",English,w,"With graduation looming, the Carter House girls are struggling with college visits, prom dress warfare, and boyfriend situations that are going from bad to worse. Mrs. Carter ups the stress level by planning a typical over-the-top Mother’s Day fashion show, and things get tense when the designer favors certain models. Through it all, surprises are in store for each girl as their time at Carter House comes to an end. As final good-byes approach, some friendships will deepen while others crumble. Will the girls resolve old differences or part ways as enemies?"
Last Words,George Carlin,United States,4.0,"['Biography', 'Nonfiction', 'Humor', 'Comedy', 'Autobiography', 'Memoir', 'Comedian', 'Biography Memoir', 'Audiobook', 'Philosophy']",English,w,"As one of America’s preeminent comedic voices, George Carlin saw it all throughout his extraordinary fifty-year career and made fun of most of it. Last Words is the story of the man behind some of the most seminal comedy of the last half century, blending his signature acerbic humor with never-before-told stories from his own life. Carlin’s early conflicts, his long struggle with substance abuse, his turbulent relationships with his family, and his triumphs over catastrophic setbacks all fueled the unique comedic worldview he brought to the stage. From the heights of stardom to the low points few knew about, Last Words is told with the same razor-sharp honesty that made Carlin one of the best-loved comedians in American history."
The Legacy,Gemma Malley,Poland,3.81,"['Dystopia', 'Young Adult', 'Science Fiction', 'Fiction', 'Fantasy', 'Romance', 'Teen', 'Adventure', 'Futuristic', 'Post Apocalyptic']",English,w,"When a Pincent Pharma lorry is ambushed by underground activists, its contents come as a huge surprise - not drugs, but decomposing corpses. It appears Longevity isn't working and the drugs promising eternal youth are failing. A virus is sweeping the country, killing in its wake, and Longevity is powerless to fight it."
Personal,Lee Child,United Kingdom,3.95,"['Thriller', 'Fiction', 'Mystery', 'Crime', 'Action', 'Mystery Thriller', 'Suspense', 'Audiobook', 'Adventure', 'Military Fiction']",English,m,"You can leave the army, but the army doesn’t leave you. Not always. Not completely, notes Jack Reacher—and sure enough, the retired military cop is soon pulled back into service. This time, for the State Department and the CIA.Someone has taken a shot at the president of France in the City of Light. The bullet was American. The distance between the gunman and the target was exceptional. How many snipers can shoot from three-quarters of a mile with total confidence? Very few, but John Kott—an American marksman gone bad—is one of them. And after fifteen years in prison, he’s out, unaccounted for, and likely drawing a bead on a G8 summit packed with enough world leaders to tempt any assassin.If anyone can stop Kott, it’s the man who beat him before: Reacher. And though he’d rather work alone, Reacher is teamed with Casey Nice, a rookie analyst who keeps her cool with Zoloft. But they’re facing a rough road, full of ruthless mobsters, Serbian thugs, close calls, double-crosses—and no backup if they’re caught. All the while Reacher can’t stop thinking about the woman he once failed to save. But he won’t let that happen again. Not this time. Not Nice.Reacher never gets too close. But now a killer is making it personal."
The Art of Thinking Clearly,Rolf Dobelli,Switzerland,3.86,"['Nonfiction', 'Psychology', 'Self Help', 'Philosophy', 'Business', 'Personal Development', 'Science', 'Audiobook', 'Productivity', 'Leadership']",English,m,"In engaging prose and with practical examples and anecdotes, an eye-opening look at human reasoning and essential reading for anyone with important decisions to make.Have you ever:• Invested time in something that, with hindsight, just wasn't worth it?• Overpayed in an Ebay auction?• Continued doing something you knew was bad for you?• Sold stocks too late, or too early?• Taken credit for success, but blamed failure on external circumstances?• Backed the wrong horse?These are examples of cognitive biases, simple errors we all make in our day-to-day thinking. But by knowing what they are and how to spot them, we can avoid them and make better choices-whether dealing with a personal problem or a business negotiation; trying to save money or make money; working out what we do or don't want in life: and how best to get it.Simple, clear and always surprising, this indispensable book will change the way you think and transform your decision-making-work, at home, every day. It reveals, in 99 short chapters, the most common errors of judgment, and how to avoid them."
Command Authority,"Tom Clancy, Mark Greaney",United States; United States,4.11,"['Fiction', 'Thriller', 'Espionage', 'Military Fiction', 'Action', 'Adventure', 'Mystery Thriller', 'Audiobook', 'Spy Thriller', 'Mystery']",English,m; m,"The #1 New York Times-bestselling author and master of the modern day thriller returns with his All-Star team.

There’s a new strong man in Russia but his rise to power is based on a dark secret hidden decades in the past. The solution to that mystery lies with a most unexpected source, President Jack Ryan."
Sea Prayer,Khaled Hosseini,"United States, Afghanistan",4.05,"['Poetry', 'Fiction', 'Short Stories', 'Historical Fiction', 'Picture Books', 'Graphic Novels', 'War', 'Contemporary', 'Adult', 'Childrens']",English,m,"A short, powerful, illustrated book written by Khaled Hosseini in response to the current refugee crisis, Sea Prayer is composed in the form of a letter, from a father to his son, on the eve of their journey. Watching over his sleeping son, the father reflects on the dangerous sea-crossing that lies before them. It is also a vivid portrait of their life in Homs, Syria, before the war, and of that city's swift transformation from a home into a deadly war zone.  Impelled to write this story by the haunting image of young Alan Kurdi, the three-year-old Syrian boy whose body washed upon the beach in Turkey in September 2015, Hosseini hopes to pay tribute to the millions of families, like Kurdi's, who have been splintered and forced from home by war and persecution, and he will donate author proceeds from this book to the UNHCR (the UN Refugee Agency) and The Khaled Hosseini Foundation to help fund lifesaving relief efforts to help refugees around the globe. Hosseini is also a Goodwill Envoy to the UNHCR, and the founder of The Khaled Hosseini Foundation, a nonprofit that provides humanitarian assistance to the people of Afghanistan."
Judas,Amos Oz,Israel,3.86,"['Fiction', 'Historical Fiction', 'Israel', 'Jewish', 'Religion', 'Novels', 'Literature', 'Literary Fiction', 'Historical', '21st Century']",Spanish,m,"«Amos Oz narra en Judas las grandes preguntas y conflictos de la historia y de la religión en Oriente Próximo».Judas, el regreso de Amos Oz a la novela, género que no había frecuentado desde Una historia de amor y oscuridad, plantea una audaz y novedosa interpretación de la figura de Judas Iscariote en el contexto de una angustiosa y delicada historia de amor.    En el invierno de 1959, el mundo del joven Shmuel Ash se viene abajo: su novia lo abandona, sus padres se arruinan y él se ve obligado a dejar sus estudios en la universidad. En ese momento desesperado, encuentra refugio y trabajo en una vieja casa de piedra de Jerusalén, donde deberá hacer compañía y conversar con un anciano inválido y sarcástico. A su llegada, una atractiva mujer llamada Atalia advertirá a Shmuel de que no se enamore de ella; ese ha sido el motivo de la expulsión de sus predecesores. En la aparente rutina que se crea en la casa, el tímido Shmuel siente una progresiva agitación causada, en parte, por el deseo y la curiosidad que Atalia le provoca. También retoma su investigación sobre la imagen de Jesús para los judíos, y la misteriosa y maldita figura de Judas Iscariote, la supuesta encarnación de la traición y la mezquindad, va absorbiéndole sin remedio."
Beauty,Sheri S. Tepper,United Kingdom,3.83,"['Fantasy', 'Science Fiction', 'Fiction', 'Fairy Tales', 'Science Fiction Fantasy', 'Time Travel', 'Retellings', 'Feminism', 'Dystopia', 'Speculative Fiction']",English,w,"With the publication of The Gate to Women's Country, Sheri S. Tepper came to be recognized as a major science fiction writer. Now the author of Raising the Stones and Grass -- a New York Times Notable Book and Hugo Award finalist -- turns to Beauty, a fantasy with a story that is more, much more than fable.Drawing on the wellspring of much-loved, well-remembered fairy tales, Tepper delivers a thought-provoking and finely crafted novel that thoroughly involves the reader in the life of one of the most captivating heroines in modern fantasy -- Beauty. On her sixteenth birthday Beauty is seemingly able to sidestep her aunt's curse. Instead she is transported to the future. Here begin her adventures as she travels magically back and forth in time to visit places both imaginary and real. Finally she comes to understand what has been her special gift to humanity all along.For in Beauty, there is beauty. And in beauty, magic. Without our enchanted places, humanity is no more than an upstart ape. And this, we realize, is why Beauty must be saved, both in the fantastical world of Tepper's novel and in the actual world in which we live"
Avenger,Frederick Forsyth,Denmark; Sweden,4.01,"['Fiction', 'Thriller', 'Suspense', 'Espionage', 'Crime', 'Mystery', 'Mystery Thriller', 'Action', 'Adventure', 'Audiobook']",English,m; m,"Attorney Calvin Dexter hangs his shingle in a quiet New Jersey town, has a reasonably successful practice, and takes the hills strong while triathalon training. But Dexter is no ordinary man.The summer before he goes to college, Ricky Colenso travels to Bosnia to volunteer as an aid worker. A few weeks later, he disappears and is never heard from again. A family grieves and is offered little hope--in the fog of that horrible time and place, the killer, too, has vanished.Or so it would seem. For in a world that has forgotten right and wrong, there are few like Cal Dexter who can settle the score. And so, years later, a worldwide chase is on and Dexter begins to draw a net around the killer. But this time CIA agent Paul Devereux must find a way to stop Dexter before his quest for vengeance throws the world into chaos.A heart-stopping novel of murder and mystery, double-cross and triple-cross, old loyalties and new hatreds, Avenger has all of Frederick Forsyth's page-turning trademarks."
Under Fire,Henri Barbusse,United States,3.84,"['Fiction', 'War', 'World War I', 'Historical Fiction', 'France', 'Classics', 'French Literature', '20th Century', 'Novels', 'Literature']",English,m,"Based on his own experience of the Great War, Henri Barbusse's novel is a powerful account of one of the greatest horrors mankind has ever inflicted on itself. For the group of ordinary men in the French Sixth Battalion, thrown together from all over France and longing for home, war is simply a matter of survival, lightened only by the arrival of their rations or a glimpse of a pretty girl or a brief reprieve in the hospital. Reminiscent of classics like Hemingway's A Farewell to Arms and Remarque's All Quiet on the Western Front, Under Fire (originally published in French as La Feu) vividly evokes life in the trenches: the mud, stench, and monotony of waiting while constantly fearing for one's life in an infernal and seemingly eternal battlefield.For more than seventy years, Penguin has been the leading publisher of classic literature in the English-speaking world. With more than 1,700 titles, Penguin Classics represents a global bookshelf of the best works throughout history and across genres and disciplines. Readers trust the series to provide authoritative texts enhanced by introductions and notes by distinguished scholars and contemporary authors, as well as up-to-date translations by award-winning translators."
Stories,T. Coraghessan Boyle,France,4.21,"['Short Stories', 'Fiction', 'Literature', 'Literary Fiction', 'American', 'Contemporary', 'Short Story Collection', 'Collections', 'Humor', 'Classics']",,m,"T. C. Boyle is one of the most inventive and wickedly funny short story writers at work today. Over the course of twenty-five years, Boyle has built up a body of short fiction that is remarkable in its range, richness, and exuberance. His stories have won accolades for their irony and black humor, for their verbal pyrotechnics, for their fascination with everything bizarre and queasy, and for the razor-sharp way in which they dissect America's obsession with image and materialism. Gathered together here are all of the stories that have appeared in his four previous collections, as well as seven that have never before appeared in book form. Together they comprise a book of small treasures, a definitive gift for Boyle fans and for every reader ready to discover the ""ferocious, delicious imagination"" (Los Angeles Times Book Review) of a ""vibrant sensibility fully engaged with American society"" (The New York Times)."
Never Go Back,Lee Child,United States,4.05,"['Thriller', 'Fiction', 'Mystery', 'Crime', 'Action', 'Suspense', 'Mystery Thriller', 'Audiobook', 'Adventure', 'Military Fiction']",English,m,"After an epic and interrupted journey all the way from the snows of South Dakota, Jack Reacher has finally made it to Virginia. His destination: a sturdy stone building a short bus ride from Washington D.C., the headquarters of his old unit, the 110th MP. It was the closest thing to a home he ever had.Why? He wants to meet the new commanding officer, Major Susan Turner. He liked her voice on the phone. But the officer sitting behind Reacher’s old desk isn't a woman. Why is Susan Turner not there?What Reacher doesn’t expect is what comes next. He himself is in big trouble, accused of a sixteen-year-old homicide. And he certainly doesn't expect to hear these words: ‘You’re back in the army, Major. And your ass is mine.’Will he be sorry he went back? Or – will someone else?"
Every Breath You Take,Judith McNaught,United States; United States,3.89,"['Contemporary Romance', 'Contemporary', 'Fiction', 'Romance', 'Romantic Suspense', 'Mystery', 'Suspense', 'Chick Lit', 'Adult', 'Historical Romance']",English,w; w,"Unforgettable characters, sizzling romance, and riveting suspense: These are the trademarks of beloved author Judith McNaught. With millions of devoted fans and ten New York Times bestsellers to date, McNaught is a writer whose work just gets better with each new novel-and Every Breath You Take is the book readers have been waiting for. Returning to the lavish Chicago setting of her popular novel Paradise, and revisiting some of that book's characters as well, this story will captivate in inimitable Judith McNaught style.High atop a snow-covered hill, the stately old Wyatt mansion is perched like a crown, its stone spires pointing upward, its stained glass windows glowing like colorful jewels. Such opulence means success and, surely, happiness. But on the eve of wealthy philanthropist Cecil Wyatt's eightieth birthday, all the money in the world won't bring back his missing grandson, William Wyatt. The only thing for certain: Foul play was involved.The family, the police, the media-all have tried in vain to discover the young man's fate. Now suspicion has turned shockingly toward William's own half-brother, the rather distant and enigmatic Mitchell Wyatt.Kate Donovan never dreamed that a chance romantic encounter on a tropical island paradise would tag her as a suspect in a high-society murder case. But after Kate tangles with the darkly charismatic Mitchell Wyatt, she finds herself cast in a shadow of guilt and mistrust. As the Chicago police tighten their net, it will take all of Kate's ingenuity to clear her name. With her calm, cool wit, and the help of a man who may or may not be a dangerous catch, Kate vows to claim the life and love she desires."
Longbourn,Jo Baker,United Kingdom,3.63,"['Historical Fiction', 'Fiction', 'Historical', 'Romance', 'Adult', 'Audiobook', 'British Literature', 'Adult Fiction', 'Retellings', 'Regency']",English,w,"• Pride and Prejudice was only half the story • If Elizabeth Bennet had the washing of her own petticoats, Sarah often thought, she’d most likely be a sight more careful with them.  In this irresistibly imagined belowstairs answer to Pride and Prejudice, the servants take center stage. Sarah, the orphaned housemaid, spends her days scrubbing the laundry, polishing the floors, and emptying the chamber pots for the Bennet household. But there is just as much romance, heartbreak, and intrigue downstairs at Longbourn as there is upstairs. When a mysterious new footman arrives, the orderly realm of the servants’ hall threatens to be completely, perhaps irrevocably, upended.  Jo Baker dares to take us beyond the drawing rooms of Jane Austen’s classic—into the often overlooked domain of the stern housekeeper and the starry-eyed kitchen maid, into the gritty daily particulars faced by the lower classes in Regency England during the Napoleonic Wars—and, in doing so, creates a vivid, fascinating, fully realized world that is wholly her own. "
The President's Daughter,Ellen Emerson White,United States; United States,3.98,"['Young Adult', 'Fiction', 'Contemporary', 'Teen', 'Politics', 'Realistic Fiction', 'Childrens', 'High School', 'Family', 'Young Adult Contemporary']",English,m; m,"Sixteen-year-old Meghan Powers likes her life just the way it is. She likes living in Massachusetts. She likes her school. And she has plenty of friends. But all that is about to change. Because Meg's mother, one of the most prestigious senators in the country, is running for President. And she's going to win."
The Red Necklace,Sally Gardner,France,3.79,"['Historical Fiction', 'Young Adult', 'Fantasy', 'Historical', 'Romance', 'Fiction', 'Audiobook', 'French Revolution', 'Adventure', 'France']",English,m,"The winds of change are blowing through Paris in the winter of 1789, both for France and for our hero, a striking and mysterious Gypsy boy named Yann Margoza. He was born with a gift for knowing what people are thinking and an uncanny ability to throw his voice, and he has been using those skills while working for a rather foolish magician. That work will soon end, however, and on the night of the magician's final performance, Yann's life will truly begin. That's the night he meets shy Sido, an heiress with a cold-hearted father, a young girl who has only known loneliness until now. Though they have the shortest of conversations, an attachment is born that will influence both their paths. And what paths those will be! While Revolution is afoot in France, Sido is being used as the pawn of a fearful villain who goes by the name Count Kalliovski. Some have instead called him the devil, and only Yann, for Sido's sake, will dare to oppose him."
Soumission,Michel Houellebecq,France,3.65,"['Fiction', 'France', 'Politics', 'Novels', 'Contemporary', 'French Literature', 'Literature', 'Religion', 'Dystopia', 'Islam']",French,m,"Dans une France assez proche de la nôtre, un homme s’engage dans la carrière universitaire. Peu motivé par l’enseignement, il s’attend à une vie ennuyeuse mais calme, protégée des grands drames historiques. Cependant les forces en jeu dans le pays ont fissuré le système politique jusqu’à provoquer son effondrement. Cette implosion sans soubresauts, sans vraie révolution, se développe comme un mauvais rêve.Le talent de l’auteur, sa force visionnaire nous entraînent sur un terrain ambigu et glissant ; son regard sur notre civilisation vieillissante fait coexister dans ce roman les intuitions poétiques, les effets comiques, une mélancolie fataliste.Ce livre est une saisissante fable politique et morale."
The Love Letter,Cathleen Schine,United Kingdom,3.22,"['Fiction', 'Romance', 'Chick Lit', 'Books About Books', 'Adult', 'Novels', 'Americana', 'Contemporary', 'Book Club', 'American']",English,w,"Independent, irresistible Helen MacFarquhar is the owner of a bookstore in an idyllic seaside town in New England. A happily divorced mother who enjoys a playful relationship with her customers, Helen's life is turned upside down when an anonymous letter arrives, penned by an unknown lover."
Amy Snow,Tracy Rees,United Kingdom,4.0,"['Historical Fiction', 'Fiction', 'Historical', 'Mystery', 'Romance', 'Audiobook', 'British Literature', 'Adult', '19th Century', 'Historical Romance']",English,w,"Left to perish on a bank of snow as a baby, Amy has never known love, never known family.Reluctantly given shelter at nearby Hatville Court, she is despised by the masters and servants alike.The beautiful Hatville heiress, Aurelia Vennaway, is Amy's only advocate - she becomes the light of Amy's life, and the centre of her existence.So when Aurelia dies young, Amy's world collapses. But Aurelia leaves Amy with one last gift.A bundle of letters with a coded key. A treasure hunt that only Amy can unlock.A life-changing secret awaits... if only she can reach it."
The Other Woman,Jane Green,South Africa,3.71,"['Chick Lit', 'Fiction', 'Romance', 'Contemporary', 'Adult', 'Audiobook', 'Adult Fiction', 'Relationships', 'Womens Fiction', 'Contemporary Romance']",English,w,"Newly engaged, Ellie is thrilled to be accepted into the loving Cooper clan—which seems like the perfect family she never had—until she begins to realize that Dan’s mom, Linda, is a little too involved. Dan and Linda talk on the phone every day. Twice a day. As Dan and Ellie’s intimate civil wedding ceremony gets transformed into a black-tie affair, Ellie begins to wonder if it’s possible to marry the man without marrying his mother. As troubles mount, Ellie turns to her friends—glamorous Lisa, who always looks like she’s just stepped off a runway, and wonderfully frazzled Trish—and tries to rediscover the independence she once had, and the man she still loves. But it seems that having a child and saving a marriage means growing up in ways she’d never imagined . . .A warm, witty, and wise look at mothers-in-law and what they teach us about ourselves, The Other Woman is sure to please Jane Green’s growing legion of fans."
In the Blood,Adrian Phoenix,United States,4.02,"['Urban Fantasy', 'Vampires', 'Paranormal', 'Paranormal Romance', 'Fantasy', 'Angels', 'Romance', 'Adult', 'Fiction', 'Magic']",English,m,"In the bestselling tradition of Laurell K. Hamilton and Patricia Briggs, this thrilling follow-up to the critically acclaimed fantasy debut ""A Rush of Wings"" is a satisfying and pulse-pounding read, guaranteed to please fans of dark fantasy.DANTE LIVES Vampire. Rock star. Begotten son of the fallen angel Lucien. Dante Baptiste still struggles with nightmares and seizures, searching for the truth about his past. It is a quest as seductive as his kiss, as uncontrollable as his thirst, and as unforgiving as his determination to protect one mortal woman at any cost.  KNOWLEDGE KILLS FBI Special Agent Heather Wallace now knows the extent of the Bureau corruption that surrounds her, but worries that she is losing the battle. And when Dante and his band Inferno come to Seattle on tour, Heather can’t help but be drawn back to the beautiful, dangerous nightkind. But what Heather and Dante don’t know is that new enemies lurk in the shadows, closer than they think . . . and even deadlier than they fear."
Stalingrad,"Theodor Plievier, Hans-Harald Müller",Ukraine,3.92,"['Historical Fiction', 'War', 'Fiction', 'World War II', 'Russia', 'Military Fiction', 'Germany', 'German Literature']",,m,A fictional account of the the destruction of the entire German Sixth Army in the decisive battle of the European War. Translated from German by Richard and Clara Winston.
Damaged,H.M. Ward,United States,3.92,"['Romance', 'New Adult', 'Contemporary', 'Contemporary Romance', 'College', 'Abuse', 'Adult', 'Erotica', 'Fiction', 'Young Adult']",English,w,"Life sucks. And, as soon as Sidney picks up the pieces something always knocks her back onto her butt. It's never pretty, but this time is different. This time pretty isn't even the right word.Peter is the personification of perfection. It's like he fell off his angel perch in purgatory, because let's face it--any guy that hot has got to be naughty. He was probably sent here to ruin her life.Peter is beyond beautiful with his sexy blue eyes, dark hair, and toned body. Add in his charming wit and Peter is everything Sidney ever wanted in a man, but when things get hot and heavy Peter shows her the door. Sidney takes the walk of shame and leaves. It's the end of the worst blind date ever. Her life couldn't possibly reach higher levels of suckage, but it does.The next morning everything comes crashing down. The insanely hot guy from last night, the one that saw her half naked, is teaching at the front of the class room."
Thirteen,Lauren Myracle,United Kingdom,4.07,"['Realistic Fiction', 'Middle Grade', 'Childrens', 'Romance', 'Young Adult', 'Contemporary', 'Chick Lit', 'Fiction', 'Coming Of Age', 'Humor']",English,m,"Winnie Perry is a teenager at last! And it s a really big deal. A ginormous deal, which, wouldn t you know it, brings ginormous problems along with it. Winnie s bff #1 is growing up too slowly, while her bff #2 is growing up too fast, leaving Winnie stuck in the middle. Winnie s boyfriend, Lars, is fabulous except when he s not. And as for Winnie s family, well, BIG changes are in the air. Bestselling author Lauren Myracle concludes her enormously popular trilogy about a winning young heroine whose humor, daring, and compassion for others is infectious and unforgettable. """
Exposed,Alex Kava,United States,4.07,"['Mystery', 'Thriller', 'Crime', 'Fiction', 'Suspense', 'Mystery Thriller', 'American', 'Detective', 'Audiobook', 'Murder Mystery']",English,w,"Agent Maggie O'Dell and Assistant Director Cunningham believe they're responding to a threat made at Quantico. Instead they walk into a trap. Before they realize it, they've both been exposed to a killer who can strike at anyone, at any time, and no one can predict who might be next…until it's too late. The killer's tactics suggest he's an aficionado of criminal minds. He uses bits and pieces from those he admires: a phrase from the Beltway Snipers, a clue from the Unabomber, a delivery method similar to the Anthrax Killer. His weapon is a deadly virus, virtually invisible and totally unexpected. His victims appear to be random but, in fact, they are chosen with a revengeful precision. The vaccine is limited and untested.Maggie knows dangerous minds�from hauntingly perverse child predators to cunningly twisted serial killers. Now she faces a new opponent from inside an isolation ward at a biosafety containment hospital. Maggie must help Agent R. J. Tully find clues to catch the killer�while waiting to see if the deadly strain is already multiplying in her body. With every new exposure there's the potential for an epidemic. And Maggie knows she and Cunningham may not live long enough to discover who is the deadliest, most intelligent killer they've ever profiled."
Hidden Riches,Nora Roberts,United States,4.01,"['Romance', 'Romantic Suspense', 'Contemporary Romance', 'Contemporary', 'Fiction', 'Suspense', 'Mystery', 'Chick Lit', 'Crime', 'Audiobook']",English,w,"#1 New York Times bestselling author Nora Roberts unveils the intriguing world of antiques dealing, where an independent woman discovers the price of breathless desire-and the schemes of an obsessed killer...Dora Conroy has a passion for antiques—and any other rarities she can acquire for her quaint Philadelphia shop. A seasoned dealer, she knows all the tricks of the trade. But she is unprepared for the deadly consequences when she purchases a few curiosities at an auction—and unknowingly brings home a priceless cache that makes her the target of an international criminal. Entwined in a reckless chase, Dora turns to her new neighbor, Jed Skimmerhorn, a cop who’s turned in his badge—and whose desire for lovely Dora puts him back in the line of fire. Fighting their attraction while falling in love, they find that hidden riches can have a most ordinary façade. And that possession can be a lethal obsession…"
Enigma,Robert Harris,United States,3.87,"['Historical Fiction', 'Fiction', 'Thriller', 'Historical', 'Mystery', 'War', 'Espionage', 'World War II', 'Crime', 'Mystery Thriller']",English,w,"""Radnja ovoga romana odvija se na pozadini stvarnog povijesnog događaja"" - rečenica je iz piščeve napomene kojom se otvara ovaj roman, a čija istinitost odmah intrigira. Čitatelj biva uvučen u vrijeme Drugog svjetskog rata, u Bletchley Park, britansku tajnu bazu za presretanje njemačkih šifri. Iako izmišljeni, likovi su slojeviti, živopisni, a priča napeta i neizvjesna. Tom Jericko, razbijač šifri, odgonetava promjenu njemačke šifre za tajne operacije u Europi, a istovremeno rješava nestanak bivše djevojke koja je možda špijun!"
Elevation,Stephen King,United States,3.67,"['Fiction', 'Horror', 'Fantasy', 'Short Stories', 'Audiobook', 'Mystery', 'Adult', 'Novella', 'Science Fiction', 'Thriller']",English,m,"Although Scott Carey doesn’t look any different, he’s been steadily losing weight. There are a couple of other odd things, too. He weighs the same in his clothes and out of them, no matter how heavy they are. Scott doesn’t want to be poked and prodded. He mostly just wants someone else to know, and he trusts Doctor Bob Ellis.In the small town of Castle Rock, the setting of many of King’s most iconic stories, Scott is engaged in a low grade—but escalating—battle with the lesbians next door whose dog regularly drops his business on Scott’s lawn. One of the women is friendly; the other, cold as ice. Both are trying to launch a new restaurant, but the people of Castle Rock want no part of a gay married couple, and the place is in trouble. When Scott finally understands the prejudices they face–including his own—he tries to help. Unlikely alliances, the annual foot race, and the mystery of Scott’s affliction bring out the best in people who have indulged the worst in themselves and others."
The Girl Who Saved the King of Sweden,Jonas Jonasson,Sweden,3.77,"['Fiction', 'Humor', 'Contemporary', 'Historical Fiction', 'Sweden', 'Audiobook', 'Comedy', 'Swedish Literature', 'Novels', 'Africa']",English,m,"Just because the world ignores you, doesn’t mean you can’t save it . . .Nombeko Mayeki was never meant to be a hero. Born in a Soweto shack, she seemed destined for a short, hard life. But now she is on the run from the world ‘s most ruthless secret service, with three Chinese sisters, twins who are officially one person and an elderly potato farmer. Oh, and the fate of the King of Sweden - and the world - rests on her shoulders.As uproariously funny as Jonas Jonasson’s bestselling debut, this is an entrancing tale of luck, love and international relations."
Nine Lives,William Dalrymple,United States,4.04,"['India', 'Nonfiction', 'Travel', 'Religion', 'History', 'Spirituality', 'Biography', 'Asia', 'Indian Literature', 'Short Stories']",English,w,"From the author of The Last Mughal and In Xanadu, comes a mesmerizing book that explores how traditional religions are observed in today’s India, revealing ways of life that we might otherwise never have known.A middle-class woman from Calcutta finds unexpected fulfillment living as a Tantric in an isolated, skull-filled cremation ground . . . A prison warder from Kerala is worshipped as an incarnate deity for two months of every year . . . A Jain nun tests her powers of detachment watching her closest friend ritually starve herself to death . . . The twenty-third in a centuries-old line of idol makers struggles to reconcile with his son’s wish to study computer engineering . . . An illiterate goatherd keeps alive in his memory an ancient 200,000-stanza sacred epic . . . A temple prostitute, who resisted her own initiation into sex work, pushes her daughters into the trade she nonetheless regards as a sacred calling.William Dalrymple tells these stories, among others, with expansive insight and a spellbinding evocation of remarkable circumstance, giving us a dazzling travelogue of both place and spirit"
Theft,Peter Carey,Sweden,3.44,"['Fiction', 'Australia', 'Art', 'Literary Fiction', 'Novels', 'Literature', 'Contemporary', 'Romance', 'Audiobook', 'Unfinished']",English,w,"Once again displaying Peter Carey's flair for language, 'Theft' is a love poem of a very different kind. Ranging from the rural wilds of Australia to Manhattan via Tokyo, it explores themes of art, fraud, responsibility and redemption."
The Wedding Dress,Rachel Hauck,United States,3.86,"['Romance', 'Christian Fiction', 'Fiction', 'Historical Fiction', 'Christian', 'Chick Lit', 'Contemporary', 'Audiobook', 'Historical', 'Contemporary Romance']",English,w,"Four brides. One Dress.A tale of faith, redemption, and timeless love.Charlotte owns a chic Birmingham bridal boutique. Dressing brides for their big day is her gift . . . and her passion. But with her own wedding day approaching, why can't she find the perfect dress...or feel certain she should marry Tim?Then Charlotte discovers a vintage dress in a battered trunk at an estate sale. It looks brand-new-shimmering with pearls and satin, hand-stitched and timeless in its design. But where did it come from? Who wore it? Who welded the lock shut and tucked the dog tags in that little sachet? Who left it in the basement for a ten-year-old girl? And what about the mysterious man in the purple vest who insists the dress had been ""redeemed.""Charlotte's search for the gown's history-and its new bride-begins as a distraction from her sputtering love life. But it takes on a life of its own as she comes to know the women who have worn the dress. Emily from 1912. Mary Grace from 1939. Hillary from 1968. Each with her own story of promise, pain, and destiny. And each with something unique to share. For woven within the threads of the beautiful hundred-year-old gown is the truth about Charlotte's heritage, the power of courage and faith, and the timeless beauty of finding true love."
Angelic,L.P. Swalheim,France,3.93,"['Angels', 'Paranormal', 'Paranormal Romance', 'Young Adult', 'Fantasy', 'Romance', 'Vampires', 'Urban Fantasy', 'Teen', 'Werewolves']",English,m,"When sixteen-year-old Ariel Sullivan is asked to show a new student around school, she is unaware that she will be brought face-to- face with her destiny. From the moment she meets Liam Engel, Ariel falls into an intensely passionate relationship with him.On the surface Liam seems perfect with his crystal blue eyes, tousled blonde hair and heavenly features. However, the more her relationship progresses with Liam, the more Ariel knows he is keeping something from her. But what Ariel doesn’t know is that the closer she gets to discovering what Liam is hiding, the closer she comes to uncovering a deeply seeded secret that’s been kept for thousands of years… a secret that will put her in the middle of a deadly battle between heaven and hell… a secret that will change her life forever…Riveting and powerfully seductive, Angelic is filled with suspense and passion that will leave readers captivated till the very end."
White Fire,"Douglas Preston , Lincoln Child",United States; United States,4.07,"['Mystery', 'Thriller', 'Fiction', 'Suspense', 'Crime', 'Mystery Thriller', 'Horror', 'Adventure', 'Audiobook', 'Action']",English,m; m,"Special Agent Pendergast arrives at an exclusive Colorado ski resort to rescue his protégée, Corrie Swanson, from serious trouble with the law. His sudden appearance coincides with the first attack of a murderous arsonist who--with brutal precision--begins burning down multimillion-dollar mansions with the families locked inside. After springing Corrie from jail, Pendergast learns she made a discovery while examining the bones of several miners who were killed 150 years earlier by a rogue grizzly bear. Her finding is so astonishing that it, even more than the arsonist, threatens the resort's very existence.Drawn deeper into the investigation, Pendergast uncovers a mysterious connection between the dead miners and a fabled, long-lost Sherlock Holmes story--one that might just offer the key to the modern day killings as well.Now, with the ski resort snowed in and under savage attack--and Corrie's life suddenly in grave danger--Pendergast must solve the enigma of the past before the town of the present goes up in flames."
Chaos,C.M. Fenn,United States,4.15,"['Fantasy', 'Young Adult']",English,w,"The Shades in Chaos have one goal: get to Earth Realm and wreak havoc. For a select group of people called Realmwalkers, sleep is the gateway to another realm known as Chaos. When 17-year-old Addy is called to Chaos, she yearns to conquer her crippling fears and prove her mettle by fighting alongside her fellow Realmwalkers. While she hopes to impress their handsome leader, Sam, she’s also keenly driven by the urge to protect the ones she loves on Earth.The Realmwalkers are baffled, however, when they encounter a powerful and seemingly invincible Shade with strange motives and a dark obsession with Addy. As they work to unravel the mystery to defeating this new threat, Addy finds herself at odds with the Walkers. Gut instinct says to put her faith in Mikhail, the black sheep of the group, but she fears losing the respect and friendship of the others.Addy is willing to die to keep Earth safe, but the Walkers are her new family, and she’s on the verge of falling in love. With Addy coming into her own, death shouldn't be on the horizon. But when the doors of hell are ripped open, there are no guarantees."
The Silver Star,Jeannette Walls,United States,3.71,"['Fiction', 'Historical Fiction', 'Coming Of Age', 'Adult Fiction', 'Young Adult', 'Adult', 'Contemporary', 'Audiobook', 'Book Club', 'Family']",English,w,"It is 1970 in a small town in California. “Bean” Holladay is twelve and her sister, Liz, is fifteen when their artistic mother, Charlotte, takes off to find herself, leaving her girls enough money to last a month or two. When Bean returns from school one day and sees a police car outside the house, she and Liz decide to take the bus to Virginia, where their widowed Uncle Tinsley lives in the decaying mansion that’s been in Charlotte’s family for generations. An impetuous optimist, Bean soon discovers who her father was, and hears stories about why their mother left Virginia in the first place. Money is tight, and the sisters start babysitting and doing office work for Jerry Maddox, foreman of the mill in town, who bullies his workers, his tenants, his children, and his wife. Liz is whip-smart--an inventor of word games, reader of Edgar Allan Poe, nonconformist, but when school starts in the fall, it’s Bean who easily adjusts, and Liz who becomes increasingly withdrawn. And then something happens to Liz in the car with Maddox.Jeannette Walls has written a deeply moving novel about triumph over adversity and about people who find a way to love each other and the world, despite its flaws and injustices."
Sparks,Laura Bickle,Italy,3.8,"['Urban Fantasy', 'Paranormal', 'Fantasy', 'Ghosts', 'Romance', 'Magic', 'Supernatural', 'Mystery', 'Contemporary', 'Fiction']",English,m,"WITHOUT A TRACEAnya Kalinczyk is the rarest type of psychic medium, a Lantern, who holds down a day job as an arson investigator with the Detroit Fire Department—while working 24/7 to exterminate malicious spirits haunting a city plagued by unemployment and despair. Along with her inseparable salamander familiar, Sparky, Anya has seen, and even survived, all manner of fiery hell—but her newest case sparks suspicions of a bizarre phenomenon that no one but her eccentric team of ghost hunters might believe: spontaneous human combustion.After fire consumes the home of elderly Jasper Bernard, Anya is stunned to discover his remains—or, more precisely, a lack of them; even the fiercest fires leave some trace of their victims—and she is sure this was no naturally occurring blaze. Soon she’s unearthed a connection to a celebrity psychic who preys on Detroit’s poor, promising miracles for money. But Hope Solomon wants more—she’s collecting spirits, and in a frantic race against time, Anya will face down an evil adversary who threatens her fragile relationship with her lover, her beloved Sparky’s freshly hatched newts, and the wandering souls of the entire city"
The Suspect,Andrew C. Nye,Belgium,4.43,[],English,m,"The poems in this volume were found in a manila envelope packed in an unaddressed 13"" x 11"" x 3"" USPS medium flat-rate box covered in a 99% cotton burgundy and gold tablecloth at the bottom of an antique steamer trunk inside the basement residence of a bookseller. Authorities came across the documents while searching the bookseller's apartment after neighbors had reported him missing. The bookseller was last seen walking with an orange tabby on a street in the rainy part of Seattle. When questioned about the matter, all known aquaintances had no idea that the bookseller had ever owned a steamer trunk."
Jasy,Florencia Bonelli,Argentina,3.6,"['Romance', 'Historical Fiction', 'Historical Romance']",Spanish,w,"Un amor que nace con la vidaFebrero de 1736. El padre Ursus, superior de la misión jesuítica de San Ignacio Miní, navega por el río Paraná junto a su protegido, un niño de cinco años, Aitor Ñeenguirú.Ordena a los bogadores que detengan la balsa al escuchar unos gritos desgarradores provenientes de la orilla. Descubre que se trata de una joven mujer de origen europeo, que acaba de dar a luz a una niña. La muchacha muere, pero la niña está con vida, por lo que se apresuran a llevarla a la misión, donde la bautizan como Emanuela.Así comienza esta potente e intensa historia de amor y de aventuras entre Aitor, séptimo hijo varón de la familia Ñeenguirú, el maldecido del pueblo, señalado y discriminado como el lobisón y Emanuela, la bendita de San Ignacio Miní, a quien llaman ""la niña santa"" por sus poderes para curar a la gente y a los animales.En el marco de la colonización y la evangelización del sur de América, con un compacto abanico de personajes secundarios bien perfilados y con una apretada trama que nos lleva a recorrer la vida y las costumbres en las misiones jesuíticas, Florencia Bonelli, la reina de la novela histórico-romántica, nos entrega su nueva y apasionante historia que, una vez más, provocará el entusiasmo y la celebración de sus miles y miles de lectores."
Wolf in White Van,John Darnielle,United States,3.71,"['Fiction', 'Contemporary', 'Science Fiction', 'Novels', 'Literary Fiction', 'Audiobook', 'Adult', 'Adult Fiction', 'Literature', 'Young Adult']",English,m,"Welcome to Trace Italian, a game of strategy and survival! You may now make your first move. Isolated by a disfiguring injury since the age of 17, Sean Phillips crafts imaginary worlds for strangers to play in. From his small apartment in Southern California, he orchestrates fantastic adventures where possibilities, both dark and bright, open in the boundaries between the real and the imagined. As the creator of Trace Italian - a text-based, roleplaying game played through the mail - Sean guides players from around the world through his intricately imagined terrain, which they navigate and explore, turn by turn, seeking sanctuary in a ravaged, savage future America. Lance and Carrie are high school students from Florida, explorers of the Trace. But when they take their play into the real world, disaster strikes, and Sean is called to account for it. In the process, he is pulled back through time, tunneling toward the moment of his own self-inflicted departure from the world in which most people live.Brilliantly constructed, Wolf in White Van unfolds in reverse until we arrive at both the beginning and the climax: the event that has shaped so much of Sean’s life. Beautifully written and unexpectedly moving, John Darnielle’s audacious and gripping debut novel is a marvel of storytelling brio and genuine literary delicacy."
Heretics,G.K. Chesterton,Cuba,4.18,"['Philosophy', 'Theology', 'Religion', 'Nonfiction', 'Christian', 'Christianity', 'Classics', 'Catholic', 'Faith', 'Essays']",English,m,"G. K. Chesterton, the ""Prince of Paradox,"" is at his witty best in this collection of twenty essays and articles from the turn of the twentieth century. Focusing on ""heretics"" — those who pride themselves on their superiority to Christian views — Chesterton appraises prominent figures who fall into that category from the literary and art worlds. Luminaries such as Rudyard Kipling, George Bernard Shaw, H. G. Wells, and James McNeill Whistler come under the author's scrutiny, where they meet with equal measures of his characteristic wisdom and good humor.In addition to incisive assessments of well-known individuals (""Mr. Rudyard Kipling and Making the World Small"" and ""Mr. H. G. Wells and the Giants""), these essays contain observations on the wider world. ""On Sandals and Simplicity,"" ""Science and the Savages,"" ""On Certain Modern Writers and the Institution of the Family,"" ""On Smart Novelists and the Smart Set,"" and ""Slum Novelists and the Slums"" reflect the main themes of Chesterton's life's work. Heretics roused the ire of some critics for censuring contemporary philosophies without providing alternatives; the author responded a few years later with a companion volume, Orthodoxy. Sardonic, jolly, and generous, both books are vintage Chesterton.He is criticizing those who hold incomplete and inadequate views about ""life, the universe, and everything."" He is, in short, criticizing all that host of non-Christian views of reality, as he demonstrated in his follow-up book Orthodoxy. The book is both an easy read and a difficult read. But he manages to demonstrate, among other things, that our new 21st century heresies are really not new because he himself deals with most of them."
The Red Horse,Eugenio Corti,Italy,4.23,"['Fiction', 'Historical Fiction', 'World War II', 'War', 'Literature', '20th Century', 'Italy']",English,m,"Eugenio Corti A literary phenomenon in Italy, The Red Horse a European bast-seller, was voted the best Italian novel of the decade in a public survey. Its success had gone far beyond Italy, as the book has been translated into Spanish, French, Japanese and three other languages. This epic historical novel about World War II and after, written from the author's own personal experiences as an Italian Freedom Fighter, is a profoundly moving account of the war, those who fought in it on both sides, and the effects the war had on families in the author's hometown in Italy. On a wider scale, it is a faithful witness to the actual events of the war - including the role of historical personages who appear, the Russian campaign, the Nazi barbarism, the Communist gulag, the North Italian resistance, and political life in the two decades following the war. This world, filled with powerful personalities, drama and clashing armies, bathes in the light of the truth. What makes this truly historical novel, with its epic scope, a masterpiece is the underlying spiritual dimensions of the protagonist, his family and friends, which illuminates the ongoing tragedy of the war and its aftermath. In the end, it is a story of faith and hope in a world reduced to barbarism and cruelty. Born in 1921 in Lombardy, Eugenio Corti joined the Italian Freedom Fighters. From his experiences of the tragic retreat from Russia, Corti wrote a fascinating chronicle, Most Did Not Return, and a book about the Italian Freedom Fighters, The Last Soldiers of the King."
Summit Lake,Charlie Donlea,United States,3.95,"['Mystery', 'Thriller', 'Suspense', 'Fiction', 'Mystery Thriller', 'Crime', 'Audiobook', 'Adult', 'Murder Mystery', 'Adult Fiction']",English,m,"Some places seem too beautiful to be touched by horror. Summit Lake, nestled in North Carolina s Blue Ridge Mountains, is that kind of place. But two weeks ago, Becca Eckersley, a first-year law student and daughter of a powerful attorney, was brutally murdered there. Now the town is reeling with grief, and the police are baffled. At first, investigative reporter Kelsey Castle thinks of the assignment as a fluff piece. But the savagery of the crime, and the efforts to keep it quiet, hint at something far more sinister than a random attack by a stranger. As Kelsey digs deeper, despite danger and warnings, she feels a growing connection to the dead girl. And the more she learns about Becca's friendships, her love life and her secrets the more convinced she becomes that walking in Becca's footsteps could lead her out of her own dark past."
Right Behind You,Gail Giles,United States,4.01,"['Young Adult', 'Realistic Fiction', 'Fiction', 'Contemporary', 'Mystery', 'Teen', 'Suspense', 'Romance', 'Crime', 'High School']",English,w,"When he was nine, Kip set another child on fire. Now, after years in a juvenile ward, he is ready for a fresh start. But the ghosts of his past soon demand justice, and he must reveal his painful secret. How can Kip tell anyone that he really is--or was--a murderer?"
Thus Bad Begins,Javier Marías,Spain,3.97,"['Fiction', 'Spain', 'Spanish Literature', 'Novels', 'Literature', 'Contemporary', 'Literary Fiction', '21st Century', 'Marriage', 'Roman']",English,m,"From the internationally acclaimed author of The Infatuations comes the mesmerizing story of a couple living in the shadow of a mysterious, unhappy history–a novel about the cruel, tender punishments we exact on those we love.Madrid, 1980. Juan de Vere, nearly finished with his university degree, takes a job as personal assistant to Eduardo Muriel, an eccentric, once-successful film director. Urbane, discreet, irreproachable, Muriel is an irresistible idol to the young man. But Muriel’s voluptuous wife, Beatriz, inhabits their home like an unwanted ghost; and on the periphery of their lives is Dr. Jorge Van Vechten, a family friend implicated in unsavory rumors that Muriel now asks Juan to investigate. As Juan draws closer to the truth, he uncovers only more questions. What is at the root of Muriel’s hostility toward his wife? How did Beatriz meet Van Vechten? What happened during the war? Marías leads us deep into the intrigues of these characters, through a daring exploration of rancor, suspicion, loyalty, trust, and the infinitely permeable boundaries between the deceptions perpetrated on us by others and those we inflict upon ourselves."
Puzzle,Franck Thilliez,France,4.06,"['Thriller', 'Mystery', 'France', 'Fiction', 'Suspense', 'Mystery Thriller', 'Horror', 'Crime', 'Novels', 'Detective']",French,m,"Ilan et Chloé, deux jeunes gens spécialistes des chasses au trésor ont rêvé des années durant de participer à la partie ultime, d’un jeu mystérieux dont on ne connaît pas les règles, dont on ne connaît pas l’entrée, et dont on ne sait même pas s’il existe. Mais dont on connaît le nom : Paranoïa.Lorsqu’un an après leur rupture Chloé réapparaît dans la vie d’Illan en lui annonçant qu’elle sait comment jouer, ce dernier a totalement rompu avec l’univers des jeux, et vit isolé dans la maison de ses parents disparus en mer. Officiellement morts, mais Ilan est persuadé qu’ils ont été enlevés à cause de leurs recherches scientifiques. Après avoir refusé l’aventure, Illan cède alors que Chloé lui fait part de la rumeur : le gagnant remporterait 300 000 euros.Après un premier jeu de pistes dans Paris, les deux amis sont enfin sélectionnés. C’est alors qu’ils découvrent la règle numéro 1 : « Quoiqu’il arrive, rien de ce que vous allez vivre n’est la réalité. Il s’agit d’un jeu. », rapidement suivie, à leur arrivée sur les lieux du jeu - un gigantesque bâtiment isolé en pleine montagne appelé Complexe psychiatrique de Swanessong – de la règle numéro 2 : « L’un d’entre vous va mourir. »Quand les joueurs découvrent le premier cadavre, quand Illan retrouve dans le jeu des informations liées à la disparition de ses parents, la distinction entre le jeu et la réalité est de plus en plus difficile à faire…Et Paranoia peut alors réellement commencer…"
The Female Persuasion,Meg Wolitzer,United States,3.59,"['Fiction', 'Feminism', 'Contemporary', 'Audiobook', 'Literary Fiction', 'Adult Fiction', 'Adult', 'Womens', 'Novels', 'Book Club']",,w,"To be admired by someone we admire—we all yearn for this: the private, electrifying pleasure of being singled out by someone of esteem. But sometimes it can also mean entry to a new kind of life, a bigger world. Greer Kadetsky is a shy college freshman when she meets the woman she hopes will change her life. Faith Frank, dazzlingly persuasive and elegant at sixty-three, has been a central pillar of the women’s movement for decades, a figure who inspires others to influence the world. Upon hearing Faith speak for the first time, Greer—madly in love with her boyfriend, Cory, but still full of longing for an ambition that she can’t quite place—feels her inner world light up. And then, astonishingly, Faith invites Greer to make something out of that sense of purpose, leading Greer down the most exciting path of her life as it winds toward and away from her meant-to-be love story with Cory and the future she’d always imagined. Charming and wise, knowing and witty, Meg Wolitzer delivers a novel about power and influence, ego and loyalty, womanhood and ambition. At its heart, The Female Persuasion is about the flame we all believe is flickering inside of us, waiting to be seen and fanned by the right person at the right time. It’s a story about the people who guide and the people who follow (and how those roles evolve over time), and the desire within all of us to be pulled into the light."
Boy Swallows Universe,Trent Dalton,Australia,4.4,"['Fiction', 'Contemporary', 'Australia', 'Book Club', 'Crime', 'Coming Of Age', 'Literary Fiction', 'Historical Fiction', 'Audiobook', 'Adult Fiction']",English,m,"A novel of love, crime, magic, fate and coming of age, set in Brisbane's violent working class suburban fringe - from one of Australia's most exciting new writers.Brisbane, 1983: A lost father, a mute brother, a mum in jail, a heroin dealer for a stepfather and a notorious crime for a babysitter. It's not as if Eli's life isn't complicated enough already. He's just trying to follow his heart, learning what it takes to be a good man, but life just keeps throwing obstacles in the way - not least of which is Tytus Broz, legendary Brisbane drug dealer.But if Eli's life is about to get a whole lot more serious. He's about to fall in love. And, oh yeah, he has to break into Boggo Road Gaol on Christmas Day, to save his mum.A story of brotherhood, true love and the most unlikely of friendships, Boy Swallows Universe will be the most heartbreaking, joyous and exhilarating novel you will read all year."
Flame,"Viola Grace , Gabriella Bradley",Poland,3.8,"['Erotica', 'Science Fiction', 'Science Fiction Romance', 'Romance']",English,w,"Flame has become what she wanted to be, successful as an erotica writer. But now what she has chosen to become will be twisted by what she has been in a previous life, when the men who shaped her past merge with her present. Set in a fairytale Germanic castle, Flame's life and loves are going to take sudden twists and turns that leave her gasping. Should she choose the life she knows, or the past and the men she has forgotten?"
All That Glitters,V.C. Andrews,United States,3.9,"['Fiction', 'Young Adult', 'Horror', 'Romance', 'Gothic', 'Chick Lit', 'Drama', 'Adult Fiction', 'Mystery', 'Thriller']",English,w,"Driven from the Dumas Mansion back to her beloved bayou, Ruby's only hope is that fate will let her begin anew...  Living again in a humble shack, Ruby is determined to make a secure and happy home for her precious infant daughter, Pearl. Paul Tate -- her first love, whom she was forced to abandon -- is at her side once more, now a man of dazzling wealth. When he whisks her into his grand house, it seems their future is assured. As mistress of Cypress Woods, Ruby can forget even the shocking reason she and Paul must wed in a secret ceremony and remain husband and wife in name alone.  But the thick, expensive walls of Cypress Woods cannot shut out the terrible memories that have woven their fabric over her destiny, or the cold eyes of Paul's mother, Gladys, reminding Ruby of the secret she must keep to give Pearl a loving father. Then her venomous twin sister, Gisselle, arrives to taunt her with news of Beau Andreas, the true father Pearl has never met, and the only man Ruby will ever long for with all her body and soul, Desperate to find the complete, fulfilling life she craves, Ruby builds a precarious new existence, a flimsy shanty of hope that the first flood washes away. Only when the storm exposes the very blackest evils of the past will she glimpse the rainbow's fragile promise, a morning of sunshine and laughter with a family of her own...."
The Guardians,John Christopher,United States,3.68,"['Science Fiction', 'Young Adult', 'Fiction', 'Dystopia', 'Fantasy', 'Novels', 'School', '20th Century', 'British Literature', 'Childrens']",English,m,"Set in the year 2052, the novel depicts a future, authoritarian England divided into two distinct societies: the modern, overpopulated ""Conurbs"" and the aristocratic, rarefied ""County""; the former consists of crowded city districts and all-pervasive technology while the latter is made up of manors and rolling countrysides typical of 19th-century England. The novel follows a young Conurban named Rob as he comes to experience life in both worlds, uncovering truths and choosing sides in the process.-Wikipedia"
Fairy Tale,Cyn Balog,United States,3.44,"['Young Adult', 'Fantasy', 'Fairies', 'Romance', 'Paranormal', 'Fiction', 'Urban Fantasy', 'Fae', 'Magic', 'Young Adult Fantasy']",English,m,"Morgan Sparks has always known that she and her boyfriend, Cam, are made for each other. But when Cam’s cousin Pip comes to stay with the family, Cam seems depressed. Finally Cam confesses to Morgan what’s going on: Cam is a fairy. The night he was born, fairies came down and switched him with a healthy human boy. Nobody expected Cam to live, and nobody expected his biological brother, heir to the fairy throne, to die. But both things happened, and now the fairies want Cam back to take his rightful place as Fairy King.Even as Cam physically changes, becoming more miserable each day, he and Morgan pledge to fool the fairies and stay together forever. But by the time Cam has to decide once and for all what to do, Morgan’s no longer sure what’s best for everyone, or whether her and Cam’s love can weather an uncertain future."
Innocents,"Mary Elizabeth , Sarah Elizabeth",Romania,3.99,"['Romance', 'New Adult', 'Young Adult', 'Contemporary', 'High School', 'Dark', 'Contemporary Romance', 'Fan Fiction', 'Amazon', 'Coming Of Age']",English,w,"The girl with an innocent heart knows all about bad choices, but has yet to make them for herself. Searching for freedom, she finds it in the delinquent down the hall.  The troublemaker with summer-sky blue eyes knows he should stay away, but can’t resist the blissful wonder who makes his house a home.She’s a hopeless romantic. He’s just hopeless.She’s his reason, but he might not catch her when she falls.She loves him. He loves her crazy.This is what happens when a love made of secrets is kept with rules instead of promises."
Joy,A'Mera Frieman,Spain,4.0,[],English,m,"Joy, the third installment of the popular Victoria's Journey series, reveals Victoria's enduring hope in her search to strengthen her faith in God and finally break Betts' evil hold on her soul. Still trapped in a loveless marriage, Victoria is presented with the ammunition that she needs for a divorce, but Harlan refuses to let her go. Victoria finds comfort and joy in the special new addition to her family; however, she pays the price in the growing darkness of two of her children. When confronted by Harlan's affairs, a new evil, and a lost love, Victoria looks to her family for strength and support but finds the family that she's always leaned on shaken by heartbreaking losses. Will Victoria succumb to the pain of her sorrow and stay in a loveless marriage, or has she finally found the confidence and courage to ""break the line""?"
One Love,Lili St. Germain,Spain,4.3,"['Dark', 'Romance', 'Abuse', 'Suspense', 'Contemporary', 'Erotica', 'Adult', 'Novella', 'New Adult', 'Crime']",,w,"*The final book in the #1 iBooks bestselling Gypsy Brothers series*

Will Julz complete her mission for vengeance against the Gypsy Brothers? Or is Dornan still one step ahead?

More shocking secrets will come to light and lives will be lost in this final, devastating instalment of the Gypsy Brothers series."
Missing,Shelley MacKenney,United Kingdom,4.14,['Memoir'],English,w,"Missing is Shelley MacKenney's remarkable story of life as a 'missing person'. An inspirational tale of her journey through extreme personal crisis.""You can run, but you can't hide from yourself.""Abandoned by her mother as a young child and with a father constantly on the run, Shelley's life was never normal. Her family's involvement with South London's criminal underworld left her isolated, vulnerable and lonely. Falling deeper and deeper into depression and despair - she snapped.Shelley got on the first coach out of London with only the clothes she stood up in and £30 in her pocket. She didn't care where she was going, as long as she could disappear completely from her oppressive life. For years, she lived anonymously in refuges, hostels and on the streets. It would take something remarkable to bring her back to the real world."
The Maze,Panos Karnezis,United States,3.43,"['Fiction', 'Greece', 'Historical Fiction', 'Novels']",English,m,"Anatolia, 1922. Pursued by a Turkish army after three years of Greek occupation, a retreating Greek brigade has lost its way. Commanded by a brigadier with a passion for Greek mythology and a secret addiction to morphine, the brigade's only chance of salvation is to reach the Mediterranean coast and sail home. As the army wanders through the inhospitable land, morale crumbles among the troops, a spate of thefts goes unsolved and every man's thoughts retrurn to a terrible act of vengeance committed by the brigade.Their luck seems to change, when they come across a small town, up until then untouched by the war, where the mayor and schoolteacher are in competition for the favours of the local courtesan and a failed newspaper correspondent is drinking himself to death for lack of a story.But instead of outrunning its Furies, the brigade brings them to this seemingly idyllic palace, with fateful consequences for soldiers and citizens alike."
The Landlady,Roald Dahl,Israel,3.92,"['Short Stories', 'Horror', 'Classics', 'Fiction', 'School', 'Read For School', 'Audiobook', 'Mystery', 'Adult', 'Thriller']",English,w,"The Landlady is a brilliant gem of a short story from Roald Dahl, the master of the sting in the tail.In The Landlady, Roald Dahl, one of the world's favourite authors, tells a sinister story about the darker side of human nature. Here, a young man in need of room meets a most accommodating landlady...The Landlady is taken from the short story collection Kiss Kiss, which includes ten other devious and shocking stories, featuring the wife who pawns the mink coat from her lover with unexpected results; the priceless piece of furniture that is the subject of a deceitful bargain; a wronged woman taking revenge on her dead husband, and others."
The High Tide Club,Mary Kay Andrews,United States,4.01,"['Fiction', 'Chick Lit', 'Mystery', 'Audiobook', 'Romance', 'Contemporary', 'Womens Fiction', 'Southern', 'Adult Fiction', 'Adult']",English,w,"From the New York Times bestselling author of The Weekenders comes a delightful new novel about new love, old secrets, and the kind of friendship that transcends generations.When ninety-nine-year-old heiress Josephine Bettendorf Warrick summons Brooke Trappnell to Talisa Island, her 20,000 acre remote barrier island home, Brooke is puzzled. Everybody in the South has heard about the eccentric millionaire mistress of Talisa, but Brooke has never met her. Josephine’s cryptic note says she wants to discuss an important legal matter with Brooke, who is an attorney, but Brooke knows that Mrs. Warrick has long been a client of a prestigious Atlanta law firm.Over a few meetings, the ailing Josephine spins a tale of old friendships, secrets, betrayal and a long-unsolved murder. She tells Brooke she is hiring her for two reasons: to protect her island and legacy from those who would despoil her land, and secondly, to help her make amends with the heirs of the long dead women who were her closest friends, the girls of The High Tide Club—so named because of their youthful skinny dipping escapades—Millie, Ruth and Varina. When Josephine dies with her secrets intact, Brooke is charged with contacting Josephine’s friends’ descendants and bringing them together on Talisa for a reunion of women who’ve actually never met.The High Tide Club is Mary Kay Andrews at her Queen of the Beach Reads best, a compelling and witty tale of romance thwarted, friendships renewed, justice delivered, and true love found."
Begin Again,Mona Kasten,Germany,4.09,"['Romance', 'New Adult', 'Contemporary', 'College', 'Young Adult', 'Contemporary Romance', 'German Literature', 'Audiobook', 'Fiction', 'Love']",Polish,w,"On ustanawia zasady – a ona łamie każdą po kolei.Zacząć od nowa – to największe marzenie Allie Harper, dlatego przyjeżdża na studia do Woodshill.I dlatego nie jest zachwycona, gdy musi wynająć mieszkanie razem z zarozumiałym buntownikiem Kadenem. Kaden White jest co prawda bardzo atrakcyjny, ale tak nieznośny, że Allie nie ma najmniejszej ochoty mieszkać z nim pod jednym dachem. Zwłaszcza gdy Kaden przedstawia jej listę zasad obowiązujących w mieszkaniu, z czego najważniejsza brzmi: między nimi nigdy do niczego nie dojdzie.Allie jednak szybko dostrzega, że za surową fasadą Kadena kryje się o wiele więcej, niż widać na pierwszy rzut oka. I im lepiej go poznaje, z tym większym trudem ignoruje narastające między nimi napięcie…"
The Fox,M.N.J. Butler,United Kingdom,3.68,['Historical Fiction'],English,m,"Leotychides -- high born, young, strong-willed, devastatingly handsome -- Agisilaos --self-effacing, devious, power hungry --Inextricably bound by ties of kinship, pitted against each other by bitter hatred and rivalry for a throne, their struggle is played out against a colourful tapestry of the Fourth Century, B.C.Here is ancient Sparta and its people brought vividly to life by meticulous research and powerful imagination....Triremes sail into battle, Spartan hoplites march undefeated until they meet the elite regiment of warrior-lovers known as the Sacred Band, the only men to match them, in a compelling drama of love and hate, loyalty and betrayal, culminating in a twist of fate that no one could forsee. See Dust Jacket."
My Absolute Darling,Gabriel Tallent,United States,3.62,"['Fiction', 'Contemporary', 'Young Adult', 'Audiobook', 'Literary Fiction', 'Coming Of Age', 'Adult Fiction', 'Novels', 'Adult', 'Thriller']",English,m,"At 14, Turtle Alveston knows the use of every gun on her wall. She knows how to snare a rabbit, sharpen a blade and splint a bone. She knows that her daddy loves her more than anything else in this world and he’ll do whatever it takes to keep her with him.But she doesn’t know why she feels so different from the other girls at school; why the line between love and pain can be so hard to see. Or why making a friend may be the bravest and most terrifying thing she has ever done.Sometimes the people you’re supposed to trust are the ones who do most harm. And what you’ve been taught to fear is the very thing that will save you…"
Grand Hotel Europa,Ilja Leonard Pfeijffer,Netherlands,4.11,"['Fiction', 'Roman', 'Dutch Literature', 'Literature', 'Novels', 'Travel', 'Audiobook', 'Unfinished', 'Collections', 'Book Club']",Dutch,m,"Pfeijffer diagnosticeert de tijdgeest in een kolossale roman met Europa als speelveld‘De toekomst van Europa is het Europa dat nu al een realiteit is. Europa is het recreatiegebied voor de rest van de wereld,’ zegt een van de personages in Grand Hotel Europa. Het is – overdrachtelijk – ook een zelfdiagnose. Alle personages in deze roman zitten immers op verschillende manieren vast aan hun verleden. Voor toekomst is geen plek meer. Het Avondland is vergrijsd en improductief. Geschiedenis is het voornaamste dat Europa nog te bieden heeft. En geschiedenis trekt toerisme. Maar dit verontrustende en au fond weemoedige gegeven krijgt in Grand Hotel Europa zijn beslag in een wervelende en hilarische roman met een tragische liefdesgeschiedenis als hoofdmoot."
La cara norte del corazón,Dolores Redondo,Spain,3.95,"['Thriller', 'Fiction', 'Crime', 'Audiobook', 'Mystery', 'Spanish Literature', 'Spain', 'Mystery Thriller']",Spanish,w,"""Cuando Amaia Salazar tenía doce años estuvo perdida en el bosque durante dieciséis horas. Era de madrugada cuando la encontraron a treinta kilómetros al norte del lugar donde se había despistado de la senda. Desvanecida bajo la intensa lluvia, la ropa ennegrecida y chamuscada como la de una bruja medieval rescatada de una hoguera, y, en contraste, la piel blanca, limpia y helada como si acabase de surgir del hielo.”En agosto de 2005, mucho antes de los crímenes que conmocionaron el valle del Baztán, una joven Amaia Salazar de veinticinco años, subinspectora de la Policía Foral, participa en un curso de intercambio para policías de la Europol en la Academia del FBI en Estados Unidos que imparte Aloisius Dupree, el jefe de la unidad de investigación. Una de las pruebas consiste en estudiar un caso real de un asesino en serie a quien llaman “el compositor”, que siempre actúa durante grandes desastres naturales atacando a familias enteras y siguiendo una puesta en escena casi litúrgica. Amaia se convertirá inesperadamente en parte del equipo de la investigación que les llevará hasta Nueva Orleans, en vísperas del peor huracán de su historia, para intentar adelantarse al asesino...Pero una llamada de su tía Engrasi desde Elizondo despertará en Amaia antiguos fantasmas de su infancia que lo pueden cambiar todo, exponiéndola de nuevo a la cara norte del corazón."
"Good Girl, Bad Blood",Holly Jackson,United Kingdom,4.52,"['Mystery', 'Young Adult', 'Thriller', 'Mystery Thriller', 'Contemporary', 'Crime', 'Fiction', 'Young Adult Contemporary', 'Romance', 'Murder Mystery']",English,w,"The highly-anticipated crime-thriller sequel to the no. 1 debut of 2019, A Good Girl's Guide to MurderPip Fitz-Amobi is not a detective anymore.With the help of Ravi Singh, she released a true-crime podcast about the murder case they solved together last year. The podcast has gone viral, yet Pip insists her investigating days are behind her.But she will have to break that promise when someone she knows goes missing. Jamie Reynolds has disappeared but the police won’t do anything about it. And if they won’t look for Jamie then Pip will, uncovering more of her town’s dark secrets along the way… and this time EVERYONE is listening.But will she find him before it’s too late?"
Iron Gold,Pierce Brown,United States,4.23,"['Science Fiction', 'Fantasy', 'Fiction', 'Dystopia', 'Young Adult', 'Audiobook', 'Adult', 'Science Fiction Fantasy', 'Space Opera', 'Space']",English,m,"They call him father, liberator, warlord, Reaper. But he feels a boy as he falls toward the pale blue planet, his armor red, his army vast, his heart heavy. It is the tenth year of war and the thirty-second of his life. A decade ago, Darrow was the hero of the revolution he believed would break the chains of the Society. But the Rising has shattered everything: Instead of peace and freedom, it has brought endless war. Now he must risk everything he has fought for on one last desperate mission. Darrow still believes he can save everyone, but can he save himself? And throughout the worlds, other destinies entwine with Darrow’s to change his fate forever:  A young Red girl flees tragedy in her refugee camp and achieves for herself a new life she could never have imagined. An ex-soldier broken by grief is forced to steal the most valuable thing in the galaxy—or pay with his life. And Lysander au Lune, the heir in exile to the sovereign, wanders the stars with his mentor, Cassius, haunted by the loss of the world that Darrow transformed, and dreaming of what will rise from its ashes. Red Rising was the story of the end of one universe, and Iron Gold is the story of the creation of a new one. Witness the beginning of a stunning new saga of tragedy and triumph from masterly New York Times bestselling author Pierce Brown."
The Escape,David Baldacci,United States,4.16,"['Thriller', 'Fiction', 'Mystery', 'Suspense', 'Audiobook', 'Mystery Thriller', 'Crime', 'Espionage', 'Military Fiction', 'Action']",English,m,"It's a prison unlike any other. Military discipline rules. Its security systems are unmatched. None of its prisoners dream of escaping. They know it's impossible.Until now.John Puller's older brother, Robert, was convicted of treason and national security crimes. His inexplicable escape from prison makes him the most wanted criminal in the country. Some in the government believe that John Puller represents their best chance at capturing Robert alive, and so Puller takes on the burden of bringing his brother in to face justice.But Puller quickly discovers that there are others pursuing his brother, who only see Robert as a traitor and are unconcerned if he survives. Puller is in turn pushed into an uneasy, fraught partnership with another agent, who may have an agenda of her own.They dig more deeply into the case together, and Puller finds that not only are her allegiances unclear, but that there are troubling details about his brother's conviction....and that someone is out there who doesn't want the truth to ever come to light. As the nation-wide manhunt for Robert grows more urgent, Puller's masterful skills as an investigator and strength as a fighter may not be enough to save his brother-or himself."
Mirage,Nilakshi Garg,United States; United States,4.67,"['Romantic', 'Erotica', 'Romance']",English,m; m,"“It was never meant to be just a love story. Beacause destiny had other plans for both of them.”Bethany CarlsonI was working, breathing, and living my life as it is.Where did you come from? And why?Do you even know how you shattered my so called Mirage?Because left in bits and pieces, I was a forgotten cry.Then,You demanded the truth. But... I was a complete lie.gerald fletcher I wish I knew all the answers to the where, when, and how.How will I ever explain the pull I had when I first saw you wishing someone to whisk you away?From the Lies, Crowd, Pretense.Beacause I knew you were the trouble I was going to invite in my life.So, I couldn’t stop myself from barging into yours.The only thing is, you are stuck behind the walls.You don’t want to be solved and saved.And I can’t let you walk alone.Not now.Not ever...so screw me."""
The Lost,Natasha Preston,United Kingdom,3.87,"['Young Adult', 'Thriller', 'Mystery', 'Fiction', 'Suspense', 'Contemporary', 'Mystery Thriller', 'Horror', 'Psychological Thriller', 'Teen']",English,m,"In the small town of Aurora, teens go missing all the time. But when one of Piper and Hazel's classmates disappears, they become determined to find out the truth of what happened to her.While investigating, they meet three handsome and rich grad students...who kidnap them. The girls are taken to a building in the middle of a privately-owned forest. The building isn't just designed to keep them locked away—every room is a test in survival. And Piper and Hazel won't give up without a fight."
The Negotiator,Frederick Forsyth,Belgium,3.99,"['Fiction', 'Thriller', 'Mystery', 'Espionage', 'Suspense', 'Adventure', 'Novels', 'Politics', 'Crime', 'Action']",English,m,"Frederick Forsyth,  master of the international thriller, retums with  an electrifying story of a man of immense power and  a conspiracy to crush the President of the United  States. Only one man--Forsyth's most  unforgettable hero yet--can prevent the plan from succeeding.  His name is Quinn. He is the  Negotiator.President Cormack is  bent on a signing a sweeping U.S.-Soviet  disarmament treaty, and the master conspirator is  determined to stop him. The kidnapping of a young man on a  country road in Oxfordshire is but the first  brutal step in the explosive plot engineer the  president's destruction. Enter  Quinn.  Quinn plays the  kidnappers like a master musician. . . until, in a shocking  tumabout, he discovers that ransom was not their  objection after all--and that he has been lured  into a cunningly woven web. Now he must draw upon  his deepest strengths--to save not only the victim  but the entire free  world."
The Morning Star,Robin Bridges,Norway,3.6,"['Fantasy', 'Young Adult', 'Historical Fiction', 'Paranormal', 'Historical', 'Vampires', 'Romance', 'Magic', 'Supernatural', 'Russia']",English,m,"St. Petersburg, Russia, 1890Katerina Alexandrovna, Duchess of Oldenburg, wants to be known as a doctor, not a necromancer. But Tsar Alexander III forbids women to attend medical school; his interest in Katerina extends only to her ability to raise the dead. Twice now, Katerina has helped him by using her power to thwart the forces of darkness—vampires bent on resurrecting the lich tsar Konstantin Pavlovich so that he can take what he sees as his rightful place on the throne. Katerina thought she had bound Konstantin to the Greylands, the realm of the dead, but he has found a way out. Now he is searching for the Morning Star, a sword that will allow him to command a legion of supernatural warriors.Katerina must find the sword before Konstantin does—and she must travel to Egypt to do so. Along the way, she puts up with unwanted attention from her former fiancé, the nefarious Prince Danilo, and struggles with her feelings for her true love, George Alexandrovich. But with the looming threat from Konstantin, Katerina's focus remains on the sword. Russia's fate will be determined by whoever wields the Morning Star—and delivers the final blow."
Going Rogue,Robin Benway,United States,3.94,"['Young Adult', 'Mystery', 'Contemporary', 'Romance', 'Espionage', 'Fiction', 'Adventure', 'Realistic Fiction', 'Thriller', 'Teen']",English,w,"Being permanently based in a local New York City high school as an undercover operative has its moments, good and bad, for 16-year-old safecracker Maggie Silver. Pros: More quality time with her former mark-turned-boyfriend Jesse Oliver and insanely cool best friend, Roux. Getting to spend quality time with her semi-retired and international spy honorary uncle, Angelo. Cons: High school and the accompanying cliques, bad lunches, and frustratingly simple locker combinations. But when Maggie's parents are falsely accused of stealing priceless gold coins, Maggie uses her safecracking skills to try and clear their names. Too bad it only serves to put her and everyone she loves in danger. Maggie and her ""new team"" flee to Paris where they must come up with a plan to defeat their former allies."
Quicksand,Nella Larsen,Sweden,3.69,"['Fiction', 'Classics', 'African American', 'Race', 'Literature', 'School', 'Read For School', 'American', 'Historical Fiction', '20th Century']",English,m,"Born to a white mother and an absent black father, and despised for her dark skin, Helga Crane has long had to fend for herself. As a young woman, Helga teaches at an all-black school in the South, but even here she feels different. Moving to Harlem and eventually to Denmark, she attempts to carve out a comfortable life and place for herself, but ends up back where she started, choosing emotional freedom that quickly translates into a narrow existence. 
  Quicksand
, Nella Larsen's powerful first novel, has intriguing autobiographical parallels and at the same time invokes the international dimension of African American culture of the 1920s. It also evocatively portrays the racial and gender restrictions that can mark a life."
Mean Streak,Sandra Brown,United States,4.06,"['Mystery', 'Romance', 'Romantic Suspense', 'Fiction', 'Suspense', 'Thriller', 'Mystery Thriller', 'Audiobook', 'Contemporary', 'Crime']",English,w,"From #1 New York Times best-selling author Sandra Brown comes a heart-pounding story of survival, that takes the age-old question, ""Does the end justify the means?"" and turns it on its head.Dr. Emory Charbonneau, a pediatrician and marathon runner, disappears on a mountain road in North Carolina. By the time her husband Jeff, miffed over a recent argument, reports her missing, the trail has grown cold. Literally. Fog and ice encapsulate the mountainous wilderness and paralyze the search for her.While police suspect Jeff of ""instant divorce,"" Emory, suffering from an unexplained head injury, regains consciousness and finds herself the captive of a man whose violent past is so dark that he won't even tell her his name. She's determined to escape him, and willing to take any risks necessary to survive. Unexpectedly, however, the two have a dangerous encounter with people who adhere to a code of justice all their own. At the center of the dispute is a desperate young woman whom Emory can't turn her back on, even if it means breaking the law. Wrong becomes right at the hands of the man who strikes fear, but also sparks passion.As her husband's deception is revealed, and the FBI closes in on her captor, Emory begins to wonder if the man with no name is, in fact, her rescuer from those who wish her dead - and from heartbreak.Combining the nail-biting suspense and potent storytelling that has made Sandra Brown one of the world's best loved authors, MEAN STREAK is a wildly compelling novel about love, deceit, and the choices we must make in order to survive."
The Angel Tree,Daphne Benedis-Grab,United Kingdom,4.23,"['Christmas', 'Middle Grade', 'Fiction', 'Holiday', 'Mystery', 'Childrens', 'Young Adult', 'Chapter Books', 'Disability', 'Realistic Fiction']",,w,"A heartwarming Christmas mystery and friendship story!Every Christmas in the small town of Pine River, a tree appears in the town square--the Angel Tree. Some people tie wishes to the tree, while others make those wishes come true. Nobody's ever known where the tree comes from, but the mystery has always been part of the tradition's charm.This year, however, four kids who have been helped--Lucy, Joe, Max, and Cami--are determined to solve the mystery and find out the true identity of the town's guardian angel, so that Pine River can finally thank the person who brought the Angel Tree to their town.This is a heartwarming Christmas mystery, full of friendship, discovery, and loads of holiday cheer!"
The Marble Collector,Cecelia Ahern,Ireland,3.65,"['Fiction', 'Chick Lit', 'Contemporary', 'Romance', 'Adult', 'Ireland', 'Audiobook', 'Novels', 'Family', 'Irish Literature']",,w,"A forgotten childhood. A discovered life.What if you only had one day to find out who you really were?When Sabrina Boggs stumbles upon a mysterious collection of her father’s possessions, she discovers a truth where she never knew there was a lie. The familiar man she grew up with is suddenly a stranger to her.An unexpected break in her monotonous daily routine leaves her just one day to unlock the secrets of the man she thought she knew. A day that unearths memories, stories and people she never knew existed. A day that changes her and those around her forever.The Marble Collector is a thought-provoking novel about how the most ordinary decisions we make can have the most extraordinary consequences for how we live our lives. And how sometimes it’s only by shining on a light on someone else, that you can truly understand yourself."
The Festival of Insignificance,Milan Kundera,Czechia,3.33,"['Fiction', 'Novels', 'Philosophy', 'Czech Literature', 'Literature', 'France', 'French Literature', 'Contemporary', 'Literary Fiction', 'European Literature']",English,m,"From the internationally acclaimed, bestselling author of The Unbearable Lightness of Being, an unexpected and enchanting novel—the culmination of his life's work.Casting light on the most serious of problems, and at the same time saying not one serious sentence; being fascinated by the reality of the contemporary world, and at the same time completely avoiding realism—that’s The Festival of Insignificance. Readers who know Milan Kundera’s earlier books know that the wish to incorporate an element of the “unserious” in a novel is not at all unexpected of him. In Immortality, Goethe and Hemingway stroll through several chapters together talking and laughing. And in Slowness, Vera, the author’s wife, says to her husband: “you’ve often told me you meant to write a book one day that would have not a single serious word in it…I warn you: watch out. Your enemies are lying in wait.”Now, far from watching out, Kundera is finally and fully realizing his old aesthetic dream in this novel that we could easily view as a summation of his whole work. A strange sort of summation. Strange sort of epilogue. Strange sort of laughter, inspired by our time, which is comical because it has lost all sense of humor. What more can we say? Nothing. Just read."
Black Rock White City,A.S. Patric,Australia,3.53,"['Fiction', 'Australia', 'War', 'Literary Fiction', 'Contemporary', 'Literature', 'Book Club', 'Adult', 'Novels', 'Crime']",English,m,"Black Rock White City is a novel about the damages of war, the limits of choice, and the hope of love. During a hot Melbourne summer Jovan’s cleaning work at a bayside hospital is disrupted by acts of graffiti and violence becoming increasingly malevolent. For Jovan the mysterious words that must be cleaned away dislodge the poetry of the past. He and his wife Suzana were forced to flee Sarajevo and the death of their children.  Intensely human, yet majestic in its moral vision, Black Rock White City is an essential story of Australia’s suburbs now, of displacement and immediate threat, and the unexpected responses of two refugees as they try to reclaim their dreams. It is a breathtaking roar of energy that explores the immigrant experience with ferocity, beauty and humour."
Memory Man,David Baldacci,United States,4.07,"['Mystery', 'Fiction', 'Thriller', 'Crime', 'Mystery Thriller', 'Audiobook', 'Suspense', 'Detective', 'Adult', 'Adult Fiction']",English,m,"Amos Decker's life changed forever--twice.The first time was on the gridiron. A big, towering athlete, he was the only person from his hometown of Burlington ever to go pro. But his career ended before it had a chance to begin. On his very first play, a violent helmet-to-helmet collision knocked him off the field for good, and left him with an improbable side effect--he can never forget anything.The second time was at home nearly two decades later. Now a police detective, Decker returned from a stakeout one evening and entered a nightmare--his wife, young daughter, and brother-in-law had been murdered.His family destroyed, their killer's identity as mysterious as the motive behind the crime, and unable to forget a single detail from that horrible night, Decker finds his world collapsing around him. He leaves the police force, loses his home, and winds up on the street, taking piecemeal jobs as a private investigator when he can.But over a year later, a man turns himself in to the police and confesses to the murders. At the same time a horrific event nearly brings Burlington to its knees, and Decker is called back in to help with this investigation. Decker also seizes his chance to learn what really happened to his family that night. To uncover the stunning truth, he must use his remarkable gifts and confront the burdens that go along with them. He must endure the memories he would much rather forget. And he may have to make the ultimate sacrifice.Memory Man will stay with you long after the turn of the final page."
Bone,Yrsa Daley-Ward,Italy,4.17,"['Poetry', 'Feminism', 'Nonfiction', 'LGBT', 'Queer', 'Womens', 'Adult', 'Race', 'Mental Health', 'British Literature']",,m,"From the celebrated poet Yrsa Daley-Ward, a poignant collection of autobiographical poems about the heart, life, and the inner self.   Bone. Visceral. Close to. Stark.  The poems in Yrsa Daley-Ward's collection bone are exactly that: reflections on a particular life honed to their essence--so clear and pared-down, they become universal.  From navigating the oft competing worlds of religion and desire, to balancing society's expectations with the raw experience of being a woman in the world; from detailing the experiences of growing up as a first generation black British woman, to working through situations of dependence and abuse; from finding solace in the echoing caverns of depression and loss, to exploring the vulnerability and redemption in falling in love, each of the raw and immediate poems in Daley-Ward's bone resonate to the core of what it means to be human. ""You will come away bruised. You will come away bruisedbut this will give you poetry."" "
Mountains,Seymour Simon,Norway,4.04,[],English,m,"Join award-winning science writer Seymour Simon as he explores some of the world’s largest marvels: mountains! With clear, simple text and stunning full-color photographs, readers will learn all about these amazing natural structures in this informative picture book! This nonfiction picture book is an excellent choice to share during homeschooling, in particular for children ages 6 to 8. It’s a fun way to learn to read and as a supplement for activity books for children.From the snowy Alps to the Appalachians’ worn peaks, mountains are a dramatic reminder of the ages past and ages to come. People have lived on and around mountains for thousands of years, yet it is only recently that we have been able to understand how these natural monuments were formed. Now, anyone can explore these ancient and colossal natural wonders.Perfect for young scientists’ school reports, this book supports the Common Core State Standards.Check out these other Seymour Simon books about the Natural World:Coral ReefsIcebergs & GlaciersOceansRocks & MineralsTropical RainforestsVolcanoesWater"
Gravity Falls: Journal 3,"Alex Hirsch, Rob Renzetti",United States,4.69,"['Fantasy', 'Mystery', 'Fiction', 'Graphic Novels', 'Middle Grade', 'Science Fiction', 'Childrens', 'Humor', 'Comics', 'Horror']",English,m,"Journal 3 brims with every page ever seen on the Gravity Falls show plus all-new pages with monsters and secrets, notes from Dipper and Mabel, and the Author’s full story.

A 288-page full-color jacketed hardcover version of Journal 3—plus, the book jacket doubles as an exclusive poster."
Eva,Carry van Bruggen,Spain,3.07,"['Literature', 'Jewish', 'Dutch Literature', 'Roman']",,m,"Eva is de meest openhartige en autobiografische roman van Carry van Bruggen. Hierin kijk ze terug op haar jeugd en overdenkt ze haar mislukte huwelijk en de moord op haar broer. Een tijdloos, eerlijk en diepgaand portret van een vrouw die geen enkel aspect uit haar leven onbesproken laat, van haar zoektocht naar eenheid tot haar liefdesleven en het verlangen haar benauwde wereld te verlaten."
The Sentinel,Jeffrey Konvitz,United Kingdom,3.86,"['Horror', 'Fiction', 'Mystery', 'Thriller', 'Paranormal', 'Suspense', 'Supernatural', 'Novels', 'Adult Fiction', 'Classics']",English,m,"A beautiful young model. The old brownstone apartment she simply had to have. The grotesque blind priest who watched down on her day and night from an upper-story window. The pair of perverted creatures who wanted her to join their circle. The mad little old man who gave her tea and sympathy. The cool, calculating, supremely rational lover who first mocked her fears.And the secret you will never be able to forget, even if you try..."
Genius,"Patrick Dennis (Pseudonym), Edward Everett Tanner III",Japan,3.9,"['Fiction', 'Humor', 'Queer']",English,m,Library of Congress Catalog Card Number: 62-19585
Falling,Christopher Pike,United States,3.92,"['Mystery', 'Fiction', 'Thriller', 'Horror', 'Adult', 'Young Adult', 'Suspense', 'Crime', 'Mystery Thriller', 'Fantasy']",English,w,"In Falling, Christopher Pike explores the depth and breadth of human emotion through two brilliantly etched characters: Kelly Feinman, who pays a terrible price to understand the nature of true evil; and Matt Connor, a classic anti-hero who captures the reader's sympathy. Kelly Feinman:  Once a brilliant FBI profiler and field agent, Kelly went rogue on her last case, hunting the serial killer known as the Acid Man.  Now, still recovering from the madman's brutal assault, regarded by her fellow agents as a weak link, Kelly struggles to find her footing on a new case: the kidnapping of an infant, Jimmy Techer.  Making matters worse, Kelly's husband has taken their daughter and left.  Kelly fears she cannot even trust her own instincts. Matt Connor:  Deeply in love with his girlfriend, Matt is devastated when Amy leaves him for another man.  He plots a diabolical revenge that begins with his apparent death.  By the time Matt is through, Amy--Jimmy's mother--will know the intensity of Matt's pain, because it will have become her own.  And Matt…Matt will pass through the fires of hell and, in the eyes of baby Jimmy, will recover his soul. Matt Connor is a kidnapper.  Kelly Feinman is the agent on his trail.  They should be enemies.  Instead, they become friends, and together, they help each other become whole. "
Siege,Jack Hight,China,3.94,"['Historical Fiction', 'Historical', 'War']",English,m,"1453. For over a thousand years the walls of Constantinople have protected the capital of the Eastern Roman Empire, the furthest outpost of Christianity. But now endless ranks of Turkish warriors cover the plains before them, their massive cannons trained on the ramparts. No European army will help. Constantinople is on its own, and treachery is in the air. Three people will fight to determine the fate of an empire: the young Sultan, returned from exile and desperate to prove his greatness; a Roman princess sworn to protect her city; and a mercenary captain with a personal score to settle."
Don't Let Go,Michelle Lynn,United States,3.97,"['Romance', 'New Adult', 'College', 'Music', 'Contemporary Romance', 'Contemporary', 'Amazon', 'Musicians', 'Love', 'New Adult Romance']",,m,"Sadie Miller is attempting to change her ways and hide somewhere no one knows her former self. She only wants to finish her final year of college, obtain her degree, and get out from the hold of her affluent parents. Then she meets Brady Carsen, the lead singer of The Invisibles, a local band popular with the college crowd. She tries to stay away but quickly realizes that, although he might not be what she’s used to, he’s exactly what she needs and more importantly, everything she could possibly want. Unfortunately, Sadie’s troubled past left her with insecurities that make her question Brady’s true intentions. And while Brady is convinced that Sadie is the one for him, he has his own secrets that he fears will be their undoing. If they want to be together, they will have to stand united and fight the outside influences that are threatening to tear them apart. Can they put their pasts behind them for good in order to secure their future?"
The Lie,Helen Dunmore,Italy,3.6,"['Historical Fiction', 'Fiction', 'War', 'World War I', 'Historical', 'British Literature', 'Novels', 'Literary Fiction', 'LGBT', 'France']",English,m,"Cornwall, 1920, early spring.A young man stands on a headland, looking out to sea. He is back from the war, homeless and without family.Behind him lie the mud, barbed-wire entanglements and terror of the trenches. Behind him is also the most intense relationship of his life, forged in a crucible of shared suffering. Daniel has survived, but the horror and passion of the past seem more real than the quiet fields around him. He is about to step into the unknown. But will he ever be able to escape the terrible, unforeseen consequences of a lie?Set during and just after the First World War, The Lie is an enthralling, heart-wrenching novel of love, memory and devastating loss by one of the UK’s most acclaimed storytellers."
Against All Odds,Angie McKeon,United States,3.92,"['Romance', 'New Adult', 'Contemporary Romance', 'Contemporary', 'Adult', 'Marriage', 'Dark', 'Drama', 'Love', 'Erotica']",English,w,"Our lives shattered... Our hearts broken... Our souls torn to pieces...He was my world, my whole life. My reason for breathing. I had a perfect marriage, a baby on the way, and I felt fulfilled—almost invincible. Until the day life hit, leaving me broken, vulnerable, and alone.She was my life. My ray of hope on the cloudiest day. With her, I thought I had the ultimate safety. A love that would never hurt or betray me. I gave her my heart, my body, and my soul. Until she broke me, destroying every dream and illusion I had about life, love, and marriage.In our grief, we made a mistake. A mistake I'm not sure we can come back from."
Backlash,Jack L. Pyke,United States,4.41,"['BDSM', 'M M Romance', 'Dark', 'Menage', 'M M M', 'Abuse', 'Thriller', 'Romance', 'Erotica', 'Contemporary']",English,m,"Novel (126,000 words)Genres: Thriller, Gay, Romance, BDSMIn the aftermath of Jack Harrison’s release from the psychiatric unit, Gray Raoul’s first instinct is to take brutal revenge on the one responsible for financing Jack’s and Jan’s torturous psychological reconditioning. However, that person is a plays the game dangerously well, knows exactly how to manipulate everyone in Gray’s life. To help negotiate this delicate situation, Gray contacts Trace and his ex-Diadem Dom, Gabriel Hunter. But the more Gray seems to regain control, the clearer it becomes that there’s something not quite right about Jan Richards. Jan quickly unravels, taking Jack and Gray with him, and bringing out one particularly deadly player, Gray’s left with one last defence: break Jack down in order to partner up with his alter ego, Martin. But once freed, Martin has plans of his own, and he wants to make it personal with Gray. Complete trust between Master and sub, between Gray and Jack, will be tested to the absolute limit. (M/M - See publisher's website for content labels.)"
My Lovely Wife,Samantha Downing,United States,3.88,"['Thriller', 'Mystery', 'Fiction', 'Mystery Thriller', 'Audiobook', 'Adult', 'Suspense', 'Crime', 'Contemporary', 'Psychological Thriller']",English,w,"A couple's fifteen-year marriage has finally gotten too interesting...Our love story is simple. I met a gorgeous woman. We fell in love. We had kids. We moved to the suburbs. We told each other our biggest dreams, and our darkest secrets. And then we got bored.We look like a normal couple. We're your neighbors, the parents of your kid's friend, the acquaintances you keep meaning to get dinner with.We all have secrets to keeping a marriage alive.Ours just happens to be getting away with murder.Alternate cover edition of ISBN 9780451491725"
The Giver of Stars,Jojo Moyes,United Kingdom,4.28,"['Historical Fiction', 'Fiction', 'Audiobook', 'Historical', 'Romance', 'Adult', 'Adult Fiction', 'Book Club', 'Books About Books', 'Chick Lit']",English,w,"From the author of Me Before You, set in Depression-era America, a breathtaking story of five extraordinary women and their remarkable journey through the mountains of Kentucky and beyond.Alice Wright marries handsome American Bennett Van Cleve hoping to escape her stifling life in England. But small-town Kentucky quickly proves equally claustrophobic, especially living alongside her overbearing father-in-law. So when a call goes out for a team of women to deliver books as part of Eleanor Roosevelt’s new traveling library, Alice signs on enthusiastically.The leader, and soon Alice’s greatest ally, is Margery, a smart-talking, self-sufficient woman who’s never asked a man’s permission for anything. They will be joined by three other singular women who become known as the Packhorse Librarians of Kentucky. What happens to them–and to the men they love–becomes an unforgettable drama of loyalty, justice, humanity and passion. These heroic women refuse to be cowed by men or by convention. And though they face all kinds of dangers in a landscape that is at times breathtakingly beautiful, at others brutal, they’re committed to their job: bringing books to people who have never had any, arming them with facts that will change their lives.Based on a true story rooted in America’s past, The Giver of Stars is unparalleled in its scope and epic in its storytelling. Funny, heartbreaking, enthralling, it is destined to become a modern classic–a richly rewarding novel of women’s friendship, of true love, and of what happens when we reach beyond our grasp for the great beyond."
The Ministry of Utmost Happiness,Arundhati Roy,India,3.5,"['Fiction', 'India', 'Contemporary', 'Literary Fiction', 'Unfinished', 'Indian Literature', 'Novels', 'Historical Fiction', 'Asia', 'Audiobook']",English,w,"How to tell a shattered story?By slowly becoming everybody.No?By slowly becoming everything.The Ministry of Utmost Happiness takes us on a journey of many years – the story spooling outwards from the cramped neighbourhoods of Old Delhi into the burgeoning new metropolis and beyond, to the Valley of Kashmir and the forests of Central India, where war is peace and peace is war, and where, from time to time, ‘normalcy’ is declared.Anjum, who used to be Aftab, unrolls a threadbare carpet in a city graveyard that she calls home. A baby appears quite suddenly on a pavement, a little after midnight, in a crib of litter. The enigmatic S. Tilottama is as much of a presence as she is an absence in the lives of the three men who love her.The Ministry of Utmost Happiness is at once an aching love story and a decisive remonstration. It is told in a whisper, in a shout, through tears and sometimes with a laugh. Its heroes are people who have been broken by the world they live in and then rescued, mended by love – and by hope. For this reason, they are as steely as they are fragile, and they never surrender. This ravishing, magnificent book reinvents what a novel can do and can be. And it demonstrates on every page the miracle of Arundhati Roy’s storytelling gifts."
Birthday Girl,Penelope Douglas,Japan,4.14,"['Romance', 'New Adult', 'Contemporary', 'Contemporary Romance', 'Adult', 'Audiobook', 'Fiction', 'Erotica', 'College', 'Young Adult']",,m,"He took me in when I had nowhere else to go. He doesn’t use me, hurt me, or forget about me. He listens to me, protects me, and sees me. I can feel his eyes on me over the breakfast table, and my heart pumps so hard when I hear him pull in the driveway after work. I have to stop this. It can’t happen. My sister once told me there are no good men, and if you find one, he’s probably unavailable. Only Pike Lawson isn’t the unavailable one. I am. PIKEI took her in, because I thought I was helping. As the days go by, though, it’s becoming anything but easy. I have to stop my mind from drifting to her and stop holding my breath every time I bump into her in the house. I can’t touch her, and I shouldn’t want to. But we’re not free to give into this. She’s nineteen, and I’m thirty-eight. And her boyfriend’s father. Unfortunately, they both just moved into my house."
The Friend Zone,AbJimenez,United States,3.89,"['Romance', 'Contemporary', 'Fiction', 'Chick Lit', 'Contemporary Romance', 'Adult', 'Audiobook', 'Adult Fiction', 'New Adult', 'Humor']",English,w,"Kristen Petersen doesn't do drama, will fight to the death for her friends, and has no room in her life for guys who just don't get her. She's also keeping a big secret: facing a medically necessary procedure that will make it impossible for her to have children. Planning her best friend's wedding is bittersweet for Kristen—especially when she meets the best man, Josh Copeland. He's funny, sexy, never offended by her mile-wide streak of sarcasm, and always one chicken enchilada ahead of her hangry. Even her dog, Stuntman Mike, adores him. The only catch: Josh wants a big family someday. Kristen knows he'd be better off with someone else, but as their attraction grows, it's harder and harder to keep him at arm's length. The Friend Zone will have you laughing one moment and grabbing for tissues the next as it tackles the realities of infertility and loss with wit, heart, and a lot of sass."
My Dark Vanessa,Kate Elizabeth Russell,United States,4.05,"['Fiction', 'Contemporary', 'Adult', 'Audiobook', 'Literary Fiction', 'Thriller', 'Adult Fiction', 'Dark', 'Abuse', 'Mystery Thriller']",English,w,"Exploring the psychological dynamics of the relationship between a precocious yet naïve teenage girl and her magnetic and manipulative teacher, a brilliant, all-consuming read that marks the explosive debut of an extraordinary new writer.2000. Bright, ambitious, and yearning for adulthood, fifteen-year-old Vanessa Wye becomes entangled in an affair with Jacob Strane, her magnetic and guileful forty-two-year-old English teacher. 2017. Amid the rising wave of allegations against powerful men, a reckoning is coming due. Strane has been accused of sexual abuse by a former student, who reaches out to Vanessa, and now Vanessa suddenly finds herself facing an impossible choice: remain silent, firm in the belief that her teenage self willingly engaged in this relationship, or redefine herself and the events of her past. But how can Vanessa reject her first love, the man who fundamentally transformed her and has been a persistent presence in her life? Is it possible that the man she loved as a teenager—and who professed to worship only her—may be far different from what she has always believed?Alternating between Vanessa’s present and her past, My Dark Vanessa juxtaposes memory and trauma with the breathless excitement of a teenage girl discovering the power her own body can wield. Thought-provoking and impossible to put down, this is a masterful portrayal of troubled adolescence and its repercussions that raises vital questions about agency, consent, complicity, and victimhood. Written with the haunting intimacy of The Girls and the creeping intensity of Room, My Dark Vanessa is an era-defining novel that brilliantly captures and reflects the shifting cultural mores transforming our relationships and society itself."
Endangered,Dani Hoots,United States,3.61,"['Mythology', 'Fantasy', 'Young Adult', 'Urban Fantasy', 'Greek Mythology', 'Magic', 'Fiction', 'Romance']",English,m,"Chrys has been in the Underworld for thousands of years, hidden away by her father, Hades, from all of the other gods. He's afraid that if someone finds out about her, they will destroy her because of the dichotomous power that she holds, the power of life and death. So she has remained in the Palace of Hades all her life, making very few friends and always bored out of her mind.Huntley would have never guessed that after he died he would wake up with a beautiful girl standing over him. And that she would be the Dark Lord of the Underworld's daughter. Yet, for some reason, she keeps him around as her tutor, as if he knows anything about the world. But Huntley knows that all she really wants is a friend; being trapped in the Underworld can get pretty lonely. That is, until Chrys decides she wants to run away to the human world after a big fight with her mother Persephone. Chrys claims her father is just over reacting and that nothing bad will come of it. There's no way that the gods will notice she's there for only a couple of days...right?"
Real Life,Brandon Taylor,Belgium,3.95,"['Fiction', 'LGBT', 'Contemporary', 'Queer', 'Literary Fiction', 'Race', 'Adult', 'Audiobook', 'Novels', 'Adult Fiction']",English,w,"A FINALIST FOR THE 2020 BOOKER PRIZEA NEW YORK TIMES EDITORS' CHOICE“A blistering coming of age story” —O: The Oprah MagazineA novel of startling intimacy, violence, and mercy among friends in a Midwestern university town, from an electric new voice. Almost everything about Wallace is at odds with the Midwestern university town where he is working uneasily toward a biochem degree. An introverted young man from Alabama, black and queer, he has left behind his family without escaping the long shadows of his childhood. For reasons of self-preservation, Wallace has enforced a wary distance even within his own circle of friends—some dating each other, some dating women, some feigning straightness. But over the course of a late-summer weekend, a series of confrontations with colleagues, and an unexpected encounter with an ostensibly straight, white classmate, conspire to fracture his defenses while exposing long-hidden currents of hostility and desire within their community.  Real Life is a novel of profound and lacerating power, a story that asks if it’s ever really possible to overcome our private wounds, and at what cost."
Hideaway,Penelope Douglas,United States,4.22,"['Romance', 'New Adult', 'Dark', 'Contemporary', 'Suspense', 'Contemporary Romance', 'Abuse', 'Romantic Suspense', 'Adult', 'Audiobook']",English,w,"DEVIL'S NIGHT is returning! Hiding places, chases, and all the games are back... BANKSBuried in the shadows of the city, there’s a hotel called The Pope. Ailing, empty, and dark—it sits abandoned and surrounded by a forgotten mystery.But you think it’s true, don’t you, Kai Mori? The story about the hidden twelfth floor. The mystery of the dark guest who never checked in and never checks out. You think I can help you find that secret hideaway and get to him, don’t you?You and your friends can try to scare me. You can try to push me. Because even though I struggle to hide everything I feel when you look at me—and have ever since I was a girl—I think maybe what you seek is so much closer than you’ll ever realize.I will never betray him.So sit tight.On Devil’s Night, the hunt will be coming to you.KAIYou have no idea what I seek, Little One. You don’t know what I had to become to survive three years in prison for a crime I would gladly commit again.No one can know what I’ve turned into.I want that hotel, I want to find him, and I want this over.I want my life back.But the more I’m around you, the more I realize this new me is exactly who I was meant to be.So come on, kid. Don’t chicken out. My house is on the hill. So many ways in, and good luck finding your way out.I’ve seen your hideaway. Time to see mine.*Hideaway is a romantic suspense suitable for ages 18+. While the romance is a stand-alone, the plot is a continuation of events that began in CORRUPT (Devil's Night, #1). It is strongly recommended that you have read Corrupt prior to reading this."
Piranesi,Susanna Clarke,United Kingdom,4.4,"['Fantasy', 'Fiction', 'Mystery', 'Adult', 'Mythology', 'Science Fiction', 'Magical Realism', 'Science Fiction Fantasy', 'Literary Fiction', 'Novels']",English,w,"From the New York Times bestselling author of Jonathan Strange & Mr Norrell, an intoxicating, hypnotic new novel set in a dreamlike alternative reality.Piranesi's house is no ordinary building: its rooms are infinite, its corridors endless, its walls are lined with thousands upon thousands of statues, each one different from all the others. Within the labyrinth of halls an ocean is imprisoned; waves thunder up staircases, rooms are flooded in an instant. But Piranesi is not afraid; he understands the tides as he understands the pattern of the labyrinth itself. He lives to explore the house.There is one other person in the house—a man called The Other, who visits Piranesi twice a week and asks for help with research into A Great and Secret Knowledge. But as Piranesi explores, evidence emerges of another person, and a terrible truth begins to unravel, revealing a world beyond the one Piranesi has always known.For readers of Neil Gaiman's The Ocean at the End of the Lane and fans of Madeline Miller's Circe, Piranesi introduces an astonishing new world, an infinite labyrinth, full of startling images and surreal beauty, haunted by the tides and the clouds."
Testimony,Anita Shreve,United States,3.57,"['Fiction', 'Contemporary', 'Adult Fiction', 'Audiobook', 'Mystery', 'Drama', 'Adult', 'Boarding School', 'Chick Lit', 'Literary Fiction']",English,m,"Librarian's note: An alternate cover edition can be found hereAt a New England boarding school, a sex scandal is about to break. Even more shocking than the sexual acts themselves is the fact that they were caught on videotape. A Pandora's box of revelations, the tape triggers a chorus of voices--those of the men, women, teenagers, and parents involved in the scandal--that details the ways in which lives can be derailed or destroyed in one foolish moment. Writing with a pace and intensity surpassing even her own greatest work, Anita Shreve delivers in Testimony a gripping emotional drama with the impact of a thriller. No one more compellingly explores the dark impulses that sway the lives of seeming innocents, the needs and fears that drive ordinary men and women into intolerable dilemmas, and the ways in which our best intentions can lead to our worst transgressions."
Marta,"Горјан Петревски, Gorjan Petrevski",South Africa,4.42,"['Young Adult', 'Romance']",Macedonian,w,
Thirst,Claire Farrell,Belgium,3.76,"['Vampires', 'Paranormal', 'Fantasy', 'Urban Fantasy', 'Young Adult', 'Romance', 'Paranormal Romance', 'Supernatural', 'Fiction', 'Magic']",English,w,"Ava Delaney calls herself a hybrid - a living, breathing human who happens to have vampire poison running through her veins. The only thing greater than her thirst for human blood is her capacity for guilt. She does her best to avoid the human world, for everyone's sake.When Ava accidentally enslaves a human while saving him from a vampire, she realises she has to look for help setting him free. Despite her misgivings, she expands her world but finds herself dragged into a possible vampire civil war. With the help of some new friends with ambiguous loyalties, she tries to find a way to keep her human, and herself, alive."
The Horse Dancer,Jojo Moyes,United Kingdom,3.96,"['Fiction', 'Romance', 'Chick Lit', 'Contemporary', 'Horses', 'Animals', 'Audiobook', 'Adult Fiction', 'Adult', 'Family']",English,w,"In a hidden corner of London, Henri Lachapelle is teaching his granddaughter and her horse to defy gravity, just as he had done in France, fifty years previously. But when disaster strikes, fourteen-year-old Sarah is left to fend for herself. Forced to share a house with her charismatic ex-husband, her professional judgement called into question, lawyer Natasha Macauley's life seems to have gone awry. When her path crosses that of Sarah, she sees a chance to put things right. But she doesn't know that Sarah is keeping a secret... one that will chance all of their lives."
Rain,Shaun Harbinger,Finland,3.74,"['Zombies', 'Horror', 'Fiction', 'Post Apocalyptic', 'Apocalyptic', 'Dystopia', 'Science Fiction', 'Survival']",English,w,"The dead rise...  A doctor returning from the mountains of India unknowingly brings a deadly virus to the western world. The nightmare begins.  Society crumbles...  Alex Harley is hiking with three friends when all media channels shut down to be replaced with the Emergency Broadcast. Civilians are warned to stay in their homes. Isolated and afraid, the four friends begin a fight for survival.  The end of the world is here...  The military sets up Survivor Camps to separate the infected from the uninfected. As a U.N. rescue mission is put into operation to save survivors from the clutches of the zombies, Alex and his friends must deal with the undead and power-crazed soldiers.  But while they fight to survive, the authorities consider drastic measures to rid the world of monsters..."
Not That Kind of Girl,Siobhan Vivian,United States,3.62,"['Young Adult', 'Romance', 'Contemporary', 'Realistic Fiction', 'Chick Lit', 'High School', 'Fiction', 'Teen', 'Young Adult Contemporary', 'Contemporary Romance']",English,w,"Natalie Sterling wants to be in control. She wants her friends to be loyal. She wants her classmates to elect her student council president. She wants to find the right guy, not the usual jerk her school has to offer. She wants a good reputation, because she believes that will lead to good things.  But life is messy, and it's very hard to be in control of it. Not when there are freshman girls running around in a pack, trying to get senior guys to sleep with them. Not when your friends have secrets they're no longer comfortable sharing. Not when the boy you once dismissed ends up being the boy you want to sleep with yourself - but only in secret, with nobody ever finding out.  Slut or saint? Winner or loser? Natalie is getting tired of these forced choices - and is now going to find a way to live life in the sometimes messy, sometimes wonderful in-between. "
Best Kept Secret,Jeffrey Archer,United Kingdom,3.99,"['Fiction', 'Historical Fiction', 'Mystery', 'Audiobook', 'Historical', 'Drama', 'Thriller', 'British Literature', 'Family', 'Adult Fiction']",English,m,"The third novel in Jeffrey Archer’s compelling saga, the Clifton Chronicles1945. The vote in the House of Lords as to who should inherit the Barrington family fortune has ended in a tie. The Lord Chancellor’s deciding vote will cast a long shadow on the lives of Harry Clifton and Giles Barrington.Harry returns to America to promote his latest novel, while his beloved Emma goes in search of the little girl who was found abandoned in her father’s office on the night he was killed.When the General Election is called, Giles Barrington has to defend his seat in the House of Commons and is horrified to discover who the Conservatives select to stand against him. But it is Sebastian Clifton, Harry and Emma’s son, who ultimately influences his uncle’s fate.In 1957, Sebastian wins a scholarship to Cambridge, and a new generation of the Clifton family march onto the page. After Sebastian is expelled from school, he unwittingly becomes caught up in an international art fraud involving a Rodin statue that is worth far more than the sum it raises at auction. Does he become a millionaire? Does he go to Cambridge? Is his life in danger?"
Saint Odd,Dean Koontz,United States,4.16,"['Horror', 'Fiction', 'Fantasy', 'Thriller', 'Mystery', 'Paranormal', 'Supernatural', 'Suspense', 'Urban Fantasy', 'Adventure']",English,m,"The future is haunting Odd Thomas.The carnival has returned to Pico Mundo, the same one that came to town when Odd was just sixteen. Odd is drawn to an arcade tent where he discovers Gypsy Mummy, the fortune-telling machine that told him that he and Stormy Llewellyn were destined to be together forever.But Stormy is dead and Pico Mundo is under threat once more. History seems to be repeating itself as Odd grapples with a satanic cult intent on bringing destruction to his town. An unseasonal storm is brewing, and as the sky darkens and the sun turns blood-red, it seems that all of nature is complicit in their plans.Meanwhile Odd is having dreams of a drowned Pico Mundo, where the submerged streetlamps eerily light the streets. But there’s no way Pico Mundo could wind up underwater . . . could it?"
Dear Life,Meghan Quinn,Canada,4.42,"['Romance', 'New Adult', 'Contemporary', 'Contemporary Romance', 'Love', 'Sports', 'Audiobook', 'Adult', 'Fiction', 'Chick Lit']",,w,"Four lives. Four stories. Four sets of letters. Four brave souls in need of guidance while facing life's greatest challenges.  The anonymously published Dear Life program is designed to help them step outside of their comfort zones, face their obstacles, and relinquish their demons...and prove their existence.  With their lives teetering between wanting more and losing it all, all four souls dive into the program as a New Year’s resolution, sending them on a crazy, life-altering journey.  Dear Life,  Please be kind.  Yours truly, Hollyn, Jace, Daisy, and Carter."
Feversong,Karen Marie Moning,United States,4.38,"['Fantasy', 'Urban Fantasy', 'Paranormal', 'Romance', 'Paranormal Romance', 'Fae', 'Adult', 'Magic', 'Fiction', 'Supernatural']",English,w,"#1 New York Times bestselling author Karen Marie Moning returns with the epic conclusion to her pulse-pounding Fever series, where a world thrown into chaos grows more treacherous at every turn. As Mac, Barrons, Ryodan, and Jada struggle to restore control, enemies become allies, right and wrong cease to exist, and the lines between life and death, lust and love, disappear completely.Black holes loom menacingly over Dublin, threatening to destroy the Earth. Yet the greatest danger is the one MacKayla Lane has unleashed from within: the Sinsar Dubh—a sentient book of unthinkable evil—has possessed her body and will stop at nothing in its insatiable quest for power.The fate of Man and Fae rests on destroying the book and recovering the long-lost Song of Making, the sole magic that can repair the fragile fabric of the Earth. But to achieve these aims, sidhe-seers, the Nine, Seelie, and Unseelie must form unlikely alliances and make heart-wrenching choices. For Barrons and Jada, this means finding the Seelie Queen who alone can wield the mysterious song, negotiating with a lethal Unseelie prince hell-bent on ruling the Fae courts, and figuring out how to destroy the Sinsar Dubh while keeping Mac alive.This time, there’s no gain without sacrifice, no pursuit without risk, no victory without irrevocable loss. In the battle for Mac’s soul, every decision exacts a tremendous price."
Win,Vera Nazarian,Greece,4.46,"['Science Fiction', 'Young Adult', 'Fantasy', 'Dystopia', 'Romance', 'Aliens', 'Fiction', 'Science Fiction Fantasy', 'Action']",English,m,"The Games are Forever!It’s one thing to Qualify and Compete…Now she must Win.Gwen Lark, nerd, geek, and awkward smart girl, is among the lucky ones. She’s one of several million teenage refugees to escape the extinction-level asteroid barreling towards Earth and reach the ancient colony planet of Atlantis.But Atlantis is a strange new world with higher gravity and a blazing white sun, where nothing is as expected. The new arrivals from Earth will now belong to the majority class of non-citizens who face a lifetime of hard work and limited rights.To make matters worse, Gwen’s rare and powerful talent, her Logos voice, is viewed as a potential weapon to be exploited by the Imperator, as well as a threat to the Kassiopei Imperial Dynasty and its uncompromising control over the people of Atlantis.A last-minute heartbreak prior to arrival turns to joy, when Gwen receives a declaration of love from an unexpected source. The Wedding date is set, but before she can be joined with her true love, she is forced to compete in the brutal and deadly Games of the Atlantis Grail to save herself, her family, friends, and everything she cares about. Once again, her intelligence, quick thinking skills, resilience, and creativity are challenged to the breaking point.The Games are monumental, intricate, lethal . . . and the Games are Forever.This time Gwen must fight and figure her way through the most difficult and sophisticated contest she has ever faced. Terrifying Ordeals and impossible Challenges, ruthless skilled Competitors, vicious secret assassins, and dubious teammates she must work with but cannot trust, are just the beginning. . . .Meanwhile, as the Games rage, the fate of two worlds is at stake as a new alien threat looms over Earth and Atlantis.But Gwen Lark has a secret weapon of her own. It’s not her Logos voice and its untapped power to control orichalcum technology and perpetuate change.It is Gwen herself.WIN is the third book in The Atlantis Grail series."
Beyond the Ice Limit,"Douglas Preston , Lincoln Child",United States,3.93,"['Thriller', 'Fiction', 'Science Fiction', 'Adventure', 'Mystery', 'Suspense', 'Action', 'Audiobook', 'Horror', 'Mystery Thriller']",English,"m, m","Warning: BEYOND THE ICE LIMIT is the sequel to THE ICE LIMIT. While BEYOND is a stand-alone novel, we want to warn potential readers that the copy below contains serious spoilers for THE ICE LIMIT, for those who wish to read that book first.That thing is growing again. We must destroy it. The time to act is now...With these words begins Gideon Crew's latest, most dangerous, most high-stakes assignment yet. Failure will mean nothing short of the end of humankind on earth.Five years ago, the mysterious and inscrutable head of Effective Engineering Solutions, Eli Glinn, led a mission to recover a gigantic meteorite--the largest ever discovered--from a remote island off the coast of South America. The mission ended in disaster when their ship, the Rolvaag, foundered in a vicious storm in the Antarctic waters and broke apart, sinking-along with its unique cargo-to the ocean floor. One hundred and eight crew members perished, and Eli Glinn was left paralyzed.But this was not all. The tragedy revealed something truly terrifying: the meteorite they tried to retrieve was not, in fact, simply a rock. Instead, it was a complex organism from the deep reaches of space.Now, that organism has implanted itself in the sea bed two miles below the surface-and it is growing. If it is not destroyed, the planet will be doomed. There is only one hope: for Glinn and his team to annihilate it, a task which requires Gideon's expertise with nuclear weapons. But as Gideon and his colleagues soon discover, the ""meteorite"" has a mind of its own-and it has no intention of going quietly...
  
"
No Safe House,Linwood Barclay,Canada,3.75,"['Thriller', 'Mystery', 'Fiction', 'Crime', 'Suspense', 'Mystery Thriller', 'Canada', 'Audiobook', 'Detective', 'Adult Fiction']",English,m,"The New York Times bestselling author delivers the follow-up to No Time for Goodbye--an electrifying novel of suspense in which a family's troubled past is about to return in more ways than one. And this time, they may not be able to escape....Seven years ago, Terry Archer and his family experienced a horrific ordeal that nearly cost them their lives. Today, the echoes of that fateful night are still audible, and Terry is struggling to keep his family together.But when his daughter Grace foolishly follows her delinquent boyfriend into a strange house, the Archers must do more than stay together. They must survive. Because now they have all been unwillingly drawn into the shadowy depths of their seemingly idyllic hometown. And they will soon learn that there are some things people value much more than money, and will do anything to get.Caught in a labyrinth between family loyalty and ultimate betrayal, Terry must find a way to extricate his family from a lethal situation he doesn't fully comprehend. All he knows is that in order to stay alive, he may need to do the unthinkable..."
Evvie Drake Starts Over,Linda Holmes,United States,3.86,"['Romance', 'Fiction', 'Contemporary', 'Chick Lit', 'Audiobook', 'Adult', 'Adult Fiction', 'Contemporary Romance', 'Sports', 'Realistic Fiction']",English,w,"In a sleepy seaside town in Maine, recently widowed Eveleth “Evvie” Drake rarely leaves her large, painfully empty house nearly a year after her husband’s death in a car crash. Everyone in town, even her best friend, Andy, thinks grief keeps her locked inside, and Evvie doesn’t correct them.Meanwhile, in New York City, Dean Tenney, former Major League pitcher and Andy’s childhood best friend, is wrestling with what miserable athletes living out their worst nightmares call the “yips”: he can’t throw straight anymore, and, even worse, he can’t figure out why. As the media storm heats up, an invitation from Andy to stay in Maine seems like the perfect chance to hit the reset button on Dean’s future.When he moves into an apartment at the back of Evvie’s house, the two make a deal: Dean won’t ask about Evvie’s late husband, and Evvie won’t ask about Dean’s baseball career. Rules, though, have a funny way of being broken—and what starts as an unexpected friendship soon turns into something more. To move forward, Evvie and Dean will have to reckon with their pasts—the friendships they’ve damaged, the secrets they’ve kept—but in life, as in baseball, there’s always a chance—up until the last out."
Black-Eyed Susans,Julia Heaberlin,United States,3.77,"['Mystery', 'Thriller', 'Fiction', 'Suspense', 'Mystery Thriller', 'Crime', 'Psychological Thriller', 'Adult', 'Audiobook', 'Contemporary']",English,w,"For fans of Laura Lippman and Gillian Flynn comes an electrifying novel of stunning psychological suspense.I am the star of screaming headlines and campfire ghost stories.I am one of the four Black-Eyed Susans.The lucky one.   As a sixteen-year-old, Tessa Cartwright was found in a Texas field, barely alive amid a scattering of bones, with only fragments of memory as to how she got there. Ever since, the press has pursued her as the lone surviving “Black-Eyed Susan,” the nickname given to the murder victims because of the yellow carpet of wildflowers that flourished above their shared grave. Tessa’s testimony about those tragic hours put a man on death row.   Now, almost two decades later, Tessa is an artist and single mother. In the desolate cold of February, she is shocked to discover a freshly planted patch of black-eyed susans—a summertime bloom—just outside her bedroom window. Terrified at the implications—that she sent the wrong man to prison and the real killer remains at large—Tessa turns to the lawyers working to exonerate the man awaiting execution. But the flowers alone are not proof enough, and the forensic investigation of the still-unidentified bones is progressing too slowly. An innocent life hangs in the balance. The legal team appeals to Tessa to undergo hypnosis to retrieve lost memories—and to share the drawings she produced as part of an experimental therapy shortly after her rescue.   What they don’t know is that Tessa and the scared, fragile girl she was have built a  fortress of secrets. As the clock ticks toward the execution, Tessa fears for her sanity, but even more for the safety of her teenaged daughter. Is a serial killer still roaming free, taunting Tessa with a trail of clues? She has no choice but to confront old ghosts and lingering nightmares to finally discover what really happened that night.   Shocking, intense, and utterly original, Black-Eyed Susans is a dazzling psychological thriller, seamlessly weaving past and present in a searing tale of a young woman whose harrowing memories remain in a field of flowers—as a killer makes a chilling return to his garden."
The Invisible Life of Addie LaRue,V.E. Schwab,United States,4.49,"['Fantasy', 'Historical Fiction', 'Fiction', 'Adult', 'Romance', 'Historical', 'Paranormal', 'Adult Fiction', 'LGBT', 'Young Adult']",English,w,"France, 1714: in a moment of desperation, a young woman makes a Faustian bargain to live forever-and is cursed to be forgotten by everyone she meets. Thus begins the extraordinary life of Addie LaRue, and a dazzling adventure that will play out across centuries and continents, across history and art, as a young woman learns how far she will go to leave her mark on the world. But everything changes when, after nearly 300 years, Addie stumbles across a young man in a hidden bookstore, and he remembers her name.In the vein of The Time Traveler's Wife and Life After Life, The Invisible Life of Addie LaRue is New York Times bestselling author V. E. Schwab's #1 New York Times Bestselling Author genre-defying tour de force."
Because You Are Mine,Beth Kery,United States,3.86,"['Romance', 'Erotica', 'BDSM', 'Contemporary Romance', 'Erotic Romance', 'Contemporary', 'Adult', 'Fiction', 'Chick Lit', 'M F Romance']",English,w,"NEW YORK TIMES and USA TODAY Bestselling Author Beth Kery presents Because You Are Mine, an exciting tale of erotic obsession.When they met, the instant attraction was unmistakable…a purely, exquisitely physical charge. Succumbing to their desires is the easy part. But when passion opens the door to an intimacy neither has known, can a man known for being unbendable learn to love?"
Before,Melissa Pearl,United States,3.99,"['Young Adult', 'Novella', 'Contemporary', 'Romance', 'Short Stories', 'New Adult', 'Fantasy', 'Paranormal', 'Realistic Fiction', 'Coming Of Age']",English,w,"Dale Finnigan is a teenage rebel; he lives for parties, girls and joy riding in stolen cars. In spite of his uptight parents' constant warnings and lectures, he continues to run wild. His crazy lifestyle is the only way he can live and feel free… Until his reckless behavior takes him down a path where there is no going back.In this prequel to BETWIXT, find out who Dale Finnigan was before he became known as“scar-face”—the unassuming hero everyone underestimates.WARNING: This book is intended for mature teens due to coarse language and mature content."
Dark Soul,Tenaya Jayne,Argentina,4.19,"['Fantasy', 'Paranormal', 'Vampires', 'Romance', 'Audiobook', 'Paranormal Romance', 'Magic', 'Fae']",English,w,"Thief. Murderess. Sacrificial messenger. Netriet has faced death many times but she never consented to the transformation she endured the last time her life was pulled back from the edge of death. She’s compelled to live a solitary life for fear the shadow inside her will terrify others. Lonely, Netriet longs for acceptance and friendship. Joining up with the Fair, a haven for misfits, she believes she’s found home and love with Merick.The ghosts of Merick’s past haunt him. Helplessly attracted to Netriet, he’s sworn to help her destroy the shadow within, but losing his heart to her cripples him with fear. Mistakes and misunderstanding push her away and Merick’s forced to watch her flee into the arms of another man.Torn between two men, Netriet’s true nature is drawn to one, while the shadow yearns for the other. At war with the darkness, Netriet must choose, or let the shadow swallow her completely.The fate of Regia's new republic hangs in the balance as a new enemy arises, backed by a group of violent insurgents bent on destroying everything Forest has worked for. Desperate for intelligence about the terrorist group, Forest learns the leader wants not only to claim the throne, but also her life."
Surprise Me,Sophie Kinsella,Spain,3.43,"['Chick Lit', 'Fiction', 'Romance', 'Contemporary', 'Audiobook', 'Adult', 'Adult Fiction', 'Humor', 'Contemporary Romance', 'Womens Fiction']",English,w,"After being together for ten years, Sylvie and Dan have all the trimmings of a happy life and marriage; they have a comfortable home, fulfilling jobs, beautiful twin girls, and communicate so seamlessly, they finish each other’s sentences. However, a trip to the doctor reveals they could live another 68 years together… and panic sets in. They never expected ‘until death do us part’ to mean seven decades.In the name of marriage survival, they quickly concoct a plan to keep their relationship fresh and exciting: they will create little surprises for each other so that their (extended) years together will never become boring.But in their pursuit to execute Project Surprise Me, mishaps arise and secrets are uncovered that start to threaten the very foundation of their unshakeable bond. When a scandal from the past is revealed that questions some important untold truths, they begin to wonder if they ever really knew each other after all…"
The Spy,Paulo Coelho,Brazil,3.35,"['Historical Fiction', 'Fiction', 'Historical', 'Novels', 'Audiobook', 'Adult', 'France', 'War', 'Espionage', 'Adult Fiction']",English,m,"When Mata Hari arrived in Paris she was penniless.Soon she was feted as the most elegant woman in the city.A dancer who shocked and delighted audiences; a confidant and courtesan who bewitched the era’s richest and most powerful men.But as paranoia consumed a country at war, Mata Hari’s lifestyle brought her under suspicion. Until, in 1917 she was arrested in her hotel room on the Champs Elysees and accused of espionage.Told through Mata's final letter, THE SPY tells the unforgettable story of a woman who dared to break the conventions of her time, and paid the price."
The Three,Sarah Lotz,United Kingdom,3.32,"['Horror', 'Fiction', 'Thriller', 'Mystery', 'Science Fiction', 'Fantasy', 'Suspense', 'Supernatural', 'Mystery Thriller', 'Adult']",English,w,"Four simultaneous plane crashes. Three child survivors. A religious fanatic who insists the three are harbingers of the apocalypse. What if he's right?The world is stunned when four commuter planes crash within hours of each other on different continents. Facing global panic, officials are under pressure to find the causes. With terrorist attacks and environmental factors ruled out, there doesn't appear to be a correlation between the crashes, except that in three of the four air disasters a child survivor is found in the wreckage. Dubbed 'The Three' by the international press, the children all exhibit disturbing behavioural problems, presumably caused by the horror they lived through and the unrelenting press attention. This attention becomes more than just intrusive when a rapture cult led by a charismatic evangelical minister insists that the survivors are three of the four harbingers of the apocalypse. The Three are forced to go into hiding, but as the children's behaviour becomes increasingly disturbing, even their guardians begin to question their miraculous survival."
The Flight Attendant,Chris Bohjalian,United States,3.48,"['Fiction', 'Mystery', 'Thriller', 'Audiobook', 'Mystery Thriller', 'Suspense', 'Adult Fiction', 'Adult', 'Crime', 'Contemporary']",English,m,"Cassandra Bowden is no stranger to hungover mornings. She's a binge drinker, her job with the airline making it easy to find adventure, and the occasional blackouts seem to be inevitable. She lives with them, and the accompanying self-loathing. When she awakes in a Dubai hotel room, she tries to piece the previous night back together, already counting the minutes until she has to catch her crew shuttle to the airport. She quietly slides out of bed, careful not to aggravate her already pounding head, and looks at the man she spent the night with. She sees his dark hair. His utter stillness. And blood, a slick, still wet pool on the crisp white sheets. Afraid to call the police—she's a single woman alone in a hotel room far from home—Cassie begins to lie. She lies as she joins the other flight attendants and pilots in the van. She lies on the way to Paris as she works the first class cabin. She lies to the FBI agents in New York who meet her at the gate. Soon it's too late to come clean—or face the truth about what really happened back in Dubai. Could she have killed him? If not, who did?"
The Muse,Suzie Carr,United Kingdom,3.73,"['Lesbian', 'LGBT', 'Romance', 'Lesbian Fiction', 'Lesbian Romance']",English,w,"At twenty-nine, Jane Knoll is convinced that she will never experience her first kiss. Bullied as a teenager, she lives life under a veil of insecurity and loneliness. Her social life consists of television reruns and a weekly laundry night with her neighbor, Larry. Then, hope rises when Jane starts following her beautiful, magnetic co-worker Eva on Twitter.  Under the protective disguise of an alter ego, Jane experiences the joy of flirting and the rush of euphoria. Eva and Jane quickly launch into an online love affair that brings out the best in Jane. Behind the safety of her laptop screen, she becomes confident and empowered with purpose and talent. But face-to-face, Jane is nothing more than Eva’s nondescript, clumsy co-worker—a social catastrophe.  For the first time in her life, Jane has discovered true bliss—happiness in love, newfound success in a writing career, and the chance to make a difference in the world. But can she live the rest of her life as an alter ego? Is she brave enough to reveal her true identity and risk squandering it all?"
All Your Perfects,Colleen Hoover,United States,4.28,"['Romance', 'Contemporary', 'New Adult', 'Fiction', 'Contemporary Romance', 'Adult', 'Audiobook', 'Chick Lit', 'Adult Fiction', 'Drama']",English,w,"Colleen Hoover delivers a tour de force novel about a troubled marriage and the one old forgotten promise that might be able to save it.Quinn and Graham’s perfect love is threatened by their imperfect marriage. The memories, mistakes, and secrets that they have built up over the years are now tearing them apart. The one thing that could save them might also be the very thing that pushes their marriage beyond the point of repair.All Your Perfects is a profound novel about a damaged couple whose potential future hinges on promises made in the past. This is a heartbreaking page-turner that asks: Can a resounding love with a perfect beginning survive a lifetime between two imperfect people?"
The Quest,Dani Hoots,United States,3.97,"['Science Fiction', 'Fiction', 'Fantasy', 'Young Adult', 'Science Fiction Fantasy']",English,m,"Eleven years ago, my life was ripped away from me. My father, my brother, my humanity. Everything. I was thrown into the Kamps, created to be a mindless machine. But I fought against it, not letting them take away my memories of the past. And I succeeded. It has been seven years since I was taken out of the Kamps and made into the Emperor's Shadow. Now I only take orders from him, and him alone, without questions. That is, until my brother, who I thought was dead, shows up and kidnaps me in order to help him find some long lost planetthat our father used to tell stories about. According to the legend, and who finds the planet Sanshll can rewrite the past, and my brother wants to use it to destroy the Empire. My loyalty will always be to the Emperor. But what if this planet is real? The longer I stay with my brother, the more I begin to find that the Emperor has been keeping secrets from me. But I can't turn my back on him... Or can I?"
On the Way to the Wedding,Julia Quinn,United States,3.84,"['Historical Romance', 'Romance', 'Historical', 'Historical Fiction', 'Regency', 'Fiction', 'Regency Romance', 'Adult', 'Chick Lit', 'British Literature']",English,w,"A funny thing happened... Unlike most men of his acquaintance, Gregory Bridgerton believes in true love. And he is convinced that when he finds the woman of his dreams, he will know in an instant that she is the one. And that is exactly what happened. Except... She wasn't the one. In fact, the ravishing Miss Hermione Watson is in love with another. But her best friend, the ever-practical Lady Lucinda Abernathy, wants to save Hermione from a disastrous alliance, so she offers to help Gregory win her over. But in the process, Lucy falls in love. With Gregory! Except... Lucy is engaged. And her uncle is not inclined to let her back out of the betrothal, even once Gregory comes to his senses and realizes that it is Lucy, with her sharp wit and sunny smile, who makes his heart sing. And now, on the way to the wedding, Gregory must risk everything to ensure that when it comes time to kiss the bride, he is the only man standing at the altar..."
Canada,Richard Ford,United States,3.51,"['Fiction', 'Canada', 'Literary Fiction', 'Contemporary', 'Novels', 'Coming Of Age', 'Literature', 'Book Club', 'Crime', 'Audiobook']",English,m,"""First, I'll tell about the robbery our parents committed. Then about the murders, which happened later.""When fifteen-year-old Dell Parsons' parents rob a bank, his sense of normal life is forever altered. In an instant, this private cataclysm drives his life into before and after, a threshold that can never be uncrossed.His parents' arrest and imprisonment mean a threatening and uncertain future for Dell and his twin sister, Berner. Willful and burning with resentment, Berner flees their home in Montana, abandoning her brother and her life. But Dell is not completely alone. A family friend intervenes, spiriting him across the Canadian border, in hopes of delivering him to a better life. There, afloat on the prairie of Saskatchewan, Dell is taken in by Arthur Remlinger, an enigmatic and charismatic American whose cool reserve masks a dark and violent nature.Undone by the calamity of his parents' robbery and arrest, Dell struggles under the vast prairie sky to remake himself and define the adults he thought he once knew. But his search for grace and peace only moves him nearer to a harrowing and murderous collision with Remlinger, an elemental force of darkness.A true masterwork of haunting and spectacular vision from one of America's greatest writers, Canada is a profound novel of boundaries traversed, innocence lost and reconciled, and the mysterious and consoling bonds of family. Told in spare, elegant prose, both resonant and luminous, it is destined to become a modern classic."
Darkest Fear,Cate Tiernan,United States,3.86,"['Young Adult', 'Fantasy', 'Paranormal', 'Supernatural', 'Shapeshifters', 'Romance', 'Fiction', 'Urban Fantasy', 'Teen', 'Paranormal Romance']",English,m,"Vivi’s animal instincts are her legacy—and maybe her downfall—in this start to a romantic fantasy series that will appeal to fans of The Nine Lives of Chloe King.Vivi has known the truth about her family—and herself—since she was thirteen. But that doesn’t mean she’s accepted it. Being Haguari isn’t something she feels she’ll ever accept. How can she feel like anything but a freak knowing that it’s in her genes to turn into a jaguar?Now eighteen, Vivi’s ready to break away from the traditions of her heritage. But all of that changes with the shocking, devastating deaths of her parents and the mysteries left behind. Vivi discovers family she never even knew she had, and a life open with possibility. New friends, new loyalties, and even romance all lay ahead—but so do dangers unlike anything Vivi ever could have imagined."
Lamentation,C.J. Sansom,United Kingdom,4.41,"['Historical Fiction', 'Mystery', 'Fiction', 'Historical', 'Crime', 'Historical Mystery', 'Tudor Period', 'British Literature', 'Mystery Thriller', '16th Century']",English,m,"As Henry VIII lies on his deathbed, an incendiary manuscript threatens to tear his court apart in the new installment of C.J. Sansom's Shardlake series.Autumn, 1546. King Henry VIII is slowly, painfully dying. His Protestant and Catholic councillors prepare for a final and decisive power struggle; whoever wins will control the government. The Catholics decide to focus their attack on Henry's sixth wife, the Protestant Queen Catherine Parr. As Catherine begins to lose the King's favour, she turns to the shrewd, hunchbacked lawyer, Matthew Shardlake, to contain a potentially fatal secret.The Queen has written a confessional book, Lamentation of a Sinner, a memoir so radical that if it came to the King's attention, it could bring her and her courtly sympathizers to ruination. The London printer into whose hands she entrusted the manuscript has been murdered, the book nowhere to be found.Shardlake's investigations take him down a trail that begins among printshops in the filthy backstreets of London, but leads him once more to the labyrinthine world of court politics, where Protestant friends can be as dangerous as Catholic enemies, and those who will support either side to further their ambition are the most dangerous of all."
The Secrets She Keeps,Deb Caletti,Australia,3.28,"['Chick Lit', 'Historical', 'Adult', 'Fiction', 'Mystery', 'Contemporary', 'Historical Fiction', 'Romance', 'Womens Fiction', 'Adult Fiction']",English,m,"From Deb Caletti, the bestselling and National Book Award finalist, comes a novel about the immutable, enduring and ever-present conflicts of love, marriage and breaking apart. Perfect for readers of Kristin Hannah, Liane Moriarty, and Anna Quindlen.A trio of women gather at their aunt’s once famous Nevada “divorce ranch,” where in the 1950’s, high-society women and Hollywood elite gathered to obtain quickie divorces. As they tackle their own conflicts of love and marriage, past and present collide when secrets of the ranch’s tumultuous history are revealed.Here is a story of the pull of stability versus the inevitability of change, the therapeutic power of female friendship, and the astonishment of finding yourself just when you’ve convinced yourself that you’re lost. More than anything, it’s about love’s most timeless struggle—losing your heart while keeping your head."
Us Against You,Fredrik Backman,Sweden,4.33,"['Fiction', 'Contemporary', 'Audiobook', 'Sports', 'Adult', 'Adult Fiction', 'Literary Fiction', 'Sweden', 'LGBT', 'Family']",English,m,"After everything that the citizens of Beartown have gone through, they are struck yet another blow when they hear that their beloved local hockey team will soon be disbanded. What makes it worse is the obvious satisfaction that all the former Beartown players, who now play for a rival team in Hed, take in that fact. Amidst the mounting tension between the two rivals, a surprising newcomer is handpicked to be Beartown’s new hockey coach.Soon a new team starts to take shape around Amat, the fastest player you’ll ever see; Benji, the intense lone wolf; and Vidar, a born-to-be-bad troublemaker. But bringing this team together proves to be a challenge as old bonds are broken, new ones are formed, and the enmity with Hed grows more and more acute.As the big match approaches, the not-so-innocent pranks and incidents between the communities pile up and their mutual contempt grows deeper. By the time the last game is finally played, a resident of Beartown will be dead, and the people of both towns will be forced to wonder if, after all they’ve been through, the game they love can ever return to something simple and innocent."
Beren and Lúthien,J.R.R. Tolkien,United Kingdom,3.98,"['Fantasy', 'Fiction', 'Classics', 'High Fantasy', 'Poetry', 'Romance', 'Epic Fantasy', 'Literature', 'Science Fiction Fantasy', 'Adventure']",English,m,"The tale of Beren and Lúthien was, or became, an essential element in the evolution of The Silmarillion, the myths and legends of the First Age of the World conceived by J.R.R. Tolkien. Returning from France and the battle of the Somme at the end of 1916, he wrote the tale in the following year. Essential to the story, and never changed, is the fate that shadowed the love of Beren and Lúthien: for Beren was a mortal man, but Lúthien was an immortal elf. Her father, a great elvish lord, in deep opposition to Beren, imposed on him an impossible task that he must perform before he might wed Lúthien. This is the kernel of the legend; and it leads to the supremely heroic attempt of Beren and Lúthien together to rob the greatest of all evil beings, Melkor, called Morgoth, the Black Enemy, of a Silmaril. In this book Christopher Tolkien has attempted to extract the story of Beren and Lúthien from the comprehensive work in which it was embedded; but that story was itself changing as it developed new associations within the larger history. To show something of the process whereby this legend of Middle-earth evolved over the years, he has told the story in his father's own words by giving, first, its original form, and then passages in prose and verse from later texts that illustrate the narrative as it changed. Presented together for the first time, they reveal aspects of the story, both in event and in narrative immediacy, that were afterwards lost. Published on the tenth anniversary of the last Middle-earth book, the international bestseller The Children of Húrin, this new volume will similarly include drawings and color plates by Alan Lee, who also illustrated The Lord of the Rings and The Hobbit and went on to win Academy Awards for his work on The Lord of the Rings film trilogy. "
The Wrong Side of Goodbye,Michael Connelly,United States,4.33,"['Mystery', 'Fiction', 'Crime', 'Thriller', 'Detective', 'Mystery Thriller', 'Audiobook', 'Suspense', 'Adult', 'Adult Fiction']",English,m,"Harry Bosch is California's newest private investigator. He doesn't advertise, he doesn't have an office, and he's picky about who he works for, but it doesn't matter. His chops from thirty years with the LAPD speak for themselves.Soon one of Southern California's biggest moguls comes calling. The reclusive billionaire is nearing the end of his life and is haunted by one regret. When he was young, he had a relationship with a Mexican girl, his great love. But soon after becoming pregnant, she disappeared. Did she have the baby? And if so, what happened to it?Desperate to know whether he has an heir, the dying magnate hires Bosch, the only person he can trust. With such a vast fortune at stake, Harry realizes that his mission could be risky not only for himself but for the one he's seeking. But as he begins to uncover the haunting story--and finds uncanny links to his own past--he knows he cannot rest until he finds the truth.At the same time, unable to leave cop work behind completely, he volunteers as an investigator for a tiny cash-strapped police department and finds himself tracking a serial rapist who is one of the most baffling and dangerous foes he has ever faced."
Without Warning,John Birmingham,"United States, Israel",3.76,"['Science Fiction', 'Fiction', 'Alternate History', 'Post Apocalyptic', 'Thriller', 'Military Fiction', 'Apocalyptic', 'War', 'Action', 'Dystopia']",English,m,"In Kuwait, American forces are stacked up, locked and loaded for the invasion of Iraq. In Paris, a covert agent, a woman who inhabits a twilight of lies and death, is close to cracking a terrorist cell. And just north of the equator, a forty-foot wood-hulled sailboat, manned by a drug runner, a pirate, and two gun-slinging beauties, is witness to the unspeakable. In one instant, all around the world, for politicians and peasants, from Gaza to Geneva, things will never be the same. A wave of inexplicable energy has slammed into the continental United States.
  America, as we know it, is gone. . . .
  
    WITHOUT WARNING
  
Now U.S. soldiers are fighting a war without command or control. A correspondent records horrors for no one. Washington is gone and the line of succession is in tatters; the functioning remnants of government are in Pearl Harbor, Guantánamo Bay, and one desperate, isolated corner of the Northwest. For the jihadists, it’s Allah’s miracle. For Saddam, it’s a chance to attack. Iran declares war on an America that doesn’t exist–except in the hearts and souls of the men and women who want it to.In this astounding work of alternate fiction, John Birmingham hurtles us into a scenario that is unimaginable but shatteringly real: a world of financial ruin where a cloud of noxious waste–from America’s burning cities–darkens Europe, while men and women in offices around the globe struggle to make decisions that cannot hold and opportunists unleash their secret demons.From a slick Texas lawyer who happens to be in the right place at the right time to a hard-working city engineer in Seattle who becomes his terrified city’s only hope, from the cancer-stricken secret agent to a drug runner off the Mexican coast and a U.S. general in Cuba, Without Warning tells a fast, furious story of survival, violence, and a new, soul-shattering reality."
The Perfect Hope,Nora Roberts,United States,4.16,"['Romance', 'Contemporary Romance', 'Fiction', 'Contemporary', 'Chick Lit', 'Paranormal', 'Ghosts', 'Adult', 'Audiobook', 'Family']",English,w,"#1 New York Times bestselling author Nora Roberts introduces you to the Montgomery brothers - Beckett, Ryder, and Owen - as they bring an intimate bed-and-breakfast to life in their hometown.Ryder is the hardest Montgomery brother to figure out - with a tough-as-nails outside and possibly nothing too soft underneath. He's surly and unsociable, but when he straps on a toolbelt, no woman can resist his sexy swagger. Except, apparently, Hope Beaumont, the innkeeper of his own Inn BoonsBoro...As the former manager of a D.C. hotel, Hope is used to excitement and glamour, but that doesn't mean she can't appreciate the joys of small-town living. She's where she wants to be - except for in her love life. Her only interaction with the opposite sex has been sparring with the infuriating Ryder, who always seems to get under her skin. Still, no one can deny the electricity that crackles between them...a spark that ignited with a New Year's Eve kiss.While the inn is running smoothly, thanks to Hope's experience and unerring instincts, her big-city past is about to make an unwelcome - and embarrassing - appearance. Seeing Hope vulnerable stirs up Ryder's emotions and makes him realize that while Hope may not be perfect, she just might be perfect for him...Duration: approximately 10 hr., 14 min."
The Defector,Daniel Silva,Germany,4.3,"['Fiction', 'Thriller', 'Mystery', 'Espionage', 'Suspense', 'Mystery Thriller', 'Spy Thriller', 'Action', 'Crime', 'Audiobook']",English,m,"Six months after the dramatic conclusion of Moscow Rules, Gabriel has returned to the tan hills of Umbria to resume his honeymoon with his new wife, Chiara, and restore a seventeenth-century altarpiece for the Vatican. But his idyllic world is once again thrown into turmoil with shocking news from London. The defector and former Russian intelligence officer Grigori Bulganov, who saved Gabriel’s life in Moscow, has vanished without a trace. British intelligence is sure he was a double agent all along, but Gabriel knows better. He also knows he made a promise.Do you know what we do with traitors, Gabriel? Many things have changed in Russia since the fall of Communism. But the punishment for betrayal remains the same. Promise me one thing, Gabriel. Promise me I won't end up in an unmarked grave.In the days to come, Gabriel and his team of operatives will find themselves in a deadly duel of nerve and wits with one of the world's most ruthless men: the murderous Russian oligarch and arms dealer Ivan Kharkov. It will take him from a quiet mews in London, to the shores of Lake Como, to the glittering streets of Geneva and Zurich, and, finally, to a heart-stopping climax in the snowbound birch forests of Russia. Faced with the prospect of losing the one thing he holds most dear, Gabriel will be tested in ways he never imagined possible. And his life will never be the same."
The Valley,Barry Pilton,France,3.05,[],English,m,"It's the 1980s, and the inhabitants of Nant Valley in mid-Wales are holding out against the march of the modern world. But times are hard in the village - so when 'outsiders' wrongly believe it to be an idyll, a clash of cultures seems to be the only predictable outcome."
Friction,Sawyer Bennett,United States,4.15,"['Romance', 'Contemporary Romance', 'Contemporary', 'Erotica', 'Audiobook', 'Adult', 'Erotic Romance', 'New Adult', 'Amazon', 'Fiction']",English,w,"At the powerhouse law firm of Knight & Payne, winning comes first and ethics a distant second. Leary Michaels uses her female charms to daze opponents, and it’s always worked well—until now. On her most personal case yet, she finds herself going up against a defense attorney just as skilled, shameless, and seductive as she is.Reeve Holloway has never met a woman as sure of her own sexuality, or as ruthless in wielding it, as Leary is. But he won’t be toyed with. What Leary starts, he’ll finish—in the courtroom, the bedroom, or any-damn-place he wants. The sex is uninhibited, electrifying, and absolutely against the rules. Reeve’s job is to ruin Leary’s case…even if it destroys her in the process and costs him the woman he’s come to love."
Magpie Murders,Anthony Horowitz,United Kingdom,3.93,"['Mystery', 'Fiction', 'Crime', 'Mystery Thriller', 'Audiobook', 'Thriller', 'Adult', 'Books About Books', 'British Literature', 'Adult Fiction']",English,m,"When editor Susan Ryeland is given the manuscript of Alan Conway’s latest novel, she has no reason to think it will be much different from any of his others. After working with the bestselling crime writer for years, she’s intimately familiar with his detective, Atticus Pünd, who solves mysteries disturbing sleepy English villages. An homage to queens of classic British crime such as Agatha Christie and Dorothy Sayers, Alan’s traditional formula has proved hugely successful. So successful that Susan must continue to put up with his troubling behavior if she wants to keep her job.Conway’s latest tale has Atticus Pünd investigating a murder at Pye Hall, a local manor house. Yes, there are dead bodies and a host of intriguing suspects, but the more Susan reads, the more she’s convinced that there is another story hidden in the pages of the manuscript: one of real-life jealousy, greed, ruthless ambition, and murder."
Ragdoll,Daniel Cole,United Kingdom,3.88,"['Thriller', 'Crime', 'Mystery', 'Fiction', 'Mystery Thriller', 'Suspense', 'Audiobook', 'Detective', 'Adult', 'Contemporary']",English,m,"William Fawkes, a controversial detective known as The Wolf, has just been reinstated to his post after he was suspended for assaulting a vindicated suspect. Still under psychological evaluation, Fawkes returns to the force eager for a big case. When his former partner and friend, Detective Emily Baxter, calls him to a crime scene, he's sure this is it: the body is made of the dismembered parts of six victims, sewn together like a puppet--a corpse that becomes known as ""The Ragdoll.""Fawkes is tasked with identifying the six victims, but that gets dicey when his reporter ex-wife anonymously receives photographs from the crime scene, along with a list of six names, and the dates on which the Ragdoll Killer plans to murder them.The final name on the list is Fawkes.Baxter and her trainee partner, Alex Edmunds, hone in on figuring out what links the victims together before the killer strikes again. But for Fawkes, seeing his name on the list sparks a dark memory, and he fears that the catalyst for these killings has more to do with him--and his past--than anyone realizes.With a breakneck pace, a twisty plot, and a wicked sense of humor, Ragdoll announces the arrival of the hottest new brand in crime fiction."
Anxious People,Fredrik Backman,Sweden,4.35,"['Fiction', 'Contemporary', 'Mystery', 'Audiobook', 'Humor', 'Adult', 'Literary Fiction', 'Adult Fiction', 'Mystery Thriller', 'Sweden']",English,m,"A poignant, charming novel about a crime that never took place, a would-be bank robber who disappears into thin air, and eight extremely anxious strangers who find they have more in common than they ever imaginedLooking at real estate isn't usually a life-or-death situation, but an apartment open house becomes just that when a failed bank robber bursts in and takes a group of strangers hostage. The captives include a recently retired couple who relentlessly hunt down fixer-uppers to avoid the painful truth that they can't fix up their own marriage. There's a wealthy banker who has been too busy making money to care about anyone else and a young couple who are about to have their first child but can't seem to agree on anything, from where they want to live to how they met in the first place. Add to the mix an eighty-seven-year-old woman who has lived long enough not to be afraid of someone waving a gun in her face, a flustered but still-ready-to-make-a-deal real estate agent, and a mystery man who has locked himself in the apartment's only bathroom, and you've got the worst group of hostages in the world.Each of them carries a lifetime of grievances, hurts, secrets, and passions that are ready to boil over. None of them is entirely who they appear to be. And all of them—the bank robber included—desperately crave some sort of rescue. As the authorities and the media surround the premises, these reluctant allies will reveal surprising truths about themselves and set in a motion a chain of events so unexpected that even they can hardly explain what happens next. Humorous, compassionate, and wise, Anxious People is an ingeniously constructed story about the enduring power of friendship, forgiveness, and hope—the things that save us, even in the most anxious of times."
A Step of Faith,Richard Paul Evans,United States,4.18,"['Fiction', 'Inspirational', 'Christian Fiction', 'Adult Fiction', 'Adult', 'Christian', 'Audiobook', 'Spirituality', 'Contemporary', 'Travel']",English,m,"Following the New York Times bestseller The Road to Grace, Richard Paul Evans’s hero Alan Christoffersen faces a life-changing crisis on his journey to grace.After the death of his beloved wife, after the loss of his advertising business to his once-trusted partner, after bankruptcy forced him from his home, Alan Christoffersen is a broken man. Leaving everything he knows, he sets out on an extraordinary cross-country journey; with only the pack on his back, he is walking from Seattle to Key West—the end of the map. Along the way, Alan begins to heal, meeting people who teach him lessons about love, sacrifice, and forgiveness. But in St. Louis, Alan faces another life-changing crisis, and now the journey is in jeopardy."
Good Luck,Whitney Gaskell,Spain,3.73,"['Chick Lit', 'Fiction', 'Romance', 'Adult', 'Contemporary', 'Womens Fiction']",English,w,"Lucy Parker wins the lottery on the worst day of her life. But can all the money in the world make up for a cheating boyfriend, a derailed career, and ending up in the middle of a media circus? Everyone wants a piece of Lucy…and all she wants is to escape from it all.After life as she knows it falls apart, Lucy heads off to Palm Beach to hide out at the home of an old college friend. There, living in a tropical paradise of millionaires, Lucy acquires a new hair color, a new social set, and enough anonymity to put her notoriety behind her. Soon she's courted by two men who don’t know her history. But just as Lucy begins to envision a new life for herself, the past catches up with her. Lucy would give up every penny to have her old life back—but just as she’s ready to cash it all in, fate has one last surprise in store for her…one that will show her exactly what she’s worth."
Stalker,Clarissa Wild,Sweden,3.75,"['Dark', 'Romance', 'Suspense', 'Erotica', 'Contemporary', 'Abuse', 'BDSM', 'Adult', 'Erotic Romance', 'Contemporary Romance']",English,m; w,"This is a previously-published edition - ASIN: B00ZDFRSS4Clarissa Wild brings you STALKER, a Dark Romance, which is a stand alone without cliffhanger.F**k me once, I'll f**k you twice ... then I'll bury you.No prison can keep me from seeking revenge. Especially when it comes to her.She, the woman who put me in jail.I swore that I'd come for her, to claim what belongs to me: Her life. I'm not a good man. On the contrary, I love to be bad. It's in my veins. Just like it's in my veins to ruin her.She's an actress, pretending to be a saint, but we both know that isn't true. One way or another, she'll pay for what she did. I will hunt for her. Make her fear me. Make her body mine.Bad deeds never go unpunished ... And I always go out with a bang.WARNING: This book is a DARK ROMANCE STANDALONE - it has a non-conventional ending. This isn't rainbow sprinkles & unicorn fluff. It's a dark, thrilling journey of two people clashing over love, lust, and hatred. Heed the warning. Contains graphic violence, alcohol, drugs & other disturbing content. No Cliffhanger. Complete at 94000 words. Stand Alone."
Execution,Alexander Gordon Smith,Poland,4.39,"['Horror', 'Young Adult', 'Science Fiction', 'Dystopia', 'Fiction', 'Fantasy', 'Teen', 'Action', 'Thriller', 'Dark']",English,m,"Alex Sawyer has escaped his underground nightmare to discover the whole world has become a prison, and Alfred Furnace is its master. Monsters rule the streets, leaving nothing but murder in their wake. Those who do not die become slaves to Furnace’s reign of cruelty. Alex is a monster too. He is the only one who can stop Furnace but in doing so he could destroy everything. Is he the executed or the executioner? Who will die? All Alex knows is that one way or another, it all ends now."
Nyxia,Scott Reintgen,United States,4.12,"['Science Fiction', 'Young Adult', 'Fiction', 'Space', 'Fantasy', 'Dystopia', 'Audiobook', 'Adventure', 'Aliens', 'Young Adult Science Fiction']",English,m,"What would you be willing to risk for a lifetime of fortune? Emmett Atwater isn’t just leaving Detroit; he’s leaving Earth. Why the Babel Corporation recruited him is a mystery, but the number of zeroes on their contract has him boarding their lightship and hoping to return to Earth with enough money to take care of his family. Forever. Before long, Emmett discovers that he is one of ten recruits, all of whom have troubled pasts and are a long way from home. Now each recruit must earn the right to travel down to the planet of Eden—a planet that Babel has kept hidden—where they will mine a substance called Nyxia that has quietly become the most valuable material in the universe. But Babel’s ship is full of secrets. And Emmett will face the ultimate choice: win the fortune at any cost, or find a way to fight that won’t forever compromise what it means to be human."
Turning Point,"Jason Anspach , Nick Cole",Germany,4.54,"['Science Fiction', 'Military Fiction', 'Space Opera', 'Military Science Fiction', 'Science Fiction Fantasy', 'Audiobook']",English,w," Fight to Win.   With the galaxy in turmoil, the Legion initiates Article Nineteen, a hard reset designed to halt the corruption and ineptitude that continues to spill forth from the Galactic Core. But when the House of Reason aligns itself with the bloodthirsty zhee extremists, the Legion has no choice but to commit to a savage campaign of Total War.  Meanwhile, Captain Chhun and Victory Squad follow intelligence that could land a powerful blow against Goth Sullus and his fledgling empire, and Exo and Wraith, in an tenuous alliance, move toward a slumbering fleet that could permanently alter the delicate balance of power among Legion, Republic, and Empire... or could just as easily eradicate the galaxy altogether."
Shopaholic to the Stars,Sophie Kinsella,United Kingdom,3.33,"['Chick Lit', 'Fiction', 'Romance', 'Contemporary', 'Audiobook', 'Humor', 'Adult', 'Adult Fiction', 'Comedy', 'British Literature']",English,w,"Sophie Kinsella returns to her beloved Shopaholic series with Becky Brandon (née Bloomwood) newly arrived in Hollywood and starry-eyed. She and her two-year-old daughter, Minnie, have relocated to L.A. to join Becky’s husband, Luke, who is there to handle PR for famous actress Sage Seymour. Becky can’t wait to start living the A-list lifestyle, complete with celebrity sightings, yoga retreats, and shopping trips to Rodeo Drive. But she really hopes to become a personal stylist—Sage’s personal stylist—if only Luke would set up an introduction. Then, unexpectedly, Becky is offered the chance to dress Sage’s archrival, and though things become a bit more complicated, it’s a dream come true! Red carpet premieres, velvet ropes, paparazzi clamoring for attention—suddenly Becky has everything she’s ever wanted. Or does she?"
The Expats,Chris Pavone,United States,3.48,"['Fiction', 'Mystery', 'Thriller', 'Suspense', 'Mystery Thriller', 'Espionage', 'Audiobook', 'Contemporary', 'Crime', 'Adult Fiction']",English,m,"Kate Moore is a working mother, struggling to make ends meet, to raise children, to keep a spark in her marriage . . . and to maintain an increasingly unbearable life-defining secret. So when her husband is offered a lucrative job in Luxembourg, she jumps at the chance to leave behind her double-life, to start anew.She begins to reinvent herself as an expat, finding her way in a language she doesn’t speak, doing the housewifely things she’s never before done—play-dates and coffee mornings, daily cooking and unending laundry. Meanwhile, her husband works incessantly, doing a job Kate has never understood, for a banking client she’s not allowed to know. He’s becoming distant and evasive; she’s getting lonely and bored.Then another American couple arrives. Kate soon becomes suspicious that these people are not who they claim to be, and terrified that her own past is catching up to her. So Kate begins to dig, to peel back the layers of deception that surround her. She discovers fake offices and shell corporations and a hidden gun; a mysterious farmhouse and numbered accounts with bewildering sums of money; a complex web of intrigue where no one is who they claim to be, and the most profound deceptions lurk beneath the most normal-looking of relationships; and a mind-boggling long-play con threatens her family, her marriage, and her life."
The Target,David Baldacci,United States,4.08,"['Thriller', 'Fiction', 'Mystery', 'Suspense', 'Action', 'Audiobook', 'Mystery Thriller', 'Crime', 'Espionage', 'Adventure']",English,m,"The President knows it's a perilous, high-risk assignment. If he gives the order, he has the opportunity to take down a global menace, once and for all. If the mission fails, he would face certain impeachment, and the threats against the nation would multiply. So the president turns to the one team that can pull off the impossible: Will Robie and his partner, Jessica Reel.Together, Robie and Reel's talents as assassins are unmatched. But there are some in power who don't trust the pair. They doubt their willingness to follow orders. And they will do anything to see that the two assassins succeed, but that they do not survive.As they prepare for their mission, Reel faces a personal crisis that could well lead old enemies right to her doorstep, resurrecting the ghosts of her earlier life and bringing stark danger to all those close to her. And all the while, Robie and Reel are stalked by a new adversary: an unknown and unlikely assassin, a woman who has trained her entire life to kill, and who has her own list of targets--a list that includes Will Robie and Jessica Reel."
A Place Called Freedom,Ken Follett,United Kingdom,3.96,"['Historical Fiction', 'Fiction', 'Historical', 'Thriller', 'Audiobook', 'Romance', 'Scotland', 'Adventure', 'Suspense', 'Mystery']",English,m,"NEW YORK TIMES BESTSELLER   Scotland, 1766. Sentenced to a life of misery in the brutal coal mines, twenty-one-year-old Mack McAsh hungers for escape. His only ally: the beautiful, highborn Lizzie Hallim, who is trapped in her own kind of hell. Though separated by politics and position, these two restless young people are bound by their passionate search for a place called freedom.    From the teeming streets of London to the infernal hold of a slave ship to a sprawling Virginia plantation, Ken Follett’s turbulent, unforgettable novel of liberty and revolution brings together a vivid cast of heroes and villains, lovers and rebels, hypocrites and hell-raisers—all propelled by destiny toward an epic struggle that will change their lives forever.  Praise for A Place Called Freedom   “Gripping . . . a very entertaining tale.”—Chicago Tribune
   
 “Compelling.”—San Francisco Chronicle  “Quick-paced.”—New York Daily News  “An altogether entertaining reading experience.”—Minneapolis Star Tribune"
White,T.L. Smith,France,4.14,"['Dark', 'Romance', 'Drama', 'Contemporary', 'Adult', 'Contemporary Romance', 'Adult Fiction', 'Crime']",English,m,"Everything changes, in seconds, minutes, hours.
I know, it happened to me.
It wasn’t for the better, it was for the worst.
I am broken, no that doesn’t sound right, I am chipped. Pieces of me have been chipped so bad that it’s impossible to claim them back. Even if I want to, even if it's for her."
Vicious Circle,Linda Robertson,"United Kingdom, South Africa",3.62,"['Urban Fantasy', 'Fantasy', 'Vampires', 'Paranormal', 'Witches', 'Magic', 'Werewolves', 'Romance', 'Adult', 'Paranormal Romance']",English,m,"Being a witch doesn't pay the bills, but Persephone Alcmedi gets by reading Tarot cards, writing a syndicated newspaper column and kenneling wærewolves in the basement during full moons. Everything changes when one of Seph's friends is murdered. The high priestess of the local coven offers Seph an unbelievable sum to hunt down the killer, and Seph enlists the help of her wærewolf friends--including Johnny, the hunky 6'2"" leather-clad singer for the techno-metal-goth band Lycanthropia. The attraction between them is dangerous, but nothing could be as lethal as the showdown that awaits them."
Dead Ever After,Charlaine Harris,United States,3.47,"['Fantasy', 'Vampires', 'Paranormal', 'Urban Fantasy', 'Fiction', 'Romance', 'Mystery', 'Paranormal Romance', 'Supernatural', 'Werewolves']",English,w,"There are secrets in the town of Bon Temps, ones that threaten those closest to Sookie—and could destroy her heart...Sookie Stackhouse finds it easy to turn down the request of former barmaid Arlene when she wants her job back at Merlotte’s. After all, Arlene tried to have Sookie killed. But her relationship with Eric Northman is not so clearcut. He and his vampires are keeping their distance…and a cold silence. And when Sookie learns the reason why, she is devastated.Then a shocking murder rocks Bon Temps, and Sookie is arrested for the crime.But the evidence against Sookie is weak, and she makes bail. Investigating the killing, she’ll learn that what passes for truth in Bon Temps is only a convenient lie. What passes for justice is more spilled blood. And what passes for love is never enough..."
One Good Deed,Andrew Grey,United States,3.76,"['M M Romance', 'Contemporary', 'Romance', 'LGBT', 'Family', 'Gay', 'Disability', 'Contemporary Romance', 'Fiction', 'Novels']",English,m,"Luka Krachec immigrates to the United States to find his cousin dead and his cousin’s wife hospitalized after a terrible accident. He meets Peter Montgomery at the funeral. The American seems nice and captures Luka’s attention when he offers to help him with his English.  Peter has spent most of his life believing he shot his father at age six, and his family uses his regret and overwhelming guilt to keep him under their proverbial thumbs. Peter does his best to make up for what he did by helping others, and agreeing to help Luka with his English yields something amazing when they hit it off.  When Peter opens up to Luka about what happened when he was a child, Luka senses some holes in the story and suspects Peter needs some help, so he approaches the head of the psychology department at the college where he works. Neither expects to open a long-barricaded door to secrets, denial, and family manipulation."
Men Without Women,Ernest Hemingway,Japan,3.65,"['Fiction', 'Classics', 'Short Stories', 'Literature', 'American', '20th Century', 'Novels', 'Classic Literature', 'Literary Fiction', 'The United States Of America']",English,m,"CLASSIC SHORT STORIES FROM THE MASTER OF AMERICAN FICTION First published in 1927, Men Without Women represents some of Hemingway's most important and compelling early writing. In these fourteen stories, Hemingway begins to examine the themes that would occupy his later works: the casualties of war, the often uneasy relationship between men and women, sport and sportsmanship. In ""Banal Story,"" Hemingway offers a lasting tribute to the famed matador Maera. ""In Another Country"" tells of an Italian major recovering from war wounds as he mourns the untimely death of his wife. ""The Killers"" is the hard-edged story about two Chicago gunmen and their potential victim. Nick Adams makes an appearance in ""Ten Indians,"" in which he is presumably betrayed by his Indian girlfriend, Prudence. And ""Hills Like White Elephants"" is a young couple's subtle, heartwrenching discussion of abortion. Pared down, gritty, and subtly expressive, these stories show the young Hemingway emerging as America's finest short story writer."
The Four Legendary Kingdoms,Matthew Reilly,Australia,4.3,"['Thriller', 'Adventure', 'Fiction', 'Action', 'Fantasy', 'Science Fiction', 'Mythology', 'Mystery', 'Suspense', 'Audiobook']",English,m,"A RUTHLESS KIDNAPPINGJack West Jr and his family are living happily on their remote farm... when Jack is brutally kidnapped and he awakes in an underground cell to find a masked attacker with a knife charging at him.THE GREAT GAMESJack, it seems, has been chosen – along with a dozen other elite soldiers – to compete in a series of deadly challenges designed to fulfill an ancient ritual.With the fate of the Earth at stake, he will have to traverse diabolical mazes, fight cruel assassins and face unimaginable horrors that will test him like he has never been tested before.TO HELL AND BACKIn the process, he will discover the mysterious and powerful group of individuals behind it all: The Four Legendary Kingdoms.He might also discover that he is not the only hero in this place..."
The Elders,Inbali Iserles,Germany,4.43,"['Fantasy', 'Animals', 'Middle Grade', 'Adventure', 'Young Adult', 'Childrens', 'Fiction', 'Magic', 'Novels', 'School']",English,m,"Isla's search for her missing brother, Pirie, has brought her to the vast Wildlands. The forest is a treacherous place for a fox cub, but Isla is talented in foxcraft -- ancient arts of cunning known only to her kind.Skilled though she is, Isla's grasp of foxcraft is still new. And she's not alone... A cruel and mysterious fox stalks the forest, with the power to enslave others to his will. In order to survive, Isla must learn to trust in the rustic Wildlands foxes.But there are tales of others -- a council of Elders who are masters of foxcraft, and who warily guard its most potent secrets. If Isla wishes to master her gifts and find her brother, then the Elders may be her only hope."
The Clockmaker's Daughter,Kate Morton,Australia,3.72,"['Historical Fiction', 'Fiction', 'Mystery', 'Historical', 'Audiobook', 'Romance', 'Adult', 'Adult Fiction', 'British Literature', 'Fantasy']",English,w,"My real name, no one remembers. The truth about that summer, no one else knows.In the summer of 1862, a group of young artists led by the passionate and talented Edward Radcliffe descends upon Birchwood Manor on the banks of the Upper Thames. Their plan: to spend a secluded summer month in a haze of inspiration and creativity. But by the time their stay is over, one woman has been shot dead while another has disappeared; a priceless heirloom is missing; and Edward Radcliffe’s life is in ruins.Over one hundred and fifty years later, Elodie Winslow, a young archivist in London, uncovers a leather satchel containing two seemingly unrelated items: a sepia photograph of an arresting-looking woman in Victorian clothing, and an artist’s sketchbook containing the drawing of a twin-gabled house on the bend of a river.Why does Birchwood Manor feel so familiar to Elodie? And who is the beautiful woman in the photograph? Will she ever give up her secrets?"
The Kill Switch,"James Rollins , Grant Blackwood",United States; United States,4.15,"['Thriller', 'Fiction', 'Adventure', 'Mystery', 'Action', 'Suspense', 'Mystery Thriller', 'Military Fiction', 'Audiobook', 'Animals']",English,m; m,"Who does the US government call upon when a mission requires perfect stealth, execution, and discretion? Meet the newest recruits to the expanding Sigma Force universe - former Army Ranger Tucker Wayne and his stalwart companion, Kane, a military working dog of exceptional abilities.The mission seems simple enough: extract a pharmaceutical magnate from Russian soil, a volatile man who holds the secret to a deadly bio-weapon. But nothing is as it appears to be. A conspiracy of world-shattering scope unravels as Tucker and Kane struggle to keep one move ahead of their deadly enemies. From the frozen steppes of Russia to the sun-blasted mountains of South Africa and Namibia, a biological threat millions of years in the making strikes out at the heart of America. All that stands in the way from a global apocalypse: one man and his dog. But can even Tucker and Kane thwart an ecological menace out of the ancient past to save the world's future?"
The Crocodile,Fyodor Dostoyevsky,Italy,3.67,"['Classics', 'Fiction', 'Russia', 'Short Stories', 'Russian Literature', 'Literature', 'Humor', 'Novella', 'Novels', 'Classic Literature']",English,m,"Fyodor Mikhailovich Dostoevsky (1821-1881) was a Russian novelist and writer of fiction whose works, including Crime and Punishment (1866) and The Brothers Karamazov (1880), have had a profound and lasting effect on intellectual thought and world literature. His literary output explores human psychology in the troubled political, social and spiritual context of 19th-century Russian society. Considered by many as a founder or precursor of 20th century existentialism, his Notes from Underground (1864), written in the embittered voice of the anonymous underground man, was named by Walter Kaufmann as the best overture for existentialism ever written. His characters fall into a few distinct categories: humble and self-effacing Christians, self-destructive nihilists, and rebellious intellectuals; also, his characters are driven by ideas rather than by ordinary biological or social imperatives. His other works include: Poor Folk (1846), The Village of Stepanchikovo (1859), The Insulted and Humiliated (1861), The House of the Dead (1862), The Gambler (1867), The Idiot (1869), The Possessed (1872), The Raw Youth (1875) and A Writer's Diary (1873)."
Apeirogon,Colum McCann,Ireland,4.28,"['Fiction', 'Historical Fiction', 'Literary Fiction', 'Contemporary', 'Israel', 'War', 'Politics', 'Novels', 'Adult Fiction', 'Literature']",,m,"Bassam Aramin is Palestinian. Rami Elhanan is Israeli. They inhabit a world of intractable conflict that colors every aspect of their daily lives, from the roads they are allowed to take to the schools their daughters, Abir and Smadar, each attend. Theirs is a life in which children from both sides of the wall throw stones at one another. But their worlds shift irreparably when ten-year-old old Abir is killed by a rubber bullet meant to quell unruly crowds, and again when thirteen-year-old Smadar becomes the victim of suicide bombers. When Bassam and Rami learn one another's stories and the loss that connects them, they become part of a much larger tale that ranges over centuries and continents. Apeirogon is a novel that balances on the knife edge of fiction and nonfiction. Bassam and Rami are real men and their actual words are a part of this narrative, one that builds through thousands of moments and images into one grand, unforgettable crescendo"
Three Sisters,Susan Mallery,Turkey,3.97,"['Romance', 'Chick Lit', 'Fiction', 'Contemporary Romance', 'Contemporary', 'Adult', 'Womens Fiction', 'Adult Fiction', 'Drama', 'Roman']",English,w,"In this heartwarming and celebrated Blackberry Island novel, New York Times bestselling author Susan Mallery introduces us to three women whose friendship is about to change their lives forever. After Andi Gordon is jilted at the altar, she makes an impetuous decision—buying one of the famed Three Sisters on Blackberry Island. Now the proudish owner of the ugly duckling of the trio of Queen Anne houses, her life is just as badly in need of a major renovation as her new home. When Deanna Phillips confronts her husband about a suspected affair, she opens up a Pandora's Box of unhappiness. In her quest to be the perfect woman, she's lost herself…and could lose her entire family if things don't change. Next door, artist Boston King thought she and her college sweetheart would be married forever. But after tragedy strikes, she's not so sure. Now it's time for them to move forward, with or without one another. Thrown together by fate and geography, and bound by the strongest of friendships, these three women will discover what they're truly made of: laughter, tears and love."
Touch & Go,Lisa Gardner,United States,4.07,"['Mystery', 'Thriller', 'Suspense', 'Fiction', 'Mystery Thriller', 'Crime', 'Audiobook', 'Adult Fiction', 'Adult', 'Detective']",English,w,"#1 New York Times bestseller Lisa Gardner, author of  Catch Me  and  Love You More,  returns with a heart-thumping thriller about what lurks behind the facade of a perfect family.This is my family:  Vanished without a trace…Justin and Libby Denbe have the kind of life that looks good in the pages of a glossy magazine. A beautiful fifteen-year old daughter, Ashlyn. A gorgeous brownstone on a tree-lined street in Boston’s elite Back Bay neighborhood. A great marriage, admired by friends and family.  A perfect life.This is what I know:  Pain has a flavor…When investigator Tessa Leoni arrives at the crime scene in the Denbes’ home, she finds scuff marks on the floor and Taser confetti in the foyer.  The family appears to have been abducted, with only a pile of their most personal possessions remaining behind.  No witnesses, no ransom demands, no motive.  Just an entire family, vanished without a trace.This is what I fear:  The worst is yet to come…Tessa knows better than anyone that even the most perfect façades can hide the darkest secrets.  Now she must race against the clock to uncover the Denbes’ innermost dealings, a complex tangle of friendships and betrayal, big business and small sacrifices. Who would want to kidnap such a perfect little family?  And how far would such a person be willing to go?This is the truth:  Love, safety, family…it is all touch and go."
The Chalk Man,C.J. Tudor,United Kingdom,3.72,"['Mystery', 'Thriller', 'Fiction', 'Horror', 'Mystery Thriller', 'Crime', 'Suspense', 'Adult', 'Audiobook', 'Adult Fiction']",English,w,"In 1986, Eddie and his friends are just kids on the verge of adolescence. They spend their days biking around their sleepy English village and looking for any taste of excitement they can get. The chalk men are their secret code: little chalk stick figures they leave for one another as messages only they can understand. But then a mysterious chalk man leads them right to a dismembered body, and nothing is ever the same.In 2016, Eddie is fully grown, and thinks he's put his past behind him. But then he gets a letter in the mail, containing a single chalk stick figure. When it turns out that his friends got the same message, they think it could be a prank . . . until one of them turns up dead.That's when Eddie realizes that saving himself means finally figuring out what really happened all those years ago."
The Red-Haired Woman,Orhan Pamuk,Turkey,3.71,"['Fiction', 'Turkish Literature', 'Turkish', 'Literature', 'Novels', 'Roman', 'Contemporary', 'Nobel Prize', '21st Century', 'Drama']",English,m,"From the Nobel Prize winner and bestselling author of Snow, Museum of Innocence and My Name Is Red, a timeless and absorbing fable of fathers and sons.On the outskirts of a town thirty miles from Istanbul, a master well-digger and his young apprentice are hired to find water on a barren plain. As they struggle in the summer heat, excavating without luck metre by metre, the two will develop a filial bond neither has known before--not the poor middle-aged bachelor nor the middle-class boy whose father disappeared after being arrested for politically subversive activities. The pair will come to depend on each other, and exchange stories reflecting disparate views of the world. But in the nearby town, where they buy provisions and take their evening break, the boy will find an irresistible diversion. The Red-Haired Woman, an alluring member of a travelling theatre company, catches his eye and seems as fascinated by him as he is by her. The young man's wildest dream will be realized, but, when in his distraction a horrible accident befalls the well-digger, the boy will flee, returning to Istanbul. Only years later will he discover whether he was in fact responsible for his master's death and who the red-headed enchantress was.     A beguiling mystery tale of family and romance, of east and west, tradition and modernity, by one of the great storytellers of our time."
The Challenge,Ridley Pearson,United States,3.85,"['Mystery', 'Young Adult', 'Adventure', 'Fiction', 'Middle Grade', 'Action', 'Thriller', 'Childrens', 'Realistic Fiction', 'Suspense']",,w,"In this riveting thriller, 14-year-old Steven ""Steel"" Trapp sets off with his mom and their dog, Cairo, on a 2-day Amtrak journey to compete in the National Science Competition in Washington, DC. Steel is both blessed and cursed with a remarkable photographic memory--just one look and whatever he sees is imprinted for keeps. Trying to be a good Samaritan on the train, he instead becomes embroiled in an ingenious, international plot of kidnapping and bribery that may have links to terrorists. Federal agents (first seen in Pearson's adult thriller, ""Cut and Run"") track Steel and his new-found science geek accomplice, Kaileigh Augustine, as they attempt to put together the pieces of a complex puzzle. Using Steel's science contest invention--and with the help of Cairo--Steel and Kaileigh lead readers on an action-packed chase adventure as they attempt to prevent the unimaginable, before it's too late."
Queen,"Alex Haley, David Stevens, اليكس هايلي",Spain,4.22,"['Historical Fiction', 'Fiction', 'Historical', 'African American', 'Classics', 'Drama', 'Civil War', 'Literature', 'American History', 'Media Tie In']",English,w,"Multigenerational saga of Alex Haley's father's family through his grandmother, Queen, the proud daughter born of a slave and a white slave owner."
Boulevard,Jim Grimsley,Mexico,3.32,"['Gay', 'Queer', 'LGBT', 'Gay Fiction', 'Fiction', 'American']",English,w,"Newell never really belonged in Pastel, Alabama. Ready for a change, he buys a one-way ticket to New Orleans. The year is 1978 and the rambunctious city beckons with its famous promise of bright lights, excitement, and men everywhere. Newell makes his way, finding a job in a pornographic bookstore and renting a room in the French Quarter. His good nature, good looks, and a daring stunt in a popular bar make him a quick favorite of the town. Soon he has friends. Some are harmless, like Henry, a pudgy sidekick who's a frequent denizen of the porn shop's movie booths. Others prove more dangerous, like party-boy Mark, Newell's first beau, who has a penchant for recreational drugs. Finally, Newell encounters the volatile Jack, who shows Newell the blackest heart of the city.Boulevard, Jim Grimsley's fifth novel, reminds us that Grimsley is what Publishers Weekly calls ""an accomplished stylist and a complex moralist."" He takes one character's dream and reveals what can happen when dreams are fulfilled."
Inhuman Resources,Jes Battis,France,3.78,"['Urban Fantasy', 'Paranormal', 'Fantasy', 'Mystery', 'Magic', 'Vampires', 'Demons', 'Romance', 'Supernatural', 'Witches']",English,m,"When a powerful necromancer is killed, Occult Special Investigator Tess Corday must handle the heavy politics in the occult community as carefully as she handles the scant evidence. But with her sometime lover Lucian Agrado representing the necromancers in the grisly matter, things are about to get out of control...fast."
The Maid,Kimberly Cutter,Canada,3.43,"['Historical Fiction', 'Fiction', 'Historical', 'France', 'Medieval', 'Adult', 'Religion', '15th Century', 'War', 'Drama']",English,w,"It is the fifteenth century and the tumultuous Hundred Years War rages on. France is under siege, English soldiers tear through the countryside destroying all who cross their path, and Charles VII, the uncrowned king, has neither the strength nor the will to rally his army. And in the quiet of her parents’ garden in Lorraine, a peasant girl sees a spangle of light and hears a powerful voice speak her name. Jehanne.The story of Jehanne d'Arc, the visionary and saint who believed she had been chosen by God, who led an army and saved her country, has captivated our imagination for centuries. But the story of Jeanne - the girl - whose sister was murdered by the English, who sought an escape from a violent father and a forced marriage, who taught herself to ride and fight, and who somehow found the courage and tenacity to convince first one, then two, then thousands to follow her, is at once thrilling, unexpected and heart-breaking. Rich with unspoken love and battlefield valor, The Maid is a novel about the power and uncertainty of faith, and the exhilarating and devastating consequences of fame.Watch a book trailer for 'The Maid' on YouTube: http://www.youtube.com/watch?v=rpyFtP..."
The Hit,David Baldacci,United States,4.1,"['Thriller', 'Fiction', 'Mystery', 'Suspense', 'Action', 'Crime', 'Mystery Thriller', 'Audiobook', 'Espionage', 'Adventure']",English,m,"Will Robie is a master of killing.A highly skilled assassin, Robie is the man the U.S. government calls on to eliminate the worst of the worst-enemies of the state, monsters committed to harming untold numbers of innocent victims.No one else can match Robie's talents as a hitman...no one, except Jessica Reel. A fellow assassin, equally professional and dangerous, Reel is every bit as lethal as Robie. And now, she's gone rogue, turning her gun sights on other members of their agency.To stop one of their own, the government looks again to Will Robie. His mission: bring in Reel, dead or alive. Only a killer can catch another killer, they tell him.But as Robie pursues Reel, he quickly finds that there is more to her betrayal than meets the eye. Her attacks on the agency conceal a larger threat, a threat that could send shockwaves through the U.S. government and around the world."
Heart Bones,Colleen Hoover,United States,4.44,"['Romance', 'New Adult', 'Contemporary', 'Fiction', 'Contemporary Romance', 'Young Adult', 'Chick Lit', 'Adult', 'Drama', 'Mystery']",English,w,"Life and a dismal last name are the only two things Beyah Grim's parents ever gave her. After carving her path all on her own, Beyah is well on her way to bigger and better things, thanks to no one but herself.With only two short months separating her from the future she's built and the past she desperately wants to leave behind, an unexpected death leaves Beyah with no place to go during the interim. Forced to reach out to her last resort, Beyah has to spend the remainder of her summer on a peninsula in Texas with a father she barely knows. Beyah's plan is to keep her head down and let the summer slip by seamlessly, but her new neighbor Samson throws a wrench in that plan.Samson and Beyah have nothing in common on the surface.She comes from a life of poverty and neglect; he comes from a family of wealth and privilege. But one thing they do have in common is that they're both drawn to sad things. Which means they're drawn to each other. With an almost immediate connection too intense for them to continue denying, Beyah and Samson agree to stay in the shallow end of a summer fling. What Beyah doesn't realize is that a rip current is coming, and it's about to drag her heart out to sea."
Mimic,C.L. Denault,United Kingdom,4.11,"['Fantasy', 'Dystopia', 'Magic', 'Young Adult', 'Science Fiction']",English,m,"In 2012, one cycle of an ancient calendar system came to a close. Humanity predicted its downfall, but it wasn't the end of their evolutionary climb. It was the beginning.Willow Kent is discovering that life as a second-phase prodigy comes at a price. Trapped in the London Core, her choices are limited, made difficult by her forbidden romance with Reece and the presence of a new commanding officer who establishes harsh rules. With unpredictable skills and a growing distrust in her birth parents, she is struggling to play the Core's game. But when opportunity arises in the form of a mysterious shapeshifter, Willow realizes there's more to her own evolution than meets the eye. She soon learns that keeping secrets is a key move, and the more dangerous they are, the greater her need to evolve into the powerful prodigy nature intended her to become.But those closest to her have their own secrets, and her status has made her an easy target for betrayal. Who will she turn to, when nothing is as it seems?"
Silence Fallen,Patricia Briggs,United States,4.39,"['Urban Fantasy', 'Fantasy', 'Paranormal', 'Vampires', 'Romance', 'Werewolves', 'Magic', 'Shapeshifters', 'Fiction', 'Paranormal Romance']",English,w,"Mercy Thompson has found her voice in the werewolf pack. But when Mercy’s bond with the pack—and her mate—is broken, she’ll learn what it truly means to be alone...   Attacked and abducted in her home territory, Mercy finds herself in the clutches of the most powerful vampire in the world, taken as a weapon to use against alpha werewolf Adam and the ruler of the Tri-Cities vampires. In coyote form, Mercy escapes—only to find herself without money, without clothing, and alone in the heart of Europe...    Unable to contact Adam and the rest of the pack, Mercy has allies to find and enemies to fight, and she needs to figure out which is which. Ancient powers stir, and Mercy must be her agile best to avoid causing a war between vampires and werewolves, and between werewolves and werewolves. And in the heart of the ancient city of Prague, old ghosts rise..."
The Women in the Castle,Jessica Shattuck,United States,3.85,"['Historical Fiction', 'Fiction', 'World War II', 'Historical', 'Germany', 'War', 'Audiobook', 'Adult Fiction', 'Adult', 'Holocaust']",English,w,"Three women, haunted by the past and the secrets they holdSet at the end of World War II, in a crumbling Bavarian castle that once played host to all of German high society, a powerful and propulsive story of three widows whose lives and fates become intertwined—an affecting, shocking, and ultimately redemptive novel from the author of the New York Times Notable Book The Hazards of Good Breeding. Amid the ashes of Nazi Germany’s defeat, Marianne von Lingenfels returns to the once-grand castle of her husband’s ancestors, an imposing stone fortress now fallen into ruin following years of war. The widow of a resister murdered in the failed July 20, 1944, plot to assassinate Adolf Hitler, Marianne plans to uphold the promise she made to her husband’s brave conspirators: to find and protect their wives, her fellow resistance widows.First Marianne rescues six-year-old Martin, the son of her dearest childhood friend, from a Nazi reeducation home. Together, they make their way across the smoldering wreckage of their homeland to Berlin, where Martin’s mother, the beautiful and naive Benita, has fallen into the hands of occupying Red Army soldiers. Then she locates Ania, another resister’s wife, and her two boys, now refugees languishing in one of the many camps that house the millions displaced by the war. As Marianne assembles this makeshift family from the ruins of her husband’s resistance movement, she is certain their shared pain and circumstances will hold them together. But she quickly discovers that the black-and-white, highly principled world of her privileged past has become infinitely more complicated, filled with secrets and dark passions that threaten to tear them apart. Eventually, all three women must come to terms with the choices that have defined their lives before, during, and after the war—each with their own unique share of challenges. Written with the devastating emotional power of The Nightingale, Sarah’s Key, and The Light Between Oceans, Jessica Shattuck’s evocative and utterly enthralling novel offers a fresh perspective on one of the most tumultuous periods in history. Combining piercing social insight and vivid historical atmosphere, The Women in the Castle is a dramatic yet nuanced portrait of war and its repercussions that explores what it means to survive, love, and, ultimately, to forgive in the wake of unimaginable hardship. "
The Vanishing Half,Brit Bennett,United States,4.3,"['Fiction', 'Historical Fiction', 'Contemporary', 'Literary Fiction', 'Audiobook', 'Adult', 'Race', 'Adult Fiction', 'Historical', 'Novels']",English,w,"#1 NEW YORK TIMES BESTSELLERLONGLISTED FOR THE NATIONAL BOOK AWARD A GOOD MORNING AMERICA Book Club Pick From The New York Times-bestselling author of The Mothers, a stunning new novel about twin sisters, inseparable as children, who ultimately choose to live in two very different worlds, one black and one white. The Vignes twin sisters will always be identical. But after growing up together in a small, southern black community and running away at age sixteen, it's not just the shape of their daily lives that is different as adults, it's everything: their families, their communities, their racial identities. Many years later, one sister lives with her black daughter in the same southern town she once tried to escape. The other secretly passes for white, and her white husband knows nothing of her past. Still, even separated by so many miles and just as many lies, the fates of the twins remain intertwined. What will happen to the next generation, when their own daughters' storylines intersect?Weaving together multiple strands and generations of this family, from the Deep South to California, from the 1950s to the 1990s, Brit Bennett produces a story that is at once a riveting, emotional family story and a brilliant exploration of the American history of passing. Looking well beyond issues of race, The Vanishing Half considers the lasting influence of the past as it shapes a person's decisions, desires, and expectations, and explores some of the multiple reasons and realms in which people sometimes feel pulled to live as something other than their origins.As with her New York Times-bestselling debut The Mothers, Brit Bennett offers an engrossing page-turner about family and relationships that is immersive and provocative, compassionate and wise."
The Spider's Web,Peter Tremayne,Nigeria,4.1,"['Mystery', 'Historical Fiction', 'Historical', 'Fiction', 'Historical Mystery', 'Ireland', 'Crime', 'Medieval', 'Irish Literature', 'Detective']",English,w,"Irish super-sleuth Sister Fidelma is faced with a challenging and disturbing case to investigate in THE SPIDER'S WEB, Peter Tremayne's fifth unputdownable Celtic mystery. PRAISE FOR THE SISTER FIDELMA SERIES: 'The background detail is brilliantly defined . . . wonderfully evocative' The Times, 'A brilliant and beguiling heroine. Immensely appealing' Publishers Weekly Ebert is not a man to make enemies. He is a chieftain with a reputation for kindliness and generosity. Yet, one night, his household is aroused by a scream from his chamber. The servants burst in to find Móen, a young man to whom Eber had extended his protection, crouched over the bloody body of the chieftain. Móen's clothes are drenched in Eber's blood and he is clutching a bloodstained knife in his hand.There seems no doubt of culpability, but why did Móen kill the gentle and courteous Eber? The problem is exacerbated by the fact that Móen himself cannot tell them - for he is deaf, dumb and blind...Sister Fidelma, advocate of the ancient Irish law courts, is compelled to begin an investigation of the killing in order to present an argument on Móen's behalf before he is condemned. Assisted by Brother Eadulf, Fidelma finds that the path to truth twists and turns with the sinister forces of primitive passions and subtle ambitions - and leads inexorably to a final, stunning denouement.What readers are saying about THE SPIDER'S WEB:'Another great read, full of interesting insight into the times, the prejudices and superstitions, whilst playing out the complex details of the plot'"
The Garlic Ballads,Mo Yan,China,3.72,"['Fiction', 'China', 'Historical Fiction', 'Asia', 'Nobel Prize', 'Literature', 'Chinese Literature', 'Novels', 'Asian Literature', '20th Century']",English,m,"The farmers of Paradise County have been leading a hardscrabble life unchanged for generations. The Communist government has encouraged them to plant garlic, but selling the crop is not as simple as they believed. Warehouses fill up, taxes skyrocket, and government officials maltreat even those who have traveled for days to sell their harvest. A surplus on the garlic market ensues, and the farmers must watch in horror as their crops wither and rot in the fields. Families are destroyed by the random imprisonment of young and old for supposed crimes against the state. The prisoners languish in horrifying conditions in their cells, with only their strength of character and thoughts of their loved ones to save them from madness. Meanwhile, a blind minstrel incites the masses to take the law into their own hands, and a riot of apocalyptic proportions follows with savage and unforgettable consequences. The Garlic Ballads is a powerful vision of life under the heel of an inflexible and uncaring government. It is also a delicate story of love between man and woman, father and child, friend and friend—and the struggle to maintain that love despite overwhelming obstacles."
The Wolves of Midwinter,Anne Rice,United States,3.74,"['Fantasy', 'Horror', 'Fiction', 'Paranormal', 'Werewolves', 'Supernatural', 'Urban Fantasy', 'Adult', 'Audiobook', 'Contemporary']",English,w,"The tale of THE WOLF GIFT continues . . .In Anne Rice’s surprising and compelling best-selling novel, the first of her strange and mythic imagining of the world of wolfen powers (“I devoured these pages . . . As solid and engaging as anything she has written since her early vampire chronicle fiction” —Alan Cheuse, The Boston Globe; “A delectable cocktail of old-fashioned lost-race adventure, shape-shifting and suspense” —Elizabeth Hand, The Washington Post), readers were spellbound as Rice imagined a daring new world set against the wild and beckoning California coast.Now in her new novel, as lush and romantic in detail and atmosphere as it is sleek and steely in storytelling, Anne Rice brings us once again to the rugged coastline of Northern California, to the grand mansion at Nideck Point—to further explore the unearthly education of her transformed Man Wolf.The novel opens on a cold, gray landscape. It is the beginning of December. Oak fires are burning in the stately flickering hearths of Nideck Point. It is Yuletide. For Reuben Golding, now infused with the wolf gift and under the loving tutelage of the Morphenkinder, this Christmas promises to be like no other . . . as he soon becomes aware that the Morphenkinder, steeped in their own rituals, are also celebrating the Midwinter Yuletide festival deep within Nideck forest.From out of the shadows of the exquisite mansion comes a ghost—tormented, imploring, unable to speak yet able to embrace and desire with desperate affection . . . As Reuben finds himself caught up with the passions and yearnings of this spectral presence and the preparations for the Nideck town Christmas reach a fever pitch, astonishing secrets are revealed, secrets that tell of a strange netherworld, of spirits—centuries old—who possess their own fantastical ancient histories and taunt with their dark, magical powers . . ."
Time's Convert,Deborah Harkness,United States,3.9,"['Fantasy', 'Historical Fiction', 'Fiction', 'Paranormal', 'Romance', 'Vampires', 'Witches', 'Magic', 'Historical', 'Audiobook']",English,w,"From the #1 New York Times bestselling author of A Discovery of Witches, a novel about what it takes to become a vampire. Set in contemporary Paris and London, and the American colonies during the upheaval and unrest that exploded into the Revolutionary War, a sweeping story that braids together the past and present.On the battlefields of the American Revolution, Matthew de Clermont meets Marcus MacNeil, a young surgeon from Massachusetts, during a moment of political awakening when it seems that the world is on the brink of a brighter future. When Matthew offers him a chance at immortality and a new life, free from the restraints of his puritanical upbringing, Marcus seizes the opportunity to become a vampire. But his transformation is not an easy one and the ancient traditions and responsibilities of the de Clermont family clash with Marcus’s deeply-held beliefs in liberty, equality, and brotherhood.A passionate love story and a fascinating exploration of the power of tradition and the possibilities for change, Time’s Convert will delight fans of the All Souls trilogy and all readers of magic, the supernatural, and romance."
One Step Too Far,Tina Seskis,United Kingdom,3.53,"['Fiction', 'Mystery', 'Thriller', 'Suspense', 'Contemporary', 'Mystery Thriller', 'Audiobook', 'Drama', 'Psychological Thriller', 'Adult Fiction']",English,w,"Een gelukkig huwelijk. Een gezin. Een fijn huis. Waarom loopt Emily Coleman op een ochtend zonder om te kijken weg van dit alles – om onder een andere naam helemaal opnieuw te beginnen? Emily heet nu Cat en ze werkt in Londen bij een reclamebureau. Ze deelt een huis met een nieuwe vriendin, Angel. Cat heeft elk spoor naar haar oude leven zo goed gewist dat niemand haar weet te vinden. Maar ze kan het verleden – en haar herinneringen – niet volledig begraven. Dan komt het moment dat Cat onder ogen moet zien wat ze heeft gedaan: een schokkende onthulling die haar uiteindelijk over de rand duwt…"
Liberation Day,Andy McNab,United States,3.85,"['Thriller', 'Fiction', 'Action', 'Adventure', 'Military Fiction', 'Espionage', 'Suspense', 'Crime', 'France', 'British Literature']",English,m,"Former SAS commando Andy McNab unleashes a non-stop whirlwind of action and intrigue in his new #1 international bestseller featuring top-secret operative Nick Stone.Desperate to gain American citizenship and start a new life with the woman he loves, Nick Stone agrees to do one last job for the CIA. He must infiltrate an Arab republic, kill a money-laundering local businessman, and bring back gruesome proof of his death. He doesn’t know why, and he doesn’t care. Too late, Stone realizes the truth about his real mission — which has only just begun.In the shadowy French underworld, he’s caught in the deep end of a very dirty war against al-Qaeda operatives. And as one bloody twist leads to another, Stone soon finds himself on his deadliest assignment yet — and confronted by the most lethal dilemma a man could face.. . ."
The Wonder,Emma Donoghue,Ireland,3.62,"['Historical Fiction', 'Fiction', 'Mystery', 'Historical', 'Ireland', 'Audiobook', 'Adult', 'Adult Fiction', 'Religion', 'Literary Fiction']",English,w,"The Irish Midlands, 1859. An English nurse, Lib Wright, is summoned to a tiny village to observe what some are claiming as a medical anomaly or a miracle - a girl said to have survived without food for months. Tourists have flocked to the cabin of eleven-year-old Anna O'Donnell, and a journalist has come down to cover the sensation. The Wonder is a tale of two strangers who transform each other's lives, a psychological thriller, and a story of love pitted against evil."
A Life,Silvia Arnie,France,3.32,['Romance'],Indonesian,w,"Dilihat dari mana pun, Lunna dan Ginna sangat bertolak belakang. Tapi mereka mencintai cowok yang sama: Roland. Alias Sandy. Atau entah alias siapa lagi, tapi yang jelas cowok itu brengsek. Dan berani menduakan mereka. Dan pantas ditinggalkan. Hhhh... nyebelin banget, kan?Tapi toh, selalu ada hikmah di balik semuanya. Sebab siapa sih yang nyangka, dua cewek yang ketemu lewat peristiwa menyakitkan hati itu akhirnya bisa bersahabat? Dan saling mendukung, membantu yang lain melewati masa-masa sulit setelah mereka dikhianati? Sampai akhirnya mereka bertemu cowok-cowok yang lebih layak menerima cinta mereka. Sampai mereka akhirnya sadar bahwa persahabatan lebih penting dari apapun juga."
The Pagan Lord,Bernard Cornwell,United Kingdom,4.33,"['Historical Fiction', 'Fiction', 'Historical', 'Medieval', 'British Literature', 'Fantasy', 'War', 'Adventure', 'Audiobook', 'Novels']",English,m,"Bernard Cornwell-who ""is at his enthralling best conveying . . . one of the defining periods of English history"" (Wall Street Journal)-returns to his epic Saxon Tales saga with this dramatic story of divided loyalties, bloody battles, and the struggle to unite Britain At the onset of the tenth century, England is in turmoil. Alfred the Great is dead and Edward his son reigns as king. Wessex survives but peace cannot hold: the Danes in the north, led by Viking Cnut Longsword, stand ready to invade and will never rest until the emerald crown is theirs.Uhtred, once Alfred's great warrior but now out of favor with the new king, must lead a band of outcasts north to recapture his old family home, that great Northumbrian fortress, Bebbanburg.Loyalties will be divided and men will fall, as every Saxon kingdom is drawn into the bloodiest battle yet with the Danes; a war which will decide the fate of every king, and the entire English nation.With The Pagan Lord, New York Times bestselling author Bernard Cornwell-""the reigning king of historical fiction"" (USA Today)-continues his magnificent epic of the making of England during the Middle Ages, vividly bringing to life the uneasy alliances, bloody battles, and deadly intrigue that gave birth to the British nation."
The Four Winds,Kristin Hannah,United States,4.33,"['Historical Fiction', 'Fiction', 'Historical', 'Adult', 'Adult Fiction', 'Chick Lit', 'Womens Fiction', 'Novels']",,w,"From the #1 New York Times bestselling author of The Nightingale and The Great Alone comes an epic novel of love and heroism and hope, set against the backdrop of one of America’s most defining eras—the Great Depression.Texas, 1934. Millions are out of work and a drought has broken the Great Plains. Farmers are fighting to keep their land and their livelihoods as the crops are failing, the water is drying up, and dust threatens to bury them all. One of the darkest periods of the Great Depression, the Dust Bowl era, has arrived with a vengeance.  In this uncertain and dangerous time, Elsa Martinelli—like so many of her neighbors—must make an agonizing choice: fight for the land she loves or go west, to California, in search of a better life. The Four Winds is an indelible portrait of America and the American Dream, as seen through the eyes of one indomitable woman whose courage and sacrifice will come to define a generation."
Zero,Ignácio de Loyola Brandão,Austria,3.91,"['Brazil', 'Literature', 'Latin American', 'Novels', '20th Century', 'Banned Books']",English,m,"Against a backdrop of political corruption Jose lives an ordinary life, working a dead-end job catching mice in a dingy movie theater. Everything changes when he meets his wife Rosa thanks to the help of the Happy Heart Marriage Agency. They seem to have an understanding: Jose isn't bothered by Rosa's dishonesty, extra weight, and fantastically promiscuous past; Rosa isn't too put off by Jose's clubbed foot, periodic blackouts, or lack of direction--she just wants a house. Pragmatic, Jose sets out to get the money necessary to make that possible. And in doing so, he manages to become a robber, sniper, and political subversive wanted by the government. Deploying fast-paced, short chapters in a number of styles, Brandao deftly presents an array of engaging characters and conflicts, vividly depicting the absurdity of a repressive political regime with exceptional daring and humor."
The Skin Collector,Jeffery Deaver,United States,3.96,"['Mystery', 'Thriller', 'Fiction', 'Crime', 'Mystery Thriller', 'Suspense', 'Detective', 'Audiobook', 'Adult', 'Adult Fiction']",English,m,"A new type of serial killer is stalking the streets of New York – one more devious and disturbing than ever before.They call this butcher The Skin Collector: a tattooist with a chamber of torture hidden deep underground. But instead of using ink to create each masterpiece, the artist uses a lethal poison which will render targets dead before they can even entertain the prospect of escape . . .Drafted in to investigate, NYPD detective Lincoln Rhyme and his associate Amelia Sachs have little to go on but a series of cryptic messages left etched into the skin of the deceased. As the pair struggle to discover the meaning behind the designs, they are led down a treacherous and twisting path where nothing is as it seems. And with the clock rapidly ticking before the killer strikes again, they must untangle the twisted web of clues before more victims – or they themselves – are next."
Close Your Eyes,Amanda Eyre Ward,Italy,3.44,"['Mystery', 'Fiction', 'Contemporary', 'Suspense', 'Audiobook', 'Adult', 'Thriller', 'Mystery Thriller', 'Chick Lit', 'Family']",English,m,"In Close Your Eyes, the author of the bestselling How to Be Lost spins another mesmerizing tale of buried family secrets.For most of her life, Lauren Mahdian has been certain of two things: that her mother is dead, and that her father is a murderer.Before the horrific tragedy, Lauren led a sheltered life in a wealthy corner of America, in a town outside Manhattan on the banks of Long Island Sound, a haven of luxurious homes, manicured lawns, and seemingly perfect families. Here Lauren and her older brother, Alex, thought they were safe.But one morning, six-year-old Lauren and eight-year-old Alex awoke after a night spent in their tree house to discover their mother’s body and their beloved father arrested for the murder.Years later, Lauren is surrounded by uncertainty. Her one constant is Alex, always her protector, still trying to understand the unraveling of his idyllic childhood. But Lauren feels even more alone when Alex reveals that he’s been in contact over the years with their imprisoned father—and that he believes he and his sister have yet to learn the full story of their mother’s death.Then Alex disappears. As Lauren is forced to peek under the floorboards of her carefully constructed memories, she comes to question the version of her history that she has clung to so fiercely. Lauren’s search for the truth about what happened on that fateful night so many years ago is a riveting tale that will keep readers feverishly turning pages."
Love,Toni Morrison,Ireland,3.76,"['Fiction', 'African American', 'Literary Fiction', 'Classics', 'Literature', 'Novels', 'Contemporary', 'African American Literature', 'Adult Fiction', 'American']",English,m,"Nobel Prize laureate Toni Morrison’s spellbinding new novel is a Faulknerian symphony of passion and hatred, power and perversity, color and class that spans three generations of black women in a fading beach town.In life, Bill Cosey enjoyed the affections of many women, who would do almost anything to gain his favor. In death his hold on them may be even stronger. Wife, daughter, granddaughter, employee, mistress: As Morrison’s protagonists stake their furious claim on Cosey’s memory and estate, using everything from intrigue to outright violence, she creates a work that is shrewd, funny, erotic, and heartwrenching."
Dark Water,Kōji Suzuki,United Kingdom,3.62,"['Horror', 'Short Stories', 'Fiction', 'Japan', 'Japanese Literature', 'Mystery', 'Thriller', 'Asia', 'Fantasy', 'Asian Literature']",English,m,"A haunting collection of short stories from Koji Suzuki, author of the smash thriller, Ring, which spawned the hit film and sequels. The first story in this collection has been adapted to film (Dark Water, Walter Salles), and another, ""Adrift"" is currently in production with Dimension Films."
Mistress,Anita Nair,United States; United States,3.61,"['India', 'Fiction', 'Indian Literature', 'Cultural', 'Romance', 'Literary Fiction', 'Womens', 'Chick Lit', 'Love', 'Roman']",English,m; m,"When travel writer Christopher Stewart arrives at a riverside resort in Kerala, India to meet Koman, Radha's uncle and a famous dancer, he enters a world of masks and repressed emotions. From their first meeting, both Radha and her uncle are drawn to the enigmatic young man with his cello and his incessant questions about the past. The triangle quickly excludes Shyam, Radha's husband, who can only watch helplessly as she embraces Chris with a passion that he has never been able to draw from her. Also playing the role of observer-participant is Koman; his life story, as it unfolds, captures all the nuances and contradictions of the relationships being made—and unmade—in front of his eyes."
Seduced,Melody Anne,Germany,4.14,"['Romance', 'Erotica', 'Contemporary Romance', 'Contemporary', 'BDSM', 'Erotic Romance', 'Adult', 'New Adult', 'Fiction', 'Suspense']",English,w,"At the end of Submit, Arianna Harlow had enough pride in herself to walk away from Rafe Palazzo, who had started their relationship using blackmail. Though she’d fallen in love with him, she was strong enough to say goodbye. We saw the softer side of Rafe, especially toward the end, but it was too late…Or was it?Seduced begins almost two years after Ari starts her new life. She is teaching at a community college, and when she asks the class whether they have any questions for her, Rafe is there and has only one: Will you go on a date with me?What is Ari’s answer? You’ll find out in the third installment of Melody Anne’s New York Times best-selling series, Surrender.Along with Ari’s story, we will see what happens when Shane and Lia become trapped together on an island when a tropical storm hits, and how the sparks will fly again.And we can’t forget about Rachel Palazzo, who isn’t looking for love, but finds it in a shocking way.This story continues the lives of Ari, Lia and Rachel. These three women are resilient, determined, and worth loving. The question is, whether the men in their lives strong enough to keep them."
With,Donald Harington,Egypt,4.21,"['Fiction', 'Fantasy', 'Magical Realism', 'Animals', 'Novels']",English,m,"The newest novel of the master of Stay More, Harington's mythical village in the Arkansas Ozarks. A peaceable kingdom is created in isolation from a most bizarre abduction gone wrong."
Cousin Bette,Honoré de Balzac,France,3.85,"['Classics', 'Fiction', 'France', 'French Literature', '19th Century', 'Literature', 'Novels', 'Classic Literature', 'Historical Fiction', 'Literary Fiction']",English,m,"Poor, plain spinster Bette is compelled to survive on the condescending patronage of her socially superior relatives in Paris: her beautiful, saintly cousin Adeline, the philandering Baron Hulot and their daughter Hortense. Already deeply resentful of their wealth, when Bette learns that the man she is in love with plans to marry Hortense, she becomes consumed by the desire to exact her revenge and dedicates herself to the destruction of the Hulot family, plotting their ruin with patient, silent malice. Cousin Bette is a gripping tale of violent jealousy, sexual passion and treachery, and a brilliant portrayal of the grasping, bourgeois society of 1840's Paris. The culmination of the Comedie humaine, Balzac's epic chronicle of his times, it is one of his greatest triumphs as a novelist."
Ripper,Stefan Petrucha,Chile,3.92,"['Mystery', 'Historical Fiction', 'Young Adult', 'Historical', 'Steampunk', 'Fiction', 'Crime', 'Thriller', 'Teen', 'Adventure']",English,w,"You thought you knew him. You were dead wrong.Carver Young dreams of becoming a detective, despite growing up in an orphanage with only crime novels to encourage him. But when he is adopted by Detective Hawking of the world famous Pinkerton Agency, Carver is given not only the chance to find his biological father, he finds himself smack in the middle of a real life investigation: tracking down a vicious serial killer who has thrown New York City into utter panic. When the case begins to unfold, however, it’s worse than he could have ever imagined, and his loyalty to Mr. Hawking and the Pinkertons comes into question. As the body count rises and the investigation becomes dire, Carver must decide where his true loyalty lies.Full of whip-smart dialogue, kid-friendly gadgets, and featuring a then New York City Police Commisioner Teddy Roosevelt, Ripper challenges everything you thought you knew about the world’s most famous serial killer."
Clay,David Almond,Bulgaria,3.39,"['Young Adult', 'Fantasy', 'Horror', 'Fiction', 'Childrens', 'Teen', 'Retellings', 'Paranormal', 'Supernatural', 'Novels']",English,w,"Fourteen-year-old Davie and his best friend, Geordie, are altar boys at their local Catholic Church. They’re full of mischief, but that all changes when Stephen Rose comes to town. Father O’Mahoney thinks it would be a good idea for Davie and Geordie to befriend him—maybe some of their good nature will rub off on this unhappy soul. But it’s Stephen who sees something special in Davie.Stephen’s a gifted sculptor. One day as Davie looks on, Stephen brings a tiny figure to life. It’s a talent he has, the gift of creation—and he knows that Davie has this talent, too. Davie allows Stephen to convince him to help bring a life-size figure to life—and Clay is born. Clay is innocent, but Stephen has special plans for him.What has Davie helped to unleash on the world?"
Peace Talks,Jim Butcher,United States,4.22,"['Fantasy', 'Urban Fantasy', 'Fiction', 'Magic', 'Paranormal', 'Mystery', 'Audiobook', 'Vampires', 'Supernatural', 'Adult']",English,m,"Harry Dresden is back and ready for action, in the new entry in the #1 New York Times bestselling Dresden Files series. When the Supernatural nations of the world meet up to negotiate an end to ongoing hostilities, Harry Dresden, Chicago's only professional wizard, joins the White Council's security team to make sure the talks stay civil. But can he succeed, when dark political manipulations threaten the very existence of Chicago--and all he holds dear?Peace Talks is the sixteenth novel in the Dresden Files series and follows Harry’s adventures after the events of Skin Game."
Rickshaw Boy,Lao She,China,3.83,"['China', 'Fiction', 'Classics', 'Chinese Literature', 'Asia', 'Literature', 'Historical Fiction', 'Novels', 'Asian Literature', 'Historical']",English,m,"A beautiful new translation of beloved Chinese author Lao She's masterpiece of social realism, about the misadventures of a poor Beijing rickshaw driverFirst published in China in 1937, Rickshaw Boy is the story of Xiangzi, an honest and serious country boy who works as a rickshaw puller in Beijing. A man of simple needs whose greatest ambition is to one day own his own rickshaw, Xiangzi is nonetheless thwarted, time and again, in his attempts to improve his lot in life.One of the most important and popular works of twentieth-century Chinese literature, Rickshaw Boy is an unflinchingly honest, darkly comic look at a life on the margins of society and a searing indictment of the philosophy of individualism."
Rogues,"George R.R. Martin (Editor/Contributor), more…",United States; United States,3.89,"['Fantasy', 'Short Stories', 'Fiction', 'Anthologies', 'Science Fiction', 'Mystery', 'Science Fiction Fantasy', 'High Fantasy', 'Audiobook', 'Adventure']",English,m; m,"If you’re a fan of fiction that is more than just black and white, this latest story collection from #1 New York Times bestselling author George R.R. Martin and award-winning editor Gardner Dozois is filled with subtle shades of gray. Twenty-one all-original stories, by an all-star list of contributors, will delight and astonish you in equal measure with their cunning twists and dazzling reversals. And George R.R. Martin himself offers a brand-new A Game of Thrones tale chronicling one of the biggest rogues in the entire history of Ice and Fire.Follow along with the likes of Gillian Flynn, Joe Abercrombie, Neil Gaiman, Patrick Rothfuss, Scott Lynch, Cherie Priest, Garth Nix, and Connie Willis, as well as other masters of literary sleight-of-hand, in this rogues gallery of stories that will plunder your heart — and yet leave you all the richer for it.Contents:- Tough Times All Over by Joe Abercrombie (a Red Country story)- What Do You Do? (aka The Grownup) by Gillian Flynn- The Inn of the Seven Blessings by Matthew Hughes- Bent Twig by Joe R. Lansdale (a Hap and Leonard story)- Tawny Petticoats by Michael Swanwick- Provenance by David Ball- The Roaring Twenties by Carrie Vaughn- A Year and a Day in Old Theradane by Scott Lynch- Bad Brass by Bradley Denton- Heavy Metal by Cherie Priest- The Meaning of Love by Daniel Abraham- A Better Way to Die by Paul Cornell (a Jonathan Hamilton story)- Ill Seen in Tyre by Steven Saylor- A Cargo of Ivories by Garth Nix (a Sir Hereward and Mister Fitz story)- Diamonds From Tequila by Walter Jon Williams (a Dagmar story)- The Caravan to Nowhere by Phyllis Eisenstein (a Tales of Alaric the Minstrel story)- The Curious Affair of the Dead Wives by Lisa Tuttle- How the Marquis Got His Coat Back by Neil Gaiman (a Neverwhere story)- Now Showing by Connie Willis- The Lightning Tree by Patrick Rothfuss (a Kingkiller Chronicle story)- The Rogue Prince, or, A King’s Brother by George R.R. Martin (a Song of Ice and Fire story)"
Purity,Jonathan Franzen,United States,3.62,"['Fiction', 'Contemporary', 'Novels', 'Literary Fiction', 'Literature', 'American', 'Audiobook', 'Unfinished', 'The United States Of America', 'Adult Fiction']",English,m,"A magnum opus for our morally complex times from the author of FreedomYoung Pip Tyler doesn't know who she is. She knows that her real name is Purity, that she's saddled with $130,000 in student debt, that she's squatting with anarchists in Oakland, and that her relationship with her mother - her only family - is hazardous. But she doesn't have a clue who her father is, why her mother chose to live as a recluse with an invented name, or how she'll ever have a normal life. Enter the Germans. A glancing encounter with a German peace activist leads Pip to an internship in South America with The Sunlight Project, an organization that traffics in all the secrets of the world--including, Pip hopes, the secret of her origins. TSP is the brainchild of Andreas Wolf, a charismatic provocateur who rose to fame in the chaos following the fall of the Berlin Wall. Now on the lam in Bolivia, Andreas is drawn to Pip for reasons she doesn't understand, and the intensity of her response to him upends her conventional ideas of right and wrong. Purity is a grand story of youthful idealism, extreme fidelity, and murder. The author of The Corrections and Freedom has imagined a world of vividly original characters - Californians and East Germans, good parents and bad parents, journalists and leakers - and he follows their intertwining paths through landscapes as contemporary as the omnipresent Internet and as ancient as the war between the sexes. Purity is the most daring and penetrating book yet by one of the major writers of our time."
Blue,Joyce Moyer Hostetter,United States,4.32,"['Historical Fiction', 'Fiction', 'Young Adult', 'World War II', 'Middle Grade', 'Juvenile', 'Childrens', 'War', 'Historical', 'Read For School']",English,w,"With her father away at war to fight Hitler, a young girl gains strength by joining her community in battling polio in this Parents' Choice Silver Honor Book based on the 1944 epidemic and the ""Miracle of Hickory"" Hospital in Hickory, North Carolina. Ann Fay Honeycutt accepts the role of ""man of the house"" when her father leaves because she wants to do her part for the war. She's doing well with the extra responsibilities when a frightening polio epidemic strikes, crippling many local children. Her town of Hickory responds by creating an emergency hospital in three days. Ann Fay reads each issue of the newspaper for the latest news of the epidemic. But soon she discovers for herself just how devastating polio can be. As her challenges grow, so does her resourcefulness. In the face of tragedy, Ann Fay discovers her ability to move forward. She experiences the healing qualities of friendship and explores the depths of her own faithfulness to those she loves—even to one she never expected to love at all."
Lost Girls,Andrew Pyper,Italy,3.23,"['Mystery', 'Fiction', 'Horror', 'Canada', 'Thriller', 'Crime', 'Suspense', 'Mystery Thriller', 'Canadian Literature', 'Novels']",English,m,"Attorney Bartholomew Crane doesn't belong in the small town of Murdoch. And the town of Murdoch doesn't want him there. Even Crane's client, a teacher accused of killing two girls, his own students, doesn't seem to care if Crane gets him off or not. But Bartholomew Crane has come to Murdoch to try his first murder case -- and he intends to win at all costs. That is, until the case takes an unexpected turn. For as Crane begins to piece together a defense for his client, he finds himself being drawn into a bizarre legend at the heart of the town's history -- a legend that is slowly coming alive before his eyes. Unnerved by visions he sees on Murdoch's dark streets, by the ringing of a telephone down the deserted hallway of his hotel, Crane is beginning to suspect that what is happening to him is happening for a reason. And that the two lost girls of Murdoch may be intricately tied to the town's shameful history ... and to a dark episode in his own long-forgotten past."
Maine,J. Courtney Sullivan,United States,3.38,"['Fiction', 'Chick Lit', 'Contemporary', 'Adult Fiction', 'Audiobook', 'Adult', 'Family', 'Catholic', 'Novels', 'Literary Fiction']",English,w,"In her best-selling debut, Commencement, J. Courtney Sullivan explored the complicated and contradictory landscape of female friendship. Now, in her highly anticipated second novel, Sullivan takes us into even richer territory, introducing four unforgettable women who have nothing in common but the fact that, like it or not, they’re family.For the Kellehers, Maine is a place where children run in packs, showers are taken outdoors, and old Irish songs are sung around a piano. Their beachfront property, won on a barroom bet after the war, sits on three acres of sand and pine nestled between stretches of rocky coast, with one tree bearing the initials “A.H.” At the cottage, built by Kelleher hands, cocktail hour follows morning mass, nosy grandchildren snoop in drawers, and decades-old grudges simmer beneath the surface.As three generations of Kelleher women descend on the property one summer, each brings her own hopes and fears. Maggie is thirty-two and pregnant, waiting for the perfect moment to tell her imperfect boyfriend the news; Ann Marie, a Kelleher by marriage, is channeling her domestic frustration into a dollhouse obsession and an ill-advised crush; Kathleen, the black sheep, never wanted to set foot in the cottage again; and Alice, the matriarch at the center of it all, would trade every floorboard for a chance to undo the events of one night, long ago.By turns wickedly funny and achingly sad, Maine unveils the sibling rivalry, alcoholism, social climbing, and Catholic guilt at the center of one family, along with the abiding, often irrational love that keeps them coming back, every summer, to Maine and to each other."
Homer & Langley,E.L. Doctorow,United States,3.62,"['Fiction', 'Historical Fiction', 'New York', 'Historical', 'Literature', 'Literary Fiction', 'American', 'Contemporary', 'Adult Fiction', 'Novels']",English,m,"From Ragtime and Billy Bathgate to The Book of Daniel, World’s Fair, and The March, the novels of E. L. Doctorow comprise one of the most substantive achievements of modern American fiction. Now, with Homer & Langley, this master novelist has once again created an unforgettable work.Homer and Langley Collyer are brothers – the one blind and deeply intuitive, the other damaged into madness, or perhaps greatness, by mustard gas in the Great War. They live as recluses in their once grand Fifth Avenue mansion, scavenging the city streets for things they think they can use, hoarding the daily newspapers as research for Langley’s proposed dateless newspaper whose reportage will be as prophecy. Yet the epic events of the century play out in the lives of the two brothers – wars, political movements, technological advances – and even though they want nothing more than to shut out the world, history seems to pass through their cluttered house in the persons of immigrants, prostitutes, society women, government agents, gangsters, jazz musicians... and their housebound lives are fraught with odyssean peril as they struggle to survive and create meaning for themselves. Brilliantly conceived, gorgeously written, this mesmerizing narrative, a free imaginative rendering of the lives of New York’s fabled Collyer brothers, is a family story with the resonance of myth, an astonishing masterwork unlike any that have come before from this great writer."
Miller's Valley,Anna Quindlen,United States,3.87,"['Fiction', 'Historical Fiction', 'Coming Of Age', 'Literary Fiction', 'Adult Fiction', 'Contemporary', 'Family', 'Novels', 'Adult', 'Audiobook']",English,w,"Filled with insights that are hallmarks of Anna Quindlen’s bestsellers, this extraordinary novel is about a woman coming of age, as she unearths secrets about her family and her town, and surprising truths about herself.For generations the Millers have lived in Miller’s Valley. Mimi Miller tells about her life with intimacy and honesty. As Mimi eavesdrops on her parents and quietly observes the people around her, she discovers more and more about the toxicity of family secrets, the dangers of gossip, the flaws of marriage, the inequalities of friendship and the risks of passion, loyalty, and love. Home, as Mimi begins to realize, can be “a place where it’s just as easy to feel lost as it is to feel content.”  Miller’s Valley is a masterly study of family, memory, loss, and, ultimately, discovery, of finding true identity and a new vision of home. As Mimi says, “No one ever leaves the town where they grew up, even if they go.” Miller’s Valley reminds us that the place where you grew up can disappear, and the people in it too, but all will live on in your heart forever.Length: 8 hrs and 8 mins"
Casting Off,Elizabeth Jane Howard,United Kingdom,4.28,"['Fiction', 'Historical Fiction', 'Historical', 'British Literature', 'World War II', 'Novels', 'Classics', 'Family', '20th Century', 'War']",English,w,"The long-awaited final volume of Howard's superb quartet of novels that chronicles the lives of an extended family. With the excitement of VE Day come and gone, England remains locked in the drab grip of deprivation. Against this backdrop of a crumbling empire, a number of startling events unfolds, including deaths, weddings, a shattering pregnancy, and divorces."
Hope to Die,Lawrence Block,United States,3.9,"['Mystery', 'Fiction', 'Crime', 'Thriller', 'Detective', 'Noir', 'Mystery Thriller', 'Audiobook', 'American', 'New York']",English,m,"The city caught its collective breath when upscale couple Byrne and Susan Hollander were slaughtered in a brutal home invasion. Now, a few days later, the killers themselves have turned up dead behind the locked door of a Brooklyn hellhole -- one apparently slain by his partner in crime who then took his own life.There's something drawing Matthew Scudder to this case that the cops have quickly and eagerly closed: a nagging suspicion that a third man is involved, a cold, diabolical puppet master who manipulates his two accomplices, then cuts their strings when he's done with them. No one but Scudder even suspects he exists. And his worst fear is that the guy is just getting started ..."
Confusion,Elizabeth Jane Howard,United Kingdom,4.25,"['Fiction', 'Historical Fiction', 'British Literature', 'Historical', 'World War II', 'War', 'Novels', 'Classics', '20th Century', 'Family']",English,w,"In the third novel of England's Cazalet family, Elizabeth Howard moves through the dark, middle days of World War II to May 8, 1945, VE Day. Along the way, her beloved characters painfully come of age: Polly and Clary fall for the same man, Louise suffers childbirth alone, and Zoe conducts an affair with American airman."
Paradox,"Alex Archer (pseudonym), Victor Milán",United States,3.75,"['Fantasy', 'Adventure', 'Urban Fantasy', 'Fiction', 'Action', 'Mystery', 'Paranormal', 'Suspense', 'Archaeology', 'Thriller']",English,w,"Archaeologist Annja Creed reluctantly accepts an assignment on behalf of a covert arm of the U.S. Government. She is to lead an expedition to the top of Mount Ararat to find the truth about what is thought to be the remains of Noah’s Ark. But while she doubts the massive anomaly is really the Ark, she can’t help but wonder what is up there. Annja must escort a group of militant fundamentalists through civil unrest in eastern Turkey, but the impending war is nothing compared to the danger that lies hidden within the team. With lives at stake, Annja has no choice but to protect the innocent…and get them out of there alive. Legend says the Ark once saved mankind, but this time it could kill them all."
A Permanent Member of the Family,Russell Banks,United States,3.59,"['Short Stories', 'Fiction', 'Literary Fiction', 'Contemporary', 'American', 'The United States Of America']",English,m,"A masterly collection of new stories from Russell Banks, acclaimed author of The Sweet Hereafter and Rule of the Bone, which maps the complex terrain of the modern American familyThe New York Times lauds Russell Banks as ""the most compassionate fiction writer working today"" and hails him as a novelist who delivers ""wrenching, panoramic visions of American moral life."" Long celebrated for his unflinching, empathetic works that explore the unspoken but hard realities of contemporary culture, Banks now turns his keen intelligence and emotional acuity on perhaps his most complex subject yet: the shape of family in its many forms.Suffused with Banks's trademark lyricism and reckless humor, the twelve stories in A Permanent Member of the Family examine the myriad ways we try—and sometimes fail—to connect with one another, as we seek a home in the world. In the title story, a father looks back on the legend of the cherished family dog whose divided loyalties mirrored the fragmenting of his marriage. In ""Christmas Party,"" a young man entertains dark thoughts as he watches his newly remarried ex-wife leading the life he once imagined they would share. ""A Former Marine"" asks, to chilling effect, if one can ever stop being a parent. And in the haunting, evocative ""Veronica,"" a mysterious woman searching for her missing daughter may not be who she claims she is.Moving between the stark beauty of winter in upstate New York and the seductive heat of Florida, A Permanent Member of the Family charts with subtlety and precision the ebb and flow of both the families we make for ourselves and the ones we're born into, as it asks how we know the ones we love and, in turn, ourselves. One of our most acute and penetrating authors, Banks's virtuosic writing animates stories that are profoundly humane, deeply—and darkly—funny, and absolutely unforgettable.Russell Banks is one of America's most prestigious fiction writers, a past president of the International Parliament of Writers, and a member of the American Academy of Arts and Letters. His work has been translated into twenty languages and has received numerous prizes and awards, including the Commonwealth Writers' Prize. He lives in upstate New York and Miami, Florida."
To Live,Yu Hua,China,4.32,"['Fiction', 'China', 'Historical Fiction', 'Asia', 'Chinese Literature', 'Literature', 'Novels', 'Classics', 'Asian Literature', 'Historical']",English,m,"From the author of Brothers and China in Ten Words this celebrated contemporary classic of Chinese literature was also adapted for film by Zhang Yimou. This searing novel, originally banned in China but later named one of that nation's most influential books, portrays one man's transformation from the spoiled son of a landlord to a kindhearted peasant. After squandering his family's fortune in gambling dens and brothels, the young, deeply penitent Fugui settles down to do the honest work of a farmer. Forced by the Nationalist Army to leave behind his family, he witnesses the horrors and privations of the Civil War, only to return years later to face a string of hardships brought on by the ravages of the Cultural Revolution. Left with an ox as the companion of his final years, Fugui stands as a model of gritty authenticity, buoyed by his appreciation for life in this narrative of humbling power."
Who Do You Love,Jennifer Weiner,United States,3.75,"['Fiction', 'Chick Lit', 'Romance', 'Contemporary', 'Adult Fiction', 'Audiobook', 'Adult', 'Womens Fiction', 'Novels', 'Contemporary Romance']",English,w,"Rachel Blum and Andy Landis are eight years old when they meet late one night in an ER waiting room. Born with a congenital heart defect, Rachel is a veteran of hospitals, and she's intrigued by the boy who shows up all alone with a broken arm. He tells her his name. She tells him a story. After Andy's taken back to the emergency room and Rachel's sent back to her bed, they think they'll never see each other again.Rachel, the beloved, popular, and protected daughter of two doting parents, grows up wanting for nothing in a fancy Florida suburb. Andy grows up poor in Philadelphia with a single mom and a rare talent that will let him become one of the best runners of his generation.Over the course of three decades, through high school and college, marriages and divorces, from the pinnacles of victory and the heartbreak of defeat, Andy and Rachel will find each other again and again, until they are finally given a chance to decide whether love can surmount difference and distance and if they've been running toward each other all along.With honesty, wit, and clear-eyed observations about men and women, love and fate, and the truth about happy endings, Jennifer Weiner delivers two of her most memorable characters, and a love story you'll never forget."
Shadow Rider,Christine Feehan,United States,4.03,"['Paranormal', 'Romance', 'Paranormal Romance', 'Fantasy', 'Urban Fantasy', 'Contemporary', 'Adult', 'Fiction', 'Suspense', 'Romantic Suspense']",English,w,"The #1 New York Times bestselling “queen of paranormal romance”* is back with a sexy new series starring a Chicago crime family that hides a dark, mystical secret...Whether it’s fast cars or fast women, Stefano Ferraro gets what he wants. When he’s not fodder for the paparazzi, he commands Ferraro  family businesses—both legitimate and illegitimate.While their criminal activity is simply a rumor yet to be proven, no one knows the real truth. The Ferraros are a family of shadow riders capable of manipulating light and dark, an ability Stefano thought ran in his family alone—until now…With little left to her name, Francesca Cappello has come to Chicago in hopes of a new life. She wasn’t expecting to attract the attention of a man with primal hunger in his eyes, driven to claim her as his to protect and to please. And if he discovers her secret, it could ruin her..."
First Comes Love,Katie Kacvinsky,United States,3.81,"['Romance', 'Young Adult', 'Contemporary', 'New Adult', 'Realistic Fiction', 'Contemporary Romance', 'Chick Lit', 'Fiction', 'College', 'Young Adult Romance']",English,w,"Like his name, Gray is dark and stormy. Dylan, a girl always searching for what's next, seemingly unable to settle down, is the exact opposite: full of light and life. On the outside, they seem like an unlikely couple. But looks can be deceiving and besides, opposites attract.What starts as friendship, turns into admiration, respect and caring, until finally these two lone souls find they are truly in love with each other.But staying in love is not as easy as falling in love. If Dylan and Gray want their love to last, they're going to have to work at it. And learn that sometimes love means having to say you're sorry."
The Jackal,J.R. Ward,United States,4.3,"['Paranormal', 'Romance', 'Paranormal Romance', 'Vampires', 'Fantasy', 'Urban Fantasy', 'Fiction', 'Adult', 'Erotica', 'Audiobook']",English,w,"The #1 New York Times bestselling author of The Sinner brings another hot adventure of true love and ultimate sacrifice in the Black Dagger Brotherhood world.The location of the glymera’s notorious prison camp was lost after the raids. When a freak accident provides Nyx clues to where her sister may still be doing time, she becomes determined to find the secret subterranean labyrinth. Embarking on a journey under the earth, she learns a terrible truth—and meets a male who changes everything forever.The Jackal has been in the camp for so long he cannot recall anything of the freedom he once knew. Trapped by circumstances out of his control, he helps Nyx because he cannot help himself. After she discovers what happened to her sister, getting her back out becomes a deadly mission for them both.United by a passion they can’t deny, they work together on an escape plan for Nyx—even though their destiny is to be forever apart. And as the Black Dagger Brotherhood is called upon for help, and Rhage discovers he has a half-brother who’s falsely imprisoned, a devious warden plots the deaths of them all…even the Brothers."
The Black Widow,Daniel Silva,United States,4.32,"['Fiction', 'Thriller', 'Mystery', 'Espionage', 'Suspense', 'Mystery Thriller', 'Spy Thriller', 'Audiobook', 'Action', 'Crime']",English,m,"A network of terror.A web of deceit.A deadly game of vengeance.Legendary spy and art restorer Gabriel Allon is poised to become the chief of Israel’s secret intelligence service. But on the eve of his promotion, events conspire to lure him into the field for one final operation. ISIS has detonated a massive bomb in the Marais district of Paris, and a desperate French government wants Gabriel to eliminate the man responsible before he can strike again.They call him Saladin …He is a terrorist mastermind whose ambition is as grandiose as his nom de guerre, a man so elusive that even his nationality is not known. Shielded by sophisticated encryption software, his network communicates in total secrecy, leaving the West blind to his planning—and leaving Gabriel no choice but to insert an agent into the most dangerous terrorist group the world has ever known. Natalie Mizrahi is an extraordinary young doctor as brave as she is beautiful. At Gabriel’s behest, she will pose as an ISIS recruit in waiting, a ticking time bomb, a black widow out for blood.Her perilous mission will take her from the restive suburbs of Paris to the island of Santorini and the brutal world of the Islamic State’s new caliphate, and eventually to Washington, D.C., where the ruthless Saladin is plotting an apocalyptic night of terror that will alter the course of history. The Black Widow is a riveting thriller of shocking prescience. But it is also a thoughtful journey into the new heart of darkness that will haunt readers long after they have turned the final page."
The Heist,Daniel Silva,United States; United States,4.13,"['Fiction', 'Thriller', 'Mystery', 'Espionage', 'Suspense', 'Mystery Thriller', 'Audiobook', 'Art', 'Crime', 'Spy Thriller']",English,w; m,"Gabriel Allon, master art restorer and assassin, returns in a spellbinding new thriller from No.1 bestselling author Daniel Silva. For all fans of Robert Ludlum.Gabriel Allon – art restorer and legendary spy – is in Venice when he receives an urgent call from the Italian police. The art dealer Justin Isherwood has stumbled upon a chilling murder scene, and is being held as a suspect.The dead man is a fallen spy with a secret – a trafficker in stolen artwork, sold to a mysterious collector. To save his friend, Gabriel must track down the world’s most iconic missing painting: Caravaggio’s Nativity with St. Francis and St. Lawrence.Gabriel’s mission takes him on exhilarating hunt from Marseilles and Corsica, to Paris and Geneva, and, finally, to a private bank in Austria, where a dangerous man stands guard over the ill-gotten wealth of one of the world’s most brutal dictators…"
The Store,Bentley Little,United States; United States,3.88,"['Horror', 'Fiction', 'Thriller', 'Fantasy', 'Paranormal', 'Supernatural', 'Suspense', 'Mystery', 'Audiobook', 'Halloween']",English,m; m,"In a small Arizona town, a man counts his blessings: a loving wife, two teenage daughters, and a job that allows him to work at home. Then ""The Store"" announces plans to open a local outlet, which will surely finish off the small downtown shops. His concerns grow when ""The Store's"" builders ignore all the town's zoning laws during its construction. Then dead animals are found on ""The Store's"" grounds. Inside, customers are hounded by obnoxious sales people, and strange products appear on the shelves. Before long the town's remaining small shop owners disappear, and ""The Store"" spreads its influence to the city council and the police force, taking over the town! It's up to one man to confront ""The Store's"" mysterious owner and to save his community, his family, and his life!"
Charlotte,Norah Lofts,France,3.83,"['Historical Fiction', 'Gothic', 'Fiction', 'Romance', 'Historical', 'Crime']",English,m,"When young John Vincent died, the outward respectability of the Cornwall household was undermined. Strangers pried, asked too many questions and pointed accusing fingers at Charlotte - herself eager to escape from the oppressive atmosphere of her father's home. She fled deep into the countryside and there taught at a school run by the untrusting and untrustworthy Mrs Armitage, who was prepared to keep quiet about Charlotte's past - but only up to a point. When the events come to be recreated, some questions naturally arise. Had Charlotte been responsible for the death of the little pupil she loved? And has that crime been repeated? In darker moments, even Charlotte herself cannot be sure."
Fidelity,Thomas Perry,Italy,3.58,"['Mystery', 'Thriller', 'Fiction', 'Crime', 'Suspense', 'Mystery Thriller', 'Audiobook', 'Murder Mystery', 'Relationships']",,m,"Murder, money, and marriage pack a triple treat in this absorbing, character-driven crime novel from Thomas Perry. When Los Angeles P.I. Phil Kramer is shot dead on a deserted suburban street in the middle of the night, his wife, Emily, is left with an emptied bank account and a lot of questions. How could Phil leave her penniless? What was he going to do with the money? And, most of all, who was the man she thought she married? Meanwhile, Jerry Hobart has some questions of his own. It’s none of his business why he was hired to kill Phil Kramer. But now that he’s been ordered to take out Kramer’s widow, he senses a deeper secret at work—and maybe a bigger payoff from Ted Forrest, the mysterious wealthy man behind the hit."
Heroes Are My Weakness,Susan Elizabeth Phillips,United States,3.74,"['Romance', 'Contemporary Romance', 'Contemporary', 'Chick Lit', 'Fiction', 'Mystery', 'Adult', 'Audiobook', 'Suspense', 'Adult Fiction']",,w,"The dead of winter.An isolated island off the coast of Maine.A man.A woman.A sinister house looming over the sea ...He's a reclusive writer whose macabre imagination creates chilling horror novels. She's a down-on-her-luck actress reduced to staging kids' puppet shows. He knows a dozen ways to kill with his bare hands. She knows a dozen ways to kill with laughs.But she's not laughing now. When she was a teenager, he terrified her. Now they're trapped together on a snowy island off the coast of Maine. Is he the villain she remembers or has he changed? Her head says no. Her heart says yes.It's going to be a long, hot winter."
Come Sundown,Nora Roberts,United States,4.11,"['Romance', 'Mystery', 'Romantic Suspense', 'Fiction', 'Suspense', 'Contemporary', 'Contemporary Romance', 'Thriller', 'Audiobook', 'Adult']",English,w,"Listening length: 17 hours, 17 minsutesThe Bodine ranch and resort in western Montana is a family business, an idyllic spot for vacationers. A little over thirty thousand acres and home to four generations, it’s kept running by Bodine Longbow with the help of a large staff, including new hire Callen Skinner. There was another member of the family once: Bodine’s aunt, Alice, who ran off before Bodine was born. She never returned, and the Longbows don’t talk about her much. The younger ones, who never met her, quietly presume she’s dead. But she isn’t. She is not far away, part of a new family, one she never chose—and her mind has been shattered…When a bartender leaves the resort late one night, and Bo and Cal discover her battered body in the snow, it’s the first sign that danger lurks in the mountains that surround them. The police suspect Cal, but Bo finds herself trusting him—and turning to him as another woman is murdered and the Longbows are stunned by Alice’s sudden reappearance. The twisted story she has to tell about the past—and the threat that follows in her wake—will test the bonds of this strong family, and thrust Bodine into a darkness she could never have imagined."
The English Spy,Daniel Silva,United States,4.19,"['Fiction', 'Thriller', 'Mystery', 'Espionage', 'Suspense', 'Mystery Thriller', 'Spy Thriller', 'Audiobook', 'Crime', 'Action']",English,m,"First there was The English Assassin. Then there was The English Girl. Now comes The English Spy...Master novelist Daniel Silva has thrilled readers with seventeen thoughtful and gripping spy novels featuring a diverse cast of compelling characters, and ingenious plots that have taken them around the globe and back—from the United States to Europe, Russia to the Middle East. His brilliant hero, Gabriel Allon - art restorer, assassin, spy - has joined the pantheon of great fictional secret agents, including George Smiley, Jack Ryan, Jason Bourne and Simon Templar.Following the success of his smash hit The Heist, Daniel Silva returns with another powerhouse of a novel - one that showcases his outstanding skill and brilliant imagination, and which is sure to be a must-read for both his multitudes of fans and growing legions of converts."
The Obsession,Nora Roberts,United States,4.2,"['Romance', 'Romantic Suspense', 'Mystery', 'Suspense', 'Fiction', 'Thriller', 'Contemporary', 'Contemporary Romance', 'Crime', 'Mystery Thriller']",English,w,"“She stood in the deep, dark woods, breath shallow and cold prickling over her skin despite the hot, heavy air. She took a step back, then two, as the urge to run fell over her.”  Naomi Bowes lost her innocence the night she followed her father into the woods. In freeing the girl trapped in the root cellar, Naomi revealed the horrible extent of her father’s crimes and made him infamous. No matter how close she gets to happiness, she can’t outrun the sins of Thomas David Bowes.  Now a successful photographer living under the name Naomi Carson, she has found a place that calls to her, a rambling old house in need of repair, thousands of miles away from everything she’s ever known. Naomi wants to embrace the solitude, but the kindly residents of Sunrise Cove keep forcing her to open up—especially the determined Xander Keaton.   Naomi can feel her defenses failing, and knows that the connection her new life offers is something she’s always secretly craved. But the sins of her father can become an obsession, and, as she’s learned time and again, her past is never more than a nightmare away."
Redeployment,Phil Klay,United States,3.97,"['Fiction', 'Short Stories', 'War', 'Military Fiction', 'Historical Fiction', 'Audiobook', 'Contemporary', 'Literary Fiction', 'Adult Fiction', 'Adult']",English,m,"Phil Klay's Redeployment takes readers to the frontlines of the wars in Iraq and Afghanistan, asking us to understand what happened there, and what happened to the soldiers who returned. Interwoven with themes of brutality and faith, guilt and fear, helplessness and survival, the characters in these stories struggle to make meaning out of chaos. In ""Redeployment"", a soldier who has had to shoot dogs because they were eating human corpses must learn what it is like to return to domestic life in suburbia, surrounded by people ""who have no idea where Fallujah is, where three members of your platoon died."" In ""After Action Report"", a Lance Corporal seeks expiation for a killing he didn't commit, in order that his best friend will be unburdened. A Morturary Affairs Marine tells about his experiences collecting remains - of U.S. and Iraqi soldiers both. A chaplain sees his understanding of Christianity, and his ability to provide solace through religion, tested by the actions of a ferocious Colonel. And in the darkly comic ""Money as a Weapons System"", a young Foreign Service Officer is given the absurd task of helping Iraqis improve their lives by teaching them to play baseball. These stories reveal the intricate combination of monotony, bureaucracy, comradeship and violence that make up a soldier's daily life at war, and the isolation, remorse, and despair that can accompany a soldier's homecoming. Redeployment is poised to become a classic in the tradition of war writing. Across nations and continents, Klay sets in devastating relief the two worlds a soldier inhabits: one of extremes and one of loss. Written with a hard-eyed realism and stunning emotional depth, this work marks Phil Klay as one of the most talented new voices of his generation."
The English Girl,Daniel Silva,United States,4.13,"['Fiction', 'Thriller', 'Mystery', 'Espionage', 'Suspense', 'Mystery Thriller', 'Audiobook', 'Spy Thriller', 'Action', 'Crime']",English,m,"Seven daysOne girlNo second chancesMadeline Hart is a rising star in Britain’s governing party: beautiful, intelligent, driven by an impoverished childhood to succeed. But she is also a woman with a dark secret: she is the lover of Prime Minister Jonathan Lancaster. Somehow, her kidnappers have learned of the affair, and they intend to make the British leader pay dearly for his sins. Fearful of a scandal that will destroy his career, Lancaster decides to handle the matter privately rather than involve the British police. It is a risky gambit, not only for the prime minister but also for the operative who will conduct the search.You have seven days, or the girl dies.Enter Gabriel Allon—master assassin, art restorer and spy—who is no stranger to dangerous assignments or political intrigue. With the clock ticking, Gabriel embarks on a desperate attempt to bring Madeline home safely. His mission takes him from the criminal underworld of Marseilles to an isolated valley in the mountains of Provence to the stately if faded corridors of power in London—and, finally, to a pulse-pounding climax in Moscow, a city of violence and spies where there is a long list of men who wish Gabriel dead.From the novel’s opening pages until the shocking ending when the true motives behind Madeline’s disappearance are revealed, The English Girl will hold readers spellbound. It is a timely reminder that, in today’s world, money often matters more than ideology. And it proves once again why Daniel Silva has been called his generation’s finest writer of suspense and foreign intrigue."
Three,Kristen Simmons,Israel,4.07,"['Dystopia', 'Young Adult', 'Romance', 'Science Fiction', 'Post Apocalyptic', 'Fantasy', 'Fiction', 'Adventure', 'Teen', 'Apocalyptic']",English,m,"Ember Miller and Chase Jennings are ready to stop running. After weeks spent in hiding as two of the Bureau of Reformation’s most wanted criminals, they have finally arrived at the safe house, where they hope to live a safe and quiet existence.And all that’s left is smoking ruins.Devastated by the demolition of their last hope, Ember and Chase follow the only thing left to them—tracks leading away from the wreckage. The only sign that there may have been survivors.With their high profile, they know they can’t stay out in the open for long. They take shelter in the wilderness and amidst the ruins of abandoned cities as they follow the tracks down the coast, eventually finding refugees from the destroyed safe house. Among them is someone from Chase’s past—someone he never thought he’d see again.Banding together, they search for a place to hide, aiming for a settlement a few of them have heard about…a settlement that is rumored to house the nebulous organization known as Three. The very group that has provided Ember with a tiny ray of hope ever since she was first forced on the run.Three is responsible for the huge network of underground safe houses and resistance groups across the country. And they may offer Ember her only chance at telling the world her story.At fighting back."
Taboo,Tara Maya,Germany,4.15,"['Fantasy', 'Romance', 'Young Adult', 'Fiction', 'Epic Fantasy', 'Magic', 'Fairies', 'Fae', 'Paranormal']",English,m,"A DEVASTATING SETBACKEnemy tribesmen attacked during the Initiation. Dindi used the magic of the corn cob doll to protect herself and others but at a terrible price. Now her dreams are in shambles. In despair, she decides to step into the forbidden faery ring, and dance herself to death with the fae. Then she discovers another choice that saves her life…but breaks the ultimate taboo.A DESPERATE OUTREACHAfter being unfairly exiled from his own people, Kavio may have found a new home, but only if he can protect it from another attack by the enemy. He gathers a small group to venture deep into the heart of enemy territory in search of the ultimate prize…peace.But by the harsh laws of their land, they cannot both break taboos and keep the peace. They will each have to choose, what, or whom, to betray."
The Little French Bistro,Nina George,Germany,3.57,"['Fiction', 'Romance', 'France', 'Contemporary', 'Audiobook', 'Adult Fiction', 'Chick Lit', 'Adult', 'Womens Fiction', 'Literary Fiction']",English,w,"From the New York Times and internationally bestselling author of The Little Paris Bookshop, an extraordinary novel about self-discovery and new beginnings.Marianne is stuck in a loveless, unhappy marriage. After forty-one years, she has reached her limit, and one evening in Paris she decides to take action. Following a dramatic moment on the banks of the Seine, Marianne leaves her life behind and sets out for the coast of Brittany, also known as the end of the world.Here she meets a cast of colorful and unforgettable locals who surprise her with their warm welcome, and the natural ease they all seem to have, taking pleasure in life's small moments. And, as the parts of herself she had long forgotten return to her in this new world, Marianne learns it s never too late to begin the search for what life should have been all along. With all the buoyant charm that made The Little Paris Bookshop a beloved bestseller, The Little French Bistro is a tale of second chances and a delightful embrace of the joys of life in France."
The Morning After,Lisa Jackson,Italy,4.09,"['Mystery', 'Romantic Suspense', 'Thriller', 'Suspense', 'Romance', 'Fiction', 'Crime', 'Contemporary', 'Mystery Thriller', 'Murder Mystery']",English,m,"Determined to make a name for herself, Savannah journalist Nikki Gillette follows Pierce Reed as he investigates a serial killer who is burying women alive, but her quest for fame turns deadly when the killer sets his sights on her."
Hot Pursuit,Suzanne Brockmann,United States,4.21,"['Romance', 'Romantic Suspense', 'Suspense', 'Military Fiction', 'Contemporary', 'Fiction', 'Mystery', 'Contemporary Romance', 'Military Romance', 'Thriller']",English,m,"Alyssa Locke is no stranger to dealing with danger. As team leader of the nation's number one personal security company, Troubleshooters Inc., she's seen more than her share of action, survived plenty of close calls, and holds her own with the best of them-and against the worst of them. Guarding lives is her game, and no one plays it better. But her toughest challenge will be protecting herself from a serial killer she's been after for years-known only as The Dentist-who is determined to make her his ultimate trophy. The assignment was supposed to be an easy one: teach self-defense techniques to a newly elected assemblywoman and her chief of staff after a political controversy generates a blizzard of hate mail-including death threats-from hotheads and cranks. But as soon as she mobilizes her squad of moonlighting Navy SEALs in New York City, Alyssa begins butting heads with the hard-case cop who thinks that the Troubleshooters are chasing shadows. Until they discover a dead body. And then another. Now Alyssa really has her hands full-bodyguarding two independent, busy women, managing a murder investigation, and trying to find time for her husband, Troubleshooters operative Sam Starrett, and their infant son. Meanwhile, it wouldn't be a Troubleshooters operation without romantic sparks and heated rivalries-and any time the SEALs of Team Sixteen are involved, there are plenty of both. But then, while investigating a suspect, Alyssa is ambushed and suddenly finds herself imprisoned by The Dentist. Cut off from everyone she loves and relies on, Alyssa must call upon all of her strength and skill to survive this final confrontation with the sadistic monster, meanwhile trusting that her Troubleshooter teammates, led by her beloved Sam, will reach her before it's too late."
The Irresistible Blueberry Bakeshop and Cafe,Mary Simses,United States,3.47,"['Fiction', 'Romance', 'Chick Lit', 'Contemporary', 'Adult', 'Adult Fiction', 'Womens Fiction', 'Food', 'Family', 'Foodie']",,w,"Manhattan lawyer Ellen Branford is going to fulfil her grandmother's dying wish - to find the hometown boy she once loved and give him her last letter. Beacon, Maine, home to blueberry fields and eccentric locals, is the last place she wants to go so close to her upcoming wedding. Hoping to be in and out in 24 hours, Ellen ends up the talk of the town when a tumble into the ocean introduces her to Roy Cummings, the carpenter who saves her life. Roy happens to be the nephew of Ellen's grandmother's lost love, and the one person who can bring closure to her quest. But as Ellen learns what Beacon has to offer and what her grandmother left behind, she may find that a 24 hour visit will never be enough..."
Guignol's Band,Louis-Ferdinand Céline,France,3.75,"['Fiction', 'France', 'Literature', 'Novels', 'French Literature', '20th Century', 'Literary Fiction', 'Classics']",English,m,"In Guignol's Band, first published in France in 1943, Céline explores the horror of a disordered world. The hero, the semi-autobiographical Ferdinand, moves through the nightmare of London's underworld during the years of World War I. In this distressing setting, he meets pimps and prostitutes, pawnbrokers and magicians, policemen and arsonists. He sees social and physiological decomposition as these processes unfold along parallel lines of development. The illusions of existence are nakedly exposed. The narrative erupts in Céline's characteristic elliptical style. His splintered sentences and scatology reflect his fury at the fragmentation of experience and at his own impotence in the face of it. Out of his rage, he forces the meaninglessness back on itself, and the exuberance of his struggle triumphs in the comic exaggeration of satire. Ultimately, his subject is not death but life, and he responds to it by a strengthened commitment to the sensual and concrete. His hallucinatory world is so vividly realized that it does, indeed, challenge the reality of the reader's more conventional world."
The Missing Sister,Elle Marr,United Kingdom,3.56,"['Mystery', 'Fiction', 'Thriller', 'Mystery Thriller', 'Crime', 'Suspense', 'Audiobook', 'France', 'Amazon', 'Adult Fiction']",English,w,"
  In Paris, her twin sister has vanished, leaving behind three chilling words: Trust no one.
Shayna Darby is finally coming to terms with her parents’ deaths when she’s delivered another blow. The body of her estranged twin sister, Angela—the possible victim of a serial killer—has been pulled from the Seine. Putting what’s left of her life on hold, Shayna heads to Paris. But while cleaning out Angela’s apartment, Shayna makes a startling discovery: a coded message meant for her alone…
  Alive. Trust no one.
Taking the warning to heart, Shayna maintains the lie. She makes a positive ID on the remains and works to find out where—and why—her missing sister is hiding. Shayna retraces her sister’s footsteps, and they lead her down into Paris’s underbelly.As she gets closer to the truth—and to the killer—Shayna’s own life may now be in the balance…"
Cross Roads,William Paul Young,Canada,3.96,"['Fiction', 'Christian Fiction', 'Christian', 'Spirituality', 'Religion', 'Inspirational', 'Faith', 'Contemporary', 'Adult', 'Novels']",English,m,"Anthony Spencer is egotistical, proud of being a self-made business success at the peak of his game, even though the cost of winning was painfully high. A cerebral hemorrhage leaves Tony comatose in a hospital ICU. He 'awakens' to find himself in a surreal world, a 'living' landscape that mirrors dimensions of his earthly life, from the beautiful to the corrupt. It is here that he has vivid interactions with others he assumes are projections of his own subconscious, but whose directions he follows nonetheless with the possibility that they might lead to authenticity and perhaps, redemption. The adventure draws Tony into deep relational entanglements where he is able to 'see' through the literal eyes and experiences of others, but is ""blind"" to the consequences of hiding his personal agenda and loss that emerge to war against the processes of healing and trust. Will this unexpected coalescing of events cause Tony to examine his life and realize he built a house of cards on the poisoned grounds of a broken heart? Will he also have the courage to make a critical choice that can undo a major injustice he set in motion before falling into a coma?"
X,"Ilyasah Shabazz, Kekla Magoon",United States,3.89,"['Historical Fiction', 'Young Adult', 'Fiction', 'Historical', 'African American', 'Teen', 'Cultural', 'Audiobook', 'Race', 'Coming Of Age']",,w,"Winner of the 2016 NAACP Image Award for Outstanding Literary Work for Youth/TeensA 2016 Coretta Scott King Author Honor BookCowritten by Malcolm X’s daughter, this riveting and revealing novel follows the formative years of the man whose words and actions shook the world.Malcolm Little’s parents have always told him that he can achieve anything, but from what he can tell, that’s a pack of lies—after all, his father’s been murdered, his mother’s been taken away, and his dreams of becoming a lawyer have gotten him laughed out of school. There’s no point in trying, he figures, and lured by the nightlife of Boston and New York, he escapes into a world of fancy suits, jazz, girls, and reefer. But Malcolm’s efforts to leave the past behind lead him into increasingly dangerous territory. Deep down, he knows that the freedom he’s found is only an illusion—and that he can’t run forever.X follows Malcolm from his childhood to his imprisonment for theft at age twenty, when he found the faith that would lead him to forge a new path and command a voice that still resonates today."
Ambush,Barbara Nickless,United States; United States,4.49,"['Mystery', 'Thriller', 'Fiction', 'Mystery Thriller', 'Suspense', 'Crime', 'Animals', 'Action', 'Contemporary', 'War']",English,m; m,"The gripping third book in the bestselling Sydney Rose Parnell series.Railway cop and former Marine Sydney Parnell is on the hunt. So is a killer she knows only as the Alpha. They’re in a race to find Malik, an eleven-year-old Iraqi boy with secrets to guard. Sydney wants to help him. The Alpha wants him dead.From the dark alleys of Mexico City to the mean streets of Denver, Sydney and her K9 partner, Clyde, use their wits and determination to chase down the ruthless killer. But when their path collides with his, Sydney realizes just how far-reaching and sinister the Alpha’s past is. And how far he’s willing to go to save his secrets."
