publisher,num_male,num_female,top_genres
Unknown,2071,1359,"Romance, Contemporary, Fantasy"
Vintage,466,90,"Literature, Novels, Literary Fiction"
HarperCollins,285,224,"Young Adult, Fantasy, Childrens"
Penguin Books,305,114,"Classics, Literature, Novels"
Ballantine Books,207,174,"Historical Fiction, Adult, Historical"
Bantam,223,151,"Mystery, Romance, Adult"
Createspace Independent Publishing Platform,205,148,"Romance, Fantasy, Contemporary"
Avon,106,181,"Romance, Adult, Historical Fiction"
Penguin Classics,246,37,"Classics, Literature, Novels"
Berkley,108,173,"Romance, Mystery, Fantasy"
Pocket Books,146,134,"Romance, Adult, Fantasy"
Del Rey,234,45,"Fantasy, Science Fiction Fantasy, Science Fiction"
Tor Books,239,34,"Fantasy, Science Fiction Fantasy, Science Fiction"
Grand Central Publishing,194,76,"Adult, Mystery, Audiobook"
HarperTeen,73,164,"Young Adult, Romance, Fantasy"
Simon Pulse,103,134,"Young Adult, Romance, Teen"
St. Martin's Press,129,102,"Adult, Romance, Audiobook"
Harper Perennial,163,63,"Nonfiction, Novels, Literature"
"Little, Brown Books for Young Readers",138,82,"Young Adult, Fantasy, Childrens"
Penguin,147,51,"Nonfiction, Classics, Literature"
Signet,122,75,"Romance, Fantasy, Paranormal"
Mariner Books,150,39,"Literature, Novels, Classics"
Random House,115,73,"Audiobook, Adult, Novels"
"Little, Brown and Company",116,65,"Audiobook, Adult, Mystery"
Berkley Books,85,94,"Romance, Adult, Fantasy"
Ace,84,90,"Fantasy, Science Fiction Fantasy, Romance"
Harper,105,68,"Audiobook, Adult, Mystery"
W. W. Norton Company,132,38,"Nonfiction, Literature, Audiobook"
St. Martin's Griffin,106,60,"Romance, Young Adult, Fantasy"
Scholastic Press,73,91,"Young Adult, Fantasy, Middle Grade"
Orbit,109,54,"Fantasy, Science Fiction Fantasy, Magic"
Scribner,119,44,"Audiobook, Literature, Novels"
HMH Books for Young Readers,72,90,"Young Adult, Fantasy, Childrens"
Delacorte Press,75,84,"Young Adult, Romance, Fantasy"
Simon & Schuster,106,52,"Nonfiction, Audiobook, Adult"
HarperCollins Publishers,99,59,"Fantasy, Young Adult, Childrens"
Createspace,81,76,"Romance, Fantasy, Paranormal"
Scholastic Paperbacks,82,67,"Childrens, Young Adult, Middle Grade"
Scholastic,89,55,"Young Adult, Childrens, Middle Grade"
Bethany House Publishers,63,81,"Christian, Christian Fiction, Romance"
VIZ Media LLC,118,26,"Manga, Graphic Novels, Comics"
CreateSpace,75,65,"Romance, Young Adult, Contemporary"
William Morrow Paperbacks,72,67,"Adult, Romance, Contemporary"
Simon Schuster,112,26,"Nonfiction, Audiobook, History"
Puffin Books,76,60,"Childrens, Young Adult, Middle Grade"
Thomas Nelson,85,51,"Christian, Christian Fiction, Nonfiction"
William Morrow,93,42,"Audiobook, Adult, Mystery"
Aladdin,67,64,"Middle Grade, Childrens, Young Adult"
Grove Press,105,25,"Literature, Novels, Classics"
Atria Books,65,62,"Adult, Romance, Contemporary"
Dell,49,74,"Romance, Adult, Historical Fiction"
Gallery Books,48,73,"Adult, Romance, Contemporary"
Amazon Digital Services,71,47,"Romance, Fantasy, Contemporary"
CreateSpace Independent Publishing Platform,67,50,"Romance, New Adult, Contemporary"
Dover Publications,103,14,"Classics, Literature, Nonfiction"
Knopf,79,36,"Audiobook, Contemporary, Adult"
Anchor,72,41,"Novels, Nonfiction, Literature"
Tyndale House Publishers,61,49,"Christian, Christian Fiction, Romance"
"Farrar, Straus and Giroux",75,32,"Literature, Novels, Classics"
Razorbill,37,69,"Young Adult, Fantasy, Romance"
Simon Schuster Books for Young Readers,45,58,"Young Adult, Teen, Childrens"
Scholastic Inc.,59,43,"Childrens, Young Adult, Middle Grade"
Roc,55,46,"Fantasy, Magic, Science Fiction Fantasy"
Zondervan,43,57,"Christian, Christian Fiction, Romance"
G.P. Putnam's Sons,68,31,"Mystery, Thriller, Mystery Thriller"
Oxford University Press,76,20,"Classics, Literature, Historical Fiction"
Gollancz,71,24,"Fantasy, Science Fiction Fantasy, Science Fiction"
St. Martin's Paperbacks,47,48,"Romance, Mystery, Adult"
Picador,75,20,"Literature, Novels, Contemporary"
DAW,50,43,"Fantasy, Science Fiction Fantasy, Magic"
Bantam Books,59,34,"Mystery, Classics, Thriller"
"Oxford University Press, USA",85,8,"Nonfiction, Classics, History"
HarperOne,72,21,"Nonfiction, Spirituality, Religion"
DC Comics,91,1,"Comics, Graphic Novels, Comic Book"
Doubleday,70,21,"Audiobook, Contemporary, Adult"
Delacorte Books for Young Readers,53,37,"Young Adult, Fantasy, Teen"
Random House Books for Young Readers,61,28,"Childrens, Fantasy, Young Adult"
Katherine Tegen Books,27,62,"Young Adult, Fantasy, Romance"
Riverhead Books,55,32,"Contemporary, Adult, Novels"
Puffin,56,30,"Young Adult, Childrens, Fantasy"
Modern Library,74,12,"Classics, Literature, Novels"
Harry N. Abrams,72,14,"Young Adult, Childrens, Fantasy"
دار الشروق,85,0,"Literature, Nonfiction, Egypt"
Avon Books,56,28,"Fantasy, Romance, Historical Fiction"
Knopf Books for Young Readers,58,26,"Young Adult, Realistic Fiction, Contemporary"
Smashwords,39,45,"Romance, Contemporary, Fantasy"
Smashwords Edition,43,41,"Romance, Contemporary, Fantasy"
Ace Books,56,27,"Fantasy, Science Fiction Fantasy, Science Fiction"
Margaret K. McElderry Books,10,73,"Young Adult, Fantasy, Romance"
Penguin Group,58,25,"Novels, Classics, Historical Fiction"
Arrow,33,49,"Romance, Historical Fiction, Historical"
Broadway Books,49,32,"Nonfiction, Biography, Memoir"
Marvel,79,1,"Graphic Novels, Comics, Graphic Novels Comics"
Orion,55,25,"Mystery, Thriller, Crime"
Jove,28,52,"Romance, Paranormal, Fantasy"
Greenwillow Books,32,48,"Young Adult, Fantasy, Childrens"
Balzer + Bray,20,59,"Young Adult, Romance, Audiobook"
Viking,53,26,"Audiobook, Nonfiction, Historical"
Del Rey Books,60,18,"Fantasy, Science Fiction Fantasy, Science Fiction"
Candlewick Press,35,42,"Young Adult, Childrens, Realistic Fiction"
Disney-Hyperion,39,36,"Young Adult, Fantasy, Adventure"
Houghton Mifflin Harcourt,49,26,"Novels, Nonfiction, Contemporary"
Harper Voyager,49,26,"Fantasy, Science Fiction Fantasy, Magic"
New Directions,69,5,"Literature, Classics, 20th Century"
Plume,56,18,"Novels, Literature, Historical Fiction"
HarperTorch,44,30,"Mystery, Mystery Thriller, Thriller"
Feiwel & Friends,21,52,"Young Adult, Fantasy, Romance"
Andrews McMeel Publishing,58,14,"Comics, Humor, Graphic Novels"
Ecco,59,12,"Literature, Contemporary, Novels"
Gramedia Pustaka Utama,24,47,"Indonesian Literature, Novels, Romance"
Gold Eagle,65,5,"Adventure, Fantasy, Urban Fantasy"
Basic Books,58,11,"Nonfiction, Science, History"
Headline,34,33,"Mystery, Thriller, Mystery Thriller"
Back Bay Books,50,17,"Literature, Nonfiction, Classics"
Free Press,54,13,"Nonfiction, History, Biography"
Atheneum Books for Young Readers,28,38,"Young Adult, Childrens, Middle Grade"
Minotaur Books,28,37,"Mystery, Mystery Thriller, Crime"
NAL,32,33,"Romance, Adult, Mystery"
Little Brown and Company,47,17,"Mystery, Adult, Nonfiction"
Laurel Leaf,32,32,"Young Adult, Teen, Childrens"
Pocket Star,27,36,"Romance, Adult, Fantasy"
Harlequin Teen,4,59,"Young Adult, Romance, Fantasy"
Touchstone,43,19,"Nonfiction, Historical Fiction, Audiobook"
Washington Square Press,25,36,"Historical Fiction, Novels, Historical"
Hodder & Stoughton,36,25,"Romance, Young Adult, Nonfiction"
Grosset & Dunlap,15,45,"Childrens, Young Adult, Classics"
Hachette Books,40,20,"Nonfiction, Biography, Memoir"
Berkley Sensation,10,50,"Romance, Adult, Paranormal"
Image Comics,58,2,"Graphic Novels, Comics, Graphic Novels Comics"
Speak,32,27,"Young Adult, Teen, Romance"
Picador USA,44,15,"Novels, Literary Fiction, Contemporary"
Yearling,31,28,"Childrens, Young Adult, Middle Grade"
Hodder Children's Books,25,33,"Young Adult, Adventure, Childrens"
Brilliance Audio,36,22,"Audiobook, Romance, Mystery"
iUniverse,44,14,"Fantasy, Romance, Nonfiction"
TokyoPop,36,22,"Manga, Graphic Novels, Comics"
Pocket,42,15,"Romance, Novels, Fantasy"
Forever,12,45,"Romance, Contemporary, Contemporary Romance"
Routledge,47,10,"Nonfiction, Philosophy, Science"
Dial Books,24,32,"Young Adult, Teen, Fantasy"
Corgi,41,15,"Fantasy, Humor, Science Fiction Fantasy"
Random House Trade Paperbacks,47,9,"Nonfiction, Novels, Biography"
Zebra,15,41,"Romance, Adult, Paranormal Romance"
Simon & Schuster Books for Young Readers,25,30,"Young Adult, Fantasy, Romance"
Gallimard,50,5,"France, French Literature, Novels"
Alfred A. Knopf,42,13,"Novels, Fantasy, Audiobook"
Authorhouse,38,16,"Romance, Nonfiction, New Adult"
Crown,39,15,"Audiobook, Nonfiction, Adult"
Dreamspinner Press,29,25,"M M Romance, Romance, LGBT"
Bloomsbury Publishing PLC,43,11,"Young Adult, Novels, Contemporary"
Spectra,40,14,"Fantasy, Science Fiction Fantasy, Science Fiction"
Fawcett,28,24,"Historical Fiction, Historical, Mystery"
W. W. Norton & Company,41,11,"Nonfiction, Classics, Literature"
Vertigo,50,1,"Graphic Novels, Comics, Graphic Novels Comics"
Delta,39,11,"Novels, Mystery, Suspense"
Ellora's Cave,30,20,"Romance, Erotica, Erotic Romance"
Anchor Books,36,13,"Novels, Literature, Nonfiction"
Faber & Faber,40,9,"Literature, Novels, Contemporary"
Penguin Books Ltd,40,9,"Classics, Novels, Literature"
Tor Fantasy,30,19,"Fantasy, Science Fiction Fantasy, Magic"
HarperTrophy,17,32,"Young Adult, Childrens, Middle Grade"
Bloomsbury USA Childrens,16,32,"Young Adult, Fantasy, Romance"
Philomel Books,27,21,"Young Adult, Childrens, Middle Grade"
Harper Perennial Modern Classics,34,13,"Classics, Literature, Novels"
Da Capo Press,42,5,"Nonfiction, History, Biography"
Helping Hands Press,22,24,"Christian Fiction, Amish Fiction, Amish"
Viking Books for Young Readers,24,22,"Young Adult, Romance, Teen"
Lulu.com,32,13,"Fantasy, Paranormal, Romance"
Thomas Dunne Books,36,9,"Fantasy, Audiobook, Thriller"
Poppy,4,41,"Young Adult, Romance, Contemporary"
Shadow Mountain,36,8,"Young Adult, Fantasy, Adventure"
Cambridge University Press,39,5,"Nonfiction, Philosophy, Classics"
Fleming H. Revell Company,15,29,"Christian, Christian Fiction, Romance"
Montlake Romance,8,36,"Romance, Adult, Contemporary"
Yen Press,33,10,"Fantasy, Manga, Graphic Novels"
Harlequin,2,41,"Romance, Contemporary Romance, Contemporary"
Chronicle Books,21,22,"Childrens, Humor, Fantasy"
G.P. Putnam's Sons Books for Young Readers,12,30,"Young Adult, Fantasy, Romance"
Mira,5,37,"Romance, Adult, Mystery"
University of Chicago Press,40,2,"Classics, Literature, Nonfiction"
Pantheon,31,10,"Novels, Literature, Nonfiction"
Dutton,27,13,"Adult, Audiobook, Thriller"
Eos,29,11,"Fantasy, Magic, Adventure"
Doubleday Books,30,9,"Audiobook, Mystery, Thriller"
Thomas & Mercer,25,14,"Mystery, Thriller, Mystery Thriller"
Hyperion,19,20,"Romance, Fantasy, Young Adult"
NYRB Classics,35,3,"Classics, 20th Century, Literature"
Sphere,17,21,"Romance, Contemporary, Mystery"
Bloomsbury USA,27,11,"Nonfiction, Novels, Humor"
Kensington,6,32,"Romance, Adult, Fantasy"
Dark Horse Books,35,3,"Graphic Novels, Comics, Fantasy"
Kessinger Publishing,32,6,"Classics, Literature, Short Stories"
Harper Teen,15,23,"Young Adult, Romance, Teen"
Warner Books (NY),23,14,"Contemporary, Adult, Fantasy"
Algonquin Books,18,19,"Historical Fiction, Historical, Adult"
Sweet Valley,0,37,"Childrens, Middle Grade"
Baen,24,13,"Science Fiction, Fantasy, Science Fiction Fantasy"
Faber and Faber,34,3,"Literature, Novels, Literary Fiction"
Crossway Books,37,0,"Christian, Religion, Christianity"
Vintage Books,31,6,"Literature, Novels, Contemporary"
Warner Books,24,13,"Mystery, Thriller, Suspense"
Bold Strokes Books,14,23,"LGBT, Lesbian, Lesbian Fiction"
Wizards of the Coast,34,3,"Fantasy, Dungeons and Dragons, Science Fiction Fantasy"
Bloomsbury,25,12,"Young Adult, Fantasy, Romance"
Harvest House Publishers,12,25,"Christian, Christian Fiction, Romance"
Princeton University Press,32,5,"Nonfiction, Philosophy, History"
Samhain Publishing,17,20,"Romance, Erotica, Paranormal"
Penguin Press,26,10,"Nonfiction, History, Audiobook"
Leisure Books,19,17,"Paranormal, Romance, Fantasy"
First Second,22,14,"Graphic Novels, Comics, Graphic Novels Comics"
Harper Collins,22,14,"Adult, Romance, Audiobook"
Henry Holt and Co.,29,7,"Nonfiction, Audiobook, History"
Egmont,23,13,"Childrens, Young Adult, Adventure"
HarperCollins Children's Books,20,15,"Young Adult, Fantasy, Adventure"
Farrar Straus Giroux,24,11,"Literature, Classics, Young Adult"
Dutton Books for Young Readers,18,17,"Young Adult, Fantasy, Teen"
Tokyopop,27,7,"Manga, Graphic Novels, Comics"
"Farrar, Straus and Giroux (BYR)",12,22,"Young Adult, Realistic Fiction, Middle Grade"
Yale University Press,29,5,"Nonfiction, History, Classics"
McBooks Press,34,0,"Historical Fiction, Historical, Adventure"
"Little, Brown Book Group",7,27,"Historical Fiction, Historical, Romance"
Houghton Mifflin,22,12,"Fantasy, Young Adult, Classics"
Le Livre de Poche,24,9,"France, Novels, French Literature"
Amulet Books,31,2,"Young Adult, Middle Grade, Childrens"
MIRA,11,22,"Romance, Contemporary, Adult"
Bantam Press,28,5,"Thriller, Historical Fiction, Historical"
Viking Adult,19,14,"Fantasy, Novels, Contemporary"
BBC Books,30,3,"Doctor Who, Science Fiction, Fantasy"
Hay House,18,15,"Nonfiction, Spirituality, Self Help"
Sourcebooks Fire,8,25,"Young Adult, Romance, Contemporary"
Mondadori,22,10,"Italian Literature, Fantasy, Novels"
Baen Books,20,12,"Fantasy, Science Fiction, Science Fiction Fantasy"
St. Martins Press-3PL,20,12,"Fantasy, Romance, Novels"
Aladdin Paperbacks,15,16,"Childrens, Young Adult, Middle Grade"
Lake Union Publishing,11,20,"Audiobook, Contemporary, Romance"
Turtleback Books,18,13,"Young Adult, Childrens, Fantasy"
Multnomah,24,7,"Christian, Christian Fiction, Nonfiction"
Vintage Classics,30,1,"Classics, Literature, Novels"
Flux,11,20,"Young Adult, Romance, Fantasy"
Firebird,21,10,"Fantasy, Young Adult, Science Fiction Fantasy"
Wildside Press,30,1,"Classics, Fantasy, Literature"
Zondervan Publishing Company,22,8,"Christian, Christian Fiction, Religion"
Arthur A. Levine Books,13,17,"Young Adult, Fantasy, Childrens"
Amazon,22,8,"Fantasy, Romance, Young Adult"
Albin Michel,21,9,"France, Roman, French Literature"
Sourcebooks Casablanca,7,22,"Romance, Adult, Contemporary"
Harmony,20,9,"Nonfiction, Psychology, Self Help"
VIZ Media,26,3,"Manga, Graphic Novels, Fantasy"
Simon & Schuster UK,14,15,"Mystery, Young Adult, Fantasy"
"Little, Brown Young Readers",17,12,"Young Adult, Fantasy, Middle Grade"
Berkley Trade,15,14,"Romance, Adult, Paranormal"
Signet Classics,28,1,"Classics, Literature, Novels"
Mira Books,3,26,"Romance, Adult, Contemporary"
Independently Published,19,9,"Epic, Contemporary, Drama"
Phoenix,23,5,"Novels, Mystery, Nonfiction"
Everyman's Library,26,2,"Classics, Literature, Novels"
Wiley,20,8,"Nonfiction, Business, Economics"
Skylark,28,0,"Horses, Childrens, Young Adult"
Point,7,21,"Young Adult, Romance, Teen"
Three Rivers Press,17,11,"Nonfiction, History, Adult"
Dutton Adult,15,12,"Mystery, Thriller, Audiobook"
Tor Teen,9,18,"Young Adult, Fantasy, Romance"
Jonathan Cape,23,4,"Novels, Contemporary, Literature"
Wattpad,18,9,"Romance, Young Adult, Contemporary"
Lulu,18,9,"Romance, Young Adult, Fantasy"
Henry Holt & Company,17,10,"Young Adult, Literature, Historical"
Sourcebooks Landmark,11,16,"Romance, Adult, Historical Fiction"
Portfolio,26,1,"Business, Nonfiction, Self Help"
Berkley Publishing Group,16,10,"Fantasy, Romance, Paranormal"
Alfaguara,19,7,"Spanish Literature, Novels, Literature"
Orb Books,25,1,"Fantasy, Science Fiction Fantasy, Science Fiction"
Putnam Adult,24,2,"Thriller, Mystery, Suspense"
Chicken House,10,16,"Young Adult, Childrens, Middle Grade"
Howard Books,13,13,"Christian, Nonfiction, Christian Fiction"
Beacon Press,15,11,"Nonfiction, History, Politics"
Dutton Books,20,6,"Contemporary, Audiobook, Mystery"
New American Library,7,19,"Fantasy, Romance, Paranormal"
Dalkey Archive Press,24,2,"Novels, Literature, 20th Century"
Allen & Unwin,12,13,"Young Adult, Contemporary, Fantasy"
Bantam Spectra,22,3,"Fantasy, Science Fiction Fantasy, Science Fiction"
Not Avail,20,5,"Mystery, Thriller, Adventure"
Tor,18,7,"Fantasy, Science Fiction Fantasy, Science Fiction"
It Books,19,6,"Nonfiction, Biography, Memoir"
Ivy Books,7,18,"Historical Fiction, Romance, Historical"
Thomas Nelson Publishers,18,7,"Christian, Christian Fiction, Contemporary"
DC,25,0,"Comics, Dc Comics, Comic Book"
Catapult,13,12,"Nonfiction, Literary Fiction, Adult"
Starscape,18,7,"Young Adult, Fantasy, Science Fiction"
Fantagraphics,21,4,"Comics, Graphic Novels, Graphic Novels Comics"
Plume Books,15,10,"Historical Fiction, Historical, Nonfiction"
Forge Books,22,3,"Historical Fiction, Historical, Adventure"
Verso,19,6,"Nonfiction, Politics, History"
Yapı Kredi Yayınları,24,1,"Turkish Literature, Turkish, Literature"
Scribner Book Company,14,11,"Mystery, Thriller, Audiobook"
Arcade Publishing,24,1,"Nonfiction, Literature, History"
Simon Spotlight,2,22,"Middle Grade, Childrens, Realistic Fiction"
IDW Publishing,24,0,"Graphic Novels, Fantasy, Comics"
"Amazon Digital Services, Inc.",11,13,"Romance, Contemporary, Contemporary Romance"
Harvard University Press,20,4,"Nonfiction, Philosophy, Science"
Harcourt,10,13,"Fantasy, Young Adult, Childrens"
Companhia das Letras,18,5,"Portuguese Literature, Brazil, Romance"
iBooks,22,1,"Fantasy, Science Fiction, Science Fiction Fantasy"
Macmillan,15,8,"Fantasy, Audiobook, Young Adult"
Planeta,17,6,"Spanish Literature, Romance, Fantasy"
Dell Publishing Company,12,11,"Adult, Audiobook, Romance"
Graphix,16,7,"Graphic Novels, Comics, Young Adult"
"Octagon Press, Limited",22,1,"Islam, Spirituality, Religion"
Brava,3,20,"Romance, Paranormal, Paranormal Romance"
Orion Publishing Group,14,9,"Novels, Mystery, Fantasy"
EgmontUSA,6,17,"Young Adult, Romance, Fantasy"
University of California Press,17,6,"Nonfiction, Classics, Literature"
Voyager,14,9,"Fantasy, Science Fiction Fantasy, Science Fiction"
Moody Publishers,11,12,"Christian, Christian Fiction, Childrens"
Mouse Works,17,6,"Childrens, Picture Books, Animals"
"Scholastic, Inc.",13,10,"Childrens, Young Adult, Middle Grade"
Hyperion Books for Children,16,7,"Young Adult, Fantasy, Childrens"
Dark Horse,23,0,"Comics, Graphic Novels, Graphic Novels Comics"
Henry Holt and Co. (BYR),10,13,"Young Adult, Fantasy, Contemporary"
Heyne,17,6,"Fantasy, Science Fiction, Novels"
Feltrinelli,21,1,"Novels, Contemporary, Italian Literature"
Laurel Leaf Library,11,11,"Young Adult, Teen, Childrens"
Disney Press,17,5,"Fantasy, Childrens, Middle Grade"
دار المعارف,22,0,"Philosophy, Religion, Nonfiction"
Knopf Publishing Group,12,10,"Nonfiction, Audiobook, Contemporary"
Doubleday Canada,18,4,"Canada, Contemporary, Historical Fiction"
Wendy Lamb Books,15,7,"Young Adult, Fantasy, Childrens"
Love Spell,3,19,"Romance, Paranormal Romance, Paranormal"
J'ai Lu,11,11,"Romance, Historical, Historical Fiction"
BiblioLife,18,4,"Classics, Literature, Novels"
Spectra Books,20,2,"Fantasy, Science Fiction Fantasy, Science Fiction"
Tor Science Fiction,21,1,"Science Fiction, Science Fiction Fantasy, Fantasy"
Prometheus Books,19,3,"Nonfiction, Philosophy, Science"
House of Stratus,20,2,"Classics, Novels, Historical Fiction"
Square Fish,13,9,"Young Adult, Childrens, Fantasy"
Outskirts Press,13,9,"Contemporary, Nonfiction, Drama"
Philomel,7,15,"Young Adult, Fantasy, Romance"
Vintage International,22,0,"Literature, Classics, Novels"
Adelphi,18,4,"Classics, Literature, 20th Century"
Vintage Crime/Black Lizard,19,3,"Mystery, Crime, Mystery Thriller"
Macmillan Children's Books,10,11,"Young Adult, Childrens, Fantasy"
Wednesday Books,10,11,"Young Adult, Romance, Fantasy"
Hyperion Books,10,11,"Fantasy, Young Adult, Childrens"
Xlibris,14,7,"Drama, Contemporary, Novels"
Hard Press,21,0,"Classics, Literature, Novels"
Golden Books,11,10,"Childrens, Picture Books, Classics"
Michael Joseph,15,6,"Audiobook, Adult, Mystery"
Random House Trade,14,7,"Nonfiction, Novels, Biography"
Roaring Brook Press,10,11,"Young Adult, Fantasy, Teen"
Clarion Books,12,9,"Young Adult, Childrens, Middle Grade"
Alfred A. Knopf Books for Young Readers,12,9,"Young Adult, Adventure, Audiobook"
Serpent's Tail,16,5,"Literature, Novels, Historical Fiction"
Titan Books,17,4,"Fantasy, Horror, Mystery"
Putnam Juvenile,4,17,"Young Adult, Romance, Fantasy"
Bethany House,9,12,"Christian Fiction, Christian, Romance"
Walker Childrens,7,14,"Young Adult, Romance, Contemporary"
Fawcett Books,16,5,"Historical Fiction, Novels, Historical"
Center Street,14,7,"Christian Fiction, Contemporary, Christian"
HQN Books,4,17,"Romance, Paranormal, Adult"
Gyldendal,15,6,"Danish, Scandinavian Literature, Classics"
Urban Books,21,0,"Urban, African American, Drama"
Pan Books,14,6,"Fantasy, Novels, Historical Fiction"
Dodo Press,17,3,"Classics, Literature, 19th Century"
America Star Books,15,5,"Horror, Contemporary, Mystery"
Bison Books,15,5,"Classics, Novels, Science Fiction"
Independently published,14,6,"New Adult, Contemporary, Adult"
Soft Skull Press,13,7,"Contemporary, Novels, Literary Fiction"
Pan MacMillan,13,7,"Audiobook, Nonfiction, Adult"
Orion Children's Books,9,11,"Childrens, Young Adult, Fantasy"
Shambhala,19,1,"Nonfiction, Philosophy, Spirituality"
Pocket Star Books,13,7,"Thriller, Suspense, Adult"
Viking Books,16,4,"Historical Fiction, Historical, Contemporary"
Univ Of Minnesota Press,16,4,"Nonfiction, Memoir, Philosophy"
Dial Press Trade Paperback,16,4,"Novels, Literature, Classics"
Penguin Group (USA),9,11,"Romance, Fantasy, Contemporary"
Collins,12,8,"Childrens, Middle Grade, Young Adult"
Pan,8,12,"Mystery, Historical Fiction, Contemporary"
Multnomah Books,14,6,"Christian, Christian Fiction, Religion"
David R. Godine Publisher,18,2,"Classics, Historical Fiction, Childrens"
Mulholland Books,18,2,"Thriller, Mystery, Mystery Thriller"
"Little, Brown",14,6,"Contemporary, Novels, Thriller"
Orchard Books,11,9,"Young Adult, Fantasy, Adventure"
Northwestern University Press,19,1,"Classics, Novels, Literature"
Ediciones B,16,4,"Thriller, Historical, Mystery"
Ember,10,9,"Young Adult, Teen, Romance"
Counterpoint,15,4,"Novels, Literature, Literary Fiction"
New World Library,16,3,"Nonfiction, Spirituality, Philosophy"
Faber Faber,15,4,"Literature, Classics, Historical Fiction"
Flatiron Books,6,13,"Audiobook, Adult, Contemporary"
HarperCollins Publishers Ltd,13,6,"Historical Fiction, Historical, British Literature"
Gagas Media,17,2,"Indonesian Literature, Romance, Novels"
Kensington Publishing Corporation,11,8,"Romance, Contemporary, Adult"
Spiegel & Grau,14,5,"Nonfiction, Audiobook, Memoir"
NAL Trade,5,14,"Romance, Adult, Fantasy"
Seven Stories Press,16,3,"Nonfiction, Politics, Philosophy"
Abacus,19,0,"Contemporary, Mystery, Thriller"
World Castle Publishing,9,10,"Romance, Paranormal, Paranormal Romance"
Europa Editions,8,11,"Novels, Literature, Contemporary"
Fabryka Słów,12,7,"Fantasy, Polish Literature, Audiobook"
Harper Business,17,1,"Business, Nonfiction, Leadership"
Dial Press,9,9,"Humor, Novels, Contemporary"
McClelland & Stewart,12,6,"Canada, Historical Fiction, Nonfiction"
الهيئة المصرية العامة للكتاب,18,0,"Nonfiction, Literature, History"
Quercus,10,8,"Romance, Contemporary, Adult"
Prodigy Gold Books,15,3,"Mystery Thriller, Fantasy"
Luna,8,10,"Fantasy, Paranormal, Magic"
Bloomsbury Children's Books,11,7,"Fantasy, Young Adult, Romance"
HQN,0,18,"Romance, Contemporary, Contemporary Romance"
Tate Publishing & Enterprises,10,8,"Mystery, Christian Fiction, Fantasy"
Carina Press,8,10,"Romance, Contemporary, Paranormal"
Hodder,2,16,"Adventure, Mystery, Young Adult"
BookBaby,15,3,"Contemporary, Novels, Drama"
İletişim Yayınları,18,0,"Turkish Literature, Turkish, Novels"
Harper Paperbacks,10,8,"Audiobook, Adult, Mystery"
Headline Review,4,14,"Contemporary, Romance, Chick Lit"
Livre de Poche,12,6,"France, French Literature, Novels"
Kodansha,15,3,"Japan, Japanese Literature, Literature"
Knopf Canada,8,10,"Canada, Nonfiction, Contemporary"
MTV Books,6,12,"Contemporary, Young Adult, Realistic Fiction"
Pantheon Books,14,4,"Nonfiction, History, Memoir"
Piatkus Books,8,9,"Romance, Mystery, Thriller"
Vision,14,3,"Mystery, Thriller, Suspense"
Library of America,14,3,"Classics, Literature, American"
University Of Chicago Press,17,0,"Classics, Nonfiction, History"
The Dial Press,9,8,"Contemporary, Adult, Adult Fiction"
Candlewick,9,8,"Young Adult, Teen, Romance"
Random House Value Publishing,8,9,"Novels, Contemporary, Historical Fiction"
Holt Paperbacks,14,3,"Nonfiction, History, Humor"
Aspect,11,6,"Fantasy, Science Fiction Fantasy, Science Fiction"
Chicago Review Press,6,11,"Historical, Historical Fiction, Romance"
Atlantic Monthly Press,13,4,"Contemporary, Audiobook, Crime"
Black Swan,11,6,"Contemporary, Novels, Humor"
Skyscape,4,13,"Young Adult, Romance, Fantasy"
David C. Cook,7,10,"Christian, Christian Fiction, Romance"
47North,15,2,"Fantasy, Audiobook, Young Adult"
Jove Books,5,12,"Mystery, Romance, Paranormal"
"Samhain Publishing, Ltd.",6,11,"Romance, Erotica, Contemporary"
Anagrama,14,3,"Novels, Contemporary, Literature"
Create Space,6,11,"Romance, Contemporary, Contemporary Romance"
Walker Books,10,7,"Young Adult, Romance, Fantasy"
Byron Goines,17,0,
W.W. Norton & Company,17,0,"Nonfiction, Literature, Classics"
Einaudi,15,2,"Italian Literature, Novels, Italy"
Bloomsbury Publishing,9,7,"Fantasy, Romance, Young Adult"
Dark Horse Manga,16,0,"Manga, Comics, Graphic Novels"
Barbour Books,2,14,"Christian Fiction, Christian, Romance"
Ebury Press,13,3,"Nonfiction, Biography, Autobiography"
Toby Press,16,0,"American, Literature, Historical Fiction"
Drawn and Quarterly,12,4,"Graphic Novels, Comics, Graphic Novels Comics"
Kodansha Comics,13,3,"Manga, Comics, Graphic Novels"
Llewellyn Publications,9,7,"Nonfiction, Paranormal, Magic"
Random House (NY),12,4,"Nonfiction, History, Audiobook"
Watersgreen House,16,0,"LGBT, Romance, M M Romance"
Ignatius Press,8,8,"Christian, Historical Fiction, Catholic"
Crown Business,14,2,"Nonfiction, Business, Leadership"
Nan A. Talese,8,8,"Novels, Adult Fiction, Audiobook"
TarcherPerigee,15,1,"Nonfiction, Philosophy, Spirituality"
Flanker Press,14,1,"Nonfiction, History, Historical Fiction"
Karl Wiggins,15,0,"Nonfiction, Humor, Comedy"
Baker Books,12,3,"Christian, Nonfiction, Christianity"
Weidenfeld & Nicolson,8,7,"Nonfiction, Historical, Biography"
HarperCollinsChildren’sBooks,14,1,"Childrens, Middle Grade, Fantasy"
Bastei Lübbe,7,8,"Romance, Historical Fiction, Historical"
WSOY,9,6,"Finnish Literature, Novels, Historical Fiction"
De Boekerij,14,1,"Thriller, Espionage, Suspense"
Century,9,6,"Adult, Thriller, Mystery"
Disney Hyperion,4,11,"Young Adult, Fantasy, Adventure"
Harlequin MIRA,1,14,"Romance, Adult, Contemporary"
Signet Book,10,5,"Novels, Classics, Adult"
DAW Books,3,12,"Fantasy, Epic Fantasy, Science Fiction Fantasy"
Yearling Books,11,4,"Young Adult, Childrens, Middle Grade"
Waterbrook Press,6,9,"Christian, Christian Fiction, Fantasy"
Virago,2,13,"Classics, Literature, Novels"
Random House Australia,9,6,"Fantasy, Young Adult, Young Adult Fantasy"
Reclam,15,0,"German Literature, Classics, School"
Villard,8,7,"Nonfiction, Humor, Memoir"
Rabén & Sjögren,6,9,"Young Adult, Swedish Literature, Romance"
Silhouette,0,15,"Romance, Contemporary Romance, Contemporary"
FaithWords,5,10,"Christian, Inspirational, Spirituality"
Soho Press,6,9,"Historical Fiction, Historical, Novels"
Indiana University Press,15,0,"Classics, Literature, Novels"
McGraw-Hill Education,13,2,"Nonfiction, Self Help, Business"
Orion Publishing,6,9,"Chick Lit, Nonfiction, Contemporary"
Rodolfo Martin Vitangcol,15,0,
Vertical,13,1,"Japanese Literature, Japan, Horror"
Xlibris Corporation,9,5,"Fantasy, Dark, Romance"
BLVNP Incorporated,8,6,"Romance, New Adult, Young Adult"
Tarcherperigee,7,7,"Nonfiction, Self Help, History"
Blvnp Publishing Incorporated,5,9,"Romance, Paranormal, Young Adult"
Gallimard Education,12,2,"France, French Literature, Classics"
Folio,11,3,"France, Classics, French Literature"
Worldwide Library,9,5,"Mystery, Fantasy, Urban Fantasy"
Corgi Childrens,8,6,"Young Adult, Childrens, Contemporary"
Red Fox,12,2,"Childrens, Fantasy, Classics"
Dutton Juvenile,7,7,"Young Adult, Teen, Romance"
SM,4,10,"Young Adult, Fantasy, Spanish Literature"
Thorndike Press,11,3,"Romance, Mystery, Novels"
Viking Juvenile,8,6,"Young Adult, Contemporary, Realistic Fiction"
Sang-e-Meel Publications,11,3,"Novels, Pakistan, Classics"
Bantam Classics,13,1,"Classics, Literature, Short Stories"
Lyons Press,13,1,"Nonfiction, Biography, History"
MIT Press,13,1,"Nonfiction, Philosophy, History"
Hill and Wang,14,0,"Philosophy, Nonfiction, Theory"
PublicAffairs,9,5,"Nonfiction, Politics, Economics"
Adamant Media Corporation,13,1,"Classics, Literature, 19th Century"
Pan Macmillan,9,5,"Science Fiction, Audiobook, British Literature"
City Lights Publishers,12,2,"Poetry, Classics, Literature"
Applewood Books,5,9,"Classics, Mystery, Young Adult"
Tuttle Publishing,13,1,"Classics, Japan, Asia"
Miramax Books,10,4,"Fantasy, Novels, Contemporary"
Bloomsbury UK,11,3,"Young Adult, Nonfiction, Historical Fiction"
Daw Books,10,4,"Fantasy, Science Fiction Fantasy, Science Fiction"
E.L. Publishing,14,0,"M M Romance, Romance, Westerns"
Penguin Canada,9,5,"Canada, Novels, Historical Fiction"
Image,13,1,"Religion, Nonfiction, Spirituality"
Twelve,12,2,"Nonfiction, Audiobook, Philosophy"
North Point Press,13,1,"Nonfiction, History, Classics"
Graywolf Press,9,5,"Literature, Contemporary, Poetry"
Piatkus,7,7,"Romance, Mystery, Romantic Suspense"
HarperCollinsChildren'sBooks,11,2,"Young Adult, Mystery, Adventure"
David Fickling Books,6,7,"Young Adult, Childrens, Realistic Fiction"
Crown Publishing Group (NY),8,5,"Audiobook, Adult, Nonfiction"
Random House Children's Books,10,3,"Childrens, Young Adult, Fantasy"
Flammarion,12,1,"France, French Literature, Literature"
Debolsillo,10,3,"Historical Fiction, Thriller, Mystery"
Onyx,5,8,"Romance, Paranormal, Mystery"
Robert Laffont,8,5,"Romance, France, Novels"
Putnam Publishing Group,10,3,"Romance, Contemporary, Audiobook"
Pamela Dorman Books,4,9,"Adult, Adult Fiction, Audiobook"
Hyperion Book CH,3,10,"Young Adult, Fantasy, Romance"
مكتبة مصر,13,0,"Novels, Media Tie In, Classics"
Atlantic Books,11,2,"Historical Fiction, Historical, Contemporary"
Bloomsbury Methuen Drama,12,1,"Plays, Classics, Drama"
HarperElement,6,7,"Nonfiction, Abuse, Memoir"
Quirk Books,11,2,"Young Adult, Nonfiction, Paranormal"
Curiosity Quills Press,12,1,"Fantasy, Science Fiction, Young Adult"
Newton Compton,5,8,"Romance, Contemporary, Chick Lit"
Coronet,5,8,"Romance, Contemporary, Chick Lit"
Crown Books for Young Readers,8,5,"Young Adult, Fantasy, Audiobook"
Self Published,9,4,"Young Adult, Romance, Contemporary"
PT Gramedia Pustaka Utama,7,6,"Indonesian Literature, Novels, Romance"
Covenant Communications,8,5,"Lds, Lds Fiction, Historical Fiction"
Hot Key Books,4,8,"Young Adult, Contemporary, Fantasy"
Hoopoe Books,12,0,"Picture Books, Childrens, Islam"
Ellora's Cave Publishing,11,1,"Romance, Erotica, Paranormal"
Pan Macmillan Australia,6,6,"Fantasy, Young Adult, Contemporary"
Crown Archetype,6,6,"Nonfiction, Memoir, Biography"
Johns Hopkins University Press,11,1,"Nonfiction, History, Memoir"
Silhouette Books,0,12,"Romance, Contemporary Romance, Contemporary"
Ballantine,6,6,"Romance, Mystery, Thriller"
Humanitas,8,4,"Romanian Literature, Romania, Nonfiction"
Sceptre,9,3,"Classics, Historical, Literature"
Darussalam Publishers,12,0,"Islam, Religion, Nonfiction"
Touchstone Books,7,5,"Nonfiction, History, Biography"
Theatre Communications Group,11,1,"Plays, Drama, Theatre"
Amazon Digital Services LLC,6,6,"Romance, Contemporary, Suspense"
Dark Horse Comics,12,0,"Comics, Graphic Novels, Graphic Novels Comics"
Wesleyan University Press,9,3,"Science Fiction, Speculative Fiction, Literature"
PSICOM,11,1,"Romance, Young Adult, Contemporary"
Chelsea Green Publishing Company,9,3,"Nonfiction, Politics, Philosophy"
Echo Library,11,1,"Classics, Literature, Historical Fiction"
"Hackett Publishing Company, Inc.",12,0,"Classics, Philosophy, Nonfiction"
John Wiley & Sons,12,0,"Nonfiction, Reference, Science"
American Girl Publishing Inc,1,11,"Middle Grade, Childrens, Juvenile"
IVP Books,10,2,"Nonfiction, Christian, Christianity"
Rizzoli,7,5,"Italian Literature, Romance, Art"
Sacred Forest Publishing,12,0,"Paranormal Romance, Shapeshifters, Magic"
Choc Lit,1,11,"Romance, Chick Lit, Adult"
Tor.com,7,5,"Fantasy, Novella, Audiobook"
Edições ASA,4,8,"Romance, Historical, Historical Fiction"
WildBlue Press,10,2,"True Crime, Nonfiction, Crime"
Wordsworth Editions,11,1,"Classics, Literature, Historical Fiction"
Push,7,5,"Young Adult, Realistic Fiction, Contemporary"
Random House Audio,8,4,"Audiobook, Mystery, Thriller"
Luna Books,6,6,"Fantasy, Romance, Magic"
Forge,10,2,"Historical Fiction, Historical, Mystery"
Eerdmans,11,1,"Christian, Nonfiction, Theology"
Walker & Company,3,9,"Mystery, Romance, Young Adult"
Simon Schuster Audio,7,5,"Contemporary, Audiobook, Adult"
Viz Media,10,2,"Manga, Comics, Graphic Novels"
Melville House,12,0,"Classics, Literature, Novels"
C.M. Owens,11,1,"Romance, New Adult, Paranormal"
Omnific Publishing,3,9,"Romance, Contemporary Romance, Contemporary"
Fourth Estate,9,3,"Nonfiction, Literary Fiction, Audiobook"
Yen On,12,0,"Light Novel, Fantasy, Manga"
GagasMedia,9,3,"Indonesian Literature, Romance, Novels"
William Morrow & Company,9,3,"Nonfiction, Audiobook, Mystery"
FriesenPress,10,2,"Contemporary, Epic, Canada"
"Loose Id, LLC",4,8,"Erotica, Romance, BDSM"
Top Shelf Productions,12,0,"Graphic Novels, Comics, Graphic Novels Comics"
Loose Id,5,7,"Romance, Contemporary, Erotica"
Simon and Schuster,7,5,"Audiobook, Fantasy, Young Adult"
HarperPerennial,7,4,"Historical Fiction, Literature, Historical"
New English Library,11,0,"Horror, Fantasy, Thriller"
Berrett-Koehler Publishers,7,4,"Nonfiction, Business, Psychology"
Rodale Books,8,3,"Nonfiction, Health, Science"
Albert Whitman Company,0,11,"Childrens, Young Adult, Middle Grade"
Jossey-Bass,10,1,"Nonfiction, Leadership, Self Help"
Entangled: Teen,3,8,"Romance, Young Adult, Fantasy"
Chatto & Windus,6,5,"Nonfiction, History, British Literature"
Tarcher,6,5,"Nonfiction, History, Philosophy"
Atria,5,6,"Contemporary, Adult, Mystery"
Barnes & Noble,11,0,"Classics, Fantasy, Literature"
Trafford Publishing,7,4,"Business, Young Adult, Abuse"
Seven Seas,8,3,"Manga, Comics, Young Adult"
Scholastic Inc,7,4,"Young Adult, Childrens, Middle Grade"
Egmont Books Ltd,6,5,"Childrens, Adventure, Young Adult"
Riptide Publishing,4,7,"M M Romance, Romance, LGBT"
Pyr,10,1,"Fantasy, Adventure, Mystery"
AmazonCrossing,8,3,"Audiobook, Contemporary, Mystery"
Berkley Heat,2,9,"Romance, Erotica, Erotic Romance"
Waking Lion Press,9,2,"Classics, Literature, 19th Century"
Xulon Press,5,6,"Contemporary, Epic, Fantasy"
Volo,3,8,"Young Adult, Fantasy, Magic"
Prentice Hall,9,2,"Textbooks, Nonfiction, Reference"
WaterBrook,7,4,"Christian, Religion, Christian Fiction"
SFBC,9,2,"Fantasy, Science Fiction Fantasy, Magic"
Hesperus Press,11,0,"Classics, Literature, Novels"
Tellerup,7,4,"Fantasy, Danish, Humor"
Living Ink Books,10,1,"Fantasy, Christian, Christian Fiction"
Wicked Willow Press,11,0,"Paranormal, Shapeshifters, Paranormal Romance"
De Bezige Bij,11,0,"Literature, Dutch Literature, Novels"
Mozaika Publications,0,11,"Romance, Dark, BDSM"
Workman Publishing Company,3,8,"Nonfiction, Self Help, Reference"
Random House Publishing Group,7,4,"Fantasy, Audiobook, Romance"
Reagan Arthur Books,5,6,"Audiobook, Mystery, Adult"
Digital Manga Publishing,9,2,"Manga, Romance, Yaoi"
B Books,7,4,"Christian, Christian Fiction, Inspirational"
Coffee House Press,7,4,"American, Fantasy, Novels"
Harvill Secker,7,4,"Novels, Historical, Historical Fiction"
Penguin Global,7,4,"India, Historical, Historical Fiction"
Record,10,1,"Classics, Brazil, Portuguese Literature"
Spencer Hill Press,2,9,"Fantasy, Young Adult, Paranormal"
"Little, Brown & Company",9,2,"Audiobook, Mystery, Mystery Thriller"
Canongate Books,9,2,"Novels, British Literature, Literature"
Books on Tape,8,3,"Audiobook, Adventure, Nonfiction"
Simon & Schuster Books For Young Readers,8,3,"Young Adult, Fantasy, Science Fiction"
Eckankar,10,0,"Spirituality, Nonfiction, New Age"
AmazonEncore,7,3,"Historical Fiction, Science Fiction, Fantasy"
Black Dog & Leventhal Publishers,1,9,"Classics, Mystery, Crime"
Henry Holt and Company,1,9,"Young Adult, Fantasy, Magic"
Doğan Kitap,10,0,"Turkish Literature, Turkish, Novels"
McSweeney's,10,0,"Contemporary, Novels, Literature"
Dutton Children's Books,7,3,"Young Adult, Romance, Childrens"
Simon & Schuster Children's Publishing,4,6,"Young Adult, Romance, Contemporary"
Montag Press,9,1,"Science Fiction, Dystopia, Historical Fiction"
Punto de Lectura,8,2,"Spanish Literature, Novels, Latin American"
Durand Publishing,0,10,"Paranormal, Fantasy"
Walker Books Ltd,7,3,"Young Adult, Fantasy, Childrens"
Saída de Emergência,7,3,"Fantasy, Romance, Magic"
Avery,7,3,"Nonfiction, Self Help, Psychology"
Marvel Comics,10,0,"Graphic Novels, Comics, Graphic Novels Comics"
الدار المصرية اللبنانية,10,0,"Novels, Literature, Drama"
Kazé,0,10,"Manga, Graphic Novels, Romance"
Schocken,10,0,"Classics, Literature, German Literature"
Carroll & Graf Publishers,7,3,"Historical, Classics, Novels"
Vision Forum,8,2,"Nonfiction, Biography, History"
الهيئة العامة لقصور الثقافة,10,0,"History, Philosophy, Art"
Hamish Hamilton,7,3,"Novels, Contemporary, Literary Fiction"
Harper Collins Publishers,10,0,"Historical Fiction, Historical, War"
"Strategic Book Publishing & Rights Agency, LLC",7,3,"Contemporary, Young Adult, Historical Fiction"
Listening Library (Audio),6,4,"Young Adult, Childrens, Realistic Fiction"
Booksurge Publishing,6,4,"Classics, Military Fiction, Religion"
Chosen Books,5,5,"Christian, Nonfiction, Christianity"
Berkley Hardcover,6,4,"Paranormal, Fantasy, Romance"
Riverhead Hardcover,6,4,"Contemporary, Historical Fiction, Adult"
"Penguin Press HC, The",8,2,"Nonfiction, Audiobook, Biography"
Vintage Books USA,7,3,"Classics, Literature, Novels"
Penguin Australia,3,7,"Romance, Young Adult, Contemporary"
Seal Press,1,9,"Feminism, Nonfiction, Queer"
Michael O'Mara,7,3,"Nonfiction, Biography, Humor"
HarperPrism,6,4,"Science Fiction, Science Fiction Fantasy, Fantasy"
Citadel,7,3,"Nonfiction, Biography, Classics"
Orchard (NY),0,10,"Fairies, Childrens, Fantasy"
Editorial Presença,3,7,"Young Adult, Romance, Fantasy"
Bookouture,4,6,"Mystery, Thriller, Crime"
Pearson,7,3,"Nonfiction, Philosophy, Reference"
Atheneum/Richard Jackson Books,4,6,"Childrens, Young Adult, Middle Grade"
ReganBooks,8,2,"Novels, Adult, Fantasy"
Night Shade Books,4,6,"Fantasy, Science Fiction Fantasy, Science Fiction"
Atom,9,1,"Young Adult, Fantasy, Romance"
Gramercy,10,0,"Classics, Literature, Historical Fiction"
Doubleday Childrens,4,6,"Young Adult, Childrens, Middle Grade"
Lamplighter Publishing,7,3,"Christian Fiction, Classics, Historical Fiction"
Atria/Emily Bestler Books,6,4,"Audiobook, Thriller, Mystery Thriller"
Atria/Keywords Press,8,2,"Audiobook, LGBT, Nonfiction"
Metropolitan Books,7,3,"Nonfiction, Memoir, History"
Piper,9,1,"Fantasy, German Literature, High Fantasy"
Bronwyn Editions,7,3,"Zombies, Horror, Astrology"
Random House Inc,6,4,"Fantasy, Science Fiction Fantasy, Adventure"
Candlewick Press (MA),2,7,"Childrens, Young Adult, Fantasy"
P & R Publishing,8,1,"Christian, Theology, Christianity"
Columbia University Press,8,1,"Nonfiction, Philosophy, Classics"
Time Warner,4,5,"Thriller, Mystery, Suspense"
WestBow Press,5,4,"Christian, Christian Fiction, Fantasy"
Digireads.com,9,0,"Classics, Literature, School"
Kristen Ashley,0,9,"Romance, Erotica, Adult"
Taschen,6,3,"Art, Nonfiction, Biography"
InterVarsity Press,9,0,"Christian, Theology, Religion"
Simon Spotlight Entertainment,0,9,"Nonfiction, Memoir, Biography"
Angry Robot,6,3,"Fantasy, Science Fiction Fantasy, Magic"
Arrow Books,6,3,"Thriller, Novels, Mystery"
Griffin,4,5,"Romance, Adult, Contemporary"
Simon & Schuster Ltd,6,3,"Historical Fiction, Historical, Adult"
Cassell,8,1,"Nonfiction, Reference, History"
Borgo Press,9,0,"Fantasy, Classics, Science Fiction"
Sterling,8,1,"Nonfiction, Self Help, Psychology"
Vintage Canada,5,4,"Canada, Adult Fiction, Historical Fiction"
HarperCollins Canada,6,3,"Historical Fiction, Historical, Fantasy"
NavPress Publishing Group,8,1,"Christian, Spirituality, Nonfiction"
Bloomsbury Academic,6,3,"Nonfiction, Philosophy, Sociology"
Amistad,6,3,"African American, Historical Fiction, Nonfiction"
Wahlström & Widstrand,6,3,"Swedish Literature, Poetry, Sweden"
Entangled Teen,2,7,"Young Adult, Romance, Fantasy"
Buccaneer Books,7,2,"Classics, Historical Fiction, Historical"
Publish America,5,4,"Travel, Inspirational, Adventure"
Entangled Publishing,5,4,"Romance, Paranormal, Fantasy"
PublishAmerica,6,3,"Politics, Vampires, Paranormal Romance"
Holt McDougal,7,2,"Nonfiction, History, Politics"
Fantagraphics Books,7,2,"Graphic Novels, Comics, Graphic Novels Comics"
Disney-Hyperion Books,9,0,"Fantasy, Young Adult, Mythology"
Westland,7,2,"Indian Literature, India, Historical Fiction"
Diogenes,6,3,"German Literature, Contemporary, Roman"
Virgin Publishing,9,0,"Doctor Who, Science Fiction, Fantasy"
Chelsea House Publications,5,4,"Historical Fiction, Asia, Classics"
Actes Sud,9,0,"France, Contemporary, Literature"
Alma littera,5,4,"Classics, School, Read For School"
Marion Boyars Publishers Ltd,9,0,"Novels, Literature, Philosophy"
DAW Books Inc,5,4,"Fantasy, Science Fiction Fantasy, Magic"
Exact Change,8,1,"Literature, Classics, Novels"
"Galaxy's Edge, LLC",8,1,"Science Fiction, Space Opera, Military Fiction"
Bentang Pustaka,4,5,"Novels, Indonesian Literature, Literature"
Otava,7,2,"Finnish Literature, Classics, School"
IVP Academic,9,0,"Theology, Religion, Christian"
Liquid Silver Books,4,5,"Romance, Erotica, Contemporary"
Warner,5,4,"Thriller, Contemporary, Crime"
Trafalgar Square Publishing,5,4,"Young Adult, Fantasy, Classics"
McGraw-Hill,9,0,"Business, Leadership, Nonfiction"
VIZ Media - Children's,4,5,"Manga, Graphic Novels, Comics"
MacMillan,8,1,"Thriller, Mystery, Novels"
Droemer,5,4,"German Literature, Crime, Audiobook"
Revell,1,8,"Christian Fiction, Romance, Christian"
دار أخبار اليوم,9,0,"Literature, Nonfiction, Religion"
Loveswept,7,2,"Romance, Contemporary Romance, Contemporary"
Deseret Book Company,9,0,"Lds, Religion, Church"
"Bridge Publications, Inc.",9,0,"Philosophy, Religion, Nonfiction"
Wiley-Blackwell,9,0,"Nonfiction, Philosophy, History"
Archway Paperbacks,9,0,"Young Adult, Paranormal, Fantasy"
Harper Element,4,5,"Nonfiction, Abuse, Memoir"
Deseret Book,7,2,"Lds, Religion, Church"
Heinemann Educational Books,8,1,"Literature, Africa, African Literature"
Marvel Comics Group,9,0,"Comics, Graphic Novels, Marvel"
ECW Press,8,1,"Nonfiction, Music, Biography"
Annick Press,6,3,"Childrens, Picture Books, Canada"
Deutscher Taschenbuch Verlag,7,2,"German Literature, Classics, Literature"
Amereon Limited,7,2,"Classics, Novels, Historical Fiction"
Aegypan,8,1,"Classics, Literature, Novels"
دار الفكر,8,1,"Islam, Religion, Spirituality"
Hermes Press,9,0,"Comics, Science Fiction"
Editorial Planeta,8,1,"Spanish Literature, Romance, Young Adult"
The History Press,8,1,"Mythology, Nonfiction, Paranormal"
Verbo,7,1,"Classics, Portuguese Literature, Portugal"
Science Fiction Book Club,4,4,"Fantasy, Urban Fantasy, Paranormal"
Balboa Press,4,4,"Contemporary, Novels, Drama"
Whitaker House,8,0,"Christian, Nonfiction, Christian Living"
Belknap Press,7,1,"Nonfiction, History, Politics"
HarperTempest,4,4,"Young Adult, Teen, Humor"
"Visprint, Inc.",8,0,"Humor, Comedy, Contemporary"
Harcourt Children's Books,4,4,"Young Adult, Teen, Romance"
Mysterious Press,6,2,"Mystery, Crime, Mystery Thriller"
Ecco Press,6,2,"Historical Fiction, Audiobook, Poetry"
Threshold Editions,8,0,"Politics, Nonfiction, History"
Head of Zeus,3,5,"Contemporary, Adult, Audiobook"
Nancy Paulsen Books,1,7,"Middle Grade, Childrens, Realistic Fiction"
Houghton Mifflin Company,7,1,"Classics, Fantasy, Literature"
Black Library,8,0,"40k, Fantasy, Science Fiction Fantasy"
Bandai Entertainment,8,0,"Manga, Fantasy, Science Fiction"
Severed Press,8,0,"Horror, Zombies, Science Fiction"
Ink Blot Communications,0,8,"Romance, Contemporary Romance, Contemporary"
iUniverse.com,5,3,"Romance, Chick Lit, Adult"
Hogarth Press,4,4,"Literary Fiction, Contemporary, Audiobook"
Berkley Prime Crime,1,7,"Mystery, Cozy Mystery, Historical Fiction"
Ink Lion Books,0,8,"Romance, Historical Romance, Historical Fiction"
Inkyard Press,3,5,"Young Adult, Romance, Fantasy"
Shogakukan,8,0,"Manga, Romance, Shojo"
Barnes Noble Classics,6,2,"Classics, Literature, Short Stories"
"Harcourt, Inc.",6,2,"Fantasy, Biography, Nonfiction"
Subterranean Press,8,0,"Fantasy, Urban Fantasy, Short Stories"
Dial,3,5,"Young Adult, Romance, Fantasy"
Alianza Editorial,8,0,"Classics, Literature, Spanish Literature"
Riverhead Trade,5,3,"Contemporary, Novels, Literature"
Usborne Publishing Ltd,4,4,"Young Adult, Romance, Contemporary"
Destra World Books Publishing,6,2,
De Arbeiderspers,6,2,"Historical Fiction, Dutch Literature, Roman"
Crown Forum,4,4,"Nonfiction, Politics, History"
John Blake,7,1,"Biography, Autobiography, Nonfiction"
Goldmann,5,3,"German Literature, Humor, Audiobook"
Crown Publishers,7,1,"Nonfiction, History, Audiobook"
Assírio & Alvim,6,2,"Poetry, Literature, Portugal"
Storyteller Publishing,4,4,"Fantasy, Historical, Contemporary"
Allison & Busby,1,7,"Historical Fiction, Romance, Historical"
Fredonia Books (NL),8,0,"Classics, Novels, Russia"
Glénat,2,6,"Graphic Novels, Comics, Young Adult"
Global Publishing Group LLC,6,2,
createspace,4,4,"Romance, Contemporary, Paranormal"
"VIZ Media, LLC",7,1,"Manga, Comics, Graphic Novels"
Tyndale House,6,2,"Christian, Religion, Christian Fiction"
Kindle Direct Publishing,2,6,"Romance, Contemporary, Fantasy"
University Press of the Pacific,8,0,"Classics, Russia, Literature"
Cornell University Press,8,0,"Nonfiction, Politics, History"
Perfection Learning,6,2,"Classics, School, Literature"
Grafton,7,1,"Science Fiction, Science Fiction Fantasy, Fantasy"
Blvnp Incorporated,3,5,"Young Adult, Horror, Romance"
Putnam,2,6,"Mystery, Romance, Romantic Suspense"
Albert Bonniers Förlag,7,1,"Swedish Literature, Sweden, Biography"
Doubleday UK,1,7,"Childrens, Middle Grade, Young Adult"
Dey Street Books,5,3,"Nonfiction, Biography, Memoir"
The New Press,6,2,"Nonfiction, History, Politics"
Tyndale Momentum,3,5,"Christian, Faith, Nonfiction"
That's What She Said Publishing,0,8,"Romance, Contemporary, Contemporary Romance"
Th1nk Books,2,6,"Christian Fiction, Christian, Contemporary"
Blue Rider Press,5,3,"Nonfiction, Audiobook, Memoir"
Esencia,1,7,"Romance, Erotica, Erotic Romance"
Running Press Adult,5,3,"Nonfiction, Self Help, Personal Development"
Ten Speed Press,6,2,"Nonfiction, Reference, Self Help"
المؤسسة العربية الحديثة,6,2,"Novels, Classics, Fantasy"
Other Press,5,3,"Historical Fiction, Contemporary, Romance"
Cátedra,8,0,"Classics, Spanish Literature, Literature"
Broadway,5,3,"Nonfiction, Biography, Memoir"
Porto Editora,2,6,"Romance, Contemporary, Novels"
Sourcebooks,3,5,"Nonfiction, Young Adult, Romance"
LGF,7,1,"France, Novels, Fantasy"
Methuen Publishing,7,1,"Classics, Literature, Drama"
Tantor Media,6,2,"Science Fiction, Fantasy, Classics"
Planeta Publishing,5,3,"Spanish Literature, Novels, Literature"
Zonderkidz,4,4,"Childrens, Christian Fiction, Christian"
Ai Press,8,0,"M M Romance, Contemporary, Romance"
Laree Bailey Press,6,2,"Romance, Young Adult, Paranormal"
الدار العربية للعلوم ناشرون,8,0,"Novels, Literature, Mystery"
Geppetto Garten,8,0,"Dragons, Fantasy, Science Fiction"
Wydawnictwo Literackie,5,3,"Polish Literature, Fantasy, Poland"
Arrow Books Ltd,6,2,"Novels, Classics, Literature"
Random House Canada,5,3,"Nonfiction, Religion, Novels"
LucasBooks,7,1,"Star Wars, Science Fiction, Fantasy"
Bloomsbury U.S.A. Children's Books,5,3,"Young Adult, Fantasy, Romance"
Arena,2,6,"Young Adult, Romance, German Literature"
Akashic Books,8,0,"Contemporary, Audiobook, Adult"
Wisdom Publications,8,0,"Buddhism, Nonfiction, Spirituality"
Raven House,8,0,"Urban Fantasy, Supernatural, Magic"
Darussalam,8,0,"Islam, Nonfiction, Childrens"
Walden Pond Press,6,2,"Middle Grade, Childrens, Young Adult"
Running Press,8,0,"Fantasy, Young Adult, Mystery"
Metal Blonde Books,0,7,"Romance, New Adult, Adult"
スクウェア・エニックス,0,7,"Manga, Romance, Humor"
Topaz,0,7,"Romance, Historical Romance, Historical"
Lavabrook Publishing Group,0,7,"New Adult, Romance, Fantasy"
Harper & Row,3,4,"Classics, Childrens, Historical"
Zielona Sowa,7,0,"Classics, Polish Literature, Historical Fiction"
Clarkson Potter,2,5,"Nonfiction, Food, Cookbooks"
Algonquin Young Readers,3,4,"Fantasy, Middle Grade, Young Adult"
Lemniscaat,1,6,"Young Adult, Childrens, Dutch Literature"
Wildstorm,7,0,"Graphic Novels, Comics, Graphic Novels Comics"
Pan Publishing,5,2,"Thriller, Mystery, Suspense"
Games Workshop,7,0,"Fantasy, Science Fiction, 40k"
Gallup Press,7,0,"Business, Nonfiction, Self Help"
Les Intouchables,0,7,"France, Young Adult, Contemporary"
Zebra Books,1,6,"Romance, Adult, Historical Romance"
RHCP Digital,5,2,"Young Adult, Adventure, Childrens"
Gallimard Jeunesse,6,1,"France, Young Adult, Fantasy"
Barbour Publishing,3,4,"Christian, Christian Fiction, Classics"
Warne,0,7,"Childrens, Classics, Picture Books"
New Directions Publishing Corporation,7,0,"Literature, Poetry, Classics"
Profile Books,4,3,"Nonfiction, Biography, Memoir"
Harpercollins,4,3,"Young Adult, Fantasy, Middle Grade"
Egmont USA,2,5,"Young Adult, Fantasy, Romance"
دار ميريت,7,0,"Novels, Egypt, Politics"
HarperVoyager,7,0,"Fantasy, Science Fiction Fantasy, Adult"
NavPress,5,2,"Christian, Christian Living, Theology"
For Dummies,6,1,"Nonfiction, Reference, Computers"
Fawcett Crest,6,1,"Audiobook, Novels, Classics"
Steerforth,6,1,"Italian Literature, Italy, Classics"
HarperEntertainment,3,4,"Horror, Nonfiction, Biography"
MacMillan Children's Books,4,3,"Childrens, Young Adult, Fantasy"
University of Queensland Press,3,4,"Australia, Romance, Contemporary"
Flamingo,5,2,"Literature, Novels, 20th Century"
University of Wisconsin Press,5,2,"Biography, Spanish Literature, Novels"
Tate Publishing,5,2,"Nonfiction, Memoir, Mystery"
HarperCollins UK,2,5,"Fantasy, Family, Horror"
Margaret K. McElderry,1,6,"Young Adult, Fantasy, Romance"
HarperCollins e-books,3,4,"Romance, Historical Fiction, Historical"
CreateSpace Independent Publishing,2,5,"Fantasy, Christian Fiction, Christian"
Severn House Publishers,1,6,"Horror, Fantasy, Paranormal"
Zatpix,4,3,"Fantasy, Romance, Adventure"
Ace Hardcover,3,4,"Fantasy, Magic, Science Fiction Fantasy"
Limitless Publishing LLC,3,4,"Contemporary, New Adult, Adult"
Querido,3,4,"Dutch Literature, Classics, Literature"
Devney Perry,7,0,"Romance, Contemporary Romance, Contemporary"
Harper Collins Children's Books,4,3,"Childrens, Young Adult, Fantasy"
University of Georgia Press,7,0,"Nonfiction, Classics, Literature"
Thames & Hudson,4,3,"Art, Nonfiction, History"
Pegasus Books,4,3,"Nonfiction, Historical Fiction, Romance"
Time Warner Books UK,3,4,"Nonfiction, Audiobook, Romance"
Suma de Letras,4,3,"Spanish Literature, Romance, Historical Fiction"
Summit Books,4,3,"Romance, Chick Lit, Young Adult"
Liveright,7,0,"Classics, Literature, Poetry"
Living Books,1,6,"Christian, Christian Fiction, Romance"
Edições Asa,2,5,"Romance, Audiobook, Novels"
Allen Lane,7,0,"Nonfiction, Science, History"
Loewe,3,4,"Young Adult, German Literature, Fantasy"
Destino,4,3,"Spanish Literature, Contemporary, Spain"
Publicações Dom Quixote,7,0,"Portugal, Portuguese Literature, Novels"
Anna Henson,0,7,"Romance, New Adult, Music"
Bloomsbury USA Children's Books,0,7,"Young Adult, Fantasy, Adventure"
المكتبة العصرية,7,0,"Nonfiction, Religion, Islam"
Backinprint.com,6,1,"Fantasy, Childrens, Young Adult"
Night Spark Media,0,7,"Fantasy, Urban Fantasy, Angels"
Child's Play International,2,5,"Picture Books, Childrens, Animals"
منشورات غادة السمان,7,0,"Poetry, Literature, Romance"
Virgin Books,7,0,"History, Nonfiction, Horror"
KaBOOM!,7,0,"Graphic Novels, Comics, Fantasy"
Siruela,6,1,"Literature, Novels, Short Stories"
btb,6,1,"German Literature, Novels, Thriller"
Notion Press,5,2,
Karisto,0,7,"Fantasy, Finnish Literature, Young Adult"
Dramatists Play Service,5,2,"Plays, Classics, Drama"
Grasset,6,1,"French Literature, France, Roman"
Audible Studios,6,1,"Audiobook, Science Fiction, Humor"
"Doubleday & Company, Inc.",3,4,"Fantasy, Historical Fiction, Classics"
Gradiva,7,0,"Romance, Portuguese Literature, Portugal"
Think,3,4,"Young Adult, Christian, Christian Fiction"
InterMix,0,7,"Romance, Contemporary, Contemporary Romance"
No Exit Press,7,0,"Humor, Magical Realism, Literature"
B&H Publishing Group,7,0,"Nonfiction, Christian, Christianity"
Ivan R. Dee Publisher,7,0,"Classics, Philosophy, Literature"
Sounds True,7,0,"Nonfiction, Self Help, Spirituality"
"The Vision Forum, Inc.",7,0,"Nonfiction, Christianity, Christian"
Rupa Publications,6,1,"India, Indian Literature, Romance"
المؤسسة العربية الحديثة للطبع والنشر والتوزيع,7,0,"Novels, Horror, Fantasy"
South End Press,2,5,"Feminism, Nonfiction, Gender"
Penguin India,6,1,"India, Nonfiction, Indian Literature"
أخبار اليوم,7,0,"Religion, Nonfiction, Philosophy"
Moonstruck Media,0,7,"Romance, Young Adult, Paranormal"
Norstedts,6,1,"Swedish Literature, Scandinavian Literature, Contemporary"
Grijalbo,6,1,"Spanish Literature, Spain, Novels"
Greybeard Publishing,7,0,Science Fiction
Van Holkema & Warendorf,5,2,"Young Adult, Childrens, Contemporary"
North Atlantic Books,5,2,"Nonfiction, Self Help, Sociology"
Hachette Australia,3,4,"Young Adult, Contemporary, Mystery"
Bond Street Books,1,6,"Literary Fiction, Contemporary, Historical Fiction"
Oetinger,2,5,"Young Adult, German Literature, Childrens"
Caped Publishing,0,7,"Romance, Contemporary, Contemporary Romance"
Golden/Disney,6,1,"Childrens, Picture Books, Fantasy"
Holiday House,2,5,"Childrens, Picture Books, Juvenile"
دار الآداب,7,0,"Novels, Literature, Poetry"
আনন্দ পাবলিশার্স প্রাইভেট লিমিটেড,7,0,"Thriller, Childrens, Mystery"
O'Reilly Media,6,1,"Nonfiction, Programming, Technology"
Bodley Head,5,2,"Fantasy, Young Adult, Horror"
Bantam Skylark,2,5,"Childrens, Young Adult, Middle Grade"
Torquere Press,5,2,"M M Romance, Romance, LGBT"
Total-E-Bound Publishing,3,4,"Romance, Fantasy, Paranormal Romance"
Türkiye İş Bankası Kültür Yayınları,6,1,"History, Nonfiction, Classics"
Czarne,5,2,"Nonfiction, History, Polish Literature"
Phaidon Press,7,0,"Art, Nonfiction, Art History"
Bantam/Spectra,7,0,"Science Fiction, Classics, Fantasy"
Sirius Entertainment,7,0,Graphic Novels
Atheneum,4,3,"Historical Fiction, Young Adult, Historical"
Redhook,4,3,"Adult, Fantasy, Contemporary"
Atheneum Books,4,3,"Young Adult, Adventure, Fantasy"
Self,4,3,"Contemporary, Adult, Drama"
"Filiquarian Publishing, LLC.",6,0,"Classics, Literature, Nonfiction"
সেবা প্রকাশনী,6,0,"Thriller, Mystery, Detective"
Fontana,5,1,"Historical Fiction, Mystery, Thriller"
BookTango,6,0,
Norilana Books,3,3,"Romance, Young Adult, Classics"
Bookcraft,6,0,"Lds, Religion, Church"
Harlequin TEEN,0,6,"Young Adult, Romance, Fantasy"
HarperCollins Australia,3,3,"Young Adult, Romance, Fantasy"
The Writer's Coffee Shop Publishing House,2,4,"Romance, Contemporary, Contemporary Romance"
Everest Yayınları,6,0,"Turkish Literature, Turkish, Novels"
Stanford University Press,4,2,"Philosophy, Nonfiction, Politics"
T.M. Nielsen,6,0,"Paranormal, Vampires, Romance"
Broad Reach Publishing,5,1,"Science Fiction, Dystopia, Post Apocalyptic"
Book Jungle,6,0,"Classics, Philosophy, Literature"
Orchard,3,3,"Young Adult, Fantasy, Adventure"
New Canadian Library,5,1,"Canada, Literature, Canadian Literature"
Viking Penguin,5,1,"Fantasy, Adult, Nonfiction"
Groundwood Books,0,6,"Young Adult, Middle Grade, Realistic Fiction"
Berkley Publishing,6,0,"Romance, Historical Romance, Historical"
Blanvalet,6,0,"Fantasy, High Fantasy, German Literature"
"Tell-Tale Publishing Group, LLC",3,3,
Tammi,2,4,"Finnish Literature, Fantasy, Poetry"
Bloomsbury Children's,2,4,"Young Adult, Childrens, Middle Grade"
"Big Dog Books, LLC",6,0,"Romance, Contemporary, Contemporary Romance"
State University of New York Press,6,0,"Judaism, Religion, Jewish"
Grupo Editorial Norma,2,4,"Spanish Literature, Novels, Latin American Literature"
BookRix GmbH & Co. KG,4,2,
Gutenberg,0,6,"Romance, Contemporary, Young Adult"
Summerside Press,1,5,"Christian Fiction, Romance, Christian"
Simon & Schuster Childrens Books,2,4,"Young Adult, Adventure, Fantasy"
cbt,3,3,"Young Adult, Romance, Fantasy"
Srishti Publishers & Distributors,6,0,"Indian Literature, Romance, India"
G. P. Putnam's Sons,5,1,"Contemporary, Humor, Audiobook"
One World/Ballantine,3,3,"African American, Urban, Romance"
Hardie Grant Egmont,3,3,"Young Adult, Romance, Contemporary"
Sudamericana,5,1,"Novels, Literature, Classics"
Solaris,5,1,"Science Fiction, Fantasy, Science Fiction Fantasy"
Canongate U.S.,3,3,"Novels, Historical Fiction, Literary Fiction"
Thames Hudson,5,1,"Art, Nonfiction, Art History"
The Olive Press,6,0,
Harcourt Brace Jovanovich,4,2,"Classics, Literature, American"
Thomas Nelson Inc,5,1,"Christian Fiction, Christian, Thriller"
Bluefields,6,0,"Romance, Young Adult, Contemporary"
Gramercy Books,3,3,"Literature, Classics, Fantasy"
Simon Pulse/Mercury Ink,6,0,"Young Adult, Science Fiction, Fantasy"
Books LLC,6,0,"Young Adult, Fantasy, Short Stories"
HarperCollins - AU,5,1,"Australia, Young Adult, Childrens"
Pantera Press,0,6,"Fantasy, Young Adult, Magic"
Synergebooks.com,6,0,
Oni Press,4,2,"Graphic Novels, Comics, Graphic Novels Comics"
self,2,4,"Romance, Contemporary, Erotica"
Simon & Schuster (Trade Division),3,3,"Young Adult, Paranormal, Horror"
A. Mondadori,6,0,"Classics, Italian Literature, Italy"
ACT,6,0,"Science Fiction, Russia, Fantasy"
Boekerij,0,6,"Romance, Chick Lit, Young Adult"
PM Press,6,0,"Feminism, Essays, Nonfiction"
Creation House,3,3,"Christian, Christian Fiction, Religion"
Black Rose Writing,3,3,"Mystery, Thriller, New Adult"
Black Rose Books,5,1,"Politics, Nonfiction, History"
Simon & Schuster Children's,2,4,"Young Adult, Fantasy, Mystery"
Bloomsbury YA,0,6,"Fantasy, Young Adult, Romance"
Skyhorse,5,1,"Nonfiction, True Crime, History"
AK Press,5,1,"Politics, Nonfiction, Philosophy"
SuperNOWA,6,0,"Fantasy, Polish Literature, Audiobook"
ImaJinn Books,3,3,"Paranormal Romance, Paranormal, Romance"
Эксмо,5,1,"Fantasy, Russia, Novels"
April Yayıncılık,4,2,"Turkish, Roman, Novels"
Impact,6,0,"Manga, Art, Nonfiction"
Leopold,6,0,"Young Adult, Childrens, Fantasy"
Archway Publishing,5,1,"Fantasy, Epic"
Sarah Crichton Books,4,2,"Nonfiction, Thriller, Audiobook"
Hogarth,4,2,"Literary Fiction, Contemporary, Adult Fiction"
BBC Worldwide Publishing,6,0,"Doctor Who, Science Fiction, Fantasy"
Inner Traditions,6,0,"Nonfiction, Religion, History"
"Samuel French, Inc.",6,0,"Plays, Drama, Classics"
Lantern Books,4,2,"Nonfiction, Animals, Vegan"
Metis Yayınları,2,4,"Turkish Literature, Turkish, Poetry"
True's Relate Publishing,6,0,
دار الساقي,5,1,"Novels, Nonfiction, Politics"
دار الربيع العربي,6,0,"Novels, Politics"
IndyPublish.com,6,0,"Classics, Historical Fiction, Literature"
Prometheus,4,2,"Literature, Novels, Roman"
Allen Unwin,4,2,"Nonfiction, Australia, Travel"
Pink Bloom Press,0,6,"Chick Lit, Romance, Contemporary"
Pushkin Press,6,0,"Classics, 20th Century, Literature"
دار بلومزبري - مؤسسة قطر للنشر,6,0,"Novels, Literature, Egypt"
Hqn,0,6,"Romance, Adult, Chick Lit"
Little Brown,4,2,"Mystery, Audiobook, Young Adult"
R.K. Lilley,6,0,"Romance, Erotica, New Adult"
Høst & Søn,5,1,"Fantasy, Young Adult, Danish"
"Penguin Books, Limited (UK)",5,1,"Nonfiction, Politics, History"
Anthos,1,5,"Thriller, Mystery, Crime"
Scholastic Hippo,4,2,"Childrens, Nonfiction, Humor"
Linlithgow Press,0,6,"Romance, BDSM"
Transworld Publishers,4,2,"Humor, Audiobook, Adventure"
Quiet Vision Pub,6,0,"Classics, Historical Fiction, Historical"
University Press of Mississippi,4,2,"Nonfiction, Media Tie In, Tv"
Counterpoint LLC,3,3,"Literary Fiction, Classics, Novels"
Weiser Books,5,1,"Nonfiction, Spirituality, Occult"
Perseid Press,0,6,"Fantasy, Science Fiction, Science Fiction Fantasy"
Authentic,5,1,"Christian, Biography, Nonfiction"
Penguin UK,5,1,"Nonfiction, Biography, Autobiography"
River City Publishing,6,0,"Science Fiction, Young Adult, Thriller"
Atheneum/Caitlyn Dlouhy Books,4,2,"Young Adult, Middle Grade, Realistic Fiction"
Ridan Publishing,6,0,"Fantasy, Epic Fantasy, Adventure"
J'ai lu,2,4,"Fantasy, Romance, Historical Romance"
"Tyndale House Publishers, Inc.",2,4,"Christian Fiction, Christian, Audiobook"
Double-R Books Publishing,2,4,"Mystery, Adventure, Fantasy"
Kiepenheuer & Witsch,5,1,"German Literature, Novels, Germany"
Republika,2,4,"Novels, Indonesian Literature, Family"
AudioGO,1,5,"Audiobook, Mystery, Crime"
Two Lions,1,5,"Childrens, Fantasy, Young Adult"
Kepustakaan Populer Gramedia,5,1,"Indonesian Literature, Novels, Literature"
Reign Publishing,0,6,"Fantasy, Young Adult Fantasy, Young Adult"
Rick Riordan Presents,5,1,"Fantasy, Middle Grade, Mythology"
DeBolsillo,5,1,"Thriller, Romance, Historical Romance"
Random House for Young Readers,6,0,"Fantasy, Childrens, Chapter Books"
"Random House, Inc.",6,0,"Classics, Nonfiction, History"
مؤسسة هنداوي للتعليم والثقافة,6,0,"Nonfiction, History, Philosophy"
WaterBrook Press,2,4,"Christian, Christian Fiction, Fantasy"
Rupa & Co.,6,0,"India, Indian Literature, Novels"
مكتبة العبيكان,6,0,"Islam, Religion, Nonfiction"
Rayo,1,5,"Fantasy, Spanish Literature, Novels"
AuthorHouse,4,2,"Contemporary, Adult, Novels"
Corgi Books,6,0,"Mystery, Crime, Audiobook"
Distribooks,4,2,"France, Fantasy, Romance"
Avid Publishing LLC,5,1,
John Murray,5,1,"Nonfiction, Travel, India"
Diversion Books,1,5,"Epic, Contemporary, Fantasy"
Red Dress Ink,0,6,"Chick Lit, Romance, Humor"
Automatic Pictures,3,3,"Graphic Novels, Fantasy, Comics"
Astraea Press,0,6,"Historical Romance, Romance, Regency"
المركز الثقافي العربي,6,0,"Sociology, Nonfiction, Politics"
Editorial Seix Barral,6,0,"Spanish Literature, Spain, Novels"
University of Texas Press,6,0,"Classics, Literature, Poetry"
Walker,3,3,"Young Adult, Fantasy, Adventure"
Pinnacle,6,0,"Horror, Thriller, Audiobook"
Politikens Forlag,2,4,"Denmark, Chick Lit, Humor"
Penerbit Buku Kompas,6,0,"Nonfiction, Indonesian Literature, History"
Basic Books (AZ),6,0,"Philosophy, Nonfiction, Psychology"
Lulu Publishing Services,6,0,"Drama, New Adult, Book Club"
نهضة مصر,6,0,"History, Nonfiction, Literature"
Macmillan Audio,5,1,"Audiobook, Nonfiction, War"
Luso-Brazilian Books,5,1,"Classics, Literature, Portuguese Literature"
Seuil,2,4,"Literature, Novels, France"
Casterman,6,0,"Comics, Bande Dessinée, Graphic Novels"
Mascot Books,5,1,"Picture Books, Childrens, Epic"
Headline Book Publishing,3,3,"Mystery, Thriller, Mystery Thriller"
MacMillan Publishing Company,4,2,"Young Adult, Historical, Humor"
University of New Mexico Press,5,1,"Historical Fiction, Classics, Nonfiction"
MacAdam/Cage Publishing,6,0,"Contemporary, Novels, Thriller"
Presidio Press,6,0,"Military Fiction, War, History"
Adams Media,2,4,"Nonfiction, Psychology, Chick Lit"
MK,0,6,"Fantasy, Young Adult, Angels"
Bear Company,4,2,"Ancient History, Nonfiction, Science"
MICHAEL ZHANG,6,0,
Carroll & Graf,4,2,"Crime, Mystery, Thriller"
HarperCollinsPublishers,5,1,"Mystery, Crime, Detective"
Mandarin,6,0,"Classics, Historical Fiction, Short Stories"
АСТ,6,0,"Science Fiction, Fantasy, Russia"
Signet Books,4,2,"Nonfiction, History, Biography"
Amazon Crossing,2,4,"Historical Fiction, Fantasy, Audiobook"
Mammoth,1,5,"Adventure, Childrens, Young Adult"
Editorial Caminho,6,0,"Portuguese Literature, Novels, Portugal"
Self-published,4,2,"Romance, New Adult, High School"
Love Inspired,1,5,"Romance, Christian, Christian Fiction"
Regnery Publishing,2,4,"Nonfiction, Politics, History"
Mainstream Publishing,5,1,"Nonfiction, Biography, Memoir"
WildStorm,4,2,"Graphic Novels, Comics, Fantasy"
Loyola Classics,6,0,"Religion, Historical Fiction, Classics"
Global Graphics,5,0,
Wydawnictwo W.A.B.,2,3,"Polish Literature, Poland, Novels"
Excelsine Press,0,5,"Fantasy, Young Adult, Magic"
MacMillan General Books,4,1,"Historical Fiction, Thriller, Historical"
روزبهان,5,0,"Novels, Iran, Romance"
Ravensburger Buchverlag,2,3,"Young Adult, German Literature, Classics"
Aschehoug,3,2,"Mystery, Fantasy, Childrens"
YWAM Publishing,3,2,"Biography, Nonfiction, History"
Kids Can Press,3,2,"Picture Books, Childrens, Fantasy"
Evernight Publishing,5,0,"Romance, Erotica, Contemporary Romance"
University of Pennsylvania Press,4,1,"Nonfiction, History, Philosophy"
L.A. Casey,5,0,"Romance, New Adult, Contemporary"
Zondervan Academic,5,0,"Christian, Theology, Reference"
Amelia Hutchins,0,5,"Paranormal, Fantasy, Fae"
Gramedia,4,1,"Indonesian Literature, Romance, Novels"
Potomac Books,5,0,"History, Nonfiction, War"
MLR Press,4,1,"M M Romance, Romance, Contemporary"
Starry Night Press,0,5,"Ireland, Historical Fiction, Romance"
Dell Publishing,2,3,"Classics, Science Fiction, Childrens"
Alyson Books,3,2,"Queer, LGBT, Lesbian"
Amazon Kindle,3,2,"Contemporary, Romance, Erotica"
KnightTime Press,0,5,"Medieval, Historical, Historical Fiction"
Permuted Press,5,0,"Horror, Science Fiction, Zombies"
Magnus Corner Books,5,0,Writing
Dom Quixote,5,0,"Romance, Portuguese Literature, Portugal"
Delcourt,3,2,"Comics, Graphic Novels, Young Adult"
PT Elex Media Komputindo,1,4,"Manga, Young Adult, Mystery"
Demarche Publishing LLC,2,3,"Young Adult, Fostering, Dystopia"
Gotham,4,1,"Nonfiction, Biography, History"
XO,4,1,"Romance, France, Contemporary"
MIT Press (MA),4,1,"Nonfiction, Science, Philosophy"
Macmillan Publishing Co.,4,1,"Science Fiction, Russia, Russian Literature"
Everafter Romance,4,1,"Romance, New Adult, Contemporary"
Macmillan Australia,2,3,"Audiobook, Thriller, Mystery"
Konecky & Konecky,5,0,"Historical, History, Nonfiction"
Golden Press,4,1,"Childrens, Picture Books, Animals"
Oberon Books,1,4,"Plays, Classics, Spanish Literature"
Regal,2,3,"Nonfiction, Christianity, Christian Non Fiction"
Vintage Contemporaries,5,0,"American, Literature, Literary Fiction"
Kregel Publications,2,3,"Christian, Historical Fiction, Christian Fiction"
Feiwel and Friends,2,3,"Young Adult, Fantasy, Romance"
MacMillan UK,5,0,"Historical Fiction, Classics, Young Adult"
Orion Childrens,3,2,"Young Adult, Childrens, Animals"
Deseret Book Co,4,1,"Lds, Religion, Church"
Limitless Publishing,3,2,"Romance, Young Adult, Dark"
"Books on Tape, Inc.",2,3,"Historical Fiction, Classics, Historical"
LionheART Publishing House,1,4,"Childrens, Adventure, Travel"
Público,2,3,"Portugal, Literature, Portuguese Literature"
Listening Library,2,3,"Young Adult, Audiobook, Middle Grade"
Putnam Pub Group,5,0,"Mystery, Audiobook, Crime"
University of Hawaii Press,5,0,"Nonfiction, Asia, Japan"
Booktrope Editions,4,1,"Fantasy, Young Adult, Romance"
C. S. Johnson,5,0,"Fantasy, Young Adult, Romance"
Boomer Books,4,1,"Classics, Historical Fiction, Historical"
McGraw-Hill Companies,5,0,"Nonfiction, Business, Management"
Deuticke,4,1,"German Literature, Romance, Contemporary"
Last Gasp,4,1,"Comics, Graphic Novels, Graphic Novels Comics"
Foyles,5,0,"Spanish Literature, Novels, Literature"
Suhrkamp Verlag,5,0,"German Literature, Literature, Novels"
Suma de letras,1,4,"Romance, Adult, Contemporary"
Fanfare,1,4,"Romance, Historical Romance, Historical"
"Little, Brown and Co.",5,0,"Comics, Graphic Novels, Bande Dessinée"
Walker Books for Young Readers,1,4,"Young Adult, Romance, Fantasy"
Destek Yayınları,5,0,"Biography, Roman"
Suspense Publishing,1,4,"Mystery, Fantasy, Romance"
Fantastic Fiction Publishing,5,0,"BDSM, M M Romance, Dark"
Fanucci,5,0,"Science Fiction, Fantasy"
Suzanne Wright,0,5,"Romance, Erotica, Adult"
Swoon Reads,3,2,"Romance, Young Adult, Contemporary"
Louisiana State University Press,5,0,"Southern, Historical Fiction, Literary Fiction"
Write Bloody Publishing,3,2,"Poetry, Feminism, Womens"
Suhrkamp,5,0,"Literature, Classics, 20th Century"
M.K. Eidem,5,0,"Aliens, Romance, Science Fiction"
Random House India,4,1,"India, Indian Literature, Romance"
Preface Publishing,4,1,"Historical Fiction, Historical, Roman"
The Church of Jesus Christ of Latter-day Saints,5,0,"Religion, Nonfiction, Lds"
VIVA PSICOM,5,0,
Larousse,5,0,"Classics, Plays, France"
BookSurge Classics,5,0,"Classics, Horror, Short Stories"
BookSurge Publishing,3,2,"History, Young Adult, Thriller"
Dead River Books,5,0,"Young Adult, Paranormal, Fantasy"
Steven J. Nash Publishing,5,0,Poetry
Laurel Leaf Books,2,3,"Young Adult, Fantasy, Paranormal"
Arena Verlag,1,4,"Young Adult, Fantasy, Romance"
Booket,4,1,"Classics, Spanish Literature, Novels"
Facts on File,5,0,"Nonfiction, Reference, Mythology"
Wordsworth Editions Ltd,4,1,"Classics, Horror, Short Stories"
Gardners Books,2,3,"Audiobook, Romance, History"
Cumberland House Publishing,4,1,"Contemporary, Young Adult, Christmas"
University of Nebraska Press,3,2,"History, Nonfiction, American History"
دار الفارابي,5,0,"Romance, Romantic, Literature"
Arcato Publishing,5,0,"Reverse Harem, Romance, Contemporary"
دار القلم,5,0,"Religion, Islam, Nonfiction"
Lexham Press,5,0,"Theology, Christianity, Nonfiction"
Gallery/Scout Press,2,3,"Mystery, Thriller, Mystery Thriller"
Writer's Edge Publishing,2,3,"Paranormal, Vampires, Reverse Harem"
دار الكتب العلمية,5,0,"Islam, Nonfiction, Religion"
Lumen,0,5,"Poetry, Spanish Literature, Womens"
Open Road Media,4,1,"Nonfiction, Classics, History"
Quill Tree Books,3,2,"Young Adult, Audiobook, Romance"
Random House Ballantine Del Rey,5,0,"Science Fiction, Fantasy, Science Fiction Fantasy"
Moyer Bell and its subsidiaries,0,5,"Historical Fiction, China, Classics"
منشورات نزار قباني,5,0,"Poetry, Literature, Politics"
AST,5,0,"Science Fiction, Russia, Fantasy"
Hambleton Hill Publishing,5,0,"Comics, Bande Dessinée, Graphic Novels"
Icon Books,5,0,"Nonfiction, Science, Biography"
Crimeline,3,2,"Mystery, Crime, Mystery Thriller"
Hawthorne Books,3,2,"Queer, Contemporary, Adult"
Scholastic Canada,2,3,"Childrens, Historical Fiction, Young Adult"
Vanguard Press,4,1,"Nonfiction, Self Help, Childrens"
William Heinemann,4,1,"Novels, Contemporary, Fantasy"
Ilm-o-Irfan,5,0,"Novels, Romance, Contemporary"
Ilyan Kei Lavanway,5,0,
Hal Leonard Publishing Corporation,5,0,"Music, Nonfiction, Classics"
Schiffer Publishing,3,2,"Nonfiction, History, Numerology"
Çınar Yayınları,0,5,"Turkish Literature, Poetry, Turkish"
Imprint,5,0,"Young Adult, Fantasy, Young Adult Fantasy"
Harvill Press,5,0,"Novels, Historical Fiction, Literature"
Hachette Book Group,3,2,"Adult, Contemporary, Audiobook"
Charisma House,5,0,"Christian, Nonfiction, Spirituality"
Blackstone Audiobooks,2,3,"Audiobook, Fantasy, Romance"
Hachette,1,4,"Angels, Young Adult, Fantasy"
Pelican,5,0,"Classics, Historical Fiction, Christian"
Triple Crown Publications,2,3,"Urban, African American, Drama"
HQ,2,3,"Thriller, Mystery, Mystery Thriller"
اساطیر,5,0,"Literature, France, Philosophy"
Inner Light Publishers,4,1,"Inspirational, Spirituality, Self Help"
Nijgh & Van Ditmar,2,3,"Dutch Literature, Literature, School"
افق,4,1,"Novels, Iran, Literature"
BB Books,5,0,
1st World Library - Literary Society,5,0,"Classics, Fantasy, Adventure"
NAL Hardcover,4,1,"Romance, Young Adult, Vampires"
Hephaestus Books,5,0,"Fantasy, Thriller"
Tom Doherty Associates,4,1,"Fantasy, Science Fiction Fantasy, Magic"
Penerbit Republika,0,5,"Novels, Indonesian Literature, Family"
Hodder and Stoughton,4,1,"Thriller, Suspense, Mystery"
Harmony Books,4,1,"Nonfiction, Audiobook, Self Help"
Penerbitan Karyaseni Sdn Bhd,3,2,"Novels, Romance, Collections"
Penguin Audio,4,1,"Audiobook, Historical Fiction, Adult"
Cappelen Damm,5,0,"Fantasy, Dystopia, Scandinavian Literature"
Nabu Press,4,1,"Classics, British Literature, Nonfiction"
Cappelen,2,3,"Scandinavian Literature, Novels, Roman"
Seix Barral,4,1,"Contemporary, Literature, Spanish Literature"
Dark Horizons Press,5,0,Science Fiction
Harlequin Luna,2,3,"Fantasy, Magic, Urban Fantasy"
Pan Books (UK),2,3,"Mystery, Thriller, Contemporary"
Center One Publishing,2,3,"Fantasy, Young Adult, Paranormal"
Harlequin HQN,0,5,"Romance, Adult, Contemporary"
Timeout LLC,3,2,"Romance, New Adult, Contemporary"
Seal Books,4,1,"Classics, Literature, Canada"
Ella Fox,0,5,"Romance, Erotica, New Adult"
Addison Wesley Publishing Company,4,1,"Novels, Mystery, Crime"
Pen Name Publishing,5,0,"Young Adult, LGBT, Romance"
Houghton Mifflin Harcourt P,1,4,"Historical Fiction, Mystery, Crime"
Siren Publishing,2,3,"Romance, Menage, Erotica"
Mullen Self Publishing,0,5,"New Adult, Romance, Contemporary Romance"
jimmy patterson,4,1,"Young Adult, Teen, Fantasy"
Academy Chicago Publishers,4,1,"Literature, Historical Fiction, Historical"
Penguin Books Australia,3,2,"Biography, Novels, Nonfiction"
Pluto Press,5,0,"Nonfiction, History, Philosophy"
New Press,3,2,"Nonfiction, Politics, History"
Cape,4,1,"Literature, Novels, Literary Fiction"
الرواق للنشر والتوزيع,5,0,"Novels, Literature, Romance"
Rivages,4,1,"Novels, Mystery, Crime"
Da Capo Lifelong Books,3,2,"Nonfiction, Psychology, Parenting"
Signet Eclipse,2,3,"Romance, Adult, Contemporary Romance"
Jahangir Book Depot,3,2,"Pakistan, History, Poetry"
مكتبة جرير,2,3,"Self Help, Personal Development, Psychology"
Sourcebooks Jabberwocky,0,5,"Childrens, Humor, Chapter Books"
Tundra Books,4,1,"Childrens, Canada, Middle Grade"
HarperPaperbacks,3,2,"Mystery, Mystery Thriller, Crime"
HarperCollins Children’s Books,4,1,"Young Adult, Contemporary, Adventure"
Rowohlt,4,1,"German Literature, Contemporary, Roman"
Bloomsbury Childrens,3,2,"Fantasy, Young Adult, Romance"
Signet Select,0,5,"Urban Fantasy, Paranormal, Vampires"
Dafina,4,1,"Romance, African American Romance, African American"
Nelson Books,5,0,"Nonfiction, Christian, Christianity"
Eio Books,5,0,"Literature, Thriller, Historical Fiction"
Rooglewood Press,1,4,"Christian, Romance, Fantasy"
Ava Miles Inc.,0,5,"Contemporary Romance, Romance, Chick Lit"
The Overlook Press,4,1,"Humor, Classics, Short Stories"
Rocco,0,5,"Fantasy, Romance, Time Travel"
BenBella Books,2,3,"Fantasy, Romance, Dark Fantasy"
superNOWA,5,0,"Fantasy, Polish Literature, Science Fiction Fantasy"
Tusquets,5,0,"Literature, Historical Fiction, Spanish Literature"
Blue Jinni Media,0,5,
Monthly Review Press,4,1,"Nonfiction, Politics, History"
Solstice Publishing,4,1,"Young Adult, New Adult, Romance"
True Glory Publications,5,0,Urban
E. Hunter,0,5,"Paranormal, Romance, Fantasy"
Penguin Group USA Inc,2,3,"Fantasy, Romance, Urban Fantasy"
National Geographic,3,2,"Nonfiction, History, Travel"
نگارستان کتاب,5,0,Philosophy
HarperAudio,4,1,"Audiobook, Mystery, Mystery Thriller"
Cornerstone Digital,5,0,"Thriller, Mystery, Audiobook"
"Western Publishing Company, Inc.",4,1,"Childrens, Picture Books, Fantasy"
Granta,4,1,"Literature, Novels, Nonfiction"
Granta Books,4,1,"Novels, Contemporary, Literature"
Bertrand Editora,2,3,"Romance, Contemporary Romance, Contemporary"
Escape Publishing,0,5,"Romance, Paranormal, New Adult"
Noura Books,5,0,"Religion, Islam, History"
Troll Communications,3,2,"Young Adult, Paranormal, Romance"
Grasindo,4,1,"Indonesian Literature, Novels, Romance"
Katie Ashley Productions,0,5,"Romance, Contemporary Romance, Contemporary"
Abingdon Press,5,0,"Christian, Christian Fiction, Romance"
J.M. Meulenhoff,4,1,"Audiobook, Roman, Dutch Literature"
Augustine Press,0,5,"Contemporary, Novels, Young Adult"
Collier Books,3,1,"Fantasy, Science Fiction, Science Fiction Fantasy"
Creative Education,4,0,"Short Stories, Classics, Literature"
Tina Folsom,0,4,"Vampires, Paranormal, Paranormal Romance"
"Farrar, Straus and Giroux (Byr)",1,3,"Young Adult, Teen, Contemporary"
Ferozsons,4,0,"Pakistan, Contemporary, Islam"
DAW Hardcover,4,0,"Fantasy, Science Fiction Fantasy, Science Fiction"
Delacorte,1,3,"Young Adult, Romance, Audiobook"
DSP Publications,0,4,"Fantasy, M M Romance, Romance"
Figueirinhas,0,4,"Portuguese Literature, Childrens, Classics"
Team Bryndza Books,4,0,"Romance, Chick Lit, Contemporary"
Editorial Vanir,0,4,"Romance, Erotic Romance, Adult"
Eesti Raamat,2,2,"Childrens, Classics, Read For School"
University of Queensland Pr (Australia),2,2,"Australia, School, Novels"
Versátil,0,4,"Romance, Chick Lit, Contemporary"
Burlesque Press,0,4,"BDSM, Dark, Erotica"
University of Pittsburgh Press,3,1,"Literature, Classics, Poetry"
FeedARead.com,2,2,"Romance, Action, Contemporary Romance"
Egmont Books (UK),1,3,"Adventure, Childrens, Young Adult"
Elex Media Komputindo,2,2,"Manga, Nonfiction, Biography"
Fazi,1,3,"Historical, Fantasy, Vampires"
Creation Books,4,0,"Horror, Bizarro Fiction, Dark"
Thorsons,3,1,"Spirituality, Self Help, Novels"
Ehrenwirth,0,4,"Historical, German Literature, Medieval"
Fayard,3,1,"France, Nonfiction, Romance"
Carlsen,2,2,"Fantasy, Young Adult, Romance"
Edições Saída de Emergência,4,0,"Fantasy, High Fantasy, Epic Fantasy"
Createspace Independent Publishing,1,3,"Self Help, Nonfiction, Psychology"
DH Audio,3,1,"Classics, Audiobook, Mystery"
University of Oklahoma Press,2,2,"Nonfiction, History, Biography"
Victoria & Albert Museum,1,3,"Nonfiction, Fashion, History"
Thomas Ray Publishing L.L.C.,4,0,"Animals, Young Readers, Dogs"
William B. Eerdmans Publishing Company,4,0,"Theology, Christianity, Christian"
Vermilion,4,0,"Nonfiction, Self Help, Psychology"
Teos,1,3,"Finnish Literature, Dystopia, Science Fiction"
"Dell Publishing Co., Inc.",3,1,"Science Fiction, Time Travel, Thriller"
Electric Monkey,0,4,"Young Adult, Contemporary, Romance"
Westminster John Knox Press,3,1,"Religion, Theology, Nonfiction"
Can Yayınları,3,1,"Turkish Literature, Turkish, Biography"
The Chicken House,2,2,"Young Adult, Fantasy, Childrens"
EJMP,0,4,"Young Adult, Fantasy, Paranormal Romance"
Caminho,3,1,"Portuguese Literature, Romance, Novels"
Disney ● Hyperion Books,3,1,"Young Adult, Adventure, Fantasy"
The Feminist Press at CUNY,0,4,"Classics, Feminism, Novels"
Cheeky Bugger Publications,4,0,"Travel, Psychology"
Western Publishing Company,3,1,"Picture Books, Childrens, Fantasy"
Wisdom House Books,1,3,"Christian Romance, Childrens, Travel"
Chelsea Green Publishing,2,2,"Nonfiction, Science, Design"
The Folio Society,3,1,"History, Nonfiction, Classics"
Turner,1,3,"Historical Fiction, Christian Fiction, Romance"
Ullstein,4,0,"German Literature, Humor, Audiobook"
Dtv,4,0,"Contemporary, German Literature, Germany"
Deep Blue Publishing,4,0,"Nonfiction, Self Help, Amazon"
Cinco Puntos Press,4,0,"Young Adult, Realistic Fiction, Historical Fiction"
Corvus,3,1,"Historical Fiction, Roman, Historical"
Chicken Soup for the Soul,4,0,"Nonfiction, Inspirational, Self Help"
Virago Press Ltd,0,4,"Historical Fiction, Historical, Literary Fiction"
Ueberreuter,2,2,"Fantasy, German Literature, Young Adult"
The Raven Books,0,4,"Paranormal, Paranormal Romance, Romance"
Epiphany Printing,4,0,Nonfiction
Eraserhead Press,3,1,"Bizarro Fiction, Horror, Science Fiction"
The House of Books,1,3,"Contemporary, Chick Lit, Romance"
The Jewish Publication Society,2,2,"Religion, Reference, Judaism"
US Naval Institute Press,4,0,"Military Fiction, War, Naval History"
The Johns Hopkins University Press,2,2,"Nonfiction, Health, Self Help"
Czytelnik,4,0,"Novels, Literature, Historical Fiction"
"Dramatists Play Service, Inc.",4,0,"Plays, Theatre, Drama"
Viking Press,4,0,"Picture Books, Childrens, Classics"
Cosimo Classics,4,0,"Classics, Literature, Historical Fiction"
Crown Publishing Group,0,4,"Historical, Romance, Adult"
"Farrar, Straus & Giroux",3,1,"American, School, Short Stories"
Voice,3,1,"Novels, Fantasy, Mystery"
"Collector's Guide Publishing, Inc.",4,0,"Space, History, Nonfiction"
University of Minnesota Press,4,0,"Philosophy, Theory, Nonfiction"
Destino Ediciones,3,1,"Spain, Classics, Spanish Literature"
Text Publishing,2,2,"Audiobook, Australia, Novels"
Del Rey / Ballantine,3,1,"Science Fiction Fantasy, Science Fiction, Fantasy"
Courage Crafters Inc.,2,2,"Horror, Paranormal, Thriller"
Fall River Press,4,0,"Classics, Historical Fiction, Novels"
Usborne Publishing,0,4,"Fantasy, Childrens, Middle Grade"
Definitions (Young Adult),2,2,"Young Adult, Contemporary, Realistic Fiction"
Edicions 62,3,1,"Classics, Novels, Spain"
White Wolf Games Studio,3,1,"Fantasy, Dark Fantasy, Science Fiction Fantasy"
W Publishing Group,4,0,"Christian, Nonfiction, Christianity"
Charles Scribner's Sons,4,0,"20th Century, History, Nonfiction"
Transworld Digital,4,0,"Thriller, Action, Nonfiction"
Canongate UK,4,0,"Contemporary, Novels, Humor"
Dark Magick Publishing,4,0,"Paranormal, Fantasy, Romance"
World Literary Press,0,4,"Contemporary, Mystery, Suspense"
Vanilla Heart Publishing,0,4,"Christmas, Romance, Contemporary"
Close-Up Books,4,0,"Fantasy, Mystery, Australia"
Whiskey Creek Press,1,3,"Historical, Historical Romance, Westerns"
Canongate,4,0,"Fantasy, Literature, Mythology"
Coppenrath,0,4,"Urban Fantasy, Mermaids, German Literature"
Copper Canyon Press,3,1,"Poetry, Queer, LGBT"
The Wild Rose Press,0,4,"Historical Romance, Historical, Romance"
D.A.B. Publishing,0,4,"Romance, Contemporary Romance, Dark"
Dedalus,4,0,"Novels, Horror, Classics"
Dial Books for Young Readers,2,2,"Young Adult, Middle Grade, Childrens"
Clean Reads,0,4,"Romance, Christmas, Historical Romance"
University of Illinois Press,3,1,"Nonfiction, Biography, Memoir"
Sesam,0,4,"Danish, Childrens"
Penguin Random House,2,2,"Audiobook, Historical Fiction, Historical"
HighGround Books,4,0,"Novels, Philosophy, Business"
Hill & Wang,3,1,"Classics, Historical, Novels"
Hippocrene Books,4,0,"Polish Literature, Classics, Historical Fiction"
Minerva,4,0,"Romanian Literature, Classics, Romania"
History Press Ltd,3,1,
Milkweed Editions,3,1,"Memoir, Nonfiction, Nature"
Sel Yayıncılık,4,0,"Turkish Literature, Turkish, Roman"
Holloway House,4,0,"African American, Urban, Crime"
Midnight Ink,0,4,"Mystery, Cozy Mystery, Adventure"
Bantam Books (Mm),1,3,"Romance, Fantasy, Historical Fiction"
Banner of Truth,4,0,"Christian, Theology, Christianity"
Захарий Стоянов,4,0,"Bulgarian Literature, Bulgaria, Classics"
Metis Yayıncılık,4,0,"Turkish, Turkish Literature, Literature"
Nantier Beall Minoustchine Publishing,4,0,"Comics, Graphic Novels, Bande Dessinée"
Sarian Royal,4,0,"Romance, Contemporary, New Adult"
Sasquatch Books,1,3,"Nonfiction, Graphic Novels, Comics"
Pink Cashmere Publishing Company,0,4,
Medallion Press,2,2,"Young Adult, Romance, Paranormal"
Pimlico,3,1,"History, Nonfiction, Medieval"
Ilm o Irfan Publishers,4,0,"Novels, Religion, Philosophy"
Scholastic Children's Books,3,1,"Fantasy, Young Adult, Adventure"
Bandit Publishing,0,4,"Romance, New Adult, Young Adult"
Baker Academic,4,0,"Theology, Christianity, Religion"
Schwartz & Wade,1,3,"Middle Grade, Juvenile, Young Adult"
"Melange Books, LLC",0,4,"Romance, Historical Fiction, Historical"
Hutchinson,3,1,"Historical, Audiobook, British Literature"
Piccadilly Books,3,1,"Young Adult, Romance, Chick Lit"
Baltos lankos,1,3,"Nonfiction, Philosophy, History"
Alire,2,2,"Horror, Fantasy, France"
Methuen,3,1,"Novels, Classics, American"
Отечество,4,0,"Childrens, Humor, Bulgarian Literature"
Mundania Press LLC,3,1,"Fantasy, Romance, Young Adult"
Sidgwick & Jackson Ltd,3,1,"Nonfiction, Memoir, Biography"
نشر داستان,4,0,"Philosophy, Spirituality"
Adam Yayınları,4,0,"Turkish Literature, Turkish, Poetry"
Harrell Publishing,4,0,"Young Adult, Paranormal Romance, Vampires"
NAL/Signet Eclipse,4,0,"Paranormal Romance, Paranormal, Shapeshifters"
Harpercollins Childrens Books,4,0,"Childrens, Young Adult, Classics"
Hidden Gnome Publishing,4,0,"Fantasy, Young Adult, Magic"
Belmonte Publishing LLC,4,0,"Erotica, Erotic Romance, Romance"
Beltz & Gelberg,3,1,"Fantasy, Young Adult, Science Fiction"
Berkley InterMix,0,4,"Erotica, Romance, BDSM"
NYLA,2,2,"Romance, Contemporary, Dark"
HarperCollins Publishers Australia,3,1,"Contemporary, Romance, Adult"
Silhouette Special Edition,0,4,"Romance, Contemporary, Contemporary Romance"
Acantilado,3,1,"Poetry, Essays, Nonfiction"
HarperCollins Children's,4,0,"Fantasy, Young Adult, Humor"
Bella Books,1,3,"Lesbian, Lesbian Romance, Lesbian Fiction"
مكتبة الأسرة,4,0,"Novels, Short Stories, Media Tie In"
Baronet Books,3,1,"Classics, Adventure, Childrens"
Seventh Star Press,4,0,"Horror, Fantasy, Paranormal"
Penguin Metro Reads,4,0,"Romance, Indian Literature, Romantic"
Montena,2,2,"Romance, Young Adult, Spanish Literature"
مكتبة مدبولي,4,0,"Poetry, Literature, Egypt"
Henry Holt,2,2,"Young Adult, Literary Fiction, Mystery"
Mundania Press,2,2,"Fantasy, Romance, Magic"
Beach Lane Books,3,1,"Picture Books, Childrens, Humor"
منشورات نزار قبانى,4,0,"Poetry, Literature, Romance"
Hazelden Publishing,2,2,"Nonfiction, Self Help, Psychology"
Penguin Books Limited,2,2,"Classics, Fantasy, Poetry"
Penguin Books India,3,1,"India, Indian Literature, Classics"
Hatje Cantz,2,2,"Art, Nonfiction, Photography"
Éditions Hurtubise,4,0,"Historical Fiction, Roman"
Addison-Wesley Professional,4,0,"Programming, Technology, Software"
Morgan James Publishing,2,2,"Nonfiction, Drama, Contemporary"
Pub Yourself Press,0,4,"Romance, Contemporary Romance, Contemporary"
Longman Publishing Group,2,2,"School, Historical Fiction, Classics"
Longanesi,2,2,"Nonfiction, Italian Literature, Italy"
Regnery History,4,0,"History, Nonfiction, Biography"
Kima Global Publishers,1,3,
Kindle,3,1,"Romance, Poetry, Fantasy"
Atlas,4,0,"Nonfiction, War, Literature"
Living Sword Publishing,2,2,"Fantasy, Christian, Christian Fiction"
Purity Publications,4,0,
Kingfisher,2,2,"Young Adult, Historical Fiction, Childrens"
دار أجيال للنشر والتوزيع,4,0,"Self Help, Human Development, Nonfiction"
Klett-Cotta,4,0,"Fantasy, High Fantasy, Mystery"
Purple House Press,1,3,"Childrens, Classics, Middle Grade"
Red Moon Productions Ltd.,3,1,
Recorded Books,1,3,"Mystery, Adult, Humor"
Infinity Publishing,4,0,"Fantasy, Urban Fantasy, Horror"
Rageot,4,0,"Fantasy, France, Young Adult"
Archaia,4,0,"Graphic Novels, Comics, Fantasy"
Leisure,3,1,"Romance, Adult, Historical Romance"
Lauren Blakely Books,4,0,"Romance, Contemporary Romance, Erotica"
RPG Publishing,0,4,"Philosophy, Inspirational, Self Help"
Laurelin Paige,4,0,"Romance, Contemporary Romance, Erotica"
Laurel-Leaf Books,3,1,"Young Adult, Teen, Historical"
Quarry Books,2,2,"Nonfiction, Art, Design"
Applause Books,4,0,"Plays, Humor, Classics"
Arkwatch Holdings LLC,2,2,"Paranormal, Young Adult, Graphic Novels"
Laguna,1,3,"Serbian Literature, Romance, Drama"
Laffont,4,0,"Romance, France, Contemporary"
Random House UK,1,3,"Nonfiction, History, Biography"
LWW,1,3,"Reference, Medical, Health"
Rayne Hall,4,0,"Writing, Nonfiction, Reference"
Ashton Publishing Group,0,4,"Romance, Erotica, Contemporary"
Larousse Kingfisher Chambers,4,0,"Classics, France, French Literature"
المؤسسة العربية للدراسات والنشر,4,0,"Novels, Literature, Unfinished"
Jasinda Wilder,4,0,"Romance, Contemporary, Contemporary Romance"
Running Press Kids,2,2,"Young Adult, Fantasy, Romance"
Rupa & Co,4,0,"Novels, Indian Literature, India"
James Faro,4,0,"Mystery, Pirates, Thriller"
S. Fischer,2,2,"German Literature, Germany, Contemporary"
Amazon Media EU S.à r.l.,4,0,"Fantasy, Novels, Contemporary"
دار ليلى للنشر والتوزيع,4,0,"Horror, Short Stories, Novels"
B Academic,4,0,"Theology, Christianity, Religion"
Plaza y Janes,3,1,"Historical Fiction, Short Stories, Magical Realism"
Island Books,3,1,"Historical Fiction, Romance, Historical"
"B*tween Producions, Inc.",0,4,"Childrens, Realistic Fiction, Middle Grade"
Samhain,2,2,"Romance, Contemporary, Paranormal Romance"
International Publishers,4,0,"History, Nonfiction, Politics"
Martian Lit,4,0,"Horror, Literary Fiction, Historical Fiction"
Master Point Press,4,0,
Plon,3,1,"Historical Fiction, France, Historical"
Kathy Dawson Books,0,4,"Young Adult, Romance, Mystery"
Karyaseni,4,0,"Novels, Love"
August Cesarec,0,4,"Romance, Historical Fiction, Classics"
Rider,3,1,"Spirituality, Religion, Philosophy"
KDP,3,1,"Mystery, Mystery Thriller, Suspense"
Lulu Press,3,1,"Humor, Mystery, M M Romance"
Prima Lifestyles,3,1,"Superheroes, Science Fiction, Tv"
سوره مهر,4,0,"Novels, Literature, Romance"
Lust for Living,2,2,"Paranormal, Horror, Suspense"
Ampersand Publishing,0,4,"Romance, Contemporary Romance, Contemporary"
Julliard,2,2,"France, Contemporary, Algeria"
Roc Hardcover,2,2,"Fantasy, Magic, Historical Fiction"
Rowman & Littlefield Publishers,3,1,"Nonfiction, Psychology, Relationships"
American Girl,1,3,"Historical Fiction, Childrens, Historical"
Rowohlt Tb.,3,1,"American, Literary Fiction, Literature"
Amber-Allen Publishing,4,0,"Self Help, Nonfiction, Spirituality"
Crushing Hearts and Black Butterfly Publishing,1,3,"Romance, Paranormal, Fantasy"
Zysk i S-ka,3,1,"Biography, Nonfiction, Historical Fiction"
"Front Street, Incorporated",3,1,"Childrens, Young Adult, Adventure"
অনুপম প্রকাশনী,4,0,"Adventure, Bangladesh, Novels"
"Blvnp Publishing, Inc.",0,4,"Romance, Contemporary, High School"
Bragelonne,3,1,"Fantasy, Horror, Audiobook"
Ylva Publishing,4,0,"LGBT, Romance, Lesbian"
Panther,4,0,"Novels, Classics, Thriller"
Graydon House,2,2,"Adult Fiction, Adult, Contemporary"
New York Review of Books,4,0,"Novels, Literary Fiction, Classics"
cbj,3,1,"Fantasy, Young Adult, Middle Grade"
白泉社,4,0,"Manga, Romance, Graphic Novels"
TAN Books,3,1,"Catholic, Religion, Theology"
TOR,4,0,"Science Fiction, Science Fiction Fantasy, Fantasy"
Overlook Press,4,0,"Fantasy, Classics, Novels"
Gregg Press,2,2,"Science Fiction, Science Fiction Fantasy, Fantasy"
گمان,2,2,"Nonfiction, Essays, Philosophy"
Olympia Publishers,2,2,"Young Adult, Epic, Novels"
Forever Yours,1,3,"Romance, Contemporary, Contemporary Romance"
"Grove Press, Black Cat",2,2,"Contemporary, Novels, Crime"
Parallax Press,4,0,"Buddhism, Nonfiction, Spirituality"
Soho Crime,2,2,"Thriller, Mystery, Crime"
Yaypub,0,4,"Romance, Mystery, Suspense"
Blink,1,3,"Romance, Young Adult, Teen"
Snowbooks,3,1,"Fantasy, Historical Fiction, Steampunk"
HNI Books,0,4,Romance
Souvenir Press,1,3,"Romance, Historical Fiction, Mystery"
Booklocker.com,2,2,"Spirituality, Horror, Fantasy"
Norton,1,3,"Classics, Literature, Novels"
Garzanti,2,2,"Mystery, Thriller, Contemporary"
StoneHouse Ink,2,2,"Fantasy, Romance, Young Adult"
Books Events - Special Repackaged Edition,2,2,"Fantasy, Romance, Young Adult"
Story Warren Books,4,0,"Fantasy, Audiobook, Childrens"
Books That Will Enhance You Life,4,0,
Palgrave Macmillan,4,0,"Politics, Nonfiction, History"
Gemstone Publishing,4,0,"Comics, Graphic Novels, Graphic Novels Comics"
BookRix,1,3,True Crime
Books of Wonder,4,0,"Classics, Fantasy, Childrens"
2.13.61,4,0,"Music, Poetry, Punk"
Srishti Publishers and Distributors,3,1,"Suspense, Indian Literature, Self Help"
Galeri Ilmu,2,2,"Islam, Religion, Travelogue"
Booktrope,2,2,"Mystery, Romance, Historical Fiction"
ADV Manga,3,1,"Manga, Graphic Novels, Comics"
Starry Sky Publishing,0,4,"Young Adult, Fantasy, Paranormal"
G.P. Putnam’s Sons,2,2,"Fantasy, Young Adult, Magic"
Suma,1,3,"Romance, Historical Romance, Historical Fiction"
Starfire,4,0,"Young Adult, Childrens, Romance"
Young Arrow,3,1,"Young Adult, Science Fiction, Fantasy"
Gingersnap Press,0,4,"Romance, Coming Of Age, Literary Fiction"
Giunti,1,3,"Historical Fiction, Historical, Historical Romance"
St Martins Press,3,1,"Mystery, Crime, Mystery Thriller"
Goldmann Verlag,1,3,"Mystery, Romance, German Literature"
Nick Hern Books,2,2,"Plays, Classics, Drama"
Georgia Cates,0,4,"Romance, Contemporary, Contemporary Romance"
Sky Pony,3,1,"Young Adult, Contemporary, Realistic Fiction"
Hampton Roads Publishing Company,4,0,"Spirituality, Philosophy, Self Help"
Oneworld Publications,4,0,"Religion, Spirituality, Nonfiction"
Skinny Leopard Media,4,0,"Science Fiction, Aliens, Fantasy"
Grove Creek Publishing,0,4,"Young Adult, Romance, Angels"
Open Court,4,0,"Philosophy, Nonfiction, Spirituality"
Harlequin KISS,3,1,"Romance, Contemporary, Contemporary Romance"
Bilgi Yayınevi,4,0,"Turkish Literature, Roman, Turkish"
Simply Read Books,4,0,"Picture Books, Childrens, Graphic Novels"
Fleuve Noir,3,1,"France, Thriller, Mystery"
Orbis Books,4,0,"Nonfiction, Theology, History"
چشمه,4,0,"Novels, Literature, Iran"
Simon Schuster UK,2,2,"Historical Fiction, Historical, Mystery"
neobooks Self-Publishing,0,4,
Abdo Publishing Company,1,3,"Classics, Young Adult, Childrens"
Fischer,2,2,"Mystery, Thriller, Contemporary"
Państwowy Instytut Wydawniczy,4,0,"Classics, Polish Literature, Poland"
Peachtree Publishers,3,1,"Family, Southern, Contemporary"
Harper Trophy,1,3,"Young Adult, Middle Grade, Childrens"
ruffthedog.com,4,0,"Historical Fiction, Scotland"
Orbit Books,2,2,"Fantasy, Urban Fantasy, Paranormal"
Orchard Books (NY),2,2,"Young Adult, Childrens, Fantasy"
Orion Books,3,1,"Crime, Novels, Nonfiction"
Fischer FJB,1,3,"Young Adult, Fantasy, Romance"
New Generation Publishing,4,0,"Fantasy, Adventure, Mystery"
Broadview Press Inc,2,2,"Classics, Historical Fiction, Literature"
"HTJB, Inc.",0,4,"Romance, Contemporary Romance, Contemporary"
Hachette Audio,3,1,"Nonfiction, Memoir, Audiobook"
Fondo de Cultura Economica USA,4,0,"Literature, Latin American, Spanish Literature"
Hachette Books Ireland,2,2,"Nonfiction, Young Adult, Contemporary"
New Concepts Publishing,0,4,"Romance, Fantasy, Paranormal"
New Falcon Publications,4,0,"Philosophy, Psychology, Nonfiction"
Hachette Children's Group,2,2,"Young Adult, Childrens, Middle Grade"
Omnibus Press,4,0,"Music, Biography, Nonfiction"
Lübbe,2,1,"German Literature, Novels, Historical Fiction"
Lexia Press,3,0,"Fantasy, Young Adult, Romance"
Currency,3,0,"Business, Nonfiction, Management"
Prentice Hall Press,3,0,"Nonfiction, Psychology, Self Help"
NovoReads,0,3,
Litera,3,0,"Romanian Literature, Classics, Childrens"
Obsidian Mountain Publishing,0,3,"Fantasy, Paranormal, Young Adult"
Orion Publishing Co,3,0,"Young Adult, Audiobook, Science Fiction"
Price Stern Sloan,2,1,"Music, Nonfiction, Memoir"
Destiny Image Incorporated,3,0,"Faith, Christian, Spirituality"
M. Leighton Books,0,3,"Romance, New Adult, Contemporary Romance"
Liberty Fund Inc.,3,0,"Economics, Philosophy, Politics"
"Little, Brown Spark",2,1,"Nonfiction, Nature, Animals"
Les Éditions de Minuit,1,2,"France, Romance, Novella"
Rachel Van Dyken,0,3,"New Adult, Romance, Contemporary"
M.T.O. Shahmaghsoudi,3,0,Nonfiction
Praeger Publishers,2,1,"Nonfiction, Education, Philosophy"
Novo Século,1,2,"Classics, Portuguese Literature, Portugal"
Destra World Books Publishing LLC,3,0,
Pottermore Limited,3,0,"Fantasy, Short Stories, Young Adult"
"Destra World Books Publishing, LLC",2,1,
Little Brown Books for Young Readers,2,1,"Young Adult, Contemporary, Realistic Fiction"
Mad Norwegian Press,3,0,"Science Fiction, Doctor Who, Alternate History"
Little Black Dress,0,3,"Chick Lit, Romance, Contemporary Romance"
Pustaka Jaya,3,0,Indonesian Literature
Omnibus Books,1,2,"Young Adult, Fantasy, Adventure"
Linear B Editora Ltda,3,0,
Currency Press Pty Ltd,2,1,"Plays, Drama, Young Adult"
Owl Books,2,1,"Nonfiction, History, Military Fiction"
Old Earth Books,3,0,"Fantasy, Science Fiction, Classics"
Quercus Books,3,0,"Contemporary, Audiobook, Africa"
Puffin Classics,2,1,"Classics, Childrens, Young Adult"
Quercus Publishing,3,0,"Thriller, Mystery, Horror"
PublishNation,2,1,"Horror, Historical Fiction, World War II"
Other Press (NY),2,1,"Adult, Historical Fiction, Spain"
Ohio University Press,3,0,"Historical Fiction, Classics, Historical"
Longman,2,1,"Literature, School, Plays"
Villard Books,0,3,"Art, Nonfiction, Self Help"
Losada,3,0,"Classics, Theatre, Romance"
Qanita,3,0,"Historical Fiction, Historical, Novels"
Luchterhand Literaturverlag,3,0,"Nonfiction, Philosophy, German Literature"
Obuolys,2,1,"Nonfiction, Biography, True Crime"
Quetzal Editores,3,0,"Romance, Portugal, Literature"
Onyx Books,0,3,"Mystery, Crime, British Literature"
Madeline Sheehan,0,3,"Romance, Dark, Contemporary"
Productivity Press,3,0,Nonfiction
Quill,1,2,"Science Fiction, Parenting, Nonfiction"
Open Road Media Sci-Fi & Fantasy,3,0,"Science Fiction, Fantasy, Science Fiction Fantasy"
University Press of New England,2,1,"Poetry, France, Classics"
Oram Productions,3,0,"Romance, Chick Lit, Contemporary"
"Desert Breeze Publishing, Inc",0,3,"Christian Fiction, Romance, Christian"
Lucas Books,3,0,"Star Wars, Science Fiction, Fantasy"
Cynthia Eden,0,3,"Romance, Adult, Novella"
University of Michigan Press,2,1,"Classics, Philosophy, Nonfiction"
Québec Amérique,0,3,"Romance, Roman, Young Adult"
"P&S, Inc.",0,3,"Romance, Paranormal, Paranormal Romance"
Mozaik knjiga,2,1,"Childrens, School, Classics"
Dark Hour Arts Inc.,3,0,Zombies
Particular Books,3,0,"Nonfiction, Science, History"
Varrak,3,0,"Fantasy, Young Adult, Adventure"
Varlık Yayınları,3,0,
Morningstar Publications (NC),3,0,"Spirituality, Christian, Christian Living"
Morgan Rice,3,0,"Fantasy, Young Adult, Adventure"
Penguin Modern Classics,2,1,"Classics, 20th Century, Nonfiction"
New Harbinger Publications,3,0,"Psychology, Nonfiction, Self Help"
Penguin Putnam,2,1,"Drama, Historical Fiction, Australia"
Raegan Publishing,3,0,
Valkyrie Press,3,0,"Fantasy, Young Adult, Romance"
"Valiant Entertainment, LLC",3,0,"Comics, Graphic Novels, Superheroes"
Mladá fronta,2,1,"Romance, Classics, France"
Mizania,3,0,"Islam, Romance, Nonfiction"
Mizan,2,1,"Philosophy, Young Adult, Fantasy"
Mitchell Beazley,2,1,"Cookbooks, Cooking, Food"
Penguin USA,1,2,"Romance, Paranormal, Contemporary Romance"
Parasite Publications,0,3,"Science Fiction, Fantasy, Military Fiction"
Penguin books,2,1,"Fantasy, Short Stories, Magical Realism"
Mills & Boon,0,3,"Romance, Contemporary Romance, Harlequin"
DC Books,3,0,"Novels, Classics, India"
Pegasus,2,1,"Young Adult, Contemporary, Mystery"
Natur & Kultur,2,1,"Swedish Literature, Sweden, Scandinavian Literature"
Pegasus Elliot Mackenzie Publishers,2,1,"Drama, Epic, Historical"
Dancing Twiga Press,0,3,"Contemporary, Drama, Epic"
Dani Hoots,3,0,"Mythology, Fantasy, Young Adult"
Nelson Doubleday,3,0,"Science Fiction, Science Fiction Fantasy, Fantasy"
Nemira,1,2,"Romanian Literature, Short Stories, Humor"
DVA,1,2,"Contemporary, Fantasy, Drama"
NTC/Contemporary Publishing Company,3,0,"Classics, British Literature, Plays"
Dargaud,3,0,"Bande Dessinée, Graphic Novels, Comics"
Dark Horse Originals,3,0,"Graphic Novels, Manga, Fantasy"
Neri Pozza,2,1,"Japan, Japanese Literature, Food"
Nesin Yayınevi,3,0,"Turkish Literature, Turkish, Short Stories"
Månpocket,2,1,"Swedish Literature, Young Adult, Mystery"
Paul Dry Books,3,0,"Classics, Novels, Literature"
Penguin Berkley,3,0,"Romance, New Adult, Contemporary"
Pathfinder,3,0,"Biography, History, Politics"
New Amsterdam Books,3,0,"Historical Fiction, Novels, Literature"
DK Children,2,1,"Nonfiction, Star Wars, Reference"
DK,3,0,"History, Nonfiction, Reference"
Partridge India,2,1,"Self Help, Inspirational, Psychology"
Veen,3,0,"Dutch Literature, Literature, School"
DAR! Mizan,3,0,"Novels, Indonesian Literature, Romance"
McGraw-Hill Humanities/Social Sciences/Languages,3,0,"Nonfiction, School, Academic"
McFarland & Company,3,0,"Film, Horror, Nonfiction"
Piratförlaget,2,1,"Historical Fiction, Sweden, Swedish Literature"
Plataforma Neo,0,3,"Young Adult, Romance, Spanish Literature"
Marsilio Publishers,3,0,"Literature, Philosophy, Novels"
Playboy Press,3,0,"Fantasy, Romance, Adventure"
"Plaza & Janes Editores, S.A.",2,1,"Spanish Literature, Historical Fiction, Romance"
Dell Books,3,0,"Historical Fiction, Historical, War"
Dell Laurel-Leaf,2,1,"Young Adult, Childrens, Classics"
Mill Creek Press,0,3,"Romantic Suspense, Military Fiction, Romance"
Viking Children's Books,1,2,"Young Adult, Childrens, Novels"
Pocketförlaget,2,1,"Crime, Thriller, Swedish Literature"
Maktaba-e-Daniyal,3,0,"History, Nonfiction, Humor"
Podium,3,0,"Roman, Literature, Novels"
Main Street Books,2,1,"Literature, Historical Fiction, Westerns"
Palgrave MacMillan,2,1,"History, Nonfiction, Japan"
Paladin Timeless Books,0,3,"Mystery, Science Fiction, Time Travel"
Nord,2,1,"Fantasy, New Adult, Romance"
Northeastern University Press,1,2,"Classics, Romance, Novels"
Polirom,3,0,"Novels, Literature, Contemporary"
Nightlight,0,3,"Vampires, Young Adult, Fantasy"
De Fallois,3,0,"France, Roman, Adult"
Pergaminho,3,0,"Romance, Contemporary, France"
Perigee Trade,1,2,"Nonfiction, Art, Humor"
New Page Books,1,2,"Science, Nonfiction, Artificial Intelligence"
Pet Torres Books,3,0,Paranormal
Peter Owen Publishers,2,1,"Classics, Novels, Literature"
Meulenhoff,3,0,"Novels, Roman, Literature"
New York University Press,3,0,"Nonfiction, Philosophy, Politics"
Metacircular Limited,3,0,Mystery
Phoenix Press,3,0,"Historical Fiction, Russia, Historical"
Del Rey/Ballantine Books,2,1,"Fantasy, Science Fiction Fantasy, Science Fiction"
Mendelssohn Levy Publishing,3,0,"Romance, Contemporary Romance, Contemporary"
Viking Australia,0,3,"Fantasy, Young Adult, Romance"
Newmarket Press,3,0,"Novels, Drama, Book Club"
Učila International,0,3,"Chick Lit, Romance, Contemporary"
DAW Fantasy,2,1,"Fantasy, Epic Fantasy, High Fantasy"
Meisha Merlin Publishing,3,0,"Science Fiction, Fantasy, Science Fiction Fantasy"
Megan Tingley Books,1,2,"Young Adult, Realistic Fiction, Contemporary"
Night Shade,2,1,"Science Fiction, Adventure, Science Fiction Fantasy"
Usborne,0,3,"Young Adult, Middle Grade, Contemporary"
Night Shift Publishing,0,3,"Romance, New Adult, Contemporary"
Mercury House,2,1,"Nonfiction, History, Art"
HarperCollins Publishers Inc.,0,3,"Fantasy, High Fantasy, Magic"
Three Rivers Press (CA),2,1,"Nonfiction, Memoir, Dogs"
El Colegio de México,3,0,"Poetry, Latin American, Spanish Literature"
Elaine Raco Chase,0,3,"Romance, Contemporary, Erotica"
HarperCollins Canada / Other,1,2,"Young Adult, Fantasy, Teen"
Element,3,0,"Nonfiction, Philosophy, Spirituality"
Simon & Schuster Adult Publishing Group,1,2,"Nonfiction, Biography, History"
Element Books,1,2,"Nonfiction, Biography, Psychology"
Harper Sloan,3,0,"Romance, Contemporary Romance, Military Fiction"
Simon & Schuster Children's UK,1,2,"Fantasy, Young Adult, LGBT"
Harper Design,2,1,"Nonfiction, Reference, Art"
Ella Frank,0,3,"Erotica, Romance, Contemporary Romance"
Dreamspinner Press LLC,0,3,"M M Romance, Romance, LGBT"
Harmony Ink Press,1,2,"M M Romance, Young Adult, Contemporary"
Ellora's Cave Publishing Inc.,2,1,"Romance, Erotica, Contemporary"
"Ellora's Cave Publishing, Inc",1,2,"Romance, Erotica, Erotic Romance"
Harlequin Readers' Choice,0,3,"Romance, Contemporary Romance, Contemporary"
Sinister Publishing House,0,3,
Harlequin Books,3,0,"Romance, Contemporary Romance, Contemporary"
Eloquent Books,1,2,
Sirius Entertainment Inc,3,0,"Comics, Graphic Novels, Childrens"
Harcourt Brace & Company,3,0,"Poetry, Classics, Cats"
Haikasoru,2,1,"Light Novel, Japan, Japanese Literature"
Sleeping Bear Press,2,1,"Mystery, Young Adult, Adventure"
Hackett Publishing Company,3,0,"Philosophy, Classics, Nonfiction"
Encounter Books,2,1,"Politics, Nonfiction, History"
Simon Publications,3,0,"Literature, Classics, War"
Hic Dragones,2,1,
Heyne Verlag,2,1,"Fantasy, Audiobook, Young Adult"
Seventh Street Books,3,0,"Mystery, Thriller, Audiobook"
Sextante,2,1,"Nonfiction, Spirituality, Memoir"
Tinder Press,2,1,"Historical Fiction, LGBT, Romance"
Hephaestus Publishing,3,0,Historical Fiction
Times Books,3,0,"Nonfiction, History, American History"
Henery Press,0,3,"Mystery, Cozy Mystery, Southern"
Shaye Areheart Books,1,2,"Contemporary, Adult Fiction, Adult"
Time Warner Paperbacks,2,1,"Fantasy, Horror, Young Adult"
She Writes Press,1,2,"Nonfiction, Memoir, Medical"
Editura Politica,3,0,"Nonfiction, History, Religion"
Headline Publishing Group,2,1,"Romance, Historical Fiction, Historical"
Harpercoll,1,2,"Childrens, Young Adult, Middle Grade"
Haymarket Books,2,1,"Nonfiction, Politics, History"
Hay House UK,3,0,"Nonfiction, Spirituality, Self Help"
Timaş Yayınları,2,1,"Turkish Literature, Turkish, Novels"
Tiga Serangkai,3,0,"Indonesian Literature, History, Thriller"
Harvey Berrick Publishing,0,3,"Romance, Contemporary Romance, Contemporary"
Eerdmans Books for Young Readers,2,1,"Childrens, Middle Grade, Realistic Fiction"
Harvest Books,1,2,"Classics, Literature, Novels"
Egmont Books,2,1,"Classics, Historical Fiction, Young Adult"
Siedmioróg,2,1,"Polish Literature, Fantasy, Classics"
Sierra Club Books,3,0,"Nonfiction, Nature, Essays"
Harpperen,1,2,"Classics, Literature, Novels"
Harpercollins (Mm),1,2,"Mystery, British Literature, Historical Fiction"
Egmont UK Ltd,2,1,"Adventure, Childrens, Historical Fiction"
Shield Maiden Press,0,3,"Fantasy, LGBT, Historical Fiction"
Strategic Book Publishing,1,2,
G.P. Putnam’s Sons Books for Young Readers,2,1,"Young Adult, Fantasy, Romance"
Summerhouse Publishing,0,3,"Romance, Erotica, Paranormal"
Frog in Well,2,1,"Baseball, Time Travel, Historical Fiction"
Frog Books,2,1,"Mystery, African American, Graphic Novels"
French & European Pubns,3,0,"France, French Literature, Literature"
Farrar Straus & Giroux,2,1,"Fantasy, Novels, Literature"
Franklin Watts,3,0,"History, Nonfiction, Audiobook"
Swoon Romance,0,3,"Romance, Young Adult, New Adult"
Fourth Estate (GB),0,3,"Historical Fiction, Fantasy, British Literature"
Four Walls Eight Windows,3,0,"Novels, Russia, Russian Literature"
Fortress Press,3,0,"Theology, Religion, Christianity"
TEA,2,1,"Classics, Novels, Horror"
"Smashwords, Inc.",3,0,"Reference, Nonfiction, Writing"
TOKYOPOP GmbH,3,0,"Manga, Graphic Novels, Fantasy"
Tachyon Publications,3,0,"Fantasy, Science Fiction Fantasy, Novella"
Fondo de Cultura Económica,3,0,"Poetry, Nonfiction, Theory"
Featherproof Books,3,0,"Short Stories, Literary Fiction, Horror"
Tahnee Fritz,0,3,Zombies
Folkshore Press,0,3,"Fantasy, Young Adult, Retellings"
Tempus,1,2,"Historical Fiction, Tudor Period, Historical"
Tamtam Books,3,0,"France, Novels, Literature"
Flammarion Jeunesse,0,3,"Young Adult, Contemporary, France"
Fischer Taschenbuch Verlag,2,1,"German Literature, Audiobook, Fantasy"
Telemachus Press,3,0,"Romance, Contemporary, New Adult"
Fireside,3,0,"Humor, Comedy, Adult"
Firefall Publishing,0,3,"Young Adult, Paranormal, Fantasy"
Teresa Mummert,0,3,"BDSM, Erotica, Romance"
HOW Books,3,0,"Art, Nonfiction, Reference"
The Viking Press,1,2,"Childrens, Classics, Realistic Fiction"
The Reader's Digest Association,1,2,"History, World History, Nonfiction"
Sonia Draga,0,3,"Romance, Erotica, Erotic Romance"
Sourcebooks Young Readers,1,2,"Middle Grade, Young Adult, Fantasy"
Greenleaf Book Group Press,3,0,"Nonfiction, Self Help, Science Fiction"
Green Integer,3,0,"Classics, Literature, Historical Fiction"
Graphic Universe (Tm),2,1,"Graphic Novels, Comics, Mystery"
Graphia,0,3,"Young Adult, Paranormal, Fantasy"
Gramar,3,0,"Romanian Literature, Classics, School"
Espasa-Calpe,3,0,"Classics, Spanish Literature, Spain"
The Lyons Press,2,1,"Nonfiction, War, Biography"
Good Living Publishing,0,3,"Cooking, Cookbooks, Nonfiction"
Strange Chemistry,0,3,"Fantasy, Young Adult, Romance"
Everyman Chess,3,0,"Chess, Games, Nonfiction"
Gilmour-Cox,0,3,"Vampires, Paranormal, Romance"
The Friday Project,1,2,"Fantasy, Contemporary, Young Adult"
Steeple Hill,1,2,"Christian Fiction, Romance, Christian"
Excelsior Publishing,3,0,"Philosophy, Literature, Short Stories"
The Doubleday Religious Publishing Group,2,1,"Nonfiction, Military Fiction, Biography"
George Weidenfeld & Nicholson,2,1,"Poetry, Biography, Nonfiction"
The Borough Press,2,1,"Historical Fiction, Audiobook, Historical"
FT Press,2,1,"Nonfiction, Psychology, Business"
Faber,3,0,"Irish Literature, Ireland, Literary Fiction"
Sterling Publishing,1,2,"Fantasy, Young Adult, Romance"
Gateway Editions,3,0,"Classics, Japan, Japanese Literature"
Stock,2,1,"France, French Literature, Roman"
Gollancz / Orion,3,0,"Science Fiction, Fantasy, Classics"
Kensington Trade,0,3,"Historical Romance, Romance, Historical"
Kensington Publishing Corp,1,2,"Paranormal, Paranormal Romance, Romance"
Kensington Books,1,2,"Romance, Fantasy, Young Adult"
Rennie Road Books,1,2,"Romance, M M Romance, Sports"
Down East Books,3,0,"Historical Fiction, Historical, American History"
Downtown Press,1,2,"Chick Lit, Romance, Adult Fiction"
Revell Books,0,3,"Christian Fiction, Historical Fiction, Romance"
Drachenmond Verlag,0,3,"Fantasy, Urban Fantasy, Romance"
Karya Seni,2,1,"Novels, Romance"
Risch Media Group,0,3,
RiverOak Publishing,3,0,"Christian Fiction, Christian, Adult Fiction"
Robert Hale,3,0,"Crime, Thriller, Novels"
Servant Publications,2,1,"Historical Fiction, Romance, Christian Fiction"
Robinson Publishing,2,1,"Romance, Contemporary, Paranormal Romance"
Dressler Verlag,1,2,"Young Adult, Fantasy, Childrens"
Drew Publications,2,1,"Paranormal, Fantasy, Horror"
Robyn Roze,0,3,"New Adult, Romance, Amazon"
Julia Templeton,3,0,"Paranormal, Young Adult, Ghosts"
TusQuets,1,2,"Spain, Spanish Literature, Novels"
Jove / Penguin Group,3,0,"Romance, Time Travel, Historical Romance"
John Murray Publishers,2,1,"Historical Fiction, Historical, War"
Jimmy Patterson,1,2,"Young Adult, Fantasy, Science Fiction"
Rowohlt Taschenbuch Verlag,3,0,"Literature, Classics, American"
Roy Huff,3,0,"Fantasy, Young Adult, Science Fiction"
Jen Frederick,0,3,"Romance, New Adult, Contemporary"
Jayna Writes,3,0,"Romance, Adult, Contemporary Romance"
Robin Renee Ray,3,0,Vampires
Raine Miller Romance,3,0,"Romance, Erotica, Contemporary Romance"
Leggereditore,0,3,"Romance, Paranormal Romance, Paranormal"
Digital Crime Fiction,3,0,
Digital Fantasy Fiction,2,1,"Fantasy, Young Adult, Magic"
Random House Childrens Books,3,0,"History, Nonfiction, World War II"
"Diogenes Verlag AG,Switzerland",3,0,"German Literature, Philosophy, Nonfiction"
Umbrella Publishing Inc.,0,3,"Romance, Contemporary Romance, Contemporary"
Ulysses Press,2,1,"Nonfiction, Philosophy, Spirituality"
Lands Atlantic Publishing,1,2,"Young Adult, Fantasy, Romance"
Random House Vintage Books,3,0,"Fantasy, Classics, Literature"
LR Publishing,3,0,"Fantasy, Christian, Christian Fiction"
Raven Happy Hour LLC,0,3,"Paranormal, Paranormal Romance, Romance"
"Raven Happy Hour, LLC",0,3,"Paranormal, Paranormal Romance, Romance"
Relevant Books,3,0,"Relationships, Christian, Prayer"
Realms,1,2,"Christian Fiction, Romance, Christian"
Uitgeverij Lemniscaat,2,1,"Young Adult, Childrens, Swedish Literature"
Kristen Proby Publishing,0,3,"Romance, Contemporary Romance, Contemporary"
Ueberreuter Verlag,3,0,"Fantasy, Young Adult, Vampires"
Recorded Books LLC,0,3,"Fantasy, Romance, Historical Fiction"
Kompas,3,0,"Nonfiction, History"
Red Iris Books,3,0,"Paranormal, Young Adult, Werewolves"
Dog Ear Publishing,2,1,"Fantasy, Magic, Suspense"
Red Tree House Publishing,0,3,"Paranormal Romance, Vampires, Paranormal"
Kitos knygos,3,0,"Nonfiction, Politics, History"
"Kiss Me Publications, LLC",1,2,"Paranormal, Young Adult, Romance"
Regal Books,3,0,"Christian Living, Christian, Nonfiction"
Kindle Worlds,0,3,"Romance, Contemporary Romance, Contemporary"
Distractions Ink,0,3,"Romance, Clean Romance, Historical Romance"
Hugo Roman,1,2,"Romance, Contemporary, New Adult"
Ediciones SM,2,1,"Young Adult, Fantasy, Spanish Literature"
Touchstone/Simon & Schuster,2,1,"Nonfiction, Biography, Classics"
House of Hope Press,0,3,
House of Anansi Press,2,1,"Canada, Contemporary, Novels"
House Of Hope Press,0,3,
Seabury Press,3,0,"Classics, Science Fiction, Russia"
Ediouro,2,1,"Portugal, Classics, Portuguese Literature"
Editions Gallimard,3,0,"France, Classics, French Literature"
Editions de Fallois,3,0,"France, Roman, Classics"
Tor UK,2,1,"Fantasy, Young Adult, Steampunk"
Hot Press Books,3,0,
Host,1,2,"Mystery, Audiobook, Contemporary"
Duke University Press Books,3,0,"Nonfiction, Psychology, True Crime"
Tor Paranormal Romance,0,3,"Fantasy, Romance, Fantasy Romance"
Hodder Wayland,2,1,"Childrens, Young Adult, Middle Grade"
Hodder & Stoughton Ltd,3,0,"Novels, Horror, Thriller"
Editora Record,3,0,"Classics, Brazil, Portuguese Literature"
Editora Ática,2,1,"Brazil, Portuguese Literature, Romance"
Toni Aleo,3,0,"Romance, New Adult, Contemporary Romance"
Tommy Nelson,3,0,"Christian, Christian Fiction, Young Adult"
Tom Doherty Associates TOR Fantasy,2,1,"Fantasy, Epic Fantasy, High Fantasy"
Sentinel,0,3,"Politics, Nonfiction, Audiobook"
Highlight Publishing,0,3,
TokyoPop Inc,2,1,"Manga, Fantasy, Graphic Novels"
Serambi,3,0,"History, Islam, Religion"
Servant Books,2,1,"Catholic, Religion, Spirituality"
Seeley James,3,0,"Mystery, Action, Thriller"
Running Press Book Publishers,3,0,"Nonfiction, History, Historical"
JKB Publishing,3,0,"Romance, Contemporary Romance, Erotica"
J.C. Valentine,3,0,"Romance, Contemporary, Contemporary Romance"
SLG Publishing,2,1,"Comics, Graphic Novels, Fantasy"
"E-Booktime, LLC",0,3,Poetry
J.A. Redmerski,3,0,"Romance, Fantasy, Adult"
Saga Press,2,1,"Fantasy, Adult, Science Fiction Fantasy"
Salani,2,1,"Fantasy, Italian Literature, Historical Fiction"
"Samhain Publishing, Ltd",0,3,"Romance, Erotica, Contemporary"
Troubador Publishing Ltd,2,1,"Historical Fiction, Romance, Mystery"
Interlink Books,3,0,"Novels, Literature, Historical Fiction"
Inter Technologies Limited,3,0,"Mystery, Thriller"
Intaglio Publications,0,3,"Lesbian, LGBT, Paranormal"
Scout Press,1,2,"Audiobook, Adult, Adult Fiction"
Triumph Books,3,0,"Sports, Nonfiction, Baseball"
Tritonic,2,1,"Romance, Romanian Literature"
Ingram,3,0,"School, Classics, Nonfiction"
Earthlight,1,2,"Fantasy, Science Fiction Fantasy, Science Fiction"
Ebury Digital,3,0,"Adult, Nonfiction, Leadership"
Ebury Press (Fiction),2,1,"Contemporary, Romance, Adult"
Travis Luedke,3,0,"Paranormal, Vampires, Erotica"
Independent,3,0,"Adult, Poetry, New Adult"
Trapeze,3,0,"Thriller, Crime, Mystery"
Scalo Publishers,3,0,"Photography, Art, Nonfiction"
Edebé,3,0,"Romance, Young Adult, Spanish Literature"
Scimitar Press,3,0,"Writing, Nonfiction, Reference"
Edelweiss,3,0,"Media Tie In, Indonesian Literature, Novels"
Insel Verlag,3,0,"Classics, Horror, German Literature"
Course Technology,3,0,"Computer Science, Programming, Reference"
Abbeville Press,2,1,Christmas
Canon Press,2,1,"Marriage, Theology, Family"
Abbi Glines,3,0,"Romance, New Adult, Contemporary"
Breakwater Harbor Books,2,1,"Fantasy, Science Fiction, Cyberpunk"
Vonda Norwood,0,3,
Blind Eye Books,3,0,"Fantasy, M M Romance, Steampunk"
نشر نی,3,0,"Sociology, History, Nonfiction"
Business Plus,2,1,"Business, Nonfiction, Self Help"
Big Mouth House,0,3,"Fantasy, Young Adult, Science Fiction Fantasy"
Bantam Doubleday Dell Publishing Group,1,2,"Young Adult, Fantasy, Childrens"
10/18,2,1,"Historical Fiction, Contemporary, Novels"
Amazon.com,3,0,"Dystopia, Young Adult, Fantasy"
دار الأمير للثقافة والعلوم,3,0,"Philosophy, Nonfiction, Religion"
Casa das Letras,3,0,"Romance, Portuguese Literature, Fantasy"
Young Ink Press,2,1,"Romance, Contemporary, Contemporary Romance"
نوفا بلس للنشر والتوزيع,3,0,"Novels, Short Stories, Psychology"
Amazon.com Services LLC,3,0,"Drama, Epic, Contemporary"
Alessandra Torre,0,3,"Romance, Erotica, Contemporary Romance"
Xlibris US,1,2,
Wydawnictwo Dolnośląskie,3,0,"Polish Literature, Classics, Poland"
Ötüken Neşriyat,3,0,"Turkish Literature, Roman, Turkish"
Wayman Publishing,3,0,
Boréal,1,2,"France, Canada, Classics"
Classic Books Library,3,0,"Classics, Literature, Historical Fiction"
"Wedded Bliss Romances, LLC",0,3,"Romance, Chick Lit, Contemporary Romance"
Amazon Publishing,1,2,"New Adult, Romance, Young Adult"
Bad-Press.Co.UK,3,0,"Thriller, Mystery Thriller, Africa"
Zone Books,3,0,"Philosophy, Nonfiction, Theory"
Brenda Dyer,0,3,"Paranormal Romance, Vampires, Paranormal"
Büyük Doğu Yayınları,3,0,"Turkish Literature, Poetry, Turkish"
Winslet Press,0,3,"Romance, Amazon, Contemporary"
Arnoldo Mondadori,2,1,"Italian Literature, Fantasy, Young Adult"
A Shannon Ravenel Book,3,0,"American History, Historical, 19th Century"
Bookcraft Pubs,3,0,"Lds, Religion, Nonfiction"
Agir,3,0,"Brazil, Portuguese Literature, Literature"
Armada,0,3,"Mystery, Young Adult, Childrens"
Труд,3,0,"Bulgarian Literature, Classics, School"
Angela Graham,0,3,"Romance, New Adult, Contemporary Romance"
Świat Książki,2,1,"Romance, Nonfiction, Psychology"
Ashlyn Forge,0,3,"Science Fiction, M M Romance, Fantasy"
Alchemy Press,3,0,
مدارك,3,0,"Nonfiction, Short Stories, Poetry"
دار أكتب للنشر والتوزيع,3,0,"Horror, Novels, Fantasy"
المكتب المصري الحديث,3,0,"Nonfiction, Philosophy, Short Stories"
eXtasy Books,3,0,"Romance, Paranormal, Angels"
Arsenal Pulp Press,3,0,"LGBT, Queer, Queer Lit"
Writer's Digest Books,0,3,"Writing, Nonfiction, Reference"
Carpe Luna Publishing,0,3,"Paranormal, Fantasy, Romance"
B.E.S. Publishing,3,0,"Nonfiction, Cookbooks, Cooking"
Carina UK,0,3,"Romance, Contemporary, Retellings"
Central Avenue Publishing,3,0,"Romance, Australia, Historical Fiction"
Христо Г. Данов,3,0,Bulgarian Literature
W&N,2,1,"Historical, African American, Feminism"
White Wolf Publishing,2,1,"Fantasy, Horror, Vampires"
Alfred Music,3,0,"Fantasy, Young Adult, Young Adult Fantasy"
Cincinnatus Press,3,0,"New Adult, Romance, Contemporary"
Asma Nadia Publishing House,0,3,"Islam, Nonfiction, Indonesian Literature"
BlueRose Publishers,3,0,"Romantic, Erotica, Romance"
دار ابن حزم,3,0,Religion
Battleaxe Productions,3,0,"Romance, Erotica, Dark"
XO Editions,3,0,"Romance, France, Novels"
Autonomedia,2,1,"Nonfiction, Philosophy, Politics"
Absolute Publishing Group,3,0,Psychology
Cipher-Naught,0,3,"Romance, Contemporary, Contemporary Romance"
Algonquin Round Table Publishing,3,0,"Coming Of Age, Fantasy, Inspirational"
مؤسسة الرسالة,3,0,"Novels, Literature"
Bruno Gmuender GMBH,3,0,"LGBT, Gay, Gay Fiction"
Cengage Learning,2,1,"Nonfiction, Anthropology, Textbooks"
المجلس الوطني للثقافة والفنون والآداب,2,1,"Science, Physics, Nonfiction"
XO Éditions,1,2,"Romance, France, Contemporary"
Black Lace,0,3,"Erotica, Contemporary, Erotic Romance"
فرهنگ معاصر,3,0,"Novels, Literature, Iran"
W.W. Norton,3,0,"British Literature, Literature, Historical Fiction"
Alinar Publishing,0,3,"Paranormal, Vampires, Paranormal Romance"
Birlinn Ltd,2,1,"Scotland, Crime, Historical Fiction"
مؤسسة نوفل,3,0,"Biography, Nonfiction"
Alpha Decay,2,1,"Nonfiction, Writing, Essays"
আনন্দ পাবলিশার্স,3,0,"Detective, Mystery, Thriller"
Atlantis,2,1,"History, Nonfiction, Military History"
КоЛибри,3,0,"Nonfiction, History"
Clarendon Press,2,1,"Nonfiction, Reference, Language"
buddha bees,3,0,Adventure
دار الكتاب العربي,3,0,"Poetry, Religion, Literature"
Willowtree Press,2,1,"Spirituality, Witchcraft, Paganism"
Andersen,3,0,"Young Adult, Childrens, Abuse"
Bao Publishing,2,1,"Graphic Novels, Comics, Graphic Novels Comics"
Bluepalm Publishing,3,0,
Blackie Books,3,0,"Humor, Comics, Graphic Novels"
Buku Fixi,1,2,"Novels, Thriller, Mystery"
1st World Library,3,0,"Classics, Literature, Historical Fiction"
A & C Black,0,3,"Fantasy, Childrens, Classics"
Career Press,3,0,"Business, Nonfiction, Leadership"
W. W. Norton,1,2,"Poetry, Nonfiction, Literature"
Arkham House Publishers,3,0,"Horror, Short Stories, Weird Fiction"
Blackstone Audio,3,0,"History, Nonfiction, Classics"
دار العين للنشر,3,0,"Religion, Anthologies, Science"
Wild Wolf Publishing,3,0,"Historical Fiction, Paranormal, Fantasy"
دار الهلال,3,0,"Politics, History, Nonfiction"
Amanda Frost,0,3,Fantasy
Crimethinc,1,2,"Poetry, Nonfiction, Politics"
دار أخبار اليوم - قطاع الثقافة,3,0,"Literature, Novels, Psychology"
Avon Red,1,2,"Contemporary Romance, Romance, Erotica"
Walnut Springs Press,0,3,"Romance, Clean Romance, Historical Romance"
Virtualbookworm.com Publishing,3,0,
Cressen Books LLC,0,3,
Zatpix Re-Packaged Edition,2,1,"Paranormal Romance, Romance, Fantasy"
Witloof,3,0,
Crescent Moon Press,1,2,"Paranormal, Romance, Fantasy"
Wild Child Publishing,2,1,"Romance, Young Adult, New Adult"
"Books LLC, Wiki Series",3,0,
Zed Books,0,3,"Feminism, Africa, Gender"
دار الوراق للنشر الإليكتروني,3,0,
Amsterdam Publishers,0,3,"History, Nonfiction, Holocaust"
Charlie Cochet,3,0,"M M Romance, Paranormal, Shapeshifters"
Barnes & Noble Books,1,2,"Picture Books, Childrens, Classics"
كلمات عربية للترجمة والنشر,3,0,"Science, Nonfiction, Biography"
Chicken House Ltd,0,3,"Young Adult, Romance, Mystery"
Barnes & Noble Inc,3,0,"Classics, Science Fiction, Fantasy"
Aurora Rose Reynolds,0,3,"Romance, Contemporary Romance, Contemporary"
Bloomsbury Arden Shakespeare,3,0,"Poetry, Classics, Literature"
BookSurge,3,0,"Classics, Short Stories, Horror"
Bella Forrest,0,3,"Vampires, Paranormal, Romance"
Amok Books,3,0,"Nonfiction, True Crime, Biography"
Aperture,3,0,"Photography, Art, Japan"
Alaf 21 Sendirian Berhad,3,0,"Novels, Thriller, Fantasy"
Bellevue Literary Press,3,0,"Science, Nonfiction, Literature"
Alaf 21 Sendirian Berhad (276419-A),2,1,"Novels, Thriller, Fantasy"
Захаров,3,0,"Russia, Mystery, Detective"
Crossway,2,1,"Theology, Christianity, Nonfiction"
Wildheart Erotica,0,3,"Erotica, BDSM, Adult"
Clean Teen Publishing,2,1,"Fantasy, Young Adult, Romance"
வானதி பதிப்பகம்,3,0,"Historical Fiction, Classics, Indian Literature"
Beltz,1,2,"Young Adult, Childrens, German Literature"
Crossing Press,2,1,"Feminism, LGBT, Queer"
طهوری,3,0,"Poetry, Literature, Iran"
CWM Publishing,3,0,Theology
Avery Publishing Group,3,0,"Nonfiction, Psychology, Self Help"
Coach House Books,3,0,"Film, Nonfiction, Canada"
Chesterton Press,0,3,"Young Adult, Fairy Tales, Fantasy"
Western Conservatory,0,3,"Christianity, Christian, Nonfiction"
"প্রগতি প্রকাশন, মস্কো",3,0,"Childrens, Short Stories, Russia"
Wise Ink Creative Publishing,0,3,"Young Adult, Fantasy, Romance"
Bonnier Zaffre,0,3,"Audiobook, Adult, Adult Fiction"
A.L. Jackson Books Inc.,3,0,"Romance, Contemporary Romance, New Adult"
Create Space Independent Publishing Platform,1,2,"Romance, Fantasy, M M Romance"
मेहता पब्लिशिंग हाऊस,3,0,"Marathi, Classics, India"
Warner Vision,3,0,"Thriller, Mystery, Suspense"
المركز القومي للترجمة,2,1,"Nonfiction, History, Art"
Bethany House Publishers/Baker Publishing Group,0,3,"Historical Fiction, Christian Fiction, Romance"
Ann Somerville (LuLu),0,3,"Fantasy, M M Romance, Romance"
Celadon Books,3,0,"Mystery, Thriller, Mystery Thriller"
Avatar Press,3,0,"Comics, Graphic Novels, Graphic Novels Comics"
Wipf & Stock Publishers,3,0,"Theology, Christian, Religion"
دار الطليعة,3,0,"History, Politics, Nonfiction"
Wheeler Publishing,1,2,"Romance, Contemporary Romance, Contemporary"
AMS Press,2,1,"Poetry, Catholic, Nonfiction"
Austral,3,0,"Classics, Novels, Japan"
BBC Audiobooks,2,1,"Classics, Audiobook, Novels"
eReads.com,2,1,"Science Fiction, Fantasy, Novels"
Barkley's Books,0,3,"Romance, New Adult, Erotica"
Changemakers Books,3,0,"Psychology, Nonfiction, Self Help"
Between the Lines Publishing,2,1,"Contemporary, Novels, Drama"
Booktrope Publishing,2,1,"Dark, Romance, Contemporary"
Abacus (UK),2,1,"Historical, Historical Fiction, Novels"
Bertrand,1,2,"Romance, Contemporary Romance, Contemporary"
Bloomsbury Press,2,1,"Nonfiction, Politics, Economics"
Bloomsbury Publishing Plc,2,1,"Young Adult, Contemporary, Mental Health"
Bloodaxe Books,2,1,"Poetry, Swedish Literature, Classics"
48fourteen,0,3,"Fantasy, Dragons, Paranormal"
Albert Whitman & Company,0,3,"Childrens, Middle Grade, Animals"
"Ahead of the Pack, LLC",0,3,"Romance, Contemporary, Erotica"
Asterix,3,0,"Comics, Graphic Novels, Bande Dessinée"
Ave Maria Press,3,0,"Spirituality, Religion, Christian"
Vitamina BD Edições,0,3,"Art, Fantasy, Graphic Novels"
Walker Books Australia,1,2,"Science Fiction, Young Adult, Action"
Frederator Books,2,0,
Bridge Publications (CA),2,0,"Science Fiction, Alternate History, War"
Allyn & Bacon,1,1,
Brazen Books,2,0,
McArthur & Company,0,2,"Canada, Historical Fiction, Roman"
Høst,0,2,"Fantasy, Science Fiction, Dystopia"
"McMe, LLC.",2,0,
T.L. Swan,2,0,"Romance, Contemporary Romance, Contemporary"
Syracuse University Press,2,0,"Psychology, Mental Health, Psychiatry"
Random House Large Print,0,2,"Humor, Audiobook, Politics"
Alma Littera,1,1,"Unfinished, Travel, Nonfiction"
كتاب المختار,2,0,"Biography, Politics, History"
Alman & Volvox Globator,1,1,
كلمة,1,1,"Nonfiction, Biography, Memoir"
Forlaget Oktober AS,2,0,"Novels, Scandinavian Literature, Contemporary"
"T C Southwell, via Smashwords",2,0,"High Fantasy, Romance, Young Adult"
Schwarzkopf & Schwarzkopf,0,2,
Frances Lincoln,2,0,"Cycling, Reference"
دار السلام,2,0,"Philosophy, Self Help, Nonfiction"
Breathless Press,0,2,"Paranormal Romance, Paranormal, Romance"
"Lama Foundation (San Cristobal, NM)",2,0,"Spirituality, Philosophy, Nonfiction"
McFarland,1,1,"War, Biography, Nonfiction"
Scholastic Services,1,1,"Historical Fiction, Young Adult, Classics"
Breakneck Books,2,0,"Thriller, Action, Adventure"
Langen-Müller,2,0,
Allen and Unwin,0,2,"Young Adult, Thriller, Romance"
دار الساقي للطباعة والنشر,2,0,"Islam, Religion, Nonfiction"
Yellow Jersey,2,0,"Sports, Nonfiction, Football"
McGill-Queen's University Press,1,1,"Spanish Literature, Latin American, Latin American Literature"
Yesterday's Classics,2,0,"Nonfiction, Childrens, Classics"
Lakeside Publications,0,2,"Historical Fiction, Romance, Young Adult"
McGraw Hill,1,1,"Nonfiction, Christian, Biography"
Bakhåll,2,0,
Scholastic/Graphix,1,1,"Graphic Novels, Middle Grade, Young Adult"
Swallow Press,0,2,"Classics, France, Literature"
Fq Classics,2,0,"Classics, Fantasy, Short Stories"
Four Eyed Owl,2,0,"Fantasy, New Adult, Romance"
Scrub Jay Journeys,2,0,"Fantasy, Dragons, Christian"
Galera Record,0,2,"Romance, Young Adult, Contemporary"
"Gale Ecco, Print Editions",2,0,"Theology, Christian, Christian Living"
Zaman,2,0,
Galaxy's Edge,2,0,"Science Fiction, Military Fiction, Audiobook"
Plexus Publishing,0,2,"Young Adult, Science Fiction, Dystopia"
Galang Press,2,0,"Short Stories, Indonesian Literature, Literature"
Mari Carr,0,2,"Romance, Erotica, Contemporary"
Maria Johnsen,0,2,Business
Booksurge,2,0,Counter Culture
Bookthrift Co,2,0,"Fantasy, Horror, Thriller"
Full Moon Over Bunganut Publishing,2,0,
Marian Wood Books/Putnam,1,1,"Mystery, Crime, Thriller"
Areté,1,1,"Spanish Literature, Drama, Memoir"
Plaza & Janés Editores,2,0,
Plaza & Janés,2,0,"Classics, Spanish Literature, Literature"
Altıkırkbeş Basın Yayın,0,2,"Poetry, Turkish Literature"
Plaza & Janes,1,1,"Historical Romance, Thriller, Historical Fiction"
Laurann Dohner,2,0,"Paranormal, Paranormal Romance, Romance"
Marion Boyars Publishers,2,0,"Plays, France, French Literature"
Ballentine Adult Fantasy,1,1,"Fantasy, Classics, Speculative Fiction"
Suasponte Press,2,0,"Young Adult, Romance, Humor"
"GACA, Diva Press, De Teens",0,2,Romance
Balzer & Bray,1,1,"Middle Grade, Mystery, Childrens"
Laurie Olerich,0,2,"Paranormal Romance, Paranormal, Amazon"
Seagull Books,2,0,"Literature, Short Stories, Travel"
Random House Audio Publishing Group,2,0,"Nonfiction, Biography, Christian"
Bookhouse Fulfillment,0,2,Historical Fiction
Garnet Publishing,1,1,"Historical Fiction, Historical, War"
Laurențiu Badea,2,0,
Gareth Stevens Publishing,1,1,"Horses, Childrens, Young Adult"
Stone Arch Books,0,2,"Graphic Novels, Middle Grade, Comics"
Maple Hill Publishing Co.,0,2,
Stone Bridge Press,1,1,"Manga, Nonfiction, Biography"
"Booklocker.com, Inc.",1,1,Spirituality
Balzer & Bray/Harperteen,0,2,"Fantasy, Young Adult, Magic"
"Storey Publishing, LLC",1,1,"Nonfiction, Reference, Self Help"
Stormy Night Publications,0,2,"Romance, BDSM, Contemporary"
"Издателство ""Български писател""",2,0,"Bulgarian Literature, Classics, School"
Marcher Lord Press,1,1,"Christian, Christian Fiction, Fantasy"
Story Merchant Books,2,0,"Contemporary, Drama, Novels"
Gallery Books/Karen Hunter Publishing,2,0,"Memoir, Biography, Nonfiction"
Gallery / Saga Press,1,1,"Fantasy, Science Fiction Fantasy, Science Fiction"
Books for Kids : The Little Sophia,2,0,
Marenostrum,0,2,"Fantasy, Childrens, Middle Grade"
دار العودة,2,0,"Novels, Literature, Historical Fiction"
Margaret Foxe,0,2,"Steampunk, Romance, Fantasy"
Stonewall Inn Editions,2,0,"LGBT, Queer, Nonfiction"
Frontline Books,2,0,"History, War, Nonfiction"
"КоЛибри, Издательская Группа Аттикус",2,0,"Nonfiction, History"
Front Street,1,1,"Young Adult, Historical Fiction, Historical"
Larissa Ione,0,2,"Paranormal Romance, Paranormal, Romance"
Planeta (Espejo de la Argentina,0,2,Nonfiction
Bradford Book,1,1,"Philosophy, Science, Psychology"
Large House Publishing,0,2,
Arkana/Penguin,2,0,"Philosophy, Nonfiction, Science"
Planet Manga,2,0,"Manga, Comics, Science Fiction"
"Lara Adrian, LLC",0,2,"Historical Romance, Historical, Romance"
Matador,2,0,"Contemporary, Thriller, Mystery"
Playmore Publishers,0,2,"Classics, Animals, Childrens"
Frescati Publishing,2,0,"Psychology, Novels, Inspirational"
Plain Sight,1,1,
Science Future Press,2,0,"Romance, Erotica, Suspense"
Balai Pustaka,2,0,"Indonesian Literature, Novels, Literature"
Sutton Publishing,2,0,"True Crime, Nonfiction, History"
Freeform,0,2,"Young Adult, Mystery, Thriller"
Schöningh im Westermann,0,2,"Childrens, German Literature, Classics"
Max Cummings,2,0,"Romance, Military Fiction, Erotica"
Freed Publishing,2,0,
"Braun Haus Media, LLC",2,0,"Mystery, Crime, Supernatural"
Pitch73 Publishing,2,0,"Romance, Contemporary Romance, Contemporary"
Susan Fanetti,0,2,"Romance, Contemporary, Contemporary Romance"
Scribner Paperback Fiction,1,1,"Historical Fiction, World War II, Germany"
Ballantine Publishing Group,0,2,"Science Fiction, Fantasy, Science Fiction Fantasy"
Yvonne Bruton,0,2,
Ballantine Del Rey,1,1,"Fantasy, Science Fiction, Science Fiction Fantasy"
G.P. Putnam's Sons (NY),2,0,"Historical Fiction, Historical, Finnish Literature"
Ariadne Press (CA),2,0,
Mark and Jeff,2,0,
G.A. van Oorschot,2,0,"Literature, Dutch Literature, Roman"
Marlowe & Company,0,2,"Nonfiction, Biography, Philosophy"
Bordo Siyah Yayınları,2,0,"Russia, Classics, Russian Literature"
Boroughs Publishing Group,2,0,"Music, New Adult, Romance"
Aristeia Press,0,2,
Ballantine Books (P),2,0,"Fantasy, Epic Fantasy, High Fantasy"
"Young Ink Press, LLC",2,0,"Romance, Erotica, Contemporary Romance"
Future House Publishing,2,0,"Fantasy, Young Adult, Science Fiction"
Platt & Munk,2,0,"Picture Books, Childrens, Classics"
Random House Children's Books (A Division of Random House Group),2,0,"Horses, Childrens, Young Adult"
Platinum Press,1,1,"Mythology, India, Indian Literature"
Bounty Books,2,0,"Nonfiction, True Crime, Crime"
Ballantine Books (NY),1,1,"Religion, Historical Fiction, Historical"
Ariel Press,0,2,
Alpress,0,2,
Bridge-Logos,2,0,"Christian, Christian Living, Nonfiction"
Plata Publishing,2,0,"Business, Nonfiction, Entrepreneurship"
G. K. Hall & Company,1,1,"Historical Fiction, Classics, Young Adult"
La Galera,2,0,"Mystery, Fantasy, Middle Grade"
Midnight,2,0,
Scarlet Rose Press,0,2,"BDSM, Erotica, Romance"
Alchemy,2,0,"Horror, Fantasy"
Arthur A. Levine,2,0,"Fantasy, Young Adult, Childrens"
Terrant Books,2,0,"Romance, Indonesian Literature, Novels"
Perennial Classics,2,0,"Short Stories, Magical Realism, Classics"
Ina Disguise,0,2,
Perennial,0,2,"Horror, Science Fiction, Classics"
Pepper Winters,2,0,"Dark, Romance, New Adult"
Pepper Pace,2,0,"Romance, Interracial Romance, Contemporary Romance"
Scarecrow Press,0,2,Biography
Talion Publishing,2,0,"Epic, Contemporary, Novels"
Milky Way Ediciones,1,1,"Manga, Graphic Novels, Comics"
BOOM! Studios,2,0,"Comics, Graphic Novels, Superheroes"
Mill Creek Publishing,2,0,
C&T Publishing,2,0,"Crafts, Nonfiction, Quilting"
Worldcast Publishing,2,0,"Theology, Nonfiction, Spirituality"
Fandemonium Books,1,1,"Science Fiction, Time Travel, Media Tie In"
BOOM! Box,2,0,"Graphic Novels, Comics, Young Adult"
Millbrook Press,1,1,"Art, Picture Books, Childrens"
FaithWords / Warner Faith,0,2,"Christian Fiction, Christmas, Christian"
Millennium,2,0,"Science Fiction, Science Fiction Fantasy, Fantasy"
BOA Editions Ltd.,2,0,"Poetry, Literature, Nonfiction"
Fair Winds Press,2,0,
Albury Publishing,2,0,"Christian, Nonfiction, Religion"
Tell-Tale Publishing LLC,0,2,"Contemporary Romance, Romance, Suspense"
Persephone Books,1,1,"Classics, British Literature, Historical Fiction"
Tellwell Talent,1,1,"Book Club, Young Adult, Drama"
Schandtaten Verlag,0,2,"German Literature, Romance, New Adult"
Feiwel Friends,1,1,"Fantasy, Young Adult, Retellings"
Feelings,0,2,
Persea Books,2,0,"Poetry, Turkish Literature, Turkish"
Burn House Publishing,0,2,"Thriller, Horror, Suspense"
Michael Wiese Productions,2,0,"Writing, Film, Nonfiction"
Fed. Espírita Brasileira (FEB),2,0,"Religion, Romance, Spirituality"
Persea,2,0,"Classics, Novels, Literature"
Immortal Ink Publishing,1,1,"Horror, Dystopia, Young Adult"
Microsoft Press,2,0,"Programming, Computer Science, Nonfiction"
Wrox Press,2,0,"Programming, Reference, Technology"
آگاه,1,1,"Literature, Novels, Latin American"
Fawcett Gold Medal,2,0,"Westerns, Historical Fiction, Historical"
Fawcett Crest Books,1,1,"Historical Fiction, Historical, Gothic"
Impact 360 Institute,2,0,"Nonfiction, Religion, Christian"
Buster Books,1,1,"Fantasy, Young Adult, Middle Grade"
Impedimenta,1,1,"Romanian Literature, Contemporary, Novels"
Fattafinga Publications,2,0,"Horror, Fantasy"
Imperial Guard Publishing,2,0,"Science Fiction, Space Opera, Fantasy"
Impress,1,1,"Fantasy, Romance, Young Adult"
Button Poetry,1,1,"Poetry, Nonfiction, Mental Health"
Scepter Publishers,2,0,"Religion, Christian, Catholic"
Ten28 Publishing,0,2,"Sports, Romance, New Adult"
F Otieno,2,0,
Mirador Publishing,1,1,
Extasy Books,1,1,"Paranormal, M M Romance, Shapeshifters"
Sarah Richards,0,2,
Word Circus,0,2,"Fantasy, Young Adult, Romance"
The Ecco Press,2,0,"Thriller, War, Science Fiction"
Sarah Lawrence,0,2,
Miramax Books/Hyperion Books for Children,2,0,"Fantasy, Young Adult, Science Fiction"
Queen Midas Books,0,2,"Urban, African American"
Mirrorstone,1,1,"Fantasy, Magic, Adventure"
CSS Publishing Company,2,0,
Penguin Workshop,1,1,"Biography, Nonfiction, Childrens"
Penny Reid,0,2,"Romance, Contemporary, Contemporary Romance"
Raven Books,0,2,"Paranormal, Shapeshifters, Paranormal Romance"
مروارید,2,0,Novels
Mistral,1,1,"Roman, Dutch Literature"
Everyman’s Library,2,0,"Literature, Classics, Espionage"
The Great Courses,2,0,"Nonfiction, Audiobook, Parenting"
Mitchell Mendlow,2,0,"Science Fiction, Fantasy, Humor"
Everyman,2,0,"Humor, Classics, Comedy"
LID Publishing,2,0,
Arthurbookhouse,2,0,
Saqi Books,1,1,"Nonfiction, Pakistan"
Mnémos,2,0,"Fantasy, Urban Fantasy, Arthurian"
Everest,1,1,"Fantasy, High Fantasy, Contemporary"
Misque Press,1,1,"Fantasy, Romance, Fairies"
Faellin Angels Realm LP,0,2,Paranormal
C.H. Beck,2,0,"Literature, German Literature, Romanian Literature"
BMG/ Akula Media Group,2,0,"Mystery Thriller, Mystery, Crime"
Wordtech Communications,2,0,Poetry
LYX,0,2,"New Adult, Romance, Contemporary"
Savvas Learning Co,2,0,"Philosophy, History"
Milo Nerak Press,1,1,Young Adult
The Alchemy Press,1,1,Fantasy
Arthur A. Levine Books / Scholastic Inc.,1,1,"Fantasy, Young Adult, Magic"
Mindshadows,0,2,"Historical Fiction, Historical, Romance"
Penkhull Press,2,0,
CDS Books,2,0,"Fantasy, Science Fiction, Superheroes"
Indigo,1,1,"Young Adult, Romance, Mystery"
The Black Library,2,0,"Science Fiction, 40k, Fantasy"
Penguin eBooks,1,1,"Fantasy, Magical Realism, Time Travel"
The Book Guild,1,1,
Minnesota Historical Society Press,1,1,"Biography, Westerns, History"
Minotaur,0,2,"Mystery, Mystery Thriller, Canada"
FINE LINE BOOKS,2,0,"Nonfiction, Crime, True Crime"
FEB,2,0,"Spirituality, Religion, Nonfiction"
Alaska Northwest Books,1,1,
Minstrel,0,2,"Mystery, Young Adult, Childrens"
Mintis,2,0,"History, Nonfiction, Politics"
FARAXA Publishing,2,0,
Minuskel Forlag,2,0,"Graphic Novels, Comics, Mystery"
Minx,2,0,"Graphic Novels, Young Adult, Comics"
The Berkley Publishing Group,1,1,"Fantasy, Magic, High Fantasy"
Xtabyren Publishing,2,0,"Contemporary, Drama, Novels"
Fondo de Cultura Economica,1,1,"Historical Fiction, Classics, Spanish Literature"
Broadside e-books,2,0,"Politics, Nonfiction, History"
Piemme,2,0,"Mystery, Thriller, Crime"
Talentsmart,2,0,"Psychology, Nonfiction, Self Help"
Icerabbit Publishing,2,0,
Folheto Edições,0,2,
Focus on the Family Publishing,1,1,"Christian, Christian Fiction, Adoption"
Talismán,0,2,"Romance, Paranormal Romance, Paranormal"
Talonbooks,2,0,"Plays, School, Classics"
Piccadilly Press Ltd,0,2,"Young Adult, Contemporary, Teen"
Melange Books,0,2,Historical Fiction
Feral House,2,0,"History, Politics, Nonfiction"
"Melanie Martins, LLC",0,2,"Erotic Romance, Contemporary Romance, Adult"
Tammy Blackwell,0,2,"Paranormal, Young Adult, Werewolves"
Melbourne University Press,2,0,"War, Military Fiction, Nonfiction"
Melinda De Ross,0,2,Romance
Flip City Media Inc.,2,0,"BDSM, Erotica, Romance"
Melinda DuChamp,0,2,"Erotica, Fantasy, Adult"
مؤسسة الإسلام اليوم,2,0,"Unfinished, Religion, Nonfiction"
Melville House Publishing,2,0,"Historical Fiction, Germany, War"
Scholastic Books,2,0,"Fantasy, Young Adult, Childrens"
Scholastic Book Services,1,1,"Classics, Short Stories, Literature"
Brookehaven Publishing,0,2,"Vampires, Paranormal, Young Adult"
Tanglewood Press,2,0,"Young Adult, Dystopia, Post Apocalyptic"
ФАМА,2,0,"Russia, Classics, Humor"
Bridger House Publishers Inc,2,0,"Politics, Conspiracy Theories, Nonfiction"
McPherson,1,1,"Art, Nonfiction, Film"
Lakehouse Press,2,0,"Romance, Contemporary, Contemporary Romance"
IPC Press,1,1,"Religion, Nonfiction, Atheism"
Allen & Unwin Australia,1,1,"Contemporary, Novels, Literary Fiction"
Meadowbrook,2,0,"Mystery, Childrens, Fantasy"
Forever (Grand Central Publishing),0,2,"Romance, Contemporary Romance, Contemporary"
ISIS Audio Books,0,2,"Contemporary, Chick Lit, Romance"
Bahai Publishing,2,0,"Baha I, Religion, Nonfiction"
TOKYOPOP,2,0,"Fantasy, Manga, Comics Manga"
Yayasan Pantau,2,0,"Journalism, Nonfiction, Writing"
Brilliance Corporation,1,1,"Fantasy, Science Fiction, Dragons"
مؤسسة اقرأ للنشر والتوزيع والترجمة,2,0,"Nonfiction, History"
Medalion Press,2,0,"Horror, Zombies"
Medallion Media Group,0,2,"Young Adult, Fantasy, Paranormal"
كيان للنشر والتوزيع,2,0,"Novels, Romance, Contemporary"
TRUE'S RELATE,2,0,
Random House Large Print Publishing,1,1,"Nonfiction, Cookbooks, France"
TSR,2,0,"Fantasy, Forgotten Realms, Dungeons and Dragons"
Pilgrim,0,2,Nonfiction
TSR Books,2,0,"Science Fiction, Humor, Science Fiction Fantasy"
TSR Inc.,2,0,"Fantasy, Forgotten Realms, Science Fiction Fantasy"
Scholastic Incorporated,1,1,"Christmas, Young Adult, Romance"
Britain's Next Bestseller,0,2,"Romance, LGBT, Lesbian"
Baha'i Pub. Trust,2,0,"Religion, Baha I, Nonfiction"
British Film Institute,1,1,"Film, Fantasy, Media Tie In"
TOR Books,2,0,"Horror, Thriller, Fantasy"
Alfred A. Knopf Borzoi Books,2,0,"Young Adult, Mystery, Contemporary"
Babelcube Inc.,0,2,"Writing, Womens, Literary Fiction"
Firelight Press,2,0,"Fantasy, Young Adult, Magic"
Alfred A. Knopf (NY),2,0,"Nonfiction, Science, Economics"
Schildts,0,2,"Fantasy, Childrens, Classics"
Metro Books,1,1,"Nonfiction, History, Biography"
Firebird Books,2,0,"Fantasy, Young Adult, Adventure"
Wydawnictwo MG,2,0,"Polish Literature, Poland, Classics"
Fire Quill Publishing,0,2,"Dragons, Fantasy, Romance"
Ilona Andrews,1,1,"Urban Fantasy, Paranormal, Fantasy"
"Ilona Andrews, Inc",1,1,"Urban Fantasy, Paranormal, Fantasy"
Човешката библиотека,2,0,"Bulgarian Literature, Fantasy, Urban Fantasy"
Alicia Howard Presents (Loyalty Ink Publications),2,0,
Image Cascade Publishing,0,2,"Young Adult, Historical, Historical Fiction"
BWL Publishing Inc.,2,0,
دار الدعوة,2,0,"Nonfiction, Islam, Religion"
Peter Owen,1,1,"Classics, Novels, Queer"
Image Continuum Press - Image Continuum Press,2,0,"Art, Nonfiction, Writing"
Bukune,1,1,"True Story, Horror, Novels"
Bulfinch,2,0,"Photography, Art and Photography, Art"
Imagination Studio,0,2,
Bulfinch Press,1,1,"Poetry, Classics, France"
Tell-Tale Publishing,0,2,
Michael Joseph Ltd,2,0,"Science, Nonfiction, Astronomy"
"Bulldog Publications, Est. 1980",2,0,
Babbage Press,2,0,"Fantasy, Horror, Pirates"
Identity Publications,1,1,"Cooking, Business, Entrepreneurship"
"Tantor Media, Inc.",1,1,"Fantasy, LGBT, Dark Fantasy"
Scholastic Book Clubs,2,0,"Fantasy, Young Adult, Science Fiction"
Alicia Howard Presents,1,1,
Idus förlag,0,2,
Scholastic Australia,0,2,"Fantasy, Childrens, Young Adult"
Mercier Press,2,0,"Irish Literature, Nonfiction, Ireland"
Brothers Chance,2,0,"Romance, Contemporary, Erotica"
دار الراية للنشر والتوزيع,2,0,"Nonfiction, Self Help, Religion"
Five Star (ME),0,2,"Mystery, Cozy Mystery, Mystery Thriller"
Alianza,2,0,"Short Stories, Polish Literature, Adventure"
Bruce & Bruce Inc,1,1,
Fireside Books,2,0,"Nonfiction, Self Help, Psychology"
Phoenix Athenaeum,2,0,
Ladybird,2,0,
Philomel Penguin,2,0,"Fantasy, Young Adult, Animals"
Fischer-Taschenbuch-Verl.,1,1,"Classics, American, Short Stories"
Laberinto,0,2,"Fantasy, Young Adult, Spanish Literature"
Art of Safkhet,2,0,Mystery
Illumine Ideas,2,0,
MetaPlume,2,0,
Христо Ботев,2,0,"Bulgarian Literature, Historical, Historical Fiction"
Ilm o Irfan,2,0,"Spirituality, Romance, Novels"
Buenos Aires: Adriana Hidalgo editora,2,0,"Short Stories, Classics, Brazil"
Methuen Drama,2,0,"Plays, German Literature, Classics"
Fireweed Publishing,0,2,"Fantasy, Witches, Paranormal"
Fitzhenry & Whiteside,1,1,"Young Adult, Canada, Realistic Fiction"
Heinemann,2,0,"Music, Humor, Contemporary"
Libros del Asteroide,2,0,"Spanish Literature, Literary Fiction, Jewish"
Heinemann Educational Publishers,2,0,"Plays, Theatre, Music"
RH Canada UK Dist,1,1,"Fantasy, Science Fiction, Science Fiction Fantasy"
Shashi Publications,2,0,
Bjartur,2,0,"Historical Fiction, Scandinavian Literature, Literary Fiction"
"Siren Publishing, Inc.",0,2,"BDSM, Romance, Erotica"
Black & White Publishing,0,2,"Romance, Young Adult, Contemporary"
Lonely Planet,2,0,"Travel, Nonfiction, Adventure"
Shantel Tessier,0,2,"New Adult, Romance, Erotica"
Harcourt Paperbacks,2,0,"Fantasy, Mythology, Classics"
Publication Nepalaya,2,0,"Autobiography, Biography, Asia"
Gimtasis žodis,1,1,"Biography, Scandinavian Literature, History"
Harcourt Brace & World,0,2,"Fantasy, Young Adult, Magic"
Sizzle under Summit Books,2,0,Romance
Black Dog Books,0,2,"Young Adult, Fantasy, High Fantasy"
Harcourt Brace,2,0,"Classics, Literature, American"
Longmeadow Press,2,0,"Graphic Novels, Comics, Batman"
Harbour Publishing,0,2,"Picture Books, Fantasy"
Public Domain Books,2,0,"Classics, Literature, 19th Century"
Loose ID,1,1,"Contemporary, Romance, Adult"
دار كلمات للنشر والتوزيع,1,1,"Nonfiction, Memoir, Art"
Hanser,2,0,"Music, Contemporary, Roman"
Loose Id LLC,0,2,"BDSM, Erotica, Romance"
Anchor Group Publishing,0,2,"Childrens, Paranormal, Young Adult"
Black Dog & Leventhal,2,0,"Nonfiction, Art, History"
Livraria Martins,2,0,Romance
Big Finish Productions,2,0,"Short Stories, Horror, Fantasy"
Hearts Collective Publishing,0,2,"Romance, Contemporary Romance, Motorcycle"
Andrés Bello,2,0,"Classics, Childrens, France"
R.P. Garcia,1,1,"History, Nonfiction, School"
Sheaf House,0,2,"Young Adult, Christian Fiction, Christian"
Andrews and McMeel Publishing,2,0,"Comics, Humor, Graphic Novels"
Harlequin Superromance,0,2,"Contemporary Romance, Romance, Harlequin"
"Andrews McMeel Publishing, LLC",2,0,"Humor, Comics, Cartoon"
Bilge Kültür Sanat,2,0,"Classics, Short Stories, Russian Literature"
Llumina Press,2,0,
Harlequin Presents,0,2,"Romance, Fantasy, Magic"
Siobhan Davis,0,2,"Young Adult, Science Fiction, Fantasy"
Sine Qua Non,2,0,
Billy Graham Evangelistic Association,1,1,"Christian, Biography, Nonfiction"
Singing Dragon,1,1,
Loeb Classical Library,2,0,"Poetry, Classics, History"
Sinha Medical Device,2,0,"Historical Fiction, Historical, India"
Loescher,2,0,"Classics, Italian Literature, School"
Harlequin IBS Thriller,0,2,"Paranormal, Mystery, Urban Fantasy"
Birlinn,2,0,"Historical Fiction, Civil War, War"
Harlequin Historical,0,2,"Historical Romance, Romance, Historical"
Harlequin Heartwarming,1,1,"Contemporary, Romance, Harlequin Heartwarming"
"Shay Savage, LLC",2,0,"Romance, Time Travel, Historical"
Shay Savage,2,0,"Erotica, Romance, New Adult"
Harlequin Bestselling Author Collection,0,2,"Romance, Harlequin, Contemporary Romance"
Harlequin Nocturne,0,2,"Paranormal Romance, Harlequin Nocturne, Paranormal"
Hachette Digital,2,0,"History, Nonfiction, Biography"
Henry Holt and Co. BYR Paperbacks,0,2,"Fantasy, Young Adult, Danish"
Hachette Children's Books,1,1,"Young Adult, Adventure, Childrens"
Ananda Publishers Pvt. Ltd.,2,0,"Classics, Science Fiction, Fantasy"
Aral Bereux Indie Publishing,2,0,Dystopia
Bastei Lübbe (Bastei Entertainment),2,0,"Fantasy, Romance, Magic"
Ananda Publishers,2,0,"Classics, Humor, Childrens"
"Blackstone Audio, Inc.",2,0,"Audiobook, Science, Nonfiction"
دار ليلى كيان كورب,2,0,"Short Stories, Anthologies, Novels"
Professional Publications,2,0,"Romance, New Adult, Abuse"
Bladkompaniet A.S,0,2,"Fantasy, Romance, Historical Fiction"
İthaki Yayınları,2,0,"Classics, Turkish Literature, Turkish"
Hendrickson Publishers,2,0,"Christian, Theology, Christianity"
Lex Martin,2,0,"New Adult, Romance, College"
Blake Publishing,1,1,"Nonfiction, Cats, Animals"
دار مدارك للنشر,2,0,"Nonfiction, Self Help, Philosophy"
Herder,2,0,"Classics, Philosophy, Religion"
İş Bankası Kültür Yayınları,1,1,"Literature, Italian Literature, Italy"
Herder and Herder,2,0,"Short Stories, Fantasy, Literature"
Smithmark Publishers,2,0,"Horror, Thriller, Suspense"
eXtasy Books Inc,2,0,
Luchterhand,1,1,"German Literature, Novels, Mythology"
Herg Benet,0,2,"Romanian Literature, LGBT, Romance"
Lucky & Me Productions,1,1,
HJ Kramer,2,0,"Self Help, Spirituality, Philosophy"
HCI Teens,2,0,"Nonfiction, Inspirational, Self Help"
Anaconda,2,0,"Classics, German Literature, Germany"
Hanging Loose Press,2,0,"Poetry, Native Americans, Literature"
İletişim Yayıncılık,2,0,"Turkish Literature, Turkish, Roman"
İletişim Yayınevi,2,0,"Turkish Literature, Turkish, Novels"
Hampton Falls: Donald M. Grant,2,0,"Horror, Fantasy, Science Fiction Fantasy"
Hamlyn,2,0,"Nonfiction, Science, Science Fiction"
Sky Pony Press,1,1,"Young Adult, Contemporary, LGBT"
Sky Publishing LLC,0,2,"Romance, Fantasy, Urban Fantasy"
Prospect Park Books,1,1,"Mystery Thriller, Crime, Mystery"
Anchor Canada,2,0,"Canada, Historical Fiction, Read For School"
Pronoun,1,1,"Fantasy, Young Adult, Romance"
Skylark Books,2,0,"Horses, Childrens, Young Adult"
Prometheus Nemesis Book Company,1,1,"Psychology, Nonfiction, Self Help"
Hachette India,2,0,"Mythology, Nonfiction, Spirituality"
İnkılap Kitabevi,1,1,
Anaya,2,0,
دار ليلى,2,0,"Nonfiction, Humor, Short Stories"
Hal Leonard Corporation,2,0,"Music, Fantasy, Classics"
Hakusensha,2,0,"Manga, Romance, Fantasy"
Love & Logic Press,2,0,"Parenting, Nonfiction, Self Help"
İnkılâp Kitabevi,2,0,"Turkish Literature, Classics, Turkish"
Black and White Publishing,0,2,"Romance, Young Adult, Contemporary"
Love Inspired Historical,0,2,"Romance, Christian Fiction, Historical"
Leya,1,1,"Romance, Portuguese Literature, Africa"
Love Lane Books,2,0,"M M Romance, Romance, Contemporary"
Small Beer Press,2,0,"Science Fiction, Fantasy, Speculative Fiction"
Shadow Bay Publishing,2,0,"Short Stories, Paranormal Romance"
Rabbit Room Press,2,0,"Fantasy, Christian, Young Adult"
Lisa Grace Books,0,2,Christian Fiction
HarperCollins William Morrow,2,0,"Humor, Fantasy, Comedy"
Pyramid Books,1,1,"Science Fiction, Science Fiction Fantasy, Hard Science Fiction"
Antígona,1,1,"Philosophy, Nonfiction, German Literature"
Lisa Renee Jones,0,2,"Romance, Adult, Erotica"
Berkley Medallion,1,1,"Science Fiction, Horror"
Shueisha,2,0,"Manga, Fantasy, Comics"
Berkley Pub Group,1,1,"Mystery, Cozy Mystery, Historical Fiction"
HarperCollins Publishers (NYC),2,0,"History, Nonfiction, Biography"
Quest Books,1,1,Astrology
HarperCollins Leadership,2,0,"Leadership, Business, Self Help"
Beaver's Pond Press,2,0,"Contemporary, Drama, Thriller"
Shelbyville,0,2,"Romance, Contemporary Romance, Contemporary"
Annette Marie,0,2,"Fantasy, Urban Fantasy, Paranormal"
Anne Mercier,0,2,"Romance, Music, New Adult"
Silver Publishing,2,0,"M M Romance, Romance, Contemporary"
Hasta Mitra,2,0,"Indonesian Literature, Literature, Biography"
Silver Wing Press,0,2,"Fantasy, Young Adult, Romance"
Bert Bakker,1,1,"Dutch Literature, Belgium, Novels"
Little A,1,1,"Contemporary, Romance, Humor"
self-published,2,0,Historical Fiction
Silveroak,2,0,"Crime, Thriller, Mystery"
Beau Coup Publishing llc,0,2,"Vampires, Werewolves, Paranormal"
HarperCollins - GB,1,1,"Thriller, Mystery, Historical Fiction"
Quill Pen Ink Publishing,2,0,
Litera Internațional,2,0,"Romanian Literature, Adventure, Childrens"
Siglo XXI,2,0,"Poetry, History, Spanish Literature"
HarperTrophyCanada,1,1,"Young Adult, Romance, Fantasy"
دار المنارة,2,0,"Biography, Nonfiction, History"
Bell Bridge Books,2,0,"Urban Fantasy, Paranormal, Magic"
Lindisfarne Books,1,1,"Spirituality, Angels"
Harrison House,1,1,"Christian, Religion, Nonfiction"
Quercus Children's Books,0,2,"Young Adult, Contemporary, Mental Health"
HarperResource,0,2,"Nonfiction, Reference, Self Help"
HarperPress,2,0,"History, Nonfiction, Science"
Signature Books,1,1,"Religion, Lds, Mormonism"
Signatuur,1,1,"Fantasy, Young Adult, Witches"
Quaderns Crema,2,0,"Short Stories, Humor, Spain"
Linda Hansen,2,0,"Fantasy, Dragons"
HarperLuxe,1,1,"Audiobook, Thriller, Mystery"
QUINTA ESSÊNCIA,0,2,"Historical Romance, Romance, Historical"
Benjamin Cummings,1,1,"Science, Biology, Textbooks"
Bedford/St. Martin's,2,0,"Classics, School, Short Stories"
Bedford Park Books,1,1,"Classics, Literature, Collections"
Signet Classic,2,0,"Classics, Literature, Novels"
Haru,1,1,"Family, Novels, Indonesian Literature"
Harvard Business Review Press,2,0,"Business, Entrepreneurship, Nonfiction"
"Bergren Creative Group, Inc.",0,2,"Time Travel, Young Adult, Historical Fiction"
Berkeley Medallion,2,0,"Science Fiction, Dystopia, Alternate History"
tredition,1,1,
HarperCollins/Balzer + Bray,0,2,"Young Adult, Contemporary, Romance"
tor.com,2,0,"Fantasy, Young Adult, Audiobook"
Anvil Publishing,2,0,"Magical Realism, Fantasy, Novels"
دار دون,1,1,Poetry
Beacon Press (MA),1,1,"Nonfiction, Philosophy, Classics"
"Simon & Schuster, Inc",2,0,"Nonfiction, Education, Self Help"
Pushkin Collection,2,0,"German Literature, Short Stories, France"
"Simon & Schuster, Margaret K. McElderry",0,2,"Fantasy, Young Adult, Paranormal"
"Little, Brown and Company Books for Young Readers",0,2,"Middle Grade, Young Adult, Fantasy"
"Little, Brown and Company and Knopf",2,0,"Thriller, Mystery, Audiobook"
دار رياض الريس,2,0,"Novels, History, Politics"
Littlehampton Book Services Ltd,1,1,"Business, Nonfiction, Finance"
دار سعاد الصباح,2,0,"Biography, Literature, Nonfiction"
Bbs Pub Corp,2,0,"Philosophy, Nonfiction, Religion"
Simon Pulse Simon Schuster,0,2,"Young Adult, Fantasy, Romance"
Applause Theatre & Cinema Book Publishers,2,0,"Drama, Classics, Literature"
"Shelley Bradley, LLC",0,2,"Menage, Erotica, BDSM"
Health Communications,2,0,"Nonfiction, Short Stories, Inspirational"
Punto de lectura,1,1,"Vampires, Horror, Fantasy"
دار شرقيات,2,0,
Harper Bentley,2,0,"New Adult, Sports Romance, Sports"
Health Communications Inc,1,1,"Nonfiction, Memoir, Biography"
"Ang'dora Productions, LLC",1,1,"Paranormal, Romance, Fantasy"
"Harper & Row, Publishers",1,1,"Nonfiction, Essays, Nature"
Hearst Avon,2,0,"Science Fiction, Fantasy, Science Fiction Fantasy"
lulu.com,2,0,"Paranormal, Vampires, Urban Fantasy"
Harper & Row (NY),2,0,"Thriller, Politics, Mystery"
R.L. Mathewson,2,0,"Romance, Erotica, Adult"
Sheldon Press,2,0,"Psychology, Nonfiction, Self Help"
"Bialo Publications, Inc.",2,0,
self published - Smashwords,1,1,"Paranormal, Dragons, Paranormal Romance"
Little Brown & Co (Juv),1,1,"Christmas, Picture Books, Childrens"
Little Brown & Co (P),2,0,"Short Stories, Humor, Nonfiction"
Simon & Schuster (NYC),2,0,"Horror, Thriller, Mystery"
HarperBus,2,0,"Business, Nonfiction, Finance"
Harper/HarperCollins Publishers L.L.C.,2,0,"Nonfiction, Memoir, Biography"
scholastic,0,2,"Holocaust, Nonfiction, Biography"
Liliya Akhmadeeva and Elena Sinitcyna,0,2,
Lili Saint Germain Publishing,0,2,"Dark, Romance, Abuse"
Simon & Schuster Audio,2,0,"Thriller, Mystery, Horror"
Beaten Track Publishing,1,1,"Fantasy, M M Romance, BDSM"
riva,2,0,"Fitness, Health, Nonfiction"
Simon & Schuster Simon Pulse,2,0,"Young Adult, Dystopia, Science Fiction"
"Hay House, Inc.",1,1,"Nonfiction, Health, Self Help"
Bear & King Publishing,2,0,"Mystery, Thriller, Medical"
Pustaka Al-Kautsar,2,0,"Islam, Religion, Nonfiction"
Little Simon,0,2,"Childrens, Picture Books, Animals"
Harper Perennial (HarperCollins),1,1,"Nonfiction, Science, Biology"
Shiloh Run Press,2,0,"Christian Fiction, Suspense, Romance"
Éditions du Seuil,2,0,"France, Roman, Canada"
"Little, Brown & Co.",1,1,"Humor, Nonfiction, Memoir"
Beal Road Books,2,0,
Simon & Schuster Paperbacks,2,0,"Classics, Plays, Drama"
Quirk Classics,1,1,"Horror, Fantasy, Zombies"
"Little, Brown BFYR",1,1,"Young Adult, Contemporary, Romance"
Hci,1,1,"Nonfiction, Self Help, Personal Development"
Simon & Schuster BFYR,1,1,"Young Adult, Fantasy, Romance"
Bokheim Publishing,0,2,"Young Adult, Mystery, Paranormal"
شركة الإبداع الفكري,2,0,"Nonfiction, History, Religion"
St Martins Pr,2,0,"Historical Fiction, Historical, Thriller"
Bantam Doubleday Dell Publishing Company Inc.,1,1,"Fantasy, Epic Fantasy, Science Fiction Fantasy"
Bold Type Books,2,0,"Nonfiction, Politics, History"
Bolinda Publishing,2,0,"War, Australia, Adventure"
Амфора,2,0,"Music, Poetry, Russia"
St. Martin's,0,2,"Romance, Historical Romance, Historical"
Learning Links,2,0,"Fantasy, Young Adult, Historical Fiction"
Holloway House Publishing Company,2,0,"African American, Urban, Nonfiction"
Leadstart Publishing Pvt Ltd,2,0,
Bantam Discovery,0,2,"Chick Lit, Romance, Contemporary"
Snow Queen Publishing,0,2,"Romance, Contemporary, Erotica"
Golden Hoard Press,2,0,"Occult, Magic, Magick"
Magda Alexander,0,2,"Romance, Contemporary Romance, Erotica"
Leadstart Publishing,2,0,"Thriller, Mythology"
Le temps qu'il fait,2,0,
Golden,2,0,"Picture Books, Childrens, Animals"
St. Martins Press,1,1,"Adult, Historical Fiction, Holocaust"
Богат И.Е.,2,0,"Russia, Mystery, Historical Fiction"
Go Comi,1,1,"Manga, Graphic Novels, Comics"
Home Tree Media,2,0,
Hometime Books,2,0,"Finance, Nonfiction"
Globo,2,0,"Classics, Portuguese Literature, Literature"
Honor Net Publishers,1,1,Christianity
Holmes & Meier Publishers,0,2,"German Literature, Literature, Novels"
Portfolio Hardcover,2,0,"Business, Nonfiction, Technology"
Hodder And Stoughton,2,0,"British Literature, Nonfiction, Biography"
Machine Intelligence Research Institute,2,0,"Philosophy, Nonfiction, Science"
Blurb,2,0,
Hodder Childrens,2,0,"Young Adult, Vampires, Horror"
amazon digital services,2,0,Self Help
Self Publish,1,1,"Romance, New Adult, Young Adult"
Grafton Books,2,0,"Fantasy, Epic Fantasy, High Fantasy"
amazon,2,0,
Amazon/Smashwords,2,0,
Gradiva Publicações,2,0,"Romance, Portuguese Literature, Portugal"
Hodder Paperback,1,1,"Romantic Suspense, Romance, Suspense"
Ponte alle Grazie,1,1,"Italian Literature, Philosophy, Literature"
Społeczny Instytut Wydawniczy Znak,1,1,"Polish Literature, Poland, Contemporary"
Springboard Press,0,2,"Biography, Nonfiction, Autobiography"
Hodder Paperbacks,1,1,"Historical Fiction, Asia, Historical"
Bantam USA,2,0,"Horses, Childrens, Young Adult"
Lee Boudreaux Books,2,0,"Audiobook, Literary Fiction, Adult"
Square Enix,2,0,"Manga, Young Adult, Graphic Novels"
Goose Lane Editions,2,0,"Historical Fiction, Young Adult"
Goodman Beck Publishing,0,2,"Mental Illness, Nonfiction, Psychology"
Macmillan UK,0,2,"Adventure, Childrens, Mystery"
Good2go Publishing,2,0,"Urban, Amazon, Thriller"
"Poppy (an imprint of Little, Brown and Company)",1,1,"Fantasy, Young Adult, Romance"
Hoffmann und Campe,1,1,"Contemporary, France, Literary Fiction"
Lebowski,2,0,"Italian Literature, Italy, Novels"
Grace Press,1,1,Zombies
Hope and Life Press,2,0,
Znak,1,1,"Essays, Nonfiction, Philosophy"
Steeple Hill Books,0,2,"Romance, Christian Fiction, Christian"
"Amazon Digital Services, Inc",2,0,"Horror, Zombies, Post Apocalyptic"
"Book Web Publishing, LTD",0,2,
Amazon Digital Services Inc.,1,1,"Biography, History, True Crime"
Random House (UK),2,0,"Adventure, Fantasy, Science Fiction"
Lawson Library,2,0,"Mystery, Noir, Crime"
Host of the Hills,0,2,"Vampires, Paranormal, Paranormal Romance"
George G. Harrap & Co. Ltd,2,0,
Hot Ink Press,2,0,"Paranormal, Vampires, Romance"
George Braziller Inc.,2,0,"Africa, African Literature, Nigeria"
Mahaveer Publishers,2,0,Romance
George Allen & Unwin,2,0,"Fantasy, Poetry, Short Stories"
Pocket Essentials,1,1,"True Crime, History, Nonfiction"
Stephen Douglass,2,0,"Thriller, Romance, Crime"
Pocket Books/Star Trek,2,0,"Star Trek, Science Fiction, Star Trek Deep Space Nine"
BookRags.com,2,0,"Nonfiction, Philosophy, Occult"
Gemma Walker-Smith,2,0,"Romance, Young Adult, Contemporary"
"Bantam Books, Inc.",2,0,"Historical Fiction, Classics, Historical"
"Pocket Books, Inc.",2,0,"British Literature, 20th Century, Comics"
Gedisa,2,0,"Nonfiction, Philosophy, Technology"
Bookbaby,0,2,"Biography, Nonfiction"
Mantle Ministries,2,0,"Biography, Theology"
Mantle Ministries Press,0,2,"Christian Fiction, Christian, Historical Fiction"
Gatto,2,0,"Fantasy, Romance, LGBT"
Stephanie Hudson,0,2,"Paranormal, Paranormal Romance, Romance"
Bonneville Books,1,1,"Fantasy, Young Adult, Middle Grade"
Bonnier,1,1,"Scandinavian Literature, Classics, Novels"
Global Grafx Press,0,2,Amish
Български писател,2,0,"Bulgarian Literature, Poetry, Unfinished"
Bonnier Carlsen,0,2,"Swedish Literature, Fantasy, Young Adult"
Pogue Press,2,0,"Nonfiction, Science, Self Help"
Secret Cravings Publishing,2,0,"Military Fiction, Romantic Suspense, Romance"
Bonnier Pocket,2,0,"Historical Fiction, Classics, Swedish Literature"
Hoover Ink,1,1,"Romance, Young Adult, Contemporary"
Ginger Scott,0,2,"Romance, Sports, New Adult"
Main Street Press,2,0,
Wolf-Hawk Writing,2,0,"Christmas, Childrens, Picture Books"
Steamy Trails Publishing,0,2,
"Hoover Ink, Inc.",0,2,"Romance, Mystery, Contemporary"
Book Club Associates,2,0,"History, Nonfiction, War"
Archipoche,2,0,"Islam, Religion, Biography"
Archive of Our Own,2,0,"Fantasy, M M Romance, Romance"
Amazon KDP,2,0,Mystery
Podiobooks.com,2,0,"Science Fiction, Thriller, Audiobook"
Podiobooks,2,0,"Fantasy, Audiobook, Science Fiction"
Gibbs Smith Publishers,1,1,"Nonfiction, Childrens, Middle Grade"
Starscape Books,2,0,"Dogs, Animals, Childrens"
LazyDay Publishing,1,1,
Znanje,1,1,"Serbian Literature, Contemporary, Novels"
"Ghost Pines Publishing, LLC",0,2,"Vampires, Paranormal Romance, Paranormal"
Stealth Press,2,0,"Mystery, Thriller, Crime"
Zondervan Publishing,1,1,"Christian, Religion, Nonfiction"
Somoy Prokashon,2,0,"Young Adult, Novels, Childrens"
Guild America Books,2,0,"Fantasy, Young Adult, Science Fiction"
GuidepostsBooks,0,2,"Romance, Fantasy, Angels"
Άγρα,2,0,
Arbeiderspers,2,0,"Dutch Literature, Literature, Novels"
Guardians of Order,0,2,"Fantasy, Role Playing Games, Epic Fantasy"
Guanda,0,2,"Italian Literature, Historical Fiction, Photography"
دار ومكتبة الهلال,2,0,"Humor, France, Classics"
Lust for Living Press,1,1,"Horror, Paranormal, Suspense"
Presses du Châtelet,2,0,"Islam, Religion, Nonfiction"
Bloomsbury (NYC),2,0,"Graphic Novels, Philosophy, Comics"
Baron Barclay Bridge Supplies,2,0,
Portfolio Penguin,1,1,"Nonfiction, Business, Self Help"
Barnes Noble,2,0,"Classics, Fantasy, Adventure"
Hidden Realms Publishing,2,0,"Urban Fantasy, Fantasy, Paranormal"
Grove/Atlantic,1,1,"Novels, Historical Fiction, Gothic"
Grove Weidenfeld,2,0,"LGBT, Queer, Horror"
Raconteur House,2,0,"Fantasy, Magic, Humor"
Bloomsbury Books for Young Readers,1,1,"Young Adult, Paranormal, Fantasy"
Amna Dhanani,2,0,Poetry
Lyrical Lit. Publishing,0,2,"Paranormal, Fantasy, Urban Fantasy"
Bloomsbury Childrens Books,1,1,"Fantasy, Young Adult, Romance"
e-book publishing,0,2,"Fantasy, Horror"
e-artnow,2,0,"Spanish Literature, History, Classics"
Grosvenor House Publishing Limited,1,1,"Buddhism, Nonfiction, Religion"
Grosset and Dunlap,0,2,"Mystery, Young Adult, Childrens"
Sort of Books,0,2,"Short Stories, Finnish Literature, Novels"
Šahinpašić,2,0,
HARPER COLLINS,2,0,"Nonfiction, Memoir, Biography"
Princeton University Press (NJ),2,0,"Psychology, Philosophy, Religion"
Amy Einhorn Books/Putnam,1,1,"Audiobook, Historical Fiction, Mystery"
Société des écrivains,0,2,
Ludwig von Mises Institute,2,0,"Politics, Philosophy, Economics"
"Seventh Star Press, LLC",2,0,"Horror, Paranormal, Gothic"
Soft Skull,2,0,"Historical Fiction, Historical, Essays"
Lethe Press,1,1,"Historical, LGBT, Historical Fiction"
Hesperides Press,1,1,"Classics, 19th Century, Romance"
Soho Teen,2,0,"Young Adult, Contemporary, LGBT"
eLectio Publishing,1,1,"Young Adult, Contemporary, Teen"
Leslie W P Garland,2,0,"Epic, Novels, Contemporary"
Gwalchmai Press,2,0,"Fantasy, Magic, Epic Fantasy"
دار نهضة مصر للطباعة والنشر,2,0,"Religion, Biography, History"
دار نون للنشر والتوزيع,2,0,"Novels, Literature, Spirituality"
Less Than Three Press LLC,1,1,"Fantasy, M M Romance, Romance"
Bloodhound Books,2,0,"Crime, Thriller"
Amulet Abrams,2,0,"Adventure, Humor, Science Fiction"
Gurjar Granthratna Karyalay,2,0,
Amulet,1,1,"Young Adult, Music, Historical Fiction"
Price Publishing,0,2,"Amish, Christian Fiction, Novella"
Gummerus,1,1,"Finnish Literature, Contemporary, Roman"
Less Than Three Press,1,1,"Fantasy, LGBT, Romance"
Blooming Twig Books,1,1,"Contemporary, Young Adult, Education"
Something Shiny Press,0,2,"Paranormal, Young Adult, Fantasy"
دار نهضة مصر,2,0,"Biography, Nonfiction"
MJF Books,1,1,"Classics, Nonfiction, Animals"
Spectrum Literary Agency,2,0,"Science Fiction, Science Fiction Fantasy, Space Opera"
Great Waters Press,1,1,"Parenting, Nonfiction, Christian"
History Press (SC),1,1,"History, Nonfiction"
Great Expectations,0,2,"Nonfiction, Christian, Christianity"
Barbera Editore,1,1,
HladoHlas,2,0,
Potter Style,1,1,"Travel, Nonfiction, Memoir"
America's Best Comics,2,0,"Graphic Novels, Comics, Fantasy"
Gray & Company Publishers,2,0,"True Crime, Nonfiction, Crime"
Barbara Rose/The Rose Group,0,2,Relationships
رياض الريس للكتب والنشر,2,0,"Poetry, Literature, Philosophy"
dtv,2,0,"Pakistan, Literary Fiction, Contemporary"
"Hobbes End Publishing, LLC",2,0,"Horror, Young Adult, Paranormal"
Archipelago,2,0,"Literature, Novels, France"
Portobello Books,2,0,"Nonfiction, History, Science"
Spice,0,2,"Romance, Historical Romance, Historical"
Granta UK,2,0,"Classics, Dutch Literature, School"
Spice Briefs,0,2,"Romance, Novella, Erotica"
Self-Published,2,0,Fantasy
Ambo Anthos,0,2,"Historical, Nonfiction, Biography"
Rajpal & Sons,2,0,"Poetry, Mythology, Classics"
سخن,2,0,"History, Historical, Nonfiction"
"Amber-Allen Publ., New World Library",1,1,"Spirituality, Self Help, Nonfiction"
Porticullis,2,0,
Grand Central,1,1,"Thriller, Mystery, Romance"
bookshouse Verlag,0,2,
Barn Owl Books,0,2,"Childrens, Young Adult, Time Travel"
Sourcebooks Mediafusion,0,2,Poetry
Lyx,0,2,"New Adult, Romance, Contemporary"
Lerner Publishing Group,1,1,"Young Adult, Mystery, Contemporary"
"Sourcebooks, Incorporated",0,2,"Romance, Middle Grade, Realistic Fiction"
Κλειδάριθμος,2,0,"Horror, Fantasy, Thriller"
Greystone Books,1,1,"Nonfiction, Science, Nature"
South Asia Books,2,0,Pakistan
M. Evans and Company,0,2,"Business, Nonfiction, Historical Fiction"
Arcade,2,0,"Film, Biography, Nonfiction"
Bloomsbury USA Children's,0,2,"Fantasy, Young Adult, Romance"
دايموند بوك,2,0,"Egypt, Literature, Horror"
Blue Mountain Arts,1,1,Nonfiction
دار الفكر المعاصر,2,0,"Philosophy, Politics, Nonfiction"
Amerine Graham,2,0,
Praeger,1,1,"Short Stories, Biography, Nonfiction"
Lentera Dipantara,2,0,"Historical Fiction, Novels, Indonesian Literature"
Sparkle Street Books,2,0,
Sparklesoup.com,2,0,"Young Adult, Fantasy, Fae"
Greenwillow,1,1,"Fantasy, Young Adult, Young Adult Fantasy"
Greenleaf Book Group,2,0,"Chick Lit, Contemporary, Womens Fiction"
Archaeopteryx Books,2,0,
Semiotext(e),2,0,"Nonfiction, Politics, Essays"
دار الفراشة,1,1,"Parenting, Psychology"
Sellerio,2,0,"Thriller, Noir, Americana"
brunel200,2,0,Nonfiction
Bard Press (TX),2,0,"Business, Nonfiction, Self Help"
Cinebook Ltd,2,0,"Comics, Bande Dessinée, Graphic Novels"
Nilgiri Press,2,0,"Spirituality, Philosophy, Nonfiction"
Diva Press,0,2,"Fantasy, Romance, Indonesian Literature"
A.W. Bruna,1,1,"Crime, Thriller, Mystery"
Distractions Incorporated,0,2,"Romance, Clean Romance, Historical Romance"
Distinct Publishing,0,2,
Jex Lane,1,1,"M M Romance, Fantasy, Paranormal"
Ukweli Press,1,1,
Disney/Hyperion Books,2,0,"Fantasy, Young Adult, Science Fiction"
Circulo de Leitores,2,0,"Science, Nonfiction, Evolution"
Jill Myles,0,2,"Romance, Adult, Contemporary"
City Lights,2,0,"Poetry, Classics, American"
EP BOOKS,1,1,Historical Fiction
No Greater Joy Ministries,0,2,"Marriage, Nonfiction, Christian"
Disney Lucasfilm Press,2,0,"Star Wars, Science Fiction, Young Adult"
Disney Hyperion Books,1,1,"Fantasy, Young Adult, Magic"
Disney Editions,2,0,"Fantasy, Young Adult, Adventure"
المجلس الوطني للثقافة والفنون والآداب - الكويت,2,0,"Philosophy, Nonfiction, History"
Noble Romance Publishing,0,2,"Erotica, Romance, Lesbian"
"Noble Romance Publishing, LLC",0,2,"Romance, Adult, Historical Romance"
Nocturna ediciones,0,2,"Fantasy, Young Adult, Romance"
Regnery Faith,2,0,"Religion, Nonfiction, Christian"
Underland Press,2,0,"Fantasy, Horror, Science Fiction Fantasy"
Discovery Books,2,0,"Nonfiction, Mountaineering, Adventure"
Palawan Press,2,0,
Water Forest Press,2,0,"Crime, Mystery, Thriller"
ALAF 21,2,0,"Novels, Thriller, Crime"
Chronicle Books (CA),1,1,"Poetry, Classics, Fantasy"
Avon Books (NYC),1,1,"Nonfiction, History, Mythology"
Pan MacMillan Australia,1,1,"Crime, Mystery, Thriller"
Wave Books,1,1,"Poetry, Nonfiction, Music"
Jessi Gage,2,0,"Time Travel, Romance, Historical Romance"
Kindle Direct,2,0,"Dystopia, Fantasy"
Jessica Hawkins,0,2,"Romance, New Adult, Contemporary"
Dolphins Publishing and Karen Brueggeman,0,2,"Fantasy, Picture Books, Childrens"
Kindle Alexander LLC,2,0,"M M Romance, Romance, Contemporary"
UNITINGWALLS INTERNATIONAL PUBLISHER,0,2,
Dogwise Publishing,0,2,"Self Help, Nonfiction, 21st Century"
Regina Doman,0,2,"Young Adult, Fairy Tales, Romance"
Atlas Contact,2,0,"Historical Fiction, Literature, Roman"
Church Publishing,2,0,"Religion, Christian, Reference"
Watkins Publishing,1,1,"Philosophy, Spirituality, Novels"
Night Works Books,0,2,"Romance, Contemporary Romance, Contemporary"
Regent College Publishing,2,0,"Philosophy, Christian, Christianity"
ABRAMS,2,0,"Fantasy, Mystery, Fairy Tales"
خوارزمی,2,0,"Classics, Philosophy, France"
Jewel E. Ann,2,0,"Romance, Contemporary Romance, Contemporary"
Avon Books (Mm),1,1,"Fantasy, Horror, Mystery"
Djambatan,2,0,"Novels, Indonesian Literature, Classics"
AA World Services,2,0,"Self Help, Nonfiction, Psychology"
Pamela Dorman Books/Viking,1,1,"Contemporary, Adult, Audiobook"
AEON Books,2,0,"Occult, Magick, Magic"
Ward Lock,2,0,"Historical Fiction, Historical, Romance"
Warboys Publishing Ltd,0,2,"Christian, Christian Fiction, Fantasy"
Dey's Publishing,2,0,"Nonfiction, Thriller, History"
Remzi Kitabevi,0,2,"Turkish Literature, Turkish, Roman"
RosettaBooks,2,0,"Science Fiction, Classics, Horror"
John Hunt Publishing,0,2,"Biography, Spirituality, Nonfiction"
Keokee Company Publishing,2,0,
Dewan Bahasa dan Pustaka,2,0,"Novels, Travelogue"
Pacific Press Publishing Association,1,1,Biography
Ren Kitap,2,0,"Horror, Zombies, Post Apocalyptic"
Devine Destinies,0,2,Romance
Clube do Autor,2,0,"Poetry, Portugal"
Khilafah Press,2,0,"Islam, Nonfiction, Self Help"
Cobblestone Press,2,0,"M M Romance, Contemporary, Romance"
John Murray Publishers Ltd,2,0,"Nonfiction, Classics, Travel"
Nosy Crow,1,1,"Middle Grade, Childrens, Adventure"
Destiny Publishing-Hester,0,2,"Young Adult Romance, Young Adult, Romance"
Audio Connoisseur,2,0,"Mystery, Classics, Audiobook"
Destiny Image,1,1,"Nonfiction, Spirituality, Faith"
Destiny Books,2,0,"Nonfiction, Spirituality, India"
Ronin Publishing,2,0,"Science, Psychology, Nonfiction"
PTS Litera,1,1,"History, Novels"
"Coliloquy, LLC",0,2,"Young Adult, Contemporary, High School"
Johnny Kniga,2,0,"LGBT, Swedish Literature, Contemporary"
PT. Gramedia Pustaka Utama,2,0,"Indonesian Literature, Classics, Poetry"
Norvik Press,1,1,"Swedish Literature, Novels, Classics"
UniMed Publishing,2,0,
Clarissa Wild,1,1,"Dark, Romance, Suspense"
Atria Simon & Schuster,2,0,"Thriller, Espionage, Action"
Diogenes Verlag,1,1,"German Literature, Contemporary, Roman"
Noonday Press,0,2,"Nonfiction, Medicine, Anthropology"
Digital Manga Publishing / Dark Horse,2,0,"Fantasy, Horror, Vampires"
Digital Future Press,0,2,"Self Help, Nonfiction, Memoir"
Union Square Press,2,0,"Nonfiction, Medical, Memoir"
Warner Press,2,0,"Fantasy, Christian, Young Adult"
Ketki Shah,2,0,
Diego Beach Publishing,0,2,"Romance, Fantasy, Time Travel"
Audacious,0,2,"Paranormal, Fantasy, Romance"
Pageturners,2,0,"Romance, Young Adult, Fantasy"
Universe,2,0,"Comics, Graphic Novels, Bande Dessinée"
Rosner & Wspólnicy,2,0,"Nonfiction, Travel, Polish Literature"
A.C. Bextor,2,0,"Romance, Contemporary, Contemporary Romance"
Warner Forever,0,2,"Romance, Historical Romance, Historical"
North Point,1,1,"Poetry, Religion, Spirituality"
John Blake Publishing,0,2,"Nonfiction, Biography, Music"
North River Press,2,0,"Business, Nonfiction, Management"
John Blandly,2,0,"Young Adult, Historical Fiction"
University Press of Kansas,2,0,"History, Military History, World War II"
NorthSouth,1,1,"Fairy Tales, Classics, Short Stories"
Warner Books Inc,1,1,"Mystery, Thriller, Crime"
Climax Publishing,0,2,
Univers,2,0,"Romanian Literature, Romania, Latin American"
Chess & Bridge,2,0,Games
AST :Astrelʹ :Khranitelʹ,0,2,"Russia, Childrens, Russian Literature"
Kira Adams,0,2,"Romance, Horror, Paranormal"
ASJ Publishing,2,0,
Tsunami Books,2,0,"Horror, Thriller, Science Fiction"
Rupa,2,0,"Romance, Classics, India"
Dundurn,1,1,"Young Adult, Adventure, Mystery"
New Riders Publishing,2,0,"Reference, Nonfiction, Art"
ChiZine Publications,1,1,"Horror, Fantasy, Canada"
New Society Publishers,2,0,"Nonfiction, Philosophy, Education"
Tundra Books (NY),2,0,"Childrens, Humor, Juvenile"
Reformation Heritage Books,2,0,
Dorchester Publishing,1,1,"Vampires, Paranormal Romance, Romance"
Turtleback,0,2,"Contemporary, Young Adult, Romance"
Chicken House Publishing,2,0,"Fantasy, Young Adult, Adventure"
ParaGoddess Press,2,0,
Drofa Plus,2,0,"Russia, Childrens, Fantasy"
دار أجيال,2,0,"Self Help, Human Development, Nonfiction"
Droemer/Knaur,2,0,"Thriller, Mystery, Crime"
Javan Press,2,0,"Poetry, Nonfiction"
New York Review Books,2,0,"Classics, Literature, Novels"
Runaway Pen,2,0,"Fantasy, Young Adult, Magic"
Drifting Sands Press,1,1,Travel
Papier-Mache Press,0,2,"Poetry, Short Stories, Nonfiction"
ASA,1,1,"Romance, Historical, Historical Fiction"
Dualmind Publishing,1,1,"Young Adult, Adventure, Fantasy"
AW Teen,0,2,"Young Adult, Fantasy, Young Adult Fantasy"
"AVON, a division of HarperCollins Publishers Ltd",1,1,"Romance, Chick Lit, Contemporary"
Parragon,0,2,"Picture Books, Childrens, Dogs"
Rutgers University Press,1,1,"Science, Nonfiction, History"
Park Row,1,1,"Audiobook, Adult, Thriller"
Chattercreek,0,2,"Contemporary, Drama, Novels"
E.P. Dutton,2,0,"Poetry, Childrens, Classics"
E.M. Leya,2,0,"M M Romance, Menage, M M F"
Chatto Windus,1,1,"Canada, Contemporary, Canadian Literature"
E.L. Montes,2,0,"Romance, New Adult, Contemporary Romance"
E.K. Blair LLC,2,0,"Dark, Romance, Contemporary"
Jamie Farrell,2,0,"Romance, Contemporary Romance, Contemporary"
Cheryl McIntyre,0,2,"New Adult, Romance, College"
Westland Limited,1,1,"Indian Literature, India, Historical Fiction"
Rupa Publications India,1,1,"Romance, Indian Literature, India"
Chelle Bliss,2,0,"Romance, Erotica, Contemporary Romance"
"True's Relate Publishing, LLC",2,0,
Truedee Books,2,0,"Novels, Romance, Fantasy"
E K Blair LLC,2,0,"New Adult, Romance, Abuse"
العبيكان,2,0,
Western Publishing Co.,2,0,"Childrens, Picture Books, Fantasy"
Paragon Press,2,0,"Science Fiction, Thriller, Mystery"
Redwood Writings,0,2,
Dutton Caliber,2,0,"History, Nonfiction, Biography"
Westbow Pr,2,0,"Fantasy, Adventure, Christian Fiction"
True Light Press,2,0,
Panini Comics,2,0,"Comics, Marvel"
Rugged Land,2,0,"Baseball, Humor, Comedy"
Doubleday Nan A. Talese,0,2,"Canada, Historical Fiction, Mystery"
Two Dollar Radio,1,1,"Africa, Contemporary, Novels"
المجلس الوطني للثقافة و الفنون و الآداب - الكويت,2,0,"Nonfiction, Russia, Biography"
Doubleday Books for Young Readers,1,1,"Picture Books, Childrens, Classics"
Nicholas Brealey Publishing,2,0,"Business, Nonfiction, Travel"
Two Harbors Press,2,0,Fantasy
Weald Fae Journals,2,0,"Fantasy, Fae, Young Adult"
Doubleday & Company,1,1,"Poetry, Humor, Philosophy"
Two Plus Two Publishing LLC,2,0,"Nonfiction, Games, Sports"
King Hell Press,2,0,"Comics, Graphic Novels, Superheroes"
ART,2,0,"Poetry, Czech Literature, Literature"
DoubleDay,2,0,"Nonfiction, Biography, Music"
Double Dragon Publishing,2,0,"LGBT, Science Fiction, Fantasy"
Kindler,2,0,"Humor, German Literature, Comedy"
Dorset Press,2,0,"History, Nonfiction, Classics"
"Dorset House Publishing Company, Incorporated",2,0,"Management, Business, Programming"
Rubinstein,2,0,"Literature, Dutch Literature, Classics"
Tyndale,0,2,"Christian Fiction, Romance, Christian"
Nicky Charles via Smashwords,2,0,"Paranormal, Romance, Paranormal Romance"
Kindle Press,2,0,"Fantasy, Vampires, Paranormal"
Jeremy Forsyth,2,0,"Fantasy, Magic"
"Dorchester Publishing, LoveSpell imprint",0,2,"Romance, Science Fiction, Paranormal"
"Dorchester Publishing Co., Inc.",1,1,"Romance, Historical Romance, Historical"
AMACOM/American Management Association,2,0,"History, Nonfiction, Leadership"
"Dreamspinner Press, LLC",1,1,"Fantasy, M M Romance, Romance"
Welcome Rain Publishers,0,2,"Historical Fiction, Historical, Time Travel"
New York Zoetrope,2,0,Fantasy
"Dreamscapes, Ink",0,2,"Young Adult, Paranormal, Fantasy"
Atlantic,2,0,"Historical Fiction, Classics, Humor"
Dream Big Publishing,2,0,Fantasy
Weird Florida LLC,2,0,Urban Fantasy
Jay Sturner,2,0,Poetry
Dramatist's Play Service,2,0,"Drama, Classics, Literature"
New York: Random House,2,0,"Picture Books, Childrens, Classics"
Dragonfly Books,0,2,"Picture Books, Childrens, Realistic Fiction"
AO3,2,0,"Fan Fiction, M M Romance, Romance"
Jemari Seni Publishing,2,0,"Novels, Self Help, Love"
Newmarket,2,0,"Media Tie In, Novels"
Weidenfeld & Nicolson Ltd,2,0,
Dr Garry Bonsall,2,0,
"Christian Faith Publishing, Inc.",1,1,
Newton & Compton,2,0,"Detective, Horror, Lovecraftian"
Twilight Times Books,1,1,"Fantasy, Mystery, Magic"
অনন্যা,2,0,"Science Fiction, Young Adult, Drama"
Christian Publications,2,0,"Christian, Theology, Nonfiction"
অন্যপ্রকাশ,2,0,"Historical Fiction, War, Novels"
"Dover Publications, Inc.",2,0,"Science Fiction, Classics, Mathematics"
Ruin,0,2,"Russia, Classics, Historical Fiction"
Nhà xuất bản Trẻ,2,0,"Short Stories, Literature, Tragedy"
Douglas & McIntyre,2,0,"Canada, Young Adult, Contemporary"
Dragonfairy Press,2,0,"New Adult, Paranormal Romance, Paranormal"
Justone Malone,2,0,
Dannika Dark,2,0,"Paranormal, Fantasy, Urban Fantasy"
"Outskirts Press, Inc.",2,0,"Contemporary, Novels, Epic"
Verba Mundi,2,0,"Classics, Literature, Novels"
Roberts Rinehart Publishers,2,0,"History, Biography, Ireland"
Covenant Evangelical Free Church,2,0,"Christian, Nonfiction, Spirituality"
কাকলী প্রকাশনী,2,0,"Novels, Drama, Romance"
Vergara,1,1,"Romance, Chick Lit, Contemporary"
Revolution Publishing Inc.,0,2,"Fantasy, Angels, Supernatural"
Vergara - Ediciones B Argentina,0,2,"Drama, Romance"
Dana Marton,0,2,"Romantic Suspense, Romance, Suspense"
Outlaws Publishing LLC,2,0,Westerns
Collins Living,0,2,"Parenting, Nonfiction, Psychology"
Damm Förlag,0,2,"Romance, Historical Romance, Historical Fiction"
Rhapsody Publishing,0,2,Fantasy
Dami Editore,1,1,
انتشارات آتلیه هنر,2,0,"Poetry, Classics, Literature"
K-Teen,0,2,"Young Adult, Fantasy, Mythology"
One World,1,1,"Fantasy, Historical Fiction, African American"
Cowley Publications,1,1,"Nonfiction, Spirituality, Science"
Robert Hale Ltd,1,1,"Adventure, Historical Fiction, Mystery"
"OtherLove Publishing, LLC",2,0,"Science Fiction Romance, M M Romance, Romance"
K.B. Ritchie,0,2,"Romance, M M Romance, New Adult"
Crazy 8 Press,2,0,
Dafina Books,2,0,"African American, Race, Drama"
Outlaw Studios,2,0,"Christian, Nonfiction, Faith"
Dark horse comics,2,0,"Comics, Graphic Novels, Comic Book"
Dark Trope Publishing,2,0,"Fantasy, Angels, Paranormal"
Vanir,0,2,"Paranormal Romance, Paranormal, Fantasy"
芳文社,2,0,"Manga, Graphic Novels, Yuri"
Variance Publishing LLC,2,0,"Thriller, Suspense, Science Fiction"
Kathy Jean Bagley,0,2,
Oldburne Press,2,0,
Vassallucci,1,1,"Roman, Chick Lit, Contemporary"
Author House,1,1,"Young Adult, Steampunk, Fairies"
Robinson,2,0,"China, Romance, Asia"
Dark Horse Publishing,0,2,"Romance, Dark, BDSM"
Vonchasepublishing,1,1,
امیرکبیر,1,1,"Nonfiction, Literature, Philosophy"
Countryside Books (GB),1,1,Supernatural
Volvox Globator,2,0,"Poetry, Comics, Humor"
انتشارات نیلوفر,2,0,"Novels, Literature, France"
Olivia Cunning,0,2,"Romance, Erotica, Contemporary"
Dark Forest Press,2,0,"Fantasy, Elves, Magic"
Just Wright Publications,2,0,Mystery
Overlook Books,2,0,"Nonfiction, Animals, Dogs"
Covenant Communications Inc.,0,2,"Historical, Biography, Religion"
广州出版社,0,2,"China, Fantasy, Novels"
VeloPress,2,0,"Nonfiction, Sports, Health"
Olympiapress.com,2,0,"Classics, Novels, France"
Overlook,2,0,"Thriller, Espionage, Spy Thriller"
新潮社,2,0,"Japan, Japanese Literature, Classics"
Kaki Novel Enterprise (001547975-A),1,1,"Novels, Drama"
Viking Canada,2,0,"Canada, Africa, Mystery"
Viking Children's,2,0,"Young Adult, Audiobook, Contemporary"
Aussieicon Books,2,0,"Romance, Fantasy, Vampires"
Kalachuvadu Publications,2,0,
Crimson Cloak Publishing,2,0,"Mystery, Contemporary, Epic"
Círculo de Lectores,1,1,"Spanish Literature, Spain, Novels"
Crimson Moon Press,2,0,"Fantasy, Christian, Angels"
Aurum Press Ltd,2,0,"History, Nonfiction, World War II"
Crimson Romance,0,2,"Romance, Historical Romance, Historical Fiction"
Riverhead,2,0,"Contemporary, Adult, Audiobook"
Virago Press,0,2,British Literature
Creaatespace,2,0,
Orca Book Publishers,0,2,"Young Adult, Contemporary, Canada"
Vine Books,2,0,"Christmas, Historical Fiction, Childrens"
Kallypso Masters,2,0,"BDSM, Erotica, Romance"
Vintage Australia,1,1,"Historical Fiction, Historical, Fantasy"
கிழக்கு பதிப்பகம்,2,0,"Historical Fiction, India, Historical"
Kana,1,1,"Manga, Graphic Novels, Comics Manga"
Kane/Miller Book Publishers,1,1,"Picture Books, Childrens, Animals"
Kanisius,2,0,"Islam, Religion, Philosophy"
Ripley Patton,2,0,"Paranormal, Young Adult, Fantasy"
Origami Edizioni,1,1,
Vintage Espanol,1,1,"Spanish Literature, Novels, Literature"
Vintage Digital,2,0,"Fantasy, Japan, Japanese Literature"
Kalligram,1,1,"Hungarian Literature, Contemporary, Hungary"
Austin Macauley Publishers Ltd.,2,0,
Katherine Hayton,0,2,"Crime, Mystery, Mystery Thriller"
Richard Reich,2,0,
Vicki Green,0,2,"New Adult, Romance, Contemporary Romance"
Vitasta Publishing,0,2,"Romance, Indian Literature"
প্রগতি প্রকাশন,2,0,"Russia, Classics, Childrens"
DMC,0,2,"Mystery, Amazon, Thriller"
প্রতীক প্রকাশনা সংস্খা,2,0,"Science Fiction, Adventure, Collections"
DK Publishing (Dorling Kindersley),2,0,"Nonfiction, Reference, Star Trek"
ინტელექტი,2,0,"Scandinavian Literature, Nobel Prize, Classics"
প্রতীক প্রকাশনী,2,0,"Adventure, Young Adult, Novels"
"Oshun Publishing Company, Incorporated",0,2,
Austin Macauley,1,1,
DELCOURT,2,0,"Comics, Bande Dessinée, Science Fiction"
Augsburg Fortress Publishing,2,0,"Nonfiction, Religion, Philosophy"
Vikatan Publications,2,0,"Nonfiction, Travel"
Vista,2,0,"Science Fiction, Short Stories, Collections"
ბაკურ სულაკაურის გამომცემლობა,2,0,"Georgian, Childrens, Classics"
DC Black Label,2,0,"Comics, Graphic Novels, Batman"
Vision Paperbacks,1,1,"Nonfiction, Biography, Travel"
Creative Editions,2,0,"Classics, Horror, Short Stories"
Visible Ink Press,2,0,"Paranormal, Nonfiction, Horror"
Creativia,2,0,"Thriller, Amazon, Terrorism"
Creativia Publishing,2,0,"Horror, Mystery, Paranormal"
"Karpovage Creative, Inc.",2,0,"Mystery, Historical, Amazon"
Crescent Moon Publishing,0,2,
Osho International Foundation,2,0,"Philosophy, Zen, Nonfiction"
المكتبة العصرية للطباعة والنشر,2,0,"Religion, Biography, History"
W.H. Freeman & Company,2,0,"Nonfiction, Textbooks, Biology"
Rock Hard Press,2,0,"Mystery, Thriller"
Urbane Publications,2,0,"Fantasy, Romance"
Context Books,2,0,
PIPER,2,0,"Economics, Finance, Nonfiction"
W. W. Norton & Co.,2,0,"Nonfiction, Politics, Sociology"
Del Rey/Ballantine,2,0,"Fantasy, Science Fiction Fantasy, Science Fiction"
Continuum,2,0,"Nonfiction, Biography, History"
José Olympio,2,0,"Classics, Romance, Literature"
Del Rey (Random House),1,1,"Fantasy, Dystopia, Adult"
W. H. Freeman,2,0,"Physics, Textbooks, Science"
Voorhoeve,0,2,"Young Adult, Roman"
Cooper Square Press,2,0,"Biography, Nonfiction, Autobiography"
Definitions,0,2,"Young Adult, Romance, Contemporary"
Oak Press LLC,0,2,"Romance, Contemporary Romance, Contemporary"
Jotema,0,2,"Historical Fiction, Young Adult, Coming Of Age"
Jourdyn Kelly,2,0,"Lesbian, Contemporary Romance, Childrens"
Oasis Audio,0,2,"Christian Fiction, Christian, Mystery"
Obelisco,1,1,"Fantasy, Self Help, Psychology"
VAGA,1,1,"History, Nonfiction, Philosophy"
Copper Country Press LLC,0,2,"Romance, Contemporary Romance, Contemporary"
VBZ,1,1,"Contemporary, Adventure"
"Resplendence Publishing, LLC",1,1,"Paranormal, Shapeshifters, Paranormal Romance"
Deborah Dalton,2,0,Fantasy
Conundrum PR,1,1,
Collins Voyager,2,0,"Fantasy, Young Adult, Science Fiction"
Colonial Williamsburg Foundation,0,2,"Fashion, History, Nonfiction"
Romig Works,2,0,"Dark, Romance, Suspense"
Nova Fronteira,2,0,"Classics, Brazil, Literature"
University of Notre Dame Press,2,0,"Classics, Historical Fiction, Romance"
Wakefield Press,1,1,"Nonfiction, Historical Fiction"
Nova poetika,2,0,Fantasy
Denoël,2,0,"Humor, Finnish Literature, Roman"
Kensington -Teen,0,2,"Young Adult, Fantasy, Mythology"
WLC,2,0,"Classics, Short Stories, Literature"
University of South Carolina Press,1,1,"History, Nonfiction, Memoir"
Demco Media,0,2,Childrens
Rock Star Reads,0,2,"Romance, Music, Contemporary Romance"
Audio Literature,1,1,"Fantasy, Dragons, Science Fiction"
Companhia de Bolso,1,1,"Nonfiction, Poetry, Portuguese Literature"
University of Washington Press,0,2,"School, Japan, Nonfiction"
Jonathon Jones,2,0,"War, Thriller"
"W.W. Norton & Company, Inc.",1,1,"Nonfiction, History, Graphic Novels"
5 Spot,0,2,"Chick Lit, Romance, Contemporary Romance"
Delirium Books,2,0,"Horror, Thriller, Science Fiction"
UpSet Press,2,0,"Poetry, Nonfiction, Race"
Josephine Hasan-Kerr,0,2,
Delancey Press,2,0,"Humor, Nonfiction"
Constable and Robinson,0,2,"Nonfiction, Humor, Books About Books"
OMUPRESS,0,2,"Horror, Novels, Mystery"
"WGW Books, LLC",2,0,"Romance, Contemporary, Contemporary Romance"
Odeon,2,0,"Czech Literature, Classics, Horror"
Authorlink,2,0,"True Crime, Nonfiction, Crime"
David McKay,2,0,"Chess, Nonfiction, Reference"
Valknut Press,0,2,"Fantasy, Young Adult, Paranormal"
Corvallis Press,2,0,"Paranormal, Romance"
Corvina,2,0,"Classics, Hungarian Literature, Hungary"
David Estes,2,0,"Dystopia, Young Adult, Science Fiction"
Oxmoor House,1,1,"Nonfiction, Health, Self Help"
David C Cook,2,0,"Christian, Christianity, Religion"
Valley Publishing,2,0,"Romance, Paranormal, Fantasy"
8Grand Publications,2,0,"Drama, Contemporary, Epic"
Oetinger Verlag,2,0,"Christmas, Childrens, Picture Books"
Deborah Bladon,0,2,"Romance, Contemporary Romance, Contemporary"
Julie Morgan Books,0,2,"Steampunk, Paranormal Romance"
7th House,0,2,"Paranormal, Fantasy, Vampires"
Julie Patra Publishing,0,2,"Romance, Contemporary, Erotica"
Cosmo Red Hot Reads from Harlequin,0,2,"Romance, Erotica, Contemporary Romance"
"""საარი""",2,0,
Darusalam,2,0,"Islam, Religion, Biography"
Cossee,2,0,"Literature, Novels, Contemporary"
Juls Amor,2,0,
遠流出版事業股份有限公司,0,2,"China, Historical Fiction, Chinese Literature"
Robson Books,2,0,"War, LGBT, Historical Fiction"
DarkSide Publishing,0,2,"Vampires, Young Adult, Paranormal"
Owl Books (NY),1,1,"Short Stories, Canada, Contemporary"
Dastan Books,1,1,"Historical Romance, Romance, Historical"
PAN BOOKS,1,1,"Romance, Historical Fiction, Historical"
P.O.L,1,1,"France, Contemporary, Novels"
"P.D. Publishing, Inc.",0,2,"M M Romance, Contemporary, Romance"
Dean & Son,1,1,"Childrens, Fantasy, Classics"
Kazé Editions,1,1,"Manga, Graphic Novels, Horror"
Obsidian,0,2,"Mystery, Paranormal, Cozy Mystery"
DeVorss & Company,1,1,"Nonfiction, Spirituality, Personal Development"
535,2,0,"Photography, Humor, Nonfiction"
De Kring,1,1,Thriller
Obsidian Poet Press,2,0,"Fantasy, Mythology, Fairy Tales"
De Geus,2,0,"Novels, Roman, Iran"
A Beka Book,2,0,"Biography, History, Historical"
بازتاب نگار,2,0,"France, Novels, French Literature"
Cornelia Franke,1,1,
Voyager/HarperCollins,2,0,"Science Fiction, Science Fiction Fantasy, Fantasy"
"VIZ, LLC",1,1,"Young Adult, Fantasy, Dystopia"
Coronet Books,1,1,"Historical Fiction, Historical, Romance"
Coronet Books (GB),2,0,"Mystery, Thriller, Mystery Thriller"
De Agostini,0,2,"Fantasy, Childrens, Middle Grade"
Judy Piatkus,0,2,"Romance, Paranormal, Fantasy"
VOZES,2,0,"Psychology, Nonfiction, Personal Development"
Octagon Press,0,2,
900647,2,0,Parenting
Valdemar,2,0,"Horror, Classics, Nonfiction"
David Weaver Presents,1,1,
Octopus Books,1,1,"Science Fiction, Classics, Literature"
Ocean Press,2,0,"Nonfiction, Biography, History"
Addison-Wesley,2,0,"Programming, Technology, Computer Science"
Williamson Music Co.,2,0,"Plays, Music, Classics"
Williams Press,2,0,"Science Fiction, Young Adult, Fantasy"
Williammr,2,0,"Nonfiction, Reference, Childrens"
El Aleph,1,1,"Nonfiction, Biography, History"
Carlton Books,2,0,
William S. Konecky Associates,2,0,"History, Nonfiction, Holocaust"
Iskry,2,0,"Polish Literature, Poland, Science Fiction"
Addison Moore,2,0,"Paranormal, Young Adult, Angels"
"Sally Ember, Ed.D.",0,2,"Science Fiction, Speculative Fiction, Fantasy"
NYGS / Little Brown,0,2,
William Morrow Impulse,1,1,"Novella, New Adult, Romance"
نشر ثالث,2,0,"Literature, Romance, Plays"
Egmont UK Limited,2,0,"Childrens, Comics, Graphic Novels"
Egmont Press,1,1,"Young Adult, Historical Fiction, Historical"
Egmont Lyx,0,2,"Romance, Fantasy, Epic Fantasy"
Egmont Childrens Books,2,0,"Comics, Graphic Novels, Bande Dessinée"
Penguin (Non-Classics),2,0,"Humor, Short Stories, Classics"
Muza S.A.,2,0,"Polish Literature, Adventure, Young Adult"
Effertrux Publishing,2,0,"Mystery Thriller, Drama, Adventure"
دار البشير للثقافة والعلوم,2,0,"Religion, Islam, Self Help"
Tiden,2,0,"Novels, Contemporary"
Thunder's Mouth Press,2,0,"Thriller, War, Historical Fiction"
Penguin Books Ltd.,2,0,"Military Fiction, Thriller, Action"
Windblown Media,1,1,"Christian, Spirituality, Christianity"
Samuel French,0,2,"Mystery, Plays, Classics"
Aegitas,2,0,"Philosophy, Classics, Nonfiction"
"Aec Stellar Publishing, Inc.",2,0,"Finance, Science Fiction"
Elle Kennedy Inc.,0,2,"Romance, New Adult, Contemporary"
Intreid Corporation,2,0,"Russia, Classics, Humor"
Elle Casey,0,2,"Romance, New Adult, Contemporary Romance"
Real Reads,2,0,
Penguin Books Australia Ltd,2,0,"Nonfiction, Biography, Australia"
Elizabeth St. Michel,0,2,"Historical, Historical Romance, Romance"
Rebel Pub. House,2,0,"Spirituality, Philosophy"
Thomas Y. Crowell Company,0,2,"Childrens, Historical Fiction, Classics"
Thompson Books,0,2,"Humor, Thriller, Crime"
Adrienne Bell,0,2,"Romance, Contemporary Romance, Contemporary"
Thorntree Press,1,1,"Nonfiction, Polyamory, Relationships"
Willow River Press,2,0,"Contemporary, Young Adult, New Adult"
"Mulholland Books / Little, Brown and Company",0,2,"Mystery, Crime, Thriller"
Carina,0,2,"Chick Lit, Romance, Contemporary"
Ipicturebooks,2,0,"Fantasy, Dragons, Science Fiction Fantasy"
Kubbealtı Neşriyat,2,0,
Three Book Deal,0,2,"Historical, Historical Mystery, Mystery"
Multnomah Publishers,2,0,"Christian, Nonfiction, Christianity"
Adrienne Wilder,0,2,"M M Romance, Romance, Abuse"
Times Square Publishing,2,0,"Thriller, Mystery, Amazon"
Penerbit Imania,2,0,
Timescape Books,2,0,"Fantasy, Science Fiction, Science Fiction Fantasy"
Association for Supervision & Curriculum Development,2,0,"Education, Teaching, Nonfiction"
Acelette Press,2,0,"Urban Fantasy, Vampires, Paranormal Romance"
Sacred Oaks Press,2,0,"Paranormal, Young Adult, Ghosts"
Tin House Books,0,2,"Literary Fiction, Novels, Contemporary"
Ace Trade,2,0,"Fantasy, Science Fiction Fantasy, Classics"
Ayrıntı Yayınları,2,0,"Novels, France, Queer"
NLA Digital LLC,0,2,"Contemporary, Romance, Young Adult"
NLA Digital Liaison Platform LLC,0,2,"Fantasy, Chick Lit, Romance"
My Time Publications,2,0,
Editorial Verbo,1,1,"Portuguese Literature, Portugal, Classics"
Penelope Douglas LLC,1,1,"Romance, New Adult, Contemporary"
Tirgearr Publishing,1,1,"Romance, Erotica, Short Stories"
Pendrell Publishing,2,0,"Young Adult, Paranormal, Fantasy"
Titan Books (UK),1,1,"Zombies, Horror, Urban Fantasy"
Editorial Sudamericana,2,0,"Historical, Spanish Literature, Historical Fiction"
NTV Yayınları,2,0,"Graphic Novels, Classics, Comics"
Editorial Presenca,0,2,Historical Fiction
Tlön,0,2,"Nonfiction, Philosophy"
To the Stars,1,1,"Fantasy, Young Adult, Horror"
J. Paul Getty Museum,1,1,"Art, Picture Books, Childrens"
J. Ellington Ashton Press,2,0,"Horror, Splatterpunk"
Cartoon Books,2,0,"Graphic Novels, Comics, Fantasy"
نشر مرکز,1,1,"Novels, Iran, Literature"
Myrmidon,2,0,"Historical Fiction, Asia, Historical"
نشر نو,2,0,"Travel, Nonfiction, Biography"
Cartwheel,1,1,"Childrens, Picture Books, Poetry"
Edições Ática,2,0,"Classics, Plays, Poetry"
Edições Tinta-da-China,1,1,"Short Stories, Portuguese Literature, Portugal"
B Kids,2,0,"Christian Fiction, Fantasy, Magic"
Ives Washburn,2,0,Historical Fiction
Edições Avante,2,0,"Portugal, Literature, Novels"
Müptela Yayınları,0,2,"Romance, Turkish, Turkish Literature"
Wiley Publishing,1,1,"Nonfiction, Dogs, Reference"
Timbuktu Labs,0,2,"Nonfiction, Feminism, Short Stories"
"Sage Publications, Inc",1,1,"History, Politics, Nonfiction"
B E Trice Pub,0,2,"Horror, Fantasy, Vampires"
Editura librariei Pavel Suru,0,2,
Time Warner AudioBooks,1,1,"Mystery, Crime, Thriller"
Penerbit Mahaka,0,2,"Novels, Romance, Indonesian Literature"
Cassia Leo,0,2,"Romance, New Adult, Contemporary Romance"
Castalia Publishing Company,2,0,"Spanish Literature, Classics, Plays"
NAL Jam,0,2,"Vampires, Young Adult, Paranormal"
Editura Litera,1,1,"Historical Romance, Romance, Historical"
Castle Books,2,0,"Nonfiction, History, Science"
"Recorded Books, Inc.",0,2,"Historical Fiction, Romance, Audiobook"
Ink Road,0,2,"Romance, Young Adult, Contemporary"
"Escape Publishing - Harlequin Enterprises, Australia Pty Ltd",0,2,"Fantasy, Romance, Paranormal"
Ravenous Romance,2,0,"Paranormal, Menage, Erotica"
Penguin Philomel,0,2,"Mystery, Historical Fiction, Young Adult"
Sanjh Publications,2,0,"Novels, Pakistan"
مكتبة الشروق الدولية,2,0,"Philosophy, Religion, Science"
Monica Murphy,0,2,"New Adult, Romance, Contemporary"
The Orion Publishing Group,1,1,"Biography, Nonfiction, History"
Inner Child Press,2,0,
Calypso Editions,2,0,"Classics, Short Stories, Russia"
Capstone,1,1,"Self Help, Nonfiction, Business"
Penguin Life,2,0,"Nonfiction, Self Help, Psychology"
Eralde Publishing,2,0,"Romance, Adult, New Adult"
Era,0,2,"Spanish Literature, Latin American Literature, Latin American"
"Sang-e-Meel Publications, Lahore",2,0,Novels
The Penguin Press,2,0,"Nonfiction, Food, Science"
Epublishing Works!,2,0,"Romance, Contemporary, Christmas"
Epocha,2,0,"Czech Literature, Urban Fantasy, Fantasy"
Inner Ocean Publishing,2,0,"Science, Biology, Astronomy"
"Penguin Group USA, Inc",2,0,
The Random House Publishing Group,2,0,"Fantasy, Horror, Science Fiction"
Wisdom Tree,2,0,"Nonfiction, Self Help, Philosophy"
"Cambria Hebert Books, LLC",2,0,"New Adult, Romance, College"
CMX,0,2,"Manga, Romance, Shojo"
دار الحضارة للنشر والتوزيع,2,0,"Self Help, Nonfiction, Audiobook"
Penguin Razorbill,1,1,"Young Adult, Mystery, Science Fiction"
Cage Industries,0,2,"Dark, Erotica, Romance"
Ever After Edition,2,0,"Mystery, Romance, Contemporary Romance"
"Moby Books/Playmore, Inc./I. Waldman & Son, Inc.",1,1,"Mystery, Classics, Crime"
Evangeline Anderson Books,0,2,"Romance, Science Fiction, Aliens"
Modern Age Publishers,2,0,
Europa-América,2,0,"Classics, Literature, Childrens"
Infinity Publishing (PA),1,1,
Europa América,1,1,"Young Adult, Comedy, Novels"
Monarch Books,1,1,"Christian, Science, Self Help"
L.J. Veen,1,1,"Dutch Literature, Roman, Literature"
Etopia Press,0,2,"Romance, Urban Fantasy, Vampires"
Eternal Press,0,2,"Paranormal Romance, BDSM, Erotica"
Calkins Creek,0,2,"Historical Fiction, Young Adult, Historical"
Injected Ink Productions,0,2,
Penguin Putnam Inc USA,1,1,"Fantasy, Science Fiction Fantasy, High Fantasy"
BCherry Books,2,0,"Romance, New Adult, Contemporary"
اختران,2,0,"History, Biography, Nonfiction"
Penguin Puffin,1,1,"Young Adult, Adventure, Childrens"
Penguin Publishing Group,1,1,"Romance, Contemporary, Contemporary Romance"
"Ink Monster, LLC",0,2,"Young Adult, Fantasy, Science Fiction"
Euphoric Publishing & Design,2,0,"Witches, Young Adult, Demons"
L&PM,2,0,"Classics, Portuguese Literature, Portugal"
Integral Yoga Publications,2,0,"Spirituality, Nonfiction, Philosophy"
Sand Hill Review Press,0,2,"Drama, Contemporary, Book Club"
Intentional Insights,2,0,"Nonfiction, Science, Psychology"
Theaker's Paperback Library,2,0,"Contemporary, Epic, Drama"
Thelonious T. Bear Books,1,1,Humor
Morpheus International,2,0,"Science Fiction, Short Stories, Fantasy"
Theresa Marguerite Hewitt,0,2,"Romance, Military Fiction, Contemporary Romance"
Thienemann,2,0,"Fantasy, Classics, Childrens"
Morrow,2,0,"Thriller, Novels, Historical Fiction"
"B.Taschen Verlag,Germany",2,0,"Art, Nonfiction, Biography"
BBC Physical Audio,2,0,"Nature, Nonfiction, Animals"
Intermix (Penguin Group (USA) LLC),0,2,"Romance, New Adult, Contemporary"
Emecé,0,2,"Novels, Latin American Literature, Spanish Literature"
Emece Editores,1,1,"Spanish Literature, Portugal, Short Stories"
Windstream Publishing Company,2,0,"Science Fiction, Thriller"
Embassy Books,0,2,"Self Help, Inspirational, Indian Literature"
Elyse Draper,0,2,"Fantasy, Young Adult, Paranormal"
Mountain Moxie Publishing,0,2,"Romantic Suspense, Romance, Military Fiction"
Mountain Press Publishing Company,2,0,"Westerns, Horses"
Readers Digest,1,1,"Romance, Gothic, Mystery"
Mountry Publishing,1,1,Nonfiction
Winding Stair Press,1,1,"Sports, Nonfiction, Biography"
Interlink Publishing Group,2,0,"Historical Fiction, Novels, Literature"
Entwhistle Books,2,0,Music
Wira Bukit,2,0,"Nonfiction, Biography, Language"
Entropy Press,2,0,"Romance, Contemporary, Mystery Thriller"
Innovative Language,2,0,"Language, Reference, Nonfiction"
Aidai,1,1,"Philosophy, Nonfiction, Politics"
Entangled: Select,1,1,"Paranormal, Paranormal Romance, Romance"
Penguin Group USA,2,0,"Novels, Science Fiction, Dystopia"
The Roycrofters,1,1,"Psychology, Nonfiction, Philosophy"
Entangled: Crave,0,2,"Fantasy, Young Adult, Time Travel"
Entangled: Bliss,0,2,"Romance, Contemporary, Contemporary Romance"
Moody Press,2,0,"Christian Fiction, Christian"
Aguilar,1,1,"Spanish Literature, Literature"
Sandra Madera,0,2,Fantasy
Entangled Publishing (Brazen),0,2,"Romance, Contemporary Romance, Contemporary"
Candlemark & Gleam,0,2,"Fantasy, Urban Fantasy, Young Adult"
منشورات الجمل,2,0,"Religion, History, Biography"
Engaging Secrets,0,2,"Contemporary Romance, College, Romance"
Candlewick on Brilliance Audio,1,1,"Young Adult, Fantasy, Paranormal"
Moore&PoesyPublishing,0,2,
Endaxi Press,1,1,"Historical Fiction, Africa, South Africa"
The Writer's Coffee Shop,1,1,"Mystery, Romance, Angels"
Enclave Publishing,0,2,"Dystopia, Fantasy, Young Adult"
Wings,2,0,"Thriller, Collections, Horror"
The Teaching Company,2,0,"Philosophy, Nonfiction, Audiobook"
Totally Bound,2,0,"Romance, Contemporary Romance, Contemporary"
Knowledge Exchange,2,0,
Central Recovery Press,1,1,"Mental Health, Nonfiction, Race"
Award Publications Limited,0,2,"Childrens, Fantasy, Classics"
کاروان,2,0,"Novels, Nonfiction, Spirituality"
"Tor Books, New York",2,0,"Science Fiction, Audiobook, Science Fiction Fantasy"
Nation Books,2,0,"History, Nonfiction, Short Stories"
Cemetery Dance Publications,2,0,"Horror, Short Stories, Ghosts"
نیلوفر,2,0,"Novels, Literature, Iran"
Whole Heart Ministries,1,1,"Education, Parenting, Nonfiction"
Kobo,0,2,
J.L. Mac Books,2,0,"Romance, New Adult, Erotica"
Trestle Press,1,1,
Celestial Arts,2,0,"Nonfiction, Cookbooks, Cats"
White Wolf,2,0,"Role Playing Games, Gaming, World Of Darkness"
WiDo Publishing,2,0,"Historical Fiction, Mystery, Southern"
Nasza Księgarnia,1,1,"Polish Literature, School, History"
Knopf Doubleday,2,0,"Romance, Historical Fiction, Historical"
Nelson Bibles,2,0,"Religion, Reference, Nonfiction"
Red Wheel/Weiser,1,1,"Religion, Spirituality, Nonfiction"
Editora Sextante,2,0,"Psychology, Nonfiction, Spirituality"
"Whispering Pine Press International, Inc.",0,2,Cookbooks
James P. Long,2,0,
TopatoCo,2,0,"Comics, Graphic Novels, Humor"
دار اكتب للنشر والتوزيع,2,0,"Novels, Fantasy, Horror"
Kodansha International,2,0,"Japan, Classics, Japanese Literature"
Earthling Publications,2,0,"Horror, Short Stories, Short Story Collection"
Earthlight (UK),2,0,"Classics, Science Fiction, Fantasy"
Chancellor Press,2,0,"Classics, Literature, Russia"
JACE Publishing LLC,0,2,"Young Adult, Mystery, Superheroes"
Westview Press,2,0,"Nonfiction, Grad School, Art"
Central Books Ltd,2,0,"Russian Literature, Russia, War"
Pear Press,2,0,"Nonfiction, Psychology, Science"
Torn Veil Books,0,2,"Romance, Christian Fiction, Christian"
Abo Polak Publishing,2,0,
Peachtree Publishing Company,0,2,"Picture Books, Childrens, Books About Books"
Edita Birschbach,0,2,
JA / AG Publishing,0,2,"Urban Fantasy, Fantasy, Paranormal"
Total Impact,2,0,"Self Help, Personal Development, Business"
J.R. Rain Press,0,2,"Romance, Time Travel, Mystery"
Abraxas House,2,0,"Religion, Nonfiction"
Award Publications Ltd,0,2,"Childrens, Novels, Classics"
JY,0,2,"Graphic Novels, Middle Grade, Realistic Fiction"
Editora Arqueiro,0,2,"Fantasy, Romance, Historical Fiction"
Pedro Sajini Publishing,2,0,
Chariot Victor Publishing,1,1,"Christian, Fantasy, Historical Fiction"
Absolute Author Publishing House,0,2,
Total Package Publications,2,0,
"Total Package Publications, LLC",2,0,
JADD Publishing,0,2,"Writing, Nonfiction, Reference"
Tor Tom Doherty,2,0,"Fantasy, Urban Fantasy, Young Adult"
Central Park Media,2,0,"Fantasy, Japan, Japanese Literature"
Editions du Chat Noir,0,2,"Fantasy, Romance, Urban Fantasy"
Athena Books Publishing Group,0,2,"Romance, Contemporary, Contemporary Romance"
Knopf Doubleday Publishing Group,1,1,"Contemporary, Adult, Mystery"
نگاه,2,0,"Novels, Literature, Iran"
Center One Books,1,1,"Fantasy, Young Adult, Middle Grade"
Knaur eBook,1,1,"Nonfiction, Africa, Biography"
Central European University Press,2,0,"Hungarian Literature, Hungary, Short Stories"
Patti Larsen Books/Purely Paranormal Press,0,2,"Mystery, Paranormal, Urban Fantasy"
Red Dress Press,0,2,"Romance, Contemporary Romance, Contemporary"
Transform Press,1,1,"Science, Nonfiction, Psychology"
J. Taylor Publishing,1,1,"Paranormal, Paranormal Romance, Romance"
Ruth Watson-Morris,1,1,
Nal Caliber,2,0,"History, Nonfiction, War"
Edaf Antillas,2,0,"Classics, Historical Fiction, Historical"
Tomcat Publishing,2,0,
Knopf Books For Young Readers,1,1,"Science Fiction, Young Adult, Fantasy"
ESB Publishing,1,1,"Young Adult, Science Fiction, Romance"
Edcon Publishing Group,2,0,
NYR Children's Collection,2,0,"Fantasy, Childrens, Classics"
Pathfinder Pr,2,0,"Politics, History, Philosophy"
Abbott Press,1,1,"Shapeshifters, Paranormal, Dystopia"
J. S. Sanders and Company,2,0,"Historical Fiction, Civil War, Southern"
Ace Books (NYC),2,0,"Science Fiction, Dystopia, Science Fiction Fantasy"
Editorial Impedimenta,2,0,"Japan, History, Asia"
S.L. Jennings,2,0,"Romance, Erotica, Adult"
Cecilie Dressler Verlag GmbH,1,1,"German Literature, Fantasy"
Triton,1,1,"Fantasy, Czech Literature, Adult"
"Nelson Doubleday, Inc.",1,1,"Horror, Historical Fiction, Gothic"
Tom Doherty Assoc Llc,1,1,"Fantasy, Humor, Adventure"
Pathfinder Press (NY),2,0,"Politics, Nonfiction, Philosophy"
Patrick Elizabeth Publishing,2,0,
Pen Press,0,2,Modern
JF Smith,2,0,"M M Romance, Contemporary, Romance"
Editores Mexicanos Unidos,2,0,
Transit Lounge Publishing,2,0,"Australia, Thriller, Crime"
New Directions Publishing,2,0,"Literature, Classics, Writing"
Caddy Rowland,2,0,
Tonya Kappes,0,2,"Mystery, Cozy Mystery, Contemporary"
Aaron B. Powell,2,0,"Erotica, Romance, Military Fiction"
Transit Lounge Australia,2,0,"Australia, Fantasy, Adventure"
Paulist Press,1,1,"Philosophy, Spirituality, Childrens"
Kodansha International Ltd.,2,0,"Japanese Literature, Japan, Contemporary"
Narcissus,0,2,
Toena,1,1,
Pauline Books & Media,2,0,"Catholic, Theology, Religion"
White Falcon Publishing,0,2,
"JKB Publishing, LLC",2,0,"Erotica, Romance, Novella"
"Naoband, LLC",2,0,Thriller
Rutledge Hill Press,2,0,"Self Help, Business, Nonfiction"
Pavilion,2,0,"Fantasy, Art, Humor"
Ryer Publishing,2,0,"Young Adult, Realistic Fiction, Teen"
Accendo Press,0,2,"Paranormal, Young Adult, Fantasy"
New Directions Publishing Corporation (NY),2,0,"Classics, Literature, Novels"
دار الطليعة - بيروت,1,0,"Nonfiction, Literature, Romance"
Red Ink,1,0,Thriller
Ravensburger Verlag,0,1,"Fantasy, Young Adult, Urban Fantasy"
Random House Children's,0,1,"Fantasy, Young Adult, Romance"
"Random House of Canada, Limited",1,0,"Historical Fiction, Italy, Australia"
QuizEbooks.com,0,1,"Dystopia, Young Adult, Action"
دار إنسان للنشر والتوزيع,1,0,"Novels, Romance, Romantic"
Rhapsody (Penguin Group),1,0,"Paranormal, Romance, Vampires"
Reed,1,0,
Rhiannon Frater,0,1,"Zombies, Horror, Post Apocalyptic"
Red Pearl Publishing,0,1,"Romance, Erotic Romance, Erotica"
R.M. Garry,1,0,
Rawle & Windsor Publishing,1,0,"Fantasy, Young Adult, Christian Fiction"
دار أكتب للنشر و التوزيع,1,0,"Horror, Novels, Fantasy"
Ravette Publishing,1,0,
Raxial Press,1,0,
R.K. Lilley LLC,1,0,"Romance, Erotica, Contemporary Romance"
"Random House, Inc. (NY)",1,0,"History, Biography, Nonfiction"
Red Lemonade,0,1,"Dystopia, Science Fiction, Novels"
دار الثقافة للطباعة والنشر والتوزيع,1,0,"Philosophy, Nonfiction"
Ravenwoodgreys,1,0,"Vampires, Paranormal, Urban Fantasy"
دار الفتح,1,0,"Religion, Islam, Reference"
Reflections Media Group,1,0,"Religion, Lds, Church"
Random House Bullseye Books,1,0,"Fantasy, Childrens, Classics"
دار الثريا - الرياض,1,0,"Islam, Religion"
Random House (Vintage),1,0,"Historical Fiction, Australia, 20th Century"
دار المثقف للنشر والتوزيع,1,0,Novels
دار أطلس للنشر و الأنتاج الإعلامي,1,0,"Nonfiction, Humor, Egypt"
Random House/Knopf Children’s,0,1,"Middle Grade, Sports, Realistic Fiction"
Reed & Carstens Publishing,0,1,
"Razor's Edge Publishing, Inc.",1,0,
R. L. Poole,1,0,Own
R'Ocean,1,0,Contemporary
Random House: Modern Library,1,0,"Classics, Horror, Fantasy"
دار المحرر الأدبي,1,0,
"Randy Attwood, via Smashwords",1,0,"Dystopia, Post Apocalyptic"
Revive Concepts,1,0,"Nonfiction, Cookbooks, Cooking"
QuoteStork Media Inc.,1,0,"Romance, Contemporary Romance, Contemporary"
Red Olyfaunt Books,1,0,Science Fiction
Red Olyfaunt eBooks,1,0,
Razor Bill/Penguin,1,0,"Fantasy, Young Adult, Horror"
Quercus UK,0,1,"Young Adult, Contemporary, Feminism"
Riley Hart,1,0,"M M Romance, Menage, Romance"
Raven Rocks Press,0,1,"Fantasy, Childrens, Young Adult"
Ratna Sagar P. Ltd.,1,0,
Rigler Creative Solutions,0,1,"Fantasy, Young Adult, Unfinished"
RedDoor Publishing,1,0,Contemporary
Rider & Co,1,0,"Occult, Esoterica"
Redleaf Cottage Publishing,1,0,
Raven West,0,1,
"Quills ink publishing, 2015",1,0,
Red. Wydawnictw Katolickiego Uniwersytetu Lubelskiego,1,0,
Redtail Press,1,0,"Education, Nonfiction, Social Justice"
Querido Kinderboek,1,0,"Historical Fiction, Young Adult, Middle Grade"
دار المعارف بمصر,1,0,"Religion, Philosophy, Nonfiction"
دار أطلس,1,0,"Nonfiction, Audiobook, Egypt"
دار المستقبل العربي,1,0,"Novels, Egypt, Literature"
Rat's Tales,1,0,
Rasta Meedia,1,0,"Biography, Nonfiction"
دار الفارابي - بيروت,1,0,"Novels, Historical Fiction, Historical"
دار المعرفة,1,0,"Religion, Islam, History"
انتشارات سوره مهر,1,0,"Poetry, Literature"
Querclus Publishing Plc,1,0,"Philosophy, Nonfiction, Reference"
RedLine Publishing,1,0,"History, Nonfiction, Philosophy"
انتشارات شبدیز,1,0,"Religion, Sociology, Philosophy"
دار العين,1,0,
دار المعرفة - لبنان,1,0,"History, Islam"
Raven Happy Hour,0,1,"Paranormal, Shapeshifters, Fae"
Quercus Children's,1,0,"Fantasy, Middle Grade, Family"
انتشارات قدیانی,0,1,"Fantasy, Dragons, Childrens"
دار أجيال للنشر و التوزيع,1,0,"Self Help, Human Development"
Random House Australia Pty Ltd,1,0,"Mystery, Young Adult"
دار العودة - بيروت,1,0,"Religion, Nonfiction, Philosophy"
Raven Crest Books,1,0,Humor
Riley Weber,1,0,"Childrens, Humor, Nonfiction"
دار الحرف العربي,1,0,"Novels, Classics, Literature"
RedHandWriting,1,0,
دار الغد الجديد,1,0,"Religion, Islam"
Quercus Publishing Plc,1,0,"Young Adult, Contemporary, Romance"
دار الجواهري,1,0,"Religion, Philosophy, Nonfiction"
انتشارات كاروان,1,0,"Short Stories, Novels, Childrens"
Rimal Publications,1,0,Historical
RASC Publishing KDP,0,1,"True Story, Biography, Womens"
Rasbold Ink,0,1,"Fantasy, Historical"
دار الحلم للنشر و التوزيع,1,0,"Novels, Horror"
Richard Jackson/Athaneum Books for Young Readers,0,1,"Young Adult, Childrens, Classics"
Quindie,0,1,
Random House Anchor,1,0,"Mystery, Africa, Crime"
Richard Gualtieri,1,0,"Urban Fantasy, Fantasy, Vampires"
انتشارات نیستان,1,0,
Rhyous,1,0,"Urban Fantasy, Fantasy, Paranormal"
دار المريخ للنشر,1,0,"Psychology, Philosophy, Literature"
Quinn Loftis,1,0,"Werewolves, Paranormal, Young Adult"
Random House Adult Trade Publishing Group,1,0,"Biography, History, Nonfiction"
دار الجرمق - دمشق,1,0,"Poetry, Literature"
Quinta Essência,0,1,"Romance, Italy, Mystery"
Quirk,1,0,"Fantasy, Young Adult, Paranormal"
Rarebooksclub.com,1,0,
Rare Faith Publishing,1,0,"Self Help, Nonfiction, Leadership"
دار المدى للثقافة و النشر,1,0,Novels
Rania Badawy,0,1,
دار العربية للعلوم ناشرون,1,0,Novels
Random House Books for Young Reader,1,0,"Fantasy, Young Adult, Science Fiction"
انتشارات مدرسه,1,0,"Religion, Novels"
Raven Wing,1,0,"New Adult, College, Romance"
Quidnovi,1,0,"Portuguese Literature, Portugal, Novels"
انتشارات معین,1,0,"Biography, Memoir, Iran"
Raven's Wing Books,0,1,
Riddle Inc.,1,0,"Science Fiction, Thriller, Mystery"
دار أطلس للنشر,1,0,"Nonfiction, Humor, Comedy"
دار المدي,0,1,"Biography, Nonfiction, Philosophy"
انتشارات ناهید,1,0,"Novels, France, Literature"
Red Phoenix,1,0,"BDSM, Romance, Erotica"
دار الفارابي للنشر والتوزيع,1,0,"Novels, Romance, Romantic"
Rascal Hearts,0,1,"Paranormal, Dragons, Fantasy"
انتشارات نکو راد,1,0,
Richelle Mead,0,1,"Vampires, Young Adult, Fantasy"
Random House Arrow,1,0,"Humor, Comedy, Modern"
Richard Rider,1,0,"M M Romance, BDSM, Contemporary"
Ravens' Isle Press,0,1,"Angels, Fantasy, Paranormal"
دار الجندي للنشر والتوزيع,1,0,"Poetry, Literature, Novels"
Red Wheel,1,0,"Humor, Fantasy, Folklore"
Random House Ballantine Fawcett Crest,0,1,"Mystery, Cozy Mystery, Adventure"
دار المدى للثقافة والنشر,1,0,"Politics, Literature, Nonfiction"
Red Fox Books,1,0,"Adventure, War, World War I"
Rally Point Press,0,1,"Fantasy, Young Adult, Fairy Tales"
دار الإنشاء للطباعة والنشر,1,0,"Sociology, Cultural, Nonfiction"
دار اكتب للنشر,1,0,"Novels, Romance, Romantic"
Record Research,1,0,
دار اكتب للنشر و التوزيع,1,0,"Novels, Horror, Mystery"
Rachel Morgan,0,1,"Fantasy, Young Adult, Romance"
Random House Inc (T),1,0,"Classics, Race, American"
Revelen Press,1,0,"Urban Fantasy, Fantasy, Paranormal"
Renata Suerth,0,1,Contemporary
تهران,0,1,
دار الأفق,1,0,"Self Help, Psychology, Nonfiction"
Rachel Robinson,0,1,"Romance, Military Fiction, Contemporary Romance"
دار القلم - دمشق,1,0,"History, Islam"
Rak Buku,0,1,
تهران، پیام آزادی، 1382,1,0,Religion
Rajpal and Sons,1,0,"Novels, Humor, Indian Literature"
دار القارئ العربي,1,0,"History, Philosophy"
Recorded Books Evergreen,0,1,"Fantasy, Historical Fiction, Romance"
Republika - Basmala,1,0,"Novels, Romance, Indonesian Literature"
بنگاه ترجمه و نشر کتاب,1,0,"Mythology, Literature"
Reportage Press,1,0,History
Raccoon Publisher,0,1,
Replica Books,1,0,"Classics, Russian Literature, Russia"
Repeater,1,0,
Random House TSR,1,0,"Fantasy, Forgotten Realms, Dungeons and Dragons"
بيت الأفكار,1,0,"History, Islam, Reference"
Rebis,1,0,"Fantasy, Epic Fantasy, High Fantasy"
Rambunctious Ramblings Publishing Inc.,1,0,
Raccoon Publishers,0,1,
دار التراث,1,0,
دار التدمرية,1,0,"Islam, Religion, Nonfiction"
تنوير للنشر والإعلام,1,0,"Novels, Literature, Historical Fiction"
Red Hot Reads Publishing,0,1,"Romance, Contemporary Romance, Contemporary"
Reclam Verlag,1,0,Poetry
Rachel E. Carter,0,1,"Fantasy, Young Adult, Magic"
"Reclam, Ditzingen",1,0,"German Literature, Classics, Short Stories"
Renee Carlino,0,1,"New Adult, Romance, Contemporary"
Renee Pawlish,0,1,"Horror, Fantasy, Thriller"
جرير,1,0,"Self Help, Personal Development, Business"
"Raconteur House, LLC",1,0,"Fantasy, Mystery, Urban Fantasy"
Raincoast Books,1,0,"Art, Fantasy, Romance"
Raduga Publisher,1,0,"Science Fiction, Russia, Classics"
دار الفكرالمعاصر,1,0,Novels
خاص - سوزان عليوان,1,0,Poetry
"Red Adept Publishing, LLC",0,1,"Young Adult, Contemporary, Romance"
جیحون,1,0,"Poetry, Classics, Iran"
Rags Daniels Publishing,1,0,Thriller
ثالث,1,0,"Philosophy, Religion"
Raider Publishing International,1,0,
جهانتاب,1,0,
دار الفكر العربي,1,0,"Nonfiction, Religion, Islam"
Red Adept Select,1,0,"Horror, Coming Of Age, Thriller"
Rain Press,0,1,Romance
Red Bucket Publishing,1,0,"Fantasy, Young Adult, Urban Fantasy"
Regina Duke,0,1,"Romance, Contemporary, Contemporary Romance"
Red Circle,1,0,"Japan, Japanese Literature"
RainTown Press,0,1,"Mystery, Adventure, Middle Grade"
دار الأدب الإسلامي,1,0,"Religion, History, Biography"
Recurve Press LLC,0,1,"Paranormal, Fantasy, Mystery"
دار الرسم بالكلمات,1,0,"Novels, Horror, Audiobook"
دار الرسم بالكلمات للنشر والتوزيع,1,0,"Horror, Novels, Fantasy"
Rajhans Prakashan,0,1,"Marathi, Biography, Nonfiction"
Rackham,0,1,"Feminism, Nonfiction, Graphic Novels"
Random House New Zealand,0,1,"Young Adult, Religion, Contemporary"
Red Feather Publishing,1,0,"Horror, Paranormal, Mystery"
Random House Mondadori,0,1,"Drama, Historical, China"
Relógio de Água,1,0,"Philosophy, Nonfiction, Criticism"
Random House LLC,1,0,"Romance, Young Adult, Fantasy"
دار الفرابي,1,0,
Relógio d'Água,1,0,"Language, Nonfiction, Linguistics"
"Raincoast Books, Press Gang Publishers",0,1,
Relógio D'Água Editores,0,1,"Classics, Brazil, Novels"
دار الساقي بالاشتراك مع دار البابطين للترجمة,1,0,"Science, Nonfiction"
جامی,1,0,"Poetry, Philosophy, Classics"
Raconteur House LLC,1,0,"Fantasy, Mystery, Urban Fantasy"
Reilly & Britton,1,0,"Fantasy, Classics, Childrens"
Red Corn Poppy Books,1,0,"Nonfiction, Memoir, Iran"
Red Dust,1,0,France
دار الكتب العلميه,1,0,Philosophy
Random House Children's Publishers,0,1,"Fantasy, Young Adult, Adventure"
RHUS,1,0,"Contemporary, India, Asia"
Rand Media,1,0,"Productivity, Nonfiction, Self Help"
دار الكتاب اللبناني,1,0,"Novels, School, Literature"
Reader's Digest Association,1,0,"Classics, Historical Fiction, Adventure"
RJ BLACKSTONE LTD,0,1,
"RJ Parker Publishing, Inc.",1,0,"True Crime, Nonfiction, Crime"
Rebelle Editions,1,0,"Urban Fantasy, Paranormal, Vampires"
RM-Buch-und-Medien-Vertrieb,1,0,
دار الخير,1,0,"Nonfiction, Religion, Islam"
Random House Crown Publishers,1,0,"Historical Fiction, Historical, Fantasy"
دار التنوير,1,0,"Novels, Dystopia, Literature"
"Retique It, LLC",0,1,
Random House Vintage,0,1,"Horror, Fantasy, Contemporary"
Reagent Press,1,0,
"Restoring Essence, LLC Beth Aldrich",0,1,"Thriller, Mystery Thriller, Mystery"
Reaktion Books,1,0,"Film, Art"
RL Libri,1,0,"Historical Fiction, Historical Romance, Audiobook"
انتشاراتِ فردوس,1,0,"France, Classics, Novels"
Review,1,0,"Historical Fiction, Historical, Adventure"
Red Idris Books,1,0,"Paranormal, Romance, Werewolves"
RBA Editores/Planeta,1,0,"Fantasy, Historical Fiction, Magical Realism"
Razorbill Canada,0,1,"Contemporary, Young Adult, Mental Health"
Razorbill/Penguin Group,0,1,"Young Adult, Fantasy, Horror"
دار أثر للنشر و التوزيع,1,0,Poetry
دار الشروق الدولية,1,0,"Philosophy, Psychology, Science"
Razors Edge,1,0,
RHA eBooks Adult,0,1,"Fantasy, Romance, Young Adult"
"Revell, a division of Baker Publishing Group",0,1,"Christmas, Amish, Christian Fiction"
Read Books,1,0,"Classics, Horror, Short Stories"
Regal Crest Enterprises - Yellow Rose Books,1,0,"Romance, LGBT, Lesbian"
REBO Productions,1,0,"Adventure, Classics, German Literature"
انتشاراتِ مروارید,1,0,"Poetry, Literature"
دار ابن الهيثم,1,0,"Islam, Religion, Self Help"
Random House of Canada,1,0,"Classics, Historical Fiction, Novels"
ReadHowYouWant,0,1,"Feminism, Nonfiction, Philosophy"
دار الخيال,1,0,
Rba Libros,1,0,"Psychology, Nonfiction, Short Stories"
دار التقوى,1,0,
Rebecca Elise,0,1,"Romance, Contemporary Romance, Contemporary"
Random House Delacorte,0,1,"Historical Fiction, Mystery, Young Adult"
Regency Taylor Publishing,0,1,Nonfiction
دار القلم للطباعة والنشر والتوزيع,1,0,Novels
"Random House UK, Cornerstone",0,1,"Contemporary, Chick Lit, Audiobook"
دار الراية,1,0,
Ramzy Baroody,1,0,
Rebelight Publishing Inc.,0,1,"Dystopia, Young Adult, Science Fiction"
Regal House Publishing,1,0,
Red Hot Romance,1,0,"Science Fiction, Romance, Aliens"
Rebelle,1,0,
دار القلم - دمشق ... الدار الشامية - بيروت,1,0,"Self Help, Nonfiction, Cultural"
"دار ""روافد"" للنشر والتوزيع",1,0,
Ramsey Press,1,0,"Nonfiction, Business, Personal Development"
Random House Doubleday,1,0,"Mystery, Historical Fiction, Young Adult"
"Rerum Industries, Inc.",1,0,"Contemporary Romance, Erotica, Romance"
Republika-Basmala,1,0,"Novels, Romance, Indonesian Literature"
"Republika, Pesantren Basmala",1,0,"Novels, Romance, Indonesian Literature"
دار ابن كثير,1,0,
Rand McNally,1,0,"Nonfiction, Travel, Adventure"
Real People Press,0,1,"Music, Nonfiction, Self Help"
بنفشه,1,0,"Novels, Fantasy, Childrens"
Regan Books,1,0,"Science Fiction, Thriller, German Literature"
دار السندسى للطباعة والنشر,1,0,
Random House Value Pub,0,1,"Mystery, Classics, Crime"
Random House USA Inc,1,0,"Nonfiction, Biography, Memoir"
ROH Press,1,0,"Adventure, Classics, Pirates"
دار السلام للطباعة والنشر والتوزيع والترجمة,1,0,"Philosophy, Nonfiction, Self Help"
"Rancho Publishing, LLC",0,1,"Historical Fiction, Historical"
دار الكاتب العربي للطباعة والنشر,1,0,"Philosophy, Religion, Nonfiction"
Random House Del Ray,1,0,"Fantasy, Epic Fantasy, High Fantasy"
Ra Jones Publishing,1,0,"Zombies, Short Stories, Horror"
"Random House UK, Limited",0,1,
دار أثر,1,0,"Short Stories, Historical Fiction, Novels"
Resplendence Publishing,1,0,"BDSM, M M Romance, Shapeshifters"
"Resource Publications, an Imprint of Wipf and Stock Publishers",0,1,
Rerum Publishing House,1,0,"Romance, Contemporary Romance, Contemporary"
Reganson Cartoon Books,1,0,"Nonfiction, Nature, Humor"
Real ePublisher & Giancarlo Rossini,1,0,
نغمه,0,1,"Poetry, Philosophy, Literature"
PenForASword,1,0,"Fantasy, Romance, Historical Fiction"
نقش و نگار,1,0,"Short Stories, Humor, Comedy"
Pen-L Publishing,0,1,
نهضة مصر للنشر,1,0,"Politics, Nonfiction, History"
نور و نار,1,0,
نوفا بلس للنشر,1,0,"Novels, Short Stories"
Pen,0,1,
Pelican Publishing Company,1,0,"Classics, Christian, Christian Fiction"
Pelgrave Macmillan,0,1,"Classics, Romance, Literature"
"Plaza & Janés, S.A.",1,0,"Fantasy, Science Fiction, Short Stories"
Pekan Ilmu,1,0,
Peirene Press Ltd,0,1,"France, Contemporary, Literary Fiction"
Pegasus Yayınları,1,0,"Psychology, Contemporary, France"
نون للنشر والتوزيع,1,0,"Novels, Romance, Spirituality"
Pegasus Elliot Mackenzie,0,1,"Memoir, Nonfiction"
Pegasus Elliot MacKenzie Publishers,1,0,Historical Fiction
نيلوفر,1,0,"Novels, Iran, Literature"
Pedlar Press,0,1,"Canada, Adult Fiction, Mental Illness"
Pearson Longman,1,0,"Classics, Literature, 19th Century"
نگاه معاصر، 1392,1,0,
Peking; Foreign Language Press,1,0,"Politics, Philosophy, Nonfiction"
Penguin (NZ),1,0,"Fantasy, Young Adult, Historical Fiction"
Penguin (Business),1,0,"Nonfiction, Business, Psychology"
نشر صادق هدایت,1,0,"Short Stories, Novels, Literature"
Penerbitan Karya Seni Sdn Bhd,1,0,"Novels, Love"
Penerbitan Kaki Novel Sdn Bhd,0,1,
Penerbit Salsabila,1,0,
Penerbit Qanita,1,0,"Nonfiction, Psychology, Memoir"
Penerbit Pena,1,0,"Islam, Religion, Nonfiction"
نشر نیماژ,1,0,Poetry
Penerbit Nuansa Cendekia,1,0,"Indonesian Literature, Novels, Philosophy"
Pena Pundi Aksara,1,0,"Islam, Nonfiction, Biography"
Penerbit Matahati,1,0,"Fantasy, Historical Fiction, Japan"
نشر چشمه,1,0,"Novels, Literature, Unfinished"
نشر کارنامه,1,0,"Novels, Short Stories, Poetry"
نشر کتاب / آمریکا,1,0,"Novels, Literature, Iran"
Penerbit Goodfaith Production,1,0,"Science Fiction, Indonesian Literature"
Penerbit Atria,0,1,"Childrens, Classics, Juvenile"
Penelope Sky,0,1,"Romance, Dark, Contemporary"
نشرِ مرکز,0,1,"Novels, Iran, Literature"
Pendragon,1,0,"Historical Fiction, Espionage, War"
Pendo,0,1,
"Pencil To Paper Publishing, Inc.",1,0,
Penerbit Mizan,0,1,Novels
وزارة الثقافة والإعلام بالسعودية - المجلة العربية,1,0,"Economics, China"
Partridge Publishing Africa,1,0,
Partridge Publishing,1,0,"Epic, Fantasy, Novels"
وزارة الشؤون الإسلامية للأوقاف والدعوة والإرشاد,1,0,"Islam, Religion, Nonfiction"
پارسایان,1,0,"Literature, Religion, Islam"
Parti Pris,1,0,
Parthian Books,1,0,
کانون معرفت,1,0,
Parthenon Publishing House,1,0,"Fantasy, Mythology, Middle Grade"
Parsel Publishing,1,0,
Pearson Education,1,0,
کانون پرورش فکری کودکان و نوجوانان,1,0,Childrens
Parragon Inc,1,0,"True Crime, Nonfiction, History"
Parragon Books Ltd,0,1,"Fantasy, Young Adult, Middle Grade"
Parragon Book Service Ltd,0,1,"Fantasy, Young Adult, Middle Grade"
کتاب زمان,1,0,"Short Stories, France, French Literature"
Parliament Publishers,1,0,Poetry
Park Street Press,1,0,"Nonfiction, Classics, Sexuality"
Parfitt Publishing,1,0,"Thriller, Crime, Mystery"
Parent-Wise Solutions,1,0,"Parenting, Nonfiction, Self Help"
Parchure Prakashan Mandir,1,0,"Marathi, Biography, History"
کتاب نیستان,1,0,Politics
Parragon Plus,0,1,
"Pearl Publishing, LLC",1,0,Thriller
نگاه، 1382,1,0,Poetry
Peachstone Publications,1,0,
Paz e Terra,1,0,"History, Nonfiction, Economics"
Payella Pty,1,0,Mystery Thriller
نیلوفر، جامی,1,0,"Novels, France, Classics"
هادف للنشر والتوزيع,1,0,
Payback Press,1,0,"African American, Literary Fiction, Novels"
Payback Pr,1,0,"Nonfiction, Biography, Memoir"
Paw Prints,1,0,"Fantasy, Forgotten Realms, Dungeons and Dragons"
Partridge Publishing India,1,0,
Paul Hodson Publishing,1,0,
Paul Carter,1,0,
Patriarchy Press,1,0,"Nonfiction, Humor"
وزارة التربية و التعليم - قطاع الكتب - مصر,1,0,"School, Islam, Inspirational"
Patheos Press,1,0,"Theology, Christianity, Nonfiction"
Passionista Publishing,0,1,"Self Help, Business, Nonfiction"
وزارة الثقافة و الإرشاد القومي,1,0,"Plays, American, Drama"
Paseka,1,0,"Czech Literature, Childrens, Fantasy"
Paruko Entateinmento Jigyōkyoku,1,0,
Partridge Singapore,1,0,"Humor, True Story, Nonfiction"
Partridge Publishing Singapore,1,0,
هيئة أبوظبي للثقافة والتراث - كلمة,1,0,"Poetry, Literature, 20th Century"
Penguin ROC,1,0,"Fantasy, Urban Fantasy, Mystery"
Penguin Putnam~mass,1,0,Science Fiction
Penguin Putnam Puffin,0,1,"Fantasy, Historical Fiction, Young Adult"
Penguin Putnam Firebird,0,1,"Fantasy, Arthurian, Young Adult"
مكتبة الآداب,1,0,Short Stories
Penguin Publishing,0,1,"BDSM, Erotica, Romance"
Penguin Press/Penguin Group (USA) Inc.,1,0,"History, Nonfiction, Politics"
مكتبة الآداب للطباعة والنشر والتوزيع,1,0,"Poetry, Plays, Theatre"
مكتبة التراث الاسلامى,1,0,"Islam, Religion, Inspirational"
مكتبة الخانجي,1,0,Novels
"Penguin (USA) Inc,",0,1,"Mystery, Thriller, Suspense"
مكتبة الصابونى,1,0,"Religion, Islam"
Penguin MD,1,0,"History, Nonfiction, Essays"
Penguin Longman Readers,1,0,"Historical Fiction, Romance, Historical"
مكتبة العلوم والحكم,1,0,"Religion, History, Islam"
Penguin Group(CA),1,0,"Humor, Classics, Comedy"
مكتبة النافذة,1,0,
Penguin Group Viking Adult,1,0,"Fantasy, Dystopia, Science Fiction"
مكتبة لبنان ناشرون,1,0,Novels
Penguin Group USA Inc.,0,1,"Vampires, Young Adult, Paranormal"
مكتبة مصر للمطبوعات,1,0,
Penguin Group NAL Trade,0,1,"Urban Fantasy, Vampires, Paranormal"
Penguin New American Library,0,1,"Vampires, Young Adult, Paranormal"
Penniman Publishing Co.,1,0,
Penn State University Press,0,1,"Nonfiction, Essays, History"
Penmore Press LLC,0,1,"Novels, Historical Fiction, Drama"
Penguin/Twentieth Century Classics,1,0,"Classics, Espionage, Literature"
Penguin/HighBridge Audio,1,0,"Horror, Science Fiction, Thriller"
مركز الناقد الثقافي,1,0,
مركز تكوين للدراسات والأبحاث,1,0,
مركز عبد الرحمن بدوي,1,0,Philosophy
Penguin Young Readers Group Philomel,1,0,"Science Fiction, Adventure, Young Adult"
Penguin Young Readers Group,1,0,"Young Adult, Romance, Fantasy"
مكتبة أم القرى,1,0,
Penguin USA/Penguin eSpecials,1,0,"Paranormal, Paranormal Romance, Shapeshifters"
Penguin USA (P),1,0,"Childrens, Classics, Fantasy"
مسكيلياني للنشر والتوزيع,1,0,"Classics, Novels, Childrens"
مشروع صبا الصوت,1,0,"Poetry, Nonfiction, Egypt"
Penguin Signet,1,0,"Horror, Fantasy, Thriller"
Penguin Roc,1,0,"Fantasy, Classics, Young Adult"
مطبعة المدني,1,0,"Literature, Nonfiction, Poetry"
Penguin Readers,0,1,"Mystery, Short Stories, Crime"
Penguin Random House India,0,1,India
معین,1,0,"Childrens, Novels"
Penguin Random House Australia,1,0,Young Adult
مرواريد,1,0,"Poetry, Literature"
Penguin Books UK,0,1,"Classics, Humor, Novels"
موزاييك للنشر والتوزيع,1,0,"Novels, Literature, Social"
Penguin Books Ltd. (London),1,0,"History, Nonfiction, Science"
موسسه‌ی انتشارات نگاه,1,0,"Poetry, Literature, Collections"
ن للنشر والتوزيع,1,0,"Horror, Novels, Crime"
نادي القصة,1,0,
نخستین,1,0,"Poetry, Literature, German Literature"
Penguin Books Australia Ltd.,1,0,"Historical Fiction, Africa, South Africa"
Penguin Books /Penguin Classics,1,0,"Classics, Historical Fiction, Adventure"
نشر إلكتروني,1,0,"Romance, Novels, Romantic"
Penguin Group Inc.,0,1,"Young Adult, Romance, Contemporary"
نشر اشرافیه مهدویه,1,0,"Poetry, Islam, Philosophy"
نشر افق,1,0,"Horror, Novels"
Penguin Books (NYC),0,1,"History, Nonfiction, Science"
نشر باران، سوئد,1,0,"Novels, Literature, Iran"
Penguin Books (NY),1,0,"Nonfiction, History, War"
Penguin Books (London),1,0,"History, Nonfiction, Politics"
Penguin Book Limited,1,0,"Russia, Classics, Russian Literature"
Penguin Australia/Viking,0,1,"Young Adult, Contemporary, Romance"
نشر خاص,1,0,"Novels, Romance, Poetry"
نشر دیگر,1,0,"Latin American, Literature, Novels"
Penguin Adult HC/TR,1,0,"Nonfiction, Humor, Self Help"
Penguin Books (Penguin Classics),1,0,"Travel, Nonfiction, Classics"
منتدى المعارف,1,0,"Novels, Literature"
Penguin Group DAW,1,0,"Fantasy, Epic Fantasy, High Fantasy"
Penguin Group Australia,1,0,"Fantasy, Romance, LGBT"
Penguin Group (USA) LLC,0,1,"New Adult, Romance, Contemporary"
Penguin Group (USA) Incorporated,0,1,"Chick Lit, Humor, Romance"
منتديات العز الثقافية,1,0,
Penguin Group (CA),1,0,"China, History, Biography"
Penguin Group (Australia),1,0,"Young Adult, Time Travel, Science Fiction"
منشورات القاسمي,1,0,
Penguin Compass,1,0,"Mythology, Nonfiction, Philosophy"
Penguin Books USA Inc.,1,0,"Nonfiction, Memoir, Biography"
Penguin Classics Deluxe Editions,1,0,"Classics, Historical Fiction, War"
Penguin Classics Deluxe Edition,1,0,"Short Stories, Classics, Literature"
منشورات المكتبة العصرية,1,0,"Biography, Nonfiction, Autobiography"
Penguin Classics Companhia das Letras,1,0,"Classics, Literature, Short Stories"
منشورات مدونة نينار,1,0,"Nonfiction, Psychology, Sociology"
Penguin Classic,1,0,
منشورات مدينة الشارقة للخدمات الإنسانية,1,0,History
Penguin Books/Penguin Random House,1,0,"Fantasy, Mystery, Paranormal"
Penguin Books/Penguin Group (USA) Inc.,1,0,"Nonfiction, Memoir, Biography"
Penguin Books/Penguin Classics,1,0,"Classics, Poetry, Literature"
موتيفيت للنشر,1,0,"Biography, Nonfiction, Autobiography"
منشورات المتوسط,0,1,"History, Nonfiction, Memoir"
Ozler Aykan Tanitim ve Iletisim Hizmetleri,1,0,"Music, Biography, Nonfiction"
Ozark Society,0,1,
"Ozark Press, LLC",1,0,"Nonfiction, Politics, Reference"
Oz Books,1,0,"Paranormal, Fantasy, Romance"
Oxley Durchville Publishing,1,0,
Oxford Village Press,1,0,"Education, History, Nonfiction"
"Oxford University Press, India",1,0,"Nonfiction, Adventure, India"
Oxford Univ Pr (T),1,0,"Science, Nonfiction, Physics"
Owlkids Books,0,1,"Holocaust, Nonfiction, World War II"
Owlkids,0,1,"Picture Books, Cats, Childrens"
گلگشت,1,0,"Biography, Sports, Football"
Owl Books (Henry Holt),0,1,"Nonfiction, Sociology, Politics"
আফসার বাদ্রার্স,1,0,"Novels, Romance, Drama"
Oversteps Books,1,0,"Novels, Drama, Contemporary"
Overlook Duckworth,1,0,"Fantasy, Animals, Classics"
Overlook Connection Press,1,0,"Horror, Thriller, Splatterpunk"
Oveja Negra,1,0,"Romance, Drama"
Outskirtspress,1,0,
"Outskirts Press, Inc",0,1,Poetry
জ্ঞানকোষ,1,0,"Adventure, Science Fiction, Thriller"
দে'জ পাবলিশিং,1,0,"History, Nonfiction"
Owl Publishing Company,1,0,"Southern, Southern Gothic, Crime"
5 Prince Publishing and Books LLC,0,1,"Romance, Mystery, Suspense"
PSH Publishing,1,0,"Romance, Contemporary Romance, Contemporary"
PS Publishing,1,0,"Steampunk, Fantasy, Alternate History"
PROTIK,1,0,"Romance, Drama, Novels"
PRO,1,0,
POWER of ONE,0,1,
PML Ediciones,0,1,
5 Spot Pub,0,1,"Chick Lit, Romance, Contemporary"
"PM Moon Publishers, Limited",1,0,
PLON,1,0,
P&K,1,0,"American, Childrens, Young Adult"
PICTURE LIONS,1,0,"Childrens, Picture Books, Poetry"
"PDMI Publishing, LLC",0,1,"Romance, Paranormal, Young Adult"
PASADO Y PRESENTE,1,0,"History, Nonfiction, Religion"
PARTRIDGE PUBLISHING INDIA,1,0,
529 Publishing,1,0,"Mental Health, Mental Illness"
PANTHER Granada Publishing,1,0,"Historical Fiction, War, China"
PAN,0,1,"Young Adult, Dystopia, Science Fiction"
P. Zsolnay,1,0,
P. Picquier,1,0,Japan
P. J. Daniels,1,0,
5Prince Books,0,1,"Romance, New Adult, Music"
"PING!!!, Diva Press",1,0,
Orion Publishing Ltd,1,0,"Thriller, Roman"
লালমাটি,1,0,"Adventure, Memoir"
সন্ধানী প্রকাশনী,1,0,"Classics, Novels, Romance"
সময় প্রকাশন,1,0,"Novels, Bangladesh, Drama"
সময় প্রকাশন,1,0,"Science Fiction, Thriller, Young Adult"
সাহস,0,1,
সাহিত্য প্রকাশ,1,0,Novels
உயிர்மை பதிப்பகம்,1,0,"Indian Literature, Novels"
Orion Pub Co,1,0,"Thriller, Espionage, Mystery"
Orion Pr,1,0,
দে’জ পাবলিশিং,1,0,"Romance, Novels"
உயிர்மை பதிப்பகம் (Uyirmmai Pathippagam),1,0,
எதிர் வெளியீடு,1,0,
Orion Children’s Books,0,1,"Fantasy, Middle Grade, Young Adult"
Orion Childrens Books,0,1,"Fantasy, Young Adult, Adventure"
சந்தியா பதிப்பகம் (Sandhya Pathippagam),1,0,
Orion Children's Books (an Imprint of The Orion Publishing Group Ltd ),1,0,"Philosophy, Young Adult, Fantasy"
தமிழினி,1,0,
Orion Children's,1,0,"Young Adult, Mystery, Contemporary"
"Orion Books Ltd., London",1,0,"Comics, Graphic Novels, Bande Dessinée"
மீனாட்சி புத்தக நிலையம்,1,0,"Novels, India, M M Romance"
Orion Books Ltd.,1,0,"Crime, Thriller, Horror"
Orion Paperbacks,1,0,"Mystery, Thriller, Crime"
Outer Hebrides Press,0,1,
Ott Verlag,1,0,
Otherworld Verlag,0,1,"Fantasy, Angels"
Otherworld Publications LLC,1,0,"Paranormal, Horror, Ghosts"
Otherworld,0,1,
নান্দনিক,1,0,"Humor, Bangladesh"
"""Puffin""",0,1,"Horses, Historical Fiction, Childrens"
নির্মল বুক এজেন্সী,1,0,
Other India Press,1,0,"Nonfiction, Gardening, Philosophy"
পার্ল পাবলিকেশন্স,1,0,Comedy
Orion Society,1,0,"Essays, Nonfiction, Politics"
Otero Ediciones,1,0,"Historical Fiction, Spain, Spanish Literature"
Otep Shamaya,1,0,"Poetry, LGBT, Biography"
Otbebookpublishing,0,1,"Classics, Childrens, Chapter Books"
Ostara Publications,1,0,"History, Politics, Nonfiction"
Osprey Publishing,1,0,"History, Japan, Nonfiction"
Osiris Kiadó,1,0,"Hungarian Literature, Classics, Read For School"
Osho Media,1,0,"Spirituality, Buddhism, Religion"
বিশ্বসাহিত্য কেন্দ্র,0,1,"Russia, Classics, Childrens"
Orion publishing group,1,0,"Thriller, Mystery, Horror"
Orion mass market paperback,0,1,"Historical Fiction, Sweden, Roman"
Orion UK,1,0,"Classics, Noir, Mystery"
পুনশ্চ,1,0,Nonfiction
PanMacmillan,1,0,"Science Fiction, Space Opera, Audiobook"
Pan McMillan Australia,0,1,
অবসর প্রকাশনা,1,0,"Romance, Novels, Drama"
Pan Macmillian,0,1,"Chick Lit, Romance, Contemporary"
Pan Macmillan UK,1,0,"Horror, Short Stories, Classics"
Pan Macmillan South Africa,0,1,"Historical Fiction, Book Club, Family"
Pan Macmillan Children's,0,1,"Fantasy, Young Adult, Middle Grade"
অবসর প্রকাশনী,1,0,"Mystery, Horror, Novels"
Pan Classic Crime,1,0,"Mystery, Crime, Detective"
Pan Childrens,0,1,"Young Adult, Romance, Contemporary"
PT Bentang Pustaka,0,1,Indonesian Literature
আনন্দ পাবলিশার্স / Ananda Publishers,1,0,Novels
14 WORD PRESS,1,0,"Philosophy, Politics, Nonfiction"
1st Book Library,0,1,
Pan Books (Macmillan),1,0,"Science Fiction, Fantasy, Science Fiction Fantasy"
2.13.61 Publications,1,0,Short Stories
2000 AD Books,1,0,"Comics, Graphic Novels, Science Fiction"
Pamela Ulu Essien,0,1,
Pamela Dorman Books / Viking,1,0,"Contemporary, Audiobook, Adult"
Pamela Ann Books,0,1,"Romance, New Adult, Contemporary Romance"
Pamela Ann,0,1,"Romance, New Adult, Contemporary"
Pamala J Johnson,0,1,
Pan Books Limited,1,0,"Science Fiction, Fantasy, Science Fiction Fantasy"
Paragon House Publishers,1,0,"Biography, Science"
Parag Prakashan,1,0,Indian Literature
Paradox Publishing,1,0,"Thriller, Mystery, Adventure"
Paradox,0,1,Paranormal
"Paradise Press, Inc.",1,0,"Horror, Middle Grade, Childrens"
Paraclete Press (MA),1,0,"Poetry, Classics, Christianity"
یدالله کابلی خوانساری؛ 1371,1,0,
Paraclete Press,1,0,"Christianity, Nonfiction, New Adult"
Papoti Books,1,0,"New Adult, Romance, Contemporary"
Papirus,1,0,
PanMacmillan Australia,1,0,"Chick Lit, Contemporary, Romance"
Paper Rocket,0,1,"Fantasy, Young Adult, Retellings"
Paper Newt,1,0,"Humor, Comedy, Fantasy"
Paper Airplanes Publishing,1,0,"Fantasy, Adventure, Science Fiction"
राजकमल प्रकाशन,1,0,"Essays, Short Stories"
Pantala Press,0,1,"Steampunk, Fantasy"
Panoma Press,0,1,
Panini Comics España (Marvel Comics),1,0,"Comics, Graphic Novels, Marvel"
Panini Comics - Planet Manga,0,1,"Manga, Romance, Graphic Novels"
Panini,1,0,"Comics, Graphic Novels"
Pangea,0,1,
Panagiota Kalofolia,1,0,"Mystery, Romance, Romantic Suspense"
Papierverzierer Verlag,0,1,
Page Publishing,1,0,
Pacific Presss Publishing Association,0,1,"Christian, Religion, Spirituality"
4 Corners Press,0,1,"Witches, Paranormal, Paranormal Romance"
418,0,1,"Magical Realism, Fantasy, Literary Fiction"
Pacific Media,1,0,"History, Education, Nonfiction"
PTS Publications & Distributors,1,0,Novels
PTS One Sdn Bhd,1,0,
42 Bookz Galaxy,0,1,
PTS Millennia Sdn Bhd,1,0,
451 Editores,1,0,
"""Berkley""",0,1,"Star Wars, Science Fiction, Fantasy"
PT. Gramedia Majalah (M&C),1,0,"Manga, Komik, Comics"
PT Lingkar Pena Kreativa,1,0,
PT Kedaulatan Rakyat Yogyakarta,1,0,Novels
PT Intisari Mediatama,0,1,
PT Gramedia Pustaka utama,0,1,"Fantasy, Historical Fiction, Magic"
PT Gramedia,1,0,"Novels, Indonesian Literature, Historical Fiction"
4rv Publishing LLC,0,1,
4th Estate - AU,1,0,
5 Prince Publishing,0,1,"Romance, Contemporary Romance, Contemporary"
PT Dunia Pustaka Jaya,1,0,Indonesian Literature
PT Dana Bhakti Prima Yasa,1,0,
PTS,1,0,
Pam Godwin,0,1,"Dark, BDSM, Romance"
Palmer Press,1,0,
Palimpsest Publishing House,1,0,
2013,1,0,
21st Street Urban Editing & Publishing,1,0,
Palala Press,0,1,
23 House,0,1,"Paranormal, Fantasy, Thriller"
Paladin,0,1,"Literature, Novels, Nobel Prize"
Pakti,1,0,"Albanian Literature, Classics"
24/7.365,1,0,
Page Publishing Inc,1,0,"Science Fiction, Thriller"
Painted Dog Publishing,1,0,
Paige Weaver LLC,1,0,"New Adult, Romance, Contemporary Romance"
310 Publishing,0,1,
Paige Weaver,1,0,"Romance, New Adult, Dystopia"
"Paige Press, LLC",1,0,"Romance, Contemporary Romance, Contemporary"
323 Books,1,0,"Thriller, Horror, Science Fiction"
Paige P. Horne,1,0,"Romance, Contemporary Romance"
Paidós,1,0,"Nonfiction, Science, Nature"
37 Ink,1,0,"Nonfiction, History, Memoir"
Pages Publishing Group,1,0,Young Adult
"Page Publishing, Inc.",1,0,
Painted Egg Press,1,0,Coming Of Age
Princeton Architectural Press,1,0,"Nonfiction, Animals, Photography"
"Prince Frederick, MD, [Boulder, Colo Recorded Books",1,0,"History, Nonfiction, Audiobook"
Primedia E-launch LLC,0,1,Fantasy
Prime Books,0,1,"Fantasy, Finnish Literature, Science Fiction"
دار ن للنشر والتوزيع,1,0,"Novels, Horror"
دار وحي القلم,1,0,Short Stories
Pretty Little Weeds Publishing,0,1,Fantasy
Prestwick House - (Literary Touchstone Classic),1,0,"Classics, Plays, Drama"
دار ورد للنشر و التوزيع,1,0,"History, Morocco, Biography"
Prestwick House,1,0,"Classics, Plays, Drama"
Pennsylvania State University Press,1,0,"Philosophy, Biography, Nonfiction"
Presses pocket,1,0,"Science Fiction, Fantasy, Science Fiction Fantasy"
دار ومطابع المستقبل,1,0,"Novels, Literature"
Presses de la cité,1,0,"Russia, Detective, Mystery"
Presses de la Renaissance,1,0,"Islam, Religion, Science"
Presses de la Cité,1,0,"Horror, Thriller, Historical Fiction"
Presse de la Cité,0,1,"Chick Lit, Romance, Contemporary"
Press Here,1,0,
Press Gang Publishers,1,0,"Queer, Mental Health, Novels"
Presence Africaine,1,0,"Poetry, France, Classics"
دار وهج الحياة للنشر,1,0,"Poetry, Nonfiction, Literature"
Prestel,1,0,"Art, Fantasy, Science Fiction"
Prosveta,1,0,"Poetry, Classics, Serbian Literature"
Prosochi,0,1,Steampunk
Pronoia,1,0,
Promontory Press,1,0,Historical Fiction
دار كيان للنشر والتوزيع,1,0,Novels
Prometheus Amsterdam,1,0,"Dutch Literature, Literature, Novels"
دار ليلى - كيان كورب,1,0,Novels
"Prometej, Novi Sad",1,0,"Novels, Serbian Literature"
Projecto Adamastor,0,1,"Poetry, Portuguese Literature"
Progressive Rising Phoenix Press,1,0,
"Princeton University Press (Princeton, NJ)",1,0,"Philosophy, Psychology, Politics"
Progress Publishers,0,1,"Nonfiction, History, War"
Profile Books Ltd,0,1,"Nonfiction, History, Memoir"
Professional Press (NC),1,0,Classics
Produzioni Nero,1,0,"Politics, Nonfiction, Philosophy"
دار مدارك,1,0,"Nonfiction, Philosophy, Self Help"
دار مصر للطباعة,1,0,"Poetry, Plays, Classics"
دار مير للطباعة والنشر - موسكو,1,0,"Science, Physics, Nonfiction"
Process,1,0,"Memoir, Nonfiction, Biography"
دار ميريت للنشر,1,0,"Poetry, Egypt, Literature"
ProQuest,1,0,"Psychology, Nonfiction, Philosophy"
Pro-U Media,1,0,"Islam, Religion, Indonesian Literature"
Progress Publishers - Moscow,1,0,Russia
روزگار نو,1,0,"Art, Nonfiction, Philosophy"
Post Hill Press,1,0,"Magical Realism, Fantasy"
Possibilities Publishing,0,1,Nonfiction
Portrait,1,0,"Historical Fiction, Roman, Holocaust"
Portobello Books Ltd,1,0,"Food, Nonfiction, Economics"
Portobello,0,1,"Germany, German Literature, Contemporary"
ساقی,1,0,"Film, Nonfiction"
سبارك للنشر و التوزيع,1,0,
سبارك للنشر والتوزيع,1,0,"Short Stories, Horror, Novels"
سروش,1,0,"Photography, Art, Nonfiction"
دار يعرب,1,0,"History, Sociology, Nonfiction"
سفير الدولية للنشر,1,0,
Portavoz,1,0,
Portal Books,1,0,"Fantasy, Science Fiction, Magic"
سلسلة عالم المعرفة,0,1,"Philosophy, Feminism, Science"
سپیده باوران,1,0,
شرقيات، التنوير,1,0,"Poetry, Nonfiction, Egypt"
Porrua,1,0,"Classics, Philosophy, Literature"
Popular Press 1,1,0,Nonfiction
Popular Prakashan,1,0,"Marathi, Classics, Drama"
Poppy/Little Brown,0,1,"Young Adult, Romance, Contemporary"
Poppy Books,0,1,"Young Adult, Chick Lit, Middle Grade"
Portmanteau Press LLC,1,0,"Fantasy, Humor, Young Adult"
Premedia,1,0,"Humor, Scandinavian Literature, Contemporary"
دارك للنشر والتوزيع,1,0,"Horror, Fantasy, Thriller"
Prelude Press,1,0,Reference
دارك مدارك للنشر,1,0,"Self Help, Nonfiction, Inspirational"
Pre-Textos,1,0,"Polish Literature, Poland, Historical Fiction"
دارينوش,1,0,Poetry
دليل ما,1,0,
Pratik Prakashoni,1,0,"Mystery, Horror"
Prairie Rose Publications,0,1,Historical
Pragmatic Bookshelf,1,0,"Programming, Technology, Software"
روزنه کار,1,0,"Short Stories, Literature"
Ppb Press,1,0,
دنیای کتاب,0,1,"Novels, Romance, Classics"
Pozitif Yayınları,1,0,"History, Turkish Literature, Turkish"
راوی مهر,1,0,"Poetry, Literature, Womens"
Pozitif Yayincilik,1,0,
Power Publishers,1,0,
روايات الهلال,1,0,"Novels, Literature"
روایت فتح,1,0,"Short Stories, Biography, Memoir"
Power Publications,1,0,"Leadership, Business"
Pottermore from J.K. Rowling,1,0,"Fantasy, Young Adult, Plays"
روزنه,1,0,"Comics, Humor"
Pradnya Paramita,1,0,"Adventure, Westerns, German Literature"
Putnam Juvenile/G.P. Putnam's Sons/Penguin Young Readers Group,1,0,"Historical Fiction, Adventure, Young Adult"
دار الوطن للنشر والاعلام,1,0,
دار الولاء للطباعة والنشر والتوزيع,1,0,Philosophy
Pustaka Republika,1,0,
Pustaka Pesantren,1,0,
Pustaka Merdeka,1,0,
دار بحوث الشرق الأوسط الأمريكية,1,0,"Politics, Biography, History"
Pustaka Matahari,1,0,Nonfiction
دار بداية,1,0,"Self Help, Human Development, Nonfiction"
Pustaka LP3ES Indonesia,1,0,"Nonfiction, Biography, Indonesian Literature"
Prószyński i S-ka,1,0,"Polish Literature, Classics, School"
دار بصمة,1,0,"Novels, Literature, Historical Fiction"
دار بلومزبرى للنشر - مؤسسة قطر للنشر,1,0,"Poetry, Literature, Egypt"
Pustaka Islam,1,0,"Poetry, Philosophy, Islam"
Pustaka Heron,0,1,"Romance, Novels, Indonesian Literature"
Pustaka Dini,1,0,"Novels, Indonesian Literature, Romance"
Pustaka Azam,1,0,
Pustaka Antara,1,0,"Indonesian Literature, Asia, Novels"
Pustaka Alvabet,1,0,"History, Nonfiction, Biography"
Pustaka Alkautsar,1,0,Islam
Pustaka Al Kautsar,1,0,"Nonfiction, History, Islam"
دار بلومزبري,1,0,"Novels, Audiobook, Latin American Literature"
Pustaka Kautsar,1,0,
Quasis Uitgevers,1,0,Fantasy
دار المنارة للنشر والتوزيع,1,0,Novels
Quartet Books (UK),0,1,"Africa, Algeria, Historical Fiction"
Quartet Books,1,0,"Nonfiction, History, Spanish Literature"
Quartet,1,0,"German Literature, Classics, Literature"
دار المنتخب العربي,1,0,
دار النعيم,1,0,Religion
Quantum Embodiment Publications; 1 edition,1,0,
Quality Classics,1,0,"Biography, Christian, Prayer"
Quadessence Solutions,0,1,"Mystery, Suspense, Romance"
دار الورّاق,1,0,"Philosophy, Psychology, Nonfiction"
دار النوادر www.daralnawader.com,1,0,"Religion, Philosophy"
QEB Publishing,0,1,
"Q Publications, Durban, South Africa",1,0,
Q,0,1,Roman
دار الهدى للنشر والتوزيع,1,0,
Päike ja pilv,0,1,
Páginas de espuma,1,0,"Short Stories, Classics, Russia"
Pygmalion,0,1,"Contemporary, France, Roman"
Putnam adult,0,1,"Nonfiction, Memoir, Biography"
دار الهلال-دار الآداب,1,0,"Novels, Egypt, Literature"
دار الوراق للنشر,1,0,"Philosophy, Nonfiction, Sociology"
Qisthi Press,1,0,
دار طوى للنشر والإعلام,1,0,
Puerto de Escape,1,0,
دار طويق للنشر والتوزيع,1,0,
Puddledancer Press,1,0,"Nonfiction, Psychology, Self Help"
Puck,0,1,"Young Adult, Romance, Contemporary"
Pubone.Info,1,0,"France, Classics, French Literature"
"Publisher: Telemachus Press, LLC (June 27, 2013)",1,0,"Nonfiction, Health, Fitness"
"Publisher: Best Seller Success https://BestSellerSuccess.com (February 12, 2020)",0,1,
دار طيبة للنشر والتوزيع,1,0,
دار علاء الدين,1,0,"Mythology, Religion, History"
دار تويا للنشر,1,0,"Psychology, Self Help, Nonfiction"
دار علاء الدين - دمشق,1,0,"History, Religion, Mythology"
Publick Media Publishing,1,0,"Novels, Psychology"
دار علاء الدين للنشر - دمشق,1,0,"Mythology, Religion, History"
Publications International,1,0,"Christmas, Childrens"
Publications Circulations LLC,0,1,"Fantasy, Paranormal, Angels"
دار غريب للطباعة و النشر و التوزيع,1,0,"Poetry, Literature, Plays"
دار قدمس,1,0,"Psychology, Nonfiction, Sociology"
Publicacoes Europa-America,1,0,"Poetry, Portuguese Literature, Classics"
دار كلمات,1,0,"Novels, Feminism, Inspirational"
دار كوفان للنشر,1,0,"History, Sociology, Nonfiction"
Pt. Putra Bangsa,0,1,"Novels, Romance, Adventure"
Publish Green,0,1,
Pustak Mahal (Cedar Books),1,0,"Romance, Love"
دار دايموند بوك,1,0,"Novels, Short Stories, Mystery"
Puspa Swara,1,0,"Romance, Young Adult, Teen"
دار دون للنشر و التوزيع,1,0,"Nonfiction, Philosophy, Essays"
دار دوّن,1,0,"Biography, Religion, Politics"
دار دَوّن,1,0,"Romance, Novels"
دار رواق للنشر والتوزيع,1,0,"Novels, Short Stories, Audiobook"
دار رواية للنشر والتوزيع,1,0,
Purposeful Publishing,1,0,"Business, Entrepreneurship, Management"
دار سما للنشر والتوزيع,1,0,"Horror, Novels, Short Stories"
Puffin Bks,0,1,"Fantasy, Childrens, Magic"
Purandare Prakashan,1,0,"Marathi, History, Biography"
Punk & Sussy Publications,0,1,"Romance, Short Stories"
دار صادر - بيروت,0,1,"History, Islam, Religion"
دار صفصافة للنشر والتوزيع,0,1,German Literature
Punch Out Publishing,0,1,
Pulse,1,0,
Pulpless.com,1,0,"Politics, Science Fiction, Economics"
دار طارق للنشر,1,0,"Biography, Politics, Morocco"
Puffin/McDonald's,1,0,
Puffin Canada,1,0,"Young Adult, Canada, Childrens"
Puffin Books (US/CAN),1,0,"Classics, Young Adult, School"
Pure Vision Communications,1,0,Amazon
Pierre Tisseyre,1,0,"Canada, Canadian Literature, France"
Pier's Court Press,0,1,"Historical Fiction, Suspense, Thriller"
Piemme Junior,1,0,"Childrens, Humor, Spanish Literature"
Picture Window Books,1,0,"Childrens, Picture Books, Kids"
Picture Lions,0,1,"Picture Books, Childrens, Animals"
Picquier,1,0,"Japan, Travel, Graphic Novels"
"Piccadilly,",0,1,"Young Adult, Romance, Chick Lit"
مؤسسة الأبحاث العربية,1,0,"Short Stories, Novels, Politics"
مؤسسة الأهرام,1,0,"Politics, History"
مؤسسة الإسلام اليوم للنشر,1,0,"Self Help, Nonfiction, Psychology"
Poppy / Hachette Book Group,0,1,"Young Adult, Contemporary, Romance"
"Piatkus, London",1,0,"Mystery, Romance, Crime"
مؤسسة الإنتشار العربي,1,0,
Phébus,1,0,"Classics, Religion, Literature"
مؤسسة الانتشار العربي,1,0,
Phyllis Bruce Books Perennial,1,0,"Canada, Contemporary, Historical Fiction"
Phoenix Publishing,1,0,"Mystery, Legal Thriller, Thriller"
Philomel Penguin Young Readers,0,1,"Mystery, Historical Fiction, Young Adult"
مؤسسة الريان للطباعة والنشر والتوزيع,1,0,"Islam, Religion, Nonfiction"
مؤسسة المثقف للنشر والتوزيع,1,0,
"Philippine Writers Studio Foundation, Inc.",1,0,"Humor, LGBT, Contemporary"
Philippe Picquier,1,0,"LGBT, Asia, China"
Picador Paper,1,0,"Mystery, Contemporary, American"
Piper ebooks,0,1,"Fantasy, Young Adult"
Piper Verlag Gmbh,1,0,"Fantasy, Dark Fantasy"
Piper Verlag,1,0,"Historical Fiction, German Literature, Novels"
Piper Taschenbuch,1,0,"Nonfiction, Biography, Travel"
ققنوس,1,0,"Novels, Iran, Literature"
Pinter & Martin Ltd,0,1,"Nonfiction, Psychology, Relationships"
Pinnacle Books Inc.,1,0,Westerns
Pinnacle Books (Mm),1,0,"Science Fiction, Science Fiction Fantasy"
كتاب سراي,1,0,
Pinnacle Books,1,0,"Science Fiction, Horror, Fantasy"
Pigeon Books,1,0,
كنوز للنشر والتوزيع,1,0,"Poetry, Literature, Politics"
Pink Zebra Publishing,0,1,"Romantic Suspense, Romance, Suspense"
Pink Neon Publishing,1,0,Urban
Pink Cashmere Publishing Co.,0,1,"African American, African American Literature, Romance"
Pink Cashmere Publishing,0,1,
كيان,1,0,"Novels, Romance, Romantic"
Pineapple Press,1,0,"Historical Fiction, Classics, Historical"
Pine Street Books,1,0,"Classics, American, Novels"
مؤسسة اقرأ,1,0,History
Pilrig Press,0,1,
Pika éd.,0,1,"Manga, Shojo"
كنوز,1,0,
Pero Thrillers,1,0,"Mystery, Sports, Thriller"
مجرة للنشر والتوزيع,1,0,"Novels, Atheism, Literature"
Permanent Press (NY),1,0,
Periplus Editions (HK) ltd.,1,0,"Cookbooks, Cooking, Food"
Perihelion Publishing,0,1,"Romance, Erotica, Contemporary Romance"
مدارات للأبحاث والنشر,1,0,"Biography, Politics, Philosophy"
PerfectBound,1,0,"Comics, Graphic Novels, Humor"
Perfect Madness Publishing,1,0,
Perfect Edge Books,1,0,"Japan, Science Fiction"
Perfect Analogy Publishing,0,1,"Fantasy, Young Adult, Romance"
Philipp Reclam jun. Verlag GmbH,1,0,"Horror, Classics, German Literature"
Pepitas de Calabaza Editorial,1,0,"Politics, Nonfiction, Philosophy"
People's Press,0,1,"Humor, Contemporary, Crime"
مدبولي الصغير,1,0,"History, Islam, Religion"
Penulisan2u,1,0,Novels
Penulisan Enterprise,1,0,"Novels, Romance, Love"
Pensamento,1,0,
Penrefe Publications,1,0,"Vampires, Paranormal, Fantasy"
Pennywell Books,1,0,
مركز الأهرام للترجمة والنشر,1,0,"Short Stories, Literature"
Penny Press Publishing,1,0,"New Adult, Romance, Contemporary"
Penny Greenhorn,0,1,"Science Fiction, Dystopia, Young Adult"
Perennial / William Morrow / HarperCollins,1,0,"Humor, Fantasy, Comedy"
Philipp Reclam jun.,1,0,"Classics, Plays, German Literature"
مؤسسة بافاريا للنشر والإعلام والخدمات,1,0,"Philosophy, Religion, Islam"
مؤسسة بحسون للنشر والتوزيع,1,0,"Literature, Short Stories, Novels"
Philip Reclam Jun. Verlag,1,0,"Classics, German Literature, School"
مؤسسة سندباد للنشر والأعلام,1,0,
Philadelphia Museum of Art,0,1,
مؤسسة شمس للنشر والإعلام,1,0,
مؤسسة عز الدين للطباعة والنشر,1,0,
Phabel,1,0,
Petits Classiques Larousse,1,0,"Poetry, French Literature, Classics"
Perry Horste,1,0,
Peter Smith Publisher,0,1,Childrens
Peter Smith Pub Inc,0,1,"Mystery, Young Adult, Childrens"
Peter Owen Publishers Cased Classics,1,0,"Classics, Scandinavian Literature, Novels"
مؤسسة مصري للتوزيع,1,0,"Science, Physics, Nonfiction"
Peter Meredith,1,0,"Fantasy, Romance"
مؤسّسۀ مطبوعاتی عطائی,1,0,"Literature, Philosophy, Theosophy"
Pet Torres,1,0,
Perseus Publishing,1,0,"Philosophy, Nonfiction, Physics"
ماناکتاب,1,0,
Persephone,0,1,"Classics, British Literature, 20th Century"
Perseo Libri,1,0,"Science Fiction, France, Adventure"
مؤسسة فهد المرزوق الصحفية,1,0,"Self Help, Nonfiction, Biography"
Poet Gardener,1,0,"Leadership, Christian, Theology"
شرکتِ انتشاراتِ علمی و فرهنگی,1,0,"Poetry, Classics"
Podium Publishing,1,0,"Science Fiction, Audiobook, Space Opera"
صحيفة مرآة البحرين,1,0,
PodioBooks.com,1,0,"Science Fiction, Space Opera, Audiobook"
Pocol Press,1,0,
Pocket books,1,0,"Chick Lit, Romance, Contemporary"
صفحات للدراسات و النشر,1,0,"History, Nonfiction, Religion"
صفی علیشاه,1,0,"Iran, Novels, Humor"
طرح نو,1,0,"Iran, Short Stories, Classics"
Piratforlaget,1,0,"Thriller, Swedish Literature, Suspense"
Pocket Books/Simon & Schuster (NYC),1,0,"Science Fiction, Fantasy, Space Opera"
Pocket Books/Simon & Schuster (NY),1,0,"Science Fiction, Space Opera, Cultural"
Pocket Books/MTV Books,0,1,"Young Adult, Romance, Contemporary"
Pocket Books Romance,0,1,"Romantic Suspense, Romance, Suspense"
Pocket Books / Washington Square Press,1,0,"Literature, Coming Of Age, The United States Of America"
"Pocket Books / Simon & Schuster, Inc.",1,0,"Horror, Paranormal, Ghosts"
Pocket Books (Mm),0,1,"Biography, Nonfiction, Film"
طمليه للدراسات والأبحاث ، دار أزمنة,1,0,
Pocket Book,1,0,"Thriller, Classics, Mystery"
طنطا بوك هاوس,1,0,
Plural Editores,1,0,
Pocket Books: Gallery Books,1,0,"Science Fiction, Young Adult, Science Fiction Fantasy"
Poppy (Little Brown Books for Young Readers),0,1,"Young Adult, Contemporary, Romance"
Poolbeg Press,0,1,"Chick Lit, Romance, Ireland"
Ponto Pocket,0,1,"Romance, Historical Fiction, Historical"
شركة الخليج لتوزيع الصحف والمطبوعات,1,0,
Polski Dom Wydawniczy,0,1,"Polish Literature, Mystery, Crime"
Pollux Press,0,1,"Mystery, Mystery Thriller, Thriller"
Pollok Glen Publishing,1,0,"Thriller, Mystery, Mystery Thriller"
Polka Dot Publishing,1,0,"Mathematics, Education, School"
Polka Dot Press,1,0,"Nonfiction, Memoir, Biography"
Polity Press,1,0,"Philosophy, Physics, Nonfiction"
شرکت نسبی حاج محمدحسین اقبال و شرکا,1,0,"Poetry, Literature, Iran"
شركة المطبوعات للتوزيع والنشر,1,0,
Politico's Publishing,1,0,
Polis Books,1,0,"Mystery, Crime, Thriller"
Polis,1,0,"Dutch Literature, Classics, Literature"
Polaris Press,1,0,"Short Stories, Fantasy, Books About Books"
Polaris,1,0,"Fantasy, Humor, Comedy"
شرکت انتشارات علمی و فرهنگی,1,0,"Religion, Islam, Nonfiction"
Points French,1,0,"Literature, Contemporary, American"
Points,1,0,"New York, Contemporary, Novels"
شرکت سهامی انتشار,1,0,"Science, Physics, Nonfiction"
Poetree Publications,1,0,
Politikens forlag,1,0,"Mystery, Crime, Thriller"
Platypus Press,1,0,"Fantasy, Historical Fiction, Young Adult"
Platinum Spotlight Series,1,0,"Novels, Family, Adult Fiction"
فاروس للنشر و التوزيع,1,0,Poetry
فردوس,1,0,"Novels, France, Literature"
فرسان الكلمة للنشر و التوزيع,0,1,Novels
Plataforma Editorial,1,0,"Science, Nonfiction, Physics"
فريق المجتمع العلمي المغربي,1,0,Science
Planète rebelle,1,0,"Fantasy, France"
Planeta Pub Corp,1,0,"Philosophy, Novels, Short Stories"
Planeta Infantil,1,0,Romance
Plume/Penguin Group (NYC),1,0,"Astrology, Philosophy, Psychology"
فصل پنجم,1,0,
Planeta De Agostini,1,0,"Manga, Fantasy, Comics"
Planeta Colombia,1,0,
فضاءات للنشر والتوزيع والطباعة,1,0,
قطره,1,0,"Plays, Classics, France"
Planet Girl Verlag,0,1,
Planet Girl,0,1,"Fantasy, Romance, German Literature"
Plain Jane,0,1,"Romance, New Adult, Contemporary"
Pixie Publishing,0,1,"Mystery, Crime, Mystery Thriller"
Piton Books,1,0,"Sports, Nonfiction"
Pitkin,1,0,
Planeta Deagostini,0,1,"Historical Fiction, Spanish Literature, Romance"
Plume/Penguin,1,0,"Historical Fiction, Historical, Classics"
Plume Fiction,1,0,"Gay, LGBT, Gay Fiction"
طيبة,1,0,"Self Help, Religion, Islam"
Plough Publishing House,1,0,"Nonfiction, Biography, Christian"
Plotpoint,0,1,"Romance, Indonesian Literature, Novels"
عالم المعرفة,1,0,
عصير الكتب,1,0,"Romance, Novels"
عصير الكتب للنشر والتوزيع,1,0,"Novels, Fantasy, Romance"
Pleasant Word,0,1,"Historical Fiction, Pirates, Christian Fiction"
Pleasant Company,0,1,"Historical Fiction, Childrens, Historical"
Platytera,1,0,"Nonfiction, Romanian Literature, Philosophy"
علم,1,0,"Novels, Iran, Roman"
Rising Flame Press,1,0,"Fantasy, Young Adult, Paranormal"
علمی,1,0,"Sociology, Textbooks, Theory"
Plaza & Janes Editores,0,1,"Historical Fiction, Spanish Literature, Historical"
Playwrights Canada Press,1,0,"Canada, Classics, Literature"
علمی فرهنگی,1,0,Literature
Players Press (U.K.),1,0,Fashion
"Playboy Press, Lion Books",1,0,"Horror, Fantasy"
علمی و فرهنگی,0,1,"Poetry, Islam, Classics"
Playboy Paperbacks,1,0,
Playboy,1,0,"Poetry, Childrens, Humor"
Plaza y Janés,1,0,"Horror, Thriller, Suspense"
Wistful Words Press,0,1,"Romance, Chick Lit, Contemporary Romance"
The New American Library,1,0,"Thriller, Espionage, Adventure"
The Muses' Port,1,0,
Witness Impulse,0,1,"Short Stories, Mystery, Crime"
The Mountaineers Books,0,1,
"The Modern Library/Random House, Inc.",1,0,"Classics, Literature, American"
The Modern Library,1,0,"Biography, History, Nonfiction"
The Messenger Group,1,0,"Nonfiction, Business, Biography"
"The McGraw-Hill Publishing Company, Inc.",1,0,"History, Nonfiction, World War II"
Wittily Writ Publishing,1,0,
The Magazine of Fantasy and Science Fiction,1,0,"Short Stories, Science Fiction, Classics"
See notes,1,0,"Picture Books, Childrens, History"
The Lumphanan Press,0,1,
The Light Beam Riders,1,0,
Wizards of the Coast TSR,1,0,"Fantasy, Forgotten Realms, Dungeons and Dragons"
The King's Press,0,1,"Christian, Faith, Nonfiction"
"The Kindle Alexander Collection, LLC",1,0,"M M Romance, Westerns, Romance"
The Journal CEO Magazine,1,0,
WmMorrowPB,0,1,"Nonfiction, Health, Reference"
The Inkhouse,0,1,"Fantasy, Middle Grade, Childrens"
Wolf Creek Books,1,0,"Short Stories, Classics, Adventure"
The History Book Club,1,0,"Africa, History, Nonfiction"
Wolters Noordhoff,1,0,"Literature, School, 20th Century"
The Heinlein Archives,1,0,"Science Fiction, Short Stories, Time Travel"
The Macmillan Company,1,0,Philosophy
The Troy Book Makers,1,0,
The Sylver Lining,1,0,"LGBT, Fantasy, Mental Health"
The Stars Our Destination Books,1,0,"Fantasy, Historical Fiction, China"
Winterzeit Audiobooks Hs,1,0,"Mystery, Classics, Short Stories"
The Season Publishing,1,0,"Historical Romance, Romance, Historical"
The Sager Group,1,0,"Fantasy, Young Adult, Paranormal"
The Runaway Pen,1,0,"Fantasy, Magic, Young Adult"
The Royal Hispania Group,0,1,
The Rock Hard Press,1,0,"Mystery Thriller, Crime, Mystery"
The Riverside Press,1,0,"Classics, Southern Gothic, Southern"
Wisdom Creek Press,0,1,
The New Romantics4; 1 edition,0,1,"Romance, Chick Lit, Contemporary Romance"
The Porcupine's Quill,1,0,"Fantasy, Animals, Urban Fantasy"
The Penguin Press HC,1,0,"Politics, History, Nonfiction"
The Penguin Group,0,1,"Nonfiction, Writing, Language"
The Palingenesis Project (Wermod and Wermod Publishing Group),1,0,"Conspiracy Theories, Japanese History"
"The Overlook Press, Peter Mayer Publishers, Inc.",1,0,"Thriller, Espionage, Mystery"
The Orion Publishing Group Ltd,0,1,"Chick Lit, Ireland, Romance"
Wise Words Publishing,1,0,
The Odyssey Press,0,1,
The O'Brien Press,1,0,"Fantasy, Young Adult, High Fantasy"
"The Noonday Press / Farrar, Straus Giroux",1,0,"Philosophy, German Literature, Literature"
The Noonday Press,1,0,"Classics, Literature, American"
The New York Review of Books,1,0,"Classics, Adventure, Historical Fiction"
The Raelian Foundation,1,0,
The Book Patch,1,0,
The Book House of Seviles & Nicole Settimi,0,1,
The Bodley Head,1,0,"History, Nonfiction, Medieval"
Words Dance Publishing,0,1,"Poetry, Feminism, 21st Century"
The B-Spot!,1,0,
Words to a Page Publishers,1,0,
The Asylum Emporium,0,1,"Horror, Nonfiction, Mental Illness"
The Art of Safkhet,1,0,Paranormal
The Art of Dixie,0,1,"Historical Fiction, Romance, Book Club"
The Arden Shakespeare,1,0,"Plays, Drama, Classics"
Wordsworth Classics,0,1,"Classics, Historical Fiction, Literature"
The Hearst Corporation,1,0,"Fantasy, Dragons, Young Adult"
Wordsworth Publishing,1,0,"Christian Fiction, Romance, Historical Fiction"
The Acorn Press,1,0,"Spirituality, Philosophy, Nonfiction"
The Aasgaard Company,1,0,"Fitness, Health, Nonfiction"
World Castle,1,0,"Angels, Fantasy, Young Adult"
Thaning & Appel,0,1,"Chick Lit, Romance, Ireland"
World Operations,1,0,"True Crime, Crime, Psychology"
World Scientific Publishing Company,1,0,"Science, Nonfiction"
World Wrestling Entertainment Books,1,0,"Biography, Sports, Nonfiction"
WorldMaker Media,0,1,"Dark, Romance, Abuse"
Texto Editores,1,0,"Humor, Portuguese Literature, Nonfiction"
Worldbuilders Press,1,0,"Science Fiction, Audiobook, Space Opera"
Text Publishing Australia,0,1,"Nonfiction, History, Australia"
The Alchemy Press and Airgedlámh Productions.,1,0,
Wolters-Noordhoff,1,0,"Dutch Literature, Literature, Classics"
The Gutenberg project,1,0,"Classics, Historical Fiction, Belgian"
Women's Free Press,0,1,"Chick Lit, Short Stories, Canada"
Women's Press,0,1,Young Adult
The Guilford Press,0,1,
The Good Book Company,1,0,"Science, Christianity, Nonfiction"
Women's Press (UK),0,1,"Poetry, Classics, 19th Century"
The FreeCapitalist Project,1,0,
The Free Press,1,0,"Science, Mathematics, Nonfiction"
The Franklin Library,1,0,"Classics, Horror, Short Stories"
Woodrow Wilson Center Press,1,0,Politics
The Books Yard,1,0,
The F.W. Wright Foundation LLC,1,0,
The Experiment,1,0,"Nonfiction, Finance, Self Help"
The Divas Pen LLC,0,1,"Interracial Romance, Romance, Erotica"
The Divas Pen,0,1,"Interracial Romance, Romance, Erotica"
The Diesel-Electric Elephant Company,1,0,"Science Fiction, Short Stories, Humor"
WordSong,0,1,"Poetry, Middle Grade, Realistic Fiction"
The Detective Book Club,1,0,
The Crossroad Publishing Company,1,0,"Nonfiction, Science, Spirituality"
Wordcraft of Oregon,1,0,"Short Stories, Horror, Zombies"
Wordpainting Unlimited Inc.,0,1,"Young Adult, Romance, Contemporary"
The Castle Library Enterprises,1,0,"Christian Fiction, Fantasy"
Wordpress,1,0,"Fantasy, Urban Fantasy, Horror"
Woolshed Press (RHA),0,1,"Fantasy, Young Adult, High Fantasy"
Tilbury House Publishers,1,0,"Essays, Nonfiction, Memoir"
Tijan,1,0,"Romance, New Adult, Contemporary"
Tiger Tales,0,1,
Tiffany King,0,1,"Young Adult, Romance, Abuse"
Tiefenbacher Pubs,1,0,"New Adult, Romance, Contemporary"
William Heinemann Australia,0,1,"Historical Fiction, Book Club, Historical"
Tiden Norsk Forlag,0,1,"Novels, Romance, Contemporary"
William Heinemann Ltd,0,1,"Young Adult, Mystery, Contemporary"
William Heinemann Ltd.,1,0,"Horror, Thriller, Crime"
William M. Hayes,1,0,
"William Morrow & Co., Inc.",1,0,"Mystery, Crime, Novels"
The Underground Press,1,0,
"Thời Đại, Saigon Media",1,0,"Short Stories, Literature"
Thái Hà Books & Nxb. Thế Giới,1,0,"Health, Nonfiction, Nutrition"
Thurman House,1,0,Fantasy
Thunder's Mouth Press/Nation Books (NY),1,0,"Politics, Nonfiction, History"
William Morrow / HarperCollins / Harper Perennial,1,0,"Humor, Historical Fiction, Fantasy"
William Morrow Books,1,0,"Fantasy, Horror, Magical Realism"
"William Morrow and Co., Inc.",1,0,"Thriller, Mystery, Romance"
Thunder Bay Press (MI),0,1,"Historical Fiction, Young Adult, Childrens"
William Morrow; 1ST edition,1,0,"Nonfiction, Animals, Memoir"
"Thriveco, Inc.",1,0,Christian Fiction
Three Rooms Press,1,0,"Photography, Nonfiction"
Three Hares Publishing,1,0,"Thriller, Mystery"
Ticknor & Fields,1,0,
Titan Inkorp,1,0,
Titan Books Ltd.,1,0,"Graphic Novels, Fantasy, Comics"
Wildling Press,0,1,"Werewolves, Paranormal, Romance"
Wildstorm Signature,1,0,"Graphic Novels, Comics, Science Fiction"
Tionne Rogers,1,0,"M M Romance, BDSM, Dark"
Tinta-da-china,1,0,"Humor, Nonfiction, Portuguese Literature"
Wildwood Ebooks,0,1,
Wiley (TP),1,0,"Biography, History, Nonfiction"
Tina,0,1,"Vampires, Paranormal, Paranormal Romance"
Timothy Dalton,1,0,
Timof Comics,1,0,Fantasy
Tillie Cole LLC,0,1,"Romance, Contemporary Romance, Contemporary"
Times of India,1,0,
TimeCrime,0,1,"Romance, Romantic Suspense, Mystery"
William A. Prater,1,0,"Epic, Novels"
Time Warner Book Group,1,0,"Fantasy, Young Adult, Horror"
William Blackwood & Sons,1,0,"Classics, Mystery, Thriller"
Time Life Medical,1,0,"Biography, Christian"
Timber Press,1,0,"Gardening, Nature, Nonfiction"
William C. Brown,1,0,
Timber Hill Press,1,0,"Fantasy, Steampunk, Young Adult"
William Collins and Son,1,0,"Australia, Classics, Historical Fiction"
William Hare,1,0,
Tillie Cole LTD,0,1,"Romance, Dark, Abuse"
Timescape/SFBC,1,0,"Science Fiction, Fantasy, Science Fiction Fantasy"
Thistlewood Publishing,1,0,
Thistledown Press,0,1,"Canada, Short Stories"
Thirteen Hundred Media,1,0,"Humor, Nonfiction"
Thirsty,0,1,"Nonfiction, Christian, Romance"
Third Broom On The Left Press,0,1,"Vampires, Paranormal Romance"
Wing Books,1,0,"Humor, Short Stories, Comedy"
Thin Husk,0,1,
Thienemanns,1,0,"Fantasy, Classics, German Literature"
Theosophical Publishing House,1,0,
Theonomy Resources,1,0,Law
Theo & Quinn Creative Works,1,0,
Willow Aster,0,1,"Romance, New Adult, Contemporary Romance"
Thea Atkinson,0,1,
The Writers Studio,1,0,"Romance, Contemporary, Humor"
The Writers Coffeeshop Publishing House,1,0,"Paranormal, Paranormal Romance"
The Writers Coffee Shop Publishing House,1,0,"Paranormal, Romance, Ghosts"
The Writers Coffee Shop,1,0,"Romance, Dark, Contemporary"
"Wings Epress, Incorporated",1,0,"Contemporary, Drama, Novels"
"The Wild Rose Press, Inc",1,0,"Time Travel, Mystery, Historical"
The White Rose Press,0,1,"Fairy Tale Retellings, Historical Fiction"
The Washington Times Foundation,1,0,"Nonfiction, Biography"
Winning Mind Press,0,1,
The University press of Hawaii,1,0,
The University of the Philippines Press,1,0,"Mystery, Mystery Thriller, Crime"
Thea Harrison,0,1,"Paranormal Romance, Paranormal, Romance"
Three Candles Press,1,0,Poetry
Thoughtsalive,1,0,"Self Help, Nonfiction, Finance"
Thoughts Designer,0,1,Self Help
Thought Catalog Books,0,1,"Nonfiction, Self Help, Philosophy"
Willow Cross,0,1,"Paranormal, Fantasy, Young Adult"
Thorsons Publishers,1,0,Nonfiction
Willow Lane Publishing,0,1,
Thornton Berry Shire Press,0,1,Fantasy
Thomas Y. Crowell,1,0,"Poetry, Classics, 19th Century"
WillowTree Press,1,0,
Thomas Rap,1,0,Fantasy
Wilshire Book Company,1,0,"Psychology, Self Help, Nonfiction"
"Windsor-Brooke Books, LLC",1,0,"Nonfiction, Biography, Memoir"
Wilton Press,0,1,"Historical Fiction, Romance, Historical"
Wind Trail Publishing,0,1,"Romance, Contemporary, Young Adult"
Thomas Nelson Fiction,1,0,"Angels, Fantasy, Young Adult"
Thomas Nelson / HarperCollins,1,0,"Fantasy, Young Adult, Romance"
Windhorse Publications,1,0,"Buddhism, Nonfiction"
"Winding Road Publishing, LLC",1,0,"Romance, Love Story, New Adult"
Thomas Mulhern,1,0,
Windmill Books,1,0,"Fantasy, Young Adult, Mystery"
Windrush Press,1,0,
Thomas Dunne,1,0,"Young Adult, Fantasy, Magical Realism"
Thomas Crowell Co.,0,1,"Historical Fiction, Historical, Romance"
Thomas Creations Publishing/Paw Prints Publishing,1,0,
Thomas Nelson/HarperCollins,0,1,"Fantasy, Young Adult, Romance"
Yellow Rose Books,1,0,"Lesbian, Lesbian Fiction, Lesbian Romance"
T.M. Frazier,1,0,"Romance, Dark, Contemporary"
T.C. Kültür Bakanlığı,1,0,
T. R. Graves,1,0,"Fantasy, Paranormal, Romance"
Syros,1,0,
Syren Book Company,0,1,"Abuse, Young Adult, Dark"
Syracuse University Press/Arlen House,1,0,
Yeni Büyük Dağıtım Yayınevi,1,0,"Classics, Adventure, France"
Synergetic Press,1,0,
SynergEbooks,1,0,
Synchronicity Publications,1,0,
Worldwide,1,0,"Mystery, Thriller, Crime"
Sylvia Day,0,1,"Paranormal, Romance, Paranormal Romance"
Sydney Jewish Museum,0,1,
Sword & Laser,1,0,"Fantasy, Humor, Vampires"
Sword & Cross Publishing,0,1,"Fantasy, Christian Fiction, Christian"
Yessi Smith,1,0,"New Adult, Romance, Contemporary Romance"
Sweetwater Books,1,0,"Thriller, Suspense, Science Fiction"
Yestermorrow,0,1,"Horror, Classics, Gothic"
Svensen Pioneer Press,1,0,
"Suzy Turner, via Smashwords",0,1,"Fantasy, Young Adult, Paranormal"
Suzuki Syuppan/Tsai Fong Books,0,1,"Picture Books, Historical Fiction, Childrens"
Yitik Ülke Şiir Kitaplığı,1,0,Poetry
Suzanne Turner Publishing,0,1,"Fantasy, Young Adult, Paranormal"
Yeni İnsan Yayınevi,0,1,
Tafelberg,1,0,"Nonfiction, Contemporary, Biography"
YOLI,0,1,"Fantasy, Young Adult, Dystopia"
"Tactical 16, LLC",1,0,
Ta Ha Publishers,1,0,
TWCS Publishing House,1,0,"Romance, Contemporary Romance, Contemporary"
Yalebooks,1,0,"Poetry, Classics, American"
TSPress,1,0,"Mystery Thriller, Thriller, Mystery"
TSAR Publications,0,1,"Poetry, Queer, LGBT"
TROID,1,0,Islam
TRBZ Enterprises,0,1,
TRAFFORD publishing,0,1,
TCK Publishing,1,0,"Nonfiction, Self Help, Psychology"
Yayasan Pustaka Obor Indonesia,1,0,
TM Publishers,1,0,"Roman, Dutch Literature"
Yearling (imprint of Random House Children's Books),1,0,
TLÜ Kirjastus,1,0,"Philosophy, Nonfiction, Psychology"
TKA Distribution,0,1,"Fantasy, Arthurian, Historical Fiction"
TIme Warner Books,1,0,"Mystery, Thriller, Crime"
TIMUN MAS,0,1,"Forgotten Realms, Fantasy, Dungeons and Dragons"
TIME Books,1,0,Politics
THG StarDragon Publishing,0,1,"Fantasy, Romance, Paranormal"
THC Mandiri,1,0,"Biography, Nonfiction, Romance"
Yellow Kite,0,1,"Nonfiction, Contemporary, Memoir"
TCS Publishing,1,0,Thriller
TN,1,0,"Young Adult, Fantasy, Paranormal"
Young Gan Gan Comics,0,1,"Manga, Horror, Fantasy"
Sumach Press,1,0,
"Suma de Letras, S.L.",1,0,"Latin American, Spanish Literature, Humor"
Sukūea Enikkusu,1,0,"Art, Manga, Nonfiction"
Young Picador,0,1,"Historical Fiction, Young Adult, LGBT"
Sugar Skull Books,0,1,"Young Adult, Time Travel, Fantasy"
Sugar Coated Press,1,0,"Young Adult, Romance, Contemporary"
Youwriteon,0,1,"Romance, Contemporary Romance, Contemporary"
Yuan liu chu ban shi ye gu fen you xian gong si,1,0,"Music, Biography, Nonfiction"
"Yvonne Bruton, via Smashwords",0,1,
Subterranean,1,0,"Fantasy, Short Stories, Science Fiction"
Suzan Tisdale,0,1,"Historical Romance, Romance, Historical"
Sublight Publishing,0,1,
SuBLime,1,0,"Manga, Yaoi, Romance"
"Státní nakladatelství krásné literatury, hudby a umění",0,1,"Czech Literature, History, Classics"
Stylos,1,0,Poetry
Stygian Publications,1,0,
Stuttgart: Philipp Reclam jun. Verlag GmbH,1,0,"Classics, German Literature, School"
Sturgeon Creek Publishing,1,0,Science Fiction
Studio,1,0,"Fantasy, Reference, Mythology"
Student Ways,1,0,"Romance, Classics, Novels"
StuartSantiago Publishing,0,1,
Stripes Publishing,1,0,"Horror, Young Adult, Mystery"
Stripes,0,1,"Holiday, Christmas, Romance"
Zaffre,0,1,"Chick Lit, Contemporary, Audiobook"
Sutton,1,0,"Classics, France, French Literature"
Yleisradio,0,1,"Young Adult, Swedish Literature, Mystery"
Yoel Press,1,0,
Susan Rodgers,0,1,"Romance, New Adult, Contemporary"
Susaeta ediciones,0,1,Classics
Surrendered Press,0,1,"Romance, New Adult, Amazon"
Yokai Publishing,1,0,
York Press,1,0,"Literary Fiction, Classics, Novels"
Super Funky Tron,1,0,
Yoshima Books,1,0,
Sunwood,1,0,
Sunstar Press,1,0,"Politics, Nonfiction, Philosophy"
Summersdale,1,0,
Sunshine Sentinel Press,1,0,
Sunny Bee Books LLC,0,1,"Lesbian, LGBT, Romance"
Sunlight Ink Publishing,0,1,
Sunday Publications,1,0,"M M Romance, Romance, Contemporary"
Sunday Press (CA),1,0,"Comics, Graphic Novels Comics, Graphic Novels"
Sunburst,0,1,"Middle Grade, Childrens, Realistic Fiction"
"Sunbeams2u, Inc.",0,1,
Sun and Moon Press,1,0,"Mystery, Literature, American"
Sun Break Publishing,0,1,
Summit Press Co,1,0,"Philosophy, Theology, Nonfiction"
Summit Media,0,1,"Young Adult, Romance, Mythology"
Youcanprint Self-Publishing,1,0,Middle Grade
You Come Too Publishing,1,0,
Wunderlich,0,1,"Thriller, Crime, German Literature"
Wyatt Book,1,0,"Classics, Young Adult, Historical Fiction"
Tempus Publishing Ltd,1,0,
Wyatt Davenport,1,0,"Science Fiction, Fantasy, Amazon"
Templar Publishing,1,0,
Wybear Press,0,1,"Young Adult, Mental Health, Mental Illness"
Wydawn. Literackie,1,0,"Fantasy, Polish Literature, Science Fiction"
Telos,1,0,"Horror, Paranormal, Ghost Stories"
Wydawnictwo Greg,0,1,"Polish Literature, Classics, School"
Wydawnictwo Jaguar,0,1,"Romance, New Adult, Contemporary"
"Tell-Tale Publishing Goup, LLC;",0,1,
Taily-Po Press,1,0,Fantasy
Telemachus,1,0,"Romance, New Adult, Contemporary Romance"
Telegram Bokförlag,1,0,"Thriller, Crime, Mystery"
Telaga Biru Sdn. Bhd.,0,1,"Novels, Islam"
Telaga Biru Sdn Bhd,1,0,Novels
Telaga Biru,0,1,Novels
Tekin Yayınevi,1,0,"Turkish Literature, Turkish, Roman"
Teddy Crispin,1,0,
Tedd y Todd escritores asociados,1,0,"Fantasy, Spanish Literature"
Ted Smart/Bloomsbury,1,0,"Fantasy, Young Adult, Childrens"
TechB Digital,1,0,
Tebbo,0,1,
Wydawnictwo Krytyki Politycznej,1,0,
"Telemachus Press, LLC",0,1,"Nonfiction, Self Help, Relationships"
Worldwide Library Worldwide Mysteries,0,1,
Texas State Historical Assn,1,0,"History, Nonfiction, Westerns"
Texas Review Press,0,1,
Worth Publishers,1,0,"Psychology, Nonfiction, Sociology"
Texas Bookman,1,0,"Historical Fiction, Literature, Novels"
Worthy Books,1,0,"Christian Fiction, Christian, Thriller"
Tessa Bailey,0,1,"Romance, Paranormal, Vampires"
Wren & Rook,1,0,"Nonfiction, LGBT, Memoir"
Terry Reid,1,0,"Romance, Angels"
Write House Publishing,1,0,Urban
Write Plan,0,1,"Young Adult, Science Fiction, Dystopia"
Tender Buttons Books,1,0,"Poetry, Womens, Feminism"
Terramar Ediciones,1,0,"Spanish Literature, Spain, Classics"
Terra-Mía Press,0,1,"Romance, Young Adult, Contemporary"
Terra Nova Books,1,0,
Ternias Publishing,0,1,"Fantasy, Young Adult, New Adult"
Teri Woods Publishing,0,1,"Urban, African American, Romance"
Writers Exchange E-Publishing,0,1,"Romance, Christian Fiction, Christian Romance"
Teresa Jones,0,1,
Teplok Press,1,0,"Philosophy, Nonfiction, Indonesian Literature"
Tention Publishing Limited,1,0,"Mystery, Thriller, Crime"
Tenth Street Press,1,0,
Writers' Voice,0,1,
Writings of Mary Baker Eddy,1,0,"Religion, Nonfiction, Spirituality"
Writer's Digest,1,0,"Writing, Nonfiction, Reference"
Taplow Press,1,0,"Buddhism, Philosophy"
XOXO Publishing.,0,1,
XYZ,1,0,Czech Literature
Tantrum Books,1,0,"Middle Grade, Fantasy"
XandLand Press,1,0,
Tannbourne Limited,0,1,
Tanglewood,0,1,"Picture Books, Childrens, Animals"
Tangled Oak Press,0,1,"Childrens, Middle Grade, Animals"
Tangent Books,1,0,"Poetry, Classics, 20th Century"
Xcite Books,0,1,
Xerais de Galicia,1,0,
Tealy Books,1,0,"Science Fiction, LGBT, Romance"
Tan Books & Publishers,1,0,"Catholic, Spirituality, Religion"
Tan Books,1,0,"Catholic, Religion, Spirituality"
Xlibris Us,1,0,
Xlibris/ R Grey Hoover,1,0,"Historical Fiction, Horror"
Tamarind,1,0,
Tamara Rose Blodgett,1,0,"New Adult, Romance, Suspense"
Talos,1,0,"Fantasy, Historical Fiction, Urban Fantasy"
Talons,1,0,"Fantasy, Paranormal, Dark"
Xo Edition,1,0,"Thriller, Mystery, Romance"
Tali Alexander Books Inc.,0,1,"Romance, Contemporary Romance, New Adult"
Tale Publishing,1,0,Short Stories
XoXo,0,1,
Tandem Press,1,0,"Historical Fiction, Contemporary, Drama"
Teaching Resources,0,1,
Teachers College Press,0,1,"Education, Teaching, Nonfiction"
Teach All Nations,1,0,"Christian, Christianity, Faith"
Taylor Street Publishing,0,1,"Paranormal, Vampires, Paranormal Romance"
Taylor Mountain Trading,1,0,
Wydawnictwo Poznańskie,1,0,
Taylor & Francis,1,0,
Tauris Parke Paperbacks,0,1,
Wydawnictwo Znak,1,0,"Fantasy, Science Fiction, Historical Fiction"
Tatran,1,0,"Historical Fiction, Historical, Czech Literature"
Wydawnictwo Śląsk,1,0,"Polish Literature, Adventure, Childrens"
"Tate Publishing and Enterprises, LLC",0,1,"Christian Fiction, Fantasy, Young Adult"
XOXO Publisher,0,1,
"Tate Publishing & Enterprises, LLC",0,1,"Drama, Historical Fiction"
X-S Books,0,1,
XLIBRIS,1,0,Sexuality
XO EDITIONS,1,0,"Romance, France, Thriller"
Tascabili Economici Newton,1,0,"Classics, Short Stories, Fantasy"
Tarun Betala,1,0,"Nonfiction, Science, History"
Target Books; W.H. Allen & Co. Ltd.,1,0,"Doctor Who, Science Fiction, Audiobook"
Target,1,0,"Doctor Who, Science Fiction, Fantasy"
Tarcher/Penguin,1,0,"Nonfiction, Self Help, Psychology"
Tarantin Ent LLC,1,0,
Tarah international,1,0,
Tara Oakes,0,1,"Romance, New Adult, Contemporary Romance"
"Tate Publishing & enterprises, llc",1,0,Thriller
Uyirmmai Pathippagam,1,0,
Utusan Publications & Distributors Sdn Bhd,1,0,Novels
W. Söderström,1,0,"Classics, Finnish Literature, Historical Fiction"
Ursa,1,0,"Nonfiction, Science, Finnish Literature"
"W. W. Norton & Company, Inc.",1,0,"Historical Fiction, Coming Of Age, Adult Fiction"
Urban Soul,0,1,
Urban Christian,1,0,"Christian Fiction, Mystery, Drama"
Urban Chapters Publications,0,1,"Romance, New Adult, Contemporary"
Urantia Foundation,1,0,"Religion, Spirituality, Nonfiction"
"W.W. Norton & Co., Inc. (NY)",1,0,"Psychology, Nonfiction, Philosophy"
Untreed Reads Publishing,0,1,"Nonfiction, Memoir"
Wilderness Press,1,0,"Reference, Travel, Nonfiction"
Unputdownable,1,0,"Thriller, Crime, Mystery"
W.W. Norton Company,1,0,"Historical Fiction, Historical, Africa"
WALB,1,0,"Travel, Nonfiction"
Univesity of Minnesota Press,0,1,"Poetry, Brazil, Novels"
"WE-LIT, Inc.",0,1,
WERZOMBIES PRESS,1,0,"Zombies, Horror"
WGW Books,1,0,"Romance, New Adult, Contemporary"
University of Warsaw,0,1,
University of Virginia Press,1,0,"Philosophy, Nonfiction, Germany"
"University of Toronto Press, Scholarly Publishing Division",0,1,"History, Medicine, Nonfiction"
University of Toronto Press,1,0,"History, Medieval, Nonfiction"
WIld Child Publishing,1,0,"Paranormal, Young Adult, Romance"
W.W. Norton & Company (NYC),1,0,"Nonfiction, Science, Humor"
Valerie Z. Lewis,0,1,"M M Romance, Contemporary, Romance"
Valancourt Books,1,0,"Mystery, Literary Fiction, Literature"
Voyager Classics / Harper Collins,1,0,"Science Fiction, Short Stories, Classics"
Vaga,0,1,"Nonfiction, Travel, Memoir"
VOX,1,0,"Romanian Literature, Mythology, Childrens"
VMA Publications,1,0,
Voyager Online Australia,0,1,"Fantasy, Time Travel, Science Fiction"
Voyant Pub,1,0,"LGBT, Gay, Literature"
Vremea Publishing House,1,0,"Horror, Fantasy, Romanian Literature"
Vremiya,1,0,"Russia, Russian Literature, Contemporary"
VIZ,1,0,"Japan, Romance, Japanese Literature"
W Pub Group,1,0,"Christian, Fantasy, Christian Fiction"
Vulpine Press,0,1,"Romance, Erotica, Music"
Văn Học & Nhã Nam,1,0,"Science Fiction, France, Fantasy"
"VISPRINT, INC.",1,0,Romance
VERTICAL INC,1,0,"Light Novel, Fantasy, Manga"
VDM Verlag Dr. Müller,1,0,
W C B/McGraw-Hill,1,0,
VDM Verlag,0,1,
VAGABOND,1,0,
VADİ YAYINLARI,1,0,"Turkish, Turkish Literature"
W F Howes Ltd,0,1,"Chick Lit, Romance, Contemporary"
V.B.Z.,0,1,
V&R Editoras,1,0,"Young Adult, Contemporary, Realistic Fiction"
Vulcan Ink,0,1,"Fantasy, Young Adult, Romance"
University of Arizona Press,0,1,"Animals, Nonfiction, Science"
Warboys Publishing (Ireland) Limited,0,1,"Christian, Fantasy, Christian Fiction"
"University Press of Mississippi/Banner Books (Jackston, MS)",1,0,"African American, Novels"
University Press of Kentucky,1,0,"Historical Fiction, Classics, Novels"
"Warner Books Inc,",1,0,"Fantasy, Mystery, Magic"
"Warner Books, Inc",1,0,"Horror, Thriller, Mystery"
Warner Faith / Time Warner Book Group / Faith Words,0,1,"Christian Fiction, Christmas, Christian"
University Press of Florida,1,0,"Biography, Nonfiction, History"
University Press of Colorado,1,0,
University Press of America,1,0,
Universities Press,1,0,"Biography, Nonfiction, Autobiography"
WTM Publishing and Communications,1,0,"Science, Philosophy, Nonfiction"
Univers Poche,0,1,"France, Contemporary, Childrens"
Univ of South Carolina Pr,1,0,Music
Warner Futura,0,1,"Historical Fiction, Romance, Australia"
United Writers,1,0,Travel
United Fans,1,0,"Fantasy, Czech Literature, Science Fiction"
Unionsverlag,1,0,"Classics, Russia, Romance"
Warner Vision Books,1,0,"Thriller, Mystery, Suspense"
Union Publishing House,1,0,
Warners Visions Books,1,0,"Thriller, Mystery, Suspense"
Union College Press,1,0,"19th Century, Short Stories, German Literature"
Unhindered Arts,1,0,"Vampires, Paranormal Romance, Fantasy"
Underworld Amusements,1,0,Poetry
Universidad Veracruzana,1,0,
WWS Publishing,0,1,"Fantasy, Young Adult, Magic"
Wagner & Van Santen,0,1,Poetry
University of North Carolina Press,1,0,"Gay, LGBT, Historical Fiction"
Waldorf Publishing,1,0,
University of Nevada Press,1,0,
University of Nebraska Press Bison,1,0,"Biography, Classics, Nonfiction"
Walk Worthy Press,1,0,
University of Nebraska Bison,1,0,"Classics, Biography, Nonfiction"
Walker & Co,1,0,"Young Adult, Mental Illness, Mental Health"
Walker Books UsS,0,1,"Middle Grade, Animals, Dogs"
Walker Brothers,1,0,"Fantasy, Young Adult, Horror"
University of Arkansas Press,1,0,"Historical Fiction, Historical, World War II"
"Walker Publishing Company, Inc.",0,1,"Fantasy, Young Adult, Paranormal"
University of Michigan Library,1,0,"Economics, Politics, Nonfiction"
"Walker,",0,1,"Childrens, Chapter Books, Realistic Fiction"
Wallbuilders Inc,1,0,"History, Biography, American History"
University of Lodz,1,0,
Walt Disney Records & Audio,1,0,
Walter Foster Publishing,1,0,"Art, Nonfiction"
Walter-Verlag,0,1,
Walva-boek,1,0,
University of Cardinal Stefan Wyszynski,1,0,
University of California Press (Berkeley),1,0,"Poetry, Classics, LGBT"
Wanderlost Publishing,1,0,"Fantasy, Paranormal, Magic"
Walker Childrens Paperbacks,1,0,
Viking Books UK/Penguin Books Ltd.,1,0,"Fantasy, Science Fiction Fantasy, Erotica"
Visa Publications,1,0,"Science Fiction, Novels, Thriller"
Visionary Publishing Company,1,0,"Horror, Fantasy, Classics"
Visor,1,0,"Classics, Art, France"
Viking (Penguin),0,1,"Historical Fiction, Literary Fiction, Contemporary"
Vikas Publishing House,1,0,"History, Biography, Nonfiction"
Vijitha Yapa Publications,0,1,"Contemporary, Thriller, Asian Literature"
Vijaylaxmi Thakur,1,0,
Visual Editions,1,0,"Poetry, Art, Literature"
Viglongo,1,0,"Classics, Adventure, Pirates"
Video Software Lab,1,0,"Science Fiction, Military Fiction, Adventure"
Valerie Zambito,0,1,"Fantasy, Shapeshifters, Amazon"
Victoria Ashley,0,1,"Romance, New Adult, Contemporary Romance"
Visual Print Enterprises,1,0,"Humor, Nonfiction, Comedy"
Visva-Bharati Granthana-Vibhaga,1,0,"Poetry, Classics, Philosophy"
Victor Gollancz Ltd.,1,0,"Classics, Historical Fiction, British Literature"
Victor Gollancz,1,0,"Nonfiction, History, Holocaust"
Victor,1,0,"Leadership, Christian, Business"
Vittoriosa Books,0,1,"Dystopia, Young Adult, Science Fiction"
Vivaluz,0,1,
Vibe,1,0,
Via Star Wings Books,1,0,"M M Romance, Contemporary, Romance"
Vestales,0,1,"Romance, Historical Romance, Time Travel"
Vertigo / DC Comics,1,0,"Graphic Novels, Comics, Fantasy"
Vida Publishers,1,0,"Christian, History, Faith"
Vintage Crime,1,0,"Mystery, Classics, Crime"
Vintage Contemporaries / Random House,1,0,"Horror, Thriller, Classics"
Vintage Random House,1,0,"Short Stories, Classics, American"
Vintage Romance Publishing,0,1,
Vintage Bookx,1,0,"Philosophy, Nonfiction, Classics"
Vintage Books a division of Random House,1,0,"Short Stories, Classics, African American"
Vintage/Ebury,1,0,"History, Nonfiction, Food"
Vintage/Ebury (Random House Group),1,0,"Novels, Romance, Literature"
Vintage/Random House,1,0,"Nonfiction, Race, Politics"
Vintage Books / Random House,1,0,"Humor, Short Stories, Comedy"
Vintage/Random House (NY),1,0,"Crime, Mystery, Historical Fiction"
Virtue Book Publishers,1,0,
Viperion Corporation,1,0,"Business, Entrepreneurship, Self Help"
Vine Leaves Press,0,1,
Villegas Editores,0,1,"Romance, Spanish Literature, Novels"
Viperion Publishing Corp,1,0,"Business, Finance, Nonfiction"
Viking/Penguin Group (NYC),1,0,"History, Nonfiction, Politics"
Viking's Children's Books,0,1,"Young Adult, Romance, Contemporary"
Virago Press Ltd.,0,1,"Feminism, Nonfiction, Plays"
Viking Pr,1,0,
Virago UK,1,0,"Music, Nonfiction, Biography"
Virgin Publishing Ltd,1,0,"Doctor Who, Science Fiction, Fantasy"
Viking Children’s Books,1,0,"Young Adult, Romance, Contemporary"
Virginia Kantra,0,1,"Romance, Contemporary Romance, Contemporary"
Vintage Books (NY),1,0,"Philosophy, Nonfiction, Music"
Volvulus Press,1,0,
Vasto,1,0,
Vontiv Publishing,1,0,"Thriller, Mystery, Action"
Voodoo Lily Press,1,0,"M M Romance, Contemporary, Romance"
Voodoo Press,1,0,
Vardan Partamyan,1,0,"Post Apocalyptic, Apocalyptic, Science Fiction"
Vortex Comics,1,0,"Comics, Graphic Novels, Graphic Novels Comics"
"Vanguard Management, Inc.",0,1,"Young Adult, Romance, Contemporary"
Vanessa Waltz,0,1,"Dark, Romance, Abuse"
Vanathi Pathipakam,1,0,"Historical Fiction, Classics, Historical"
VanScoy Publishing Group,0,1,"Paranormal, Shapeshifters, Romance"
Vertigo (DC Comics),1,0,"Graphic Novels, Comics, Fantasy"
Van Goor,1,0,"Fantasy, Young Adult, Books About Books"
Vamptasy,1,0,"Paranormal, Science Fiction, Vampires"
Voxcorp Inc,1,0,"Nonfiction, Christian, Religion"
Valve,1,0,"Comics, Horror, Zombies"
Valters un Rapa,1,0,"Short Stories, Classics, Horror"
Valparaíso Ediciones,0,1,"Poetry, Romance, Audiobook"
Valor Publishing Group LLC,1,0,"History, Nonfiction, Biography"
Voyager - AU,0,1,"Fantasy, Urban Fantasy, Romance"
Vallardi,1,0,
Voyager Books,1,0,"Picture Books, Childrens, Fantasy"
Valiant Books,1,0,"Thriller, Suspense, Mystery"
Voyager Classics,1,0,"Science Fiction, Science Fiction Fantasy, Speculative Fiction"
Van Oorschot,1,0,"Dutch Literature, Literature, Classics"
Vivaluz Editora,0,1,
Viveca Benoir,0,1,"Epic, Drama, Romance"
Versus Kitap,0,1,"Fantasy, Short Stories, Science Fiction"
Verso/New Left Books Ltd.,1,0,"History, Nonfiction, Politics"
Versilio,1,0,"Romance, France, Contemporary"
Versatil Ediciones,0,1,"Romance, Chick Lit, Erotic Romance"
Vivek Pereira,1,0,
Vernon Press,1,0,
Vivid Publishing,1,0,
Verlag der Arche,1,0,"German Literature, Literature, Detective"
Verlag C.H. Beck,1,0,"Nonfiction, Philosophy, German Literature"
Verlag 3.0,0,1,
Volt Books,1,0,"Young Adult, Paranormal, Fantasy"
Viz Communications,1,0,"Video Games, Childrens, Picture Books"
Verbum Crime,0,1,Thriller
Viz Media LLC,1,0,"Manga, Romance, Humor"
Venessa Kimball,0,1,"Science Fiction, Fantasy, Paranormal"
Vendome Press,1,0,"History, Art, Russia"
Vendera Publishing,0,1,"Mystery, Paranormal"
Venatic Press,0,1,"Lesbian, Lesbian Romance, LGBT"
Ven G Books,1,0,
Vel North Editions,1,0,Philosophy
Vega,1,0,
Vizetelly and Co.,1,0,"Russia, Classics, Russian Literature"
"Vaughan Printing, Inc.",1,0,"Finance, Nonfiction, Self Help"
Vergara & Riba,1,0,"Spanish Literature, Spirituality"
Transworld Publishers Ltd,0,1,"Nonfiction, Biography, Memoir"
Whispering Pine Press,0,1,Cookbooks
Transworld Ireland,0,1,"Contemporary, Roman, Adult Fiction"
Transita,0,1,"Romance, Contemporary, Scotland"
Transit,1,0,"Christian Fiction, Young Adult, Christian"
Whispering Winds Press,1,0,"Spirituality, Nonfiction, Metaphysics"
Transformation Media Books,1,0,
White Cloud Press,1,0,"Religion, Nonfiction, Islam"
Transaction Publishers,1,0,"Science, Race, Nonfiction"
Train Bridge Recluse,1,0,"Short Stories, Classics, American"
"Trailmaker Productions, LLC",1,0,
Underwood Books,1,0,"Science Fiction, Short Stories, Dystopia"
Trafford,0,1,
"White Feather Press, LLC",0,1,"Nonfiction, Reference"
Trafalgar Square,0,1,Cookbooks
Tracy Tegan,1,0,"Contemporary Romance, Romance, New Adult"
Tractus Books,1,0,
Tracing The Stars,1,0,"Science Fiction, Romance, Aliens"
Tracie Puckett,0,1,"Romance, Young Adult, Contemporary"
Tough Times Publishing,1,0,"Horror, Gothic, Historical Fiction"
Touchstone/Simon & Schuster (NY),1,0,"Economics, Philosophy, History"
White Pine Press (NY),1,0,"Poetry, Spanish Literature, Latin American Literature"
Touchstone/Simon & Schuster (NY et al.),1,0,"History, Mythology, Religion"
White Trail Publishing,0,1,
White Falcon Publishing Platform,1,0,
Westminster/John Knox Press (Philadelphia),1,0,"Christian, Religion, Christianity"
Westpoint Publishing,1,0,
Triskell Edizioni,0,1,"Paranormal, Paranormal Romance, Romance"
Trish Reeb,0,1,
Trish Marie Dawson,0,1,"Young Adult, Paranormal, Fantasy"
Trinity Forum,1,0,"Fantasy, Short Stories, Classics"
Trine Day,1,0,"True Crime, Nonfiction, Crime"
Trindlemoss Publishing,0,1,"Fantasy, Urban Fantasy, Fae"
Tricycle Press,0,1,"Picture Books, Jewish, Childrens"
Tribute Books,1,0,"Paranormal, Young Adult, Romance"
Westport River Publishing,1,0,
Wheelman Press,1,0,Fantasy
Triad Panther,1,0,"Classics, Short Stories, Germany"
Tres Puntos Ediciones,0,1,"Nonfiction, Memoir, Feminism"
Trentham Books,1,0,"History, Nonfiction, Politics"
Tredition,0,1,
Treasury Of World Masterpieces,1,0,Classics
Treasureline Publishing,0,1,"Paranormal, Vampires, Horror"
Westside Books,0,1,"Young Adult, Mental Health, Mental Illness"
What on Earth Publishing,1,0,"Nonfiction, History, Science"
Treasure House,1,0,"Christian, Christianity, Nonfiction"
Travis Pearson,1,0,
Travelman Publishing,1,0,"Classics, Horror, Short Stories"
Wheatmark,0,1,"Nonfiction, Mental Illness, Memoir"
Triad/Granada,1,0,"Science Fiction, Fantasy, Novels"
Topatoco.com,0,1,"Comics, Graphic Novels, History"
Wicked Sassy,1,0,"Romance, Mystery, Contemporary"
"Top Publications, Ltd.",0,1,
Toon Graphics,1,0,"Fantasy, Graphic Novels, Fairy Tales"
Tony Thorne MBE,1,0,
Tonkam,0,1,"Manga, Fantasy, Romance"
Wicked Truth Pubishing,1,0,"Paranormal, Young Adult, Romance"
Tong Li Comics,1,0,"Manga, Manhwa, Comics"
Tomorrow's Forefathers Inc,0,1,"Christian, Nonfiction, Christianity"
Tomo,1,0,
Wickid Pissa Books,1,0,
"Touchstone Books/Simon & Schuster, Inc.",1,0,"Nonfiction, Humor, Media Tie In"
Tomi Astikainen,1,0,
Tom Doherty Tor Fantasy,1,0,"Fantasy, Epic Fantasy, Science Fiction Fantasy"
Tom Doherty Associates/Orb Books,1,0,"Science Fiction, Short Stories, Anthologies"
"Tom Doherty Associates, LLC",1,0,"Fantasy, Alternate History, Science Fiction"
Tom Doherty Associates Tor Books,1,0,"Fantasy, Historical Fiction, Science Fiction"
Wild Blue Press,1,0,"True Crime, Nonfiction, Crime"
Wildcat Press,0,1,"LGBT, Gay, M M Romance"
Todd Communications,1,0,
Wilder Publications,1,0,"Classics, Adventure, Fantasy"
Wilder Publications Inc.,1,0,"Science Fiction, Aliens, Adult"
To The Stars,1,0,"Childrens, Picture Books"
Titan Publishing Company,1,0,"Fantasy, Video Games, Gaming"
Tommy Lellan,1,0,"Fantasy, Horror, LGBT"
White Whisker Books,1,0,"Young Adult, Angels, Paranormal"
Touchstone / Simon & Schuster UK,1,0,"Science Fiction, Fantasy, Speculative Fiction"
Totem Books,1,0,"Philosophy, Nonfiction, Art"
Total-e-bound,1,0,"BDSM, M M Romance, Contemporary"
Total Publishing and Media,1,0,
Total E-Bound,0,1,"M M Romance, Shapeshifters, Paranormal"
Total E Bound Publishing,1,0,"M M Romance, Contemporary, Gay"
Torrie Robles,1,0,Chick Lit
Tormikiri,1,0,
Tor: Tom Doherty Associates,1,0,"Science Fiction, Science Fiction Fantasy, Tv"
Tor/Pan Macmillan UK,0,1,"Fantasy, Romance, Retellings"
Tor/Macmillan,0,1,"Young Adult, Paranormal, Fantasy"
Whose Apple Press LLC,0,1,
"Tor, Tom Doherty Assoc.",1,0,"Science Fiction, Canada, Science Fiction Fantasy"
Tor for Teen,0,1,"Young Adult, Historical Fiction, Fantasy"
"White Wolf, Inc.",1,0,"Fantasy, Time Travel, High Fantasy"
Whitecap Books,0,1,"Cookbooks, Cooking, Food"
Whitefire Publishing,0,1,"Historical Fiction, Christian Fiction, Biblical Fiction"
Whitmore Publishing Company,1,0,Civil War
Tor Classics,1,0,"Classics, Childrens, Fantasy"
Tor Books / Tom Doherty Associates,1,0,"Fantasy, LGBT, Science Fiction"
Topside Signature,1,0,"Queer, Magical Realism, Transgender"
Topside Press,0,1,"Queer, LGBT, Transgender"
Topseller,0,1,"Historical Fiction, Portugal, Romance"
"Toplink Publishing, LLC",1,0,
Tor.com Publishing,1,0,"Fantasy, Science Fiction, Adult"
Watson-Guptill,1,0,Art Design
UN,1,0,
Wattpad book,1,0,
UK Islamic Academy,1,0,"Islam, Religion, History"
UA-Books,1,0,
U. Central,1,0,
TÜBİTAK Yayınları,1,0,"Science, Mathematics, Nonfiction"
Tyto alba,1,0,"Nonfiction, Travel, History"
Tyto Alba,0,1,
Tyndale Kids,0,1,
WaveCloud,1,0,
Troika Books,0,1,"Historical Fiction, Historical, Young Adult"
Tyndale House Pub,0,1,"Christian Fiction, Christian, Historical Fiction"
Wayne Block and Greg Denaro,1,0,Mystery
Tyche Books Ltd,1,0,"Fantasy, Humor, Adventure"
TwoDot,0,1,"History, Nonfiction"
Wayne Clark YUL/NYC,1,0,Historical Fiction
Wayti Publishing House Foundation,1,0,
Two Roads,1,0,"Nonfiction, Politics, History"
WeRBooks Publishing,1,0,
Weatherhill,1,0,"Poetry, Buddhism, Zen"
Webb,0,1,
Weber Books,1,0,"Reference, How To, Nonfiction"
Webster's Digital Services,0,1,
Tyndale House Publisher,0,1,"Historical Fiction, Christian Fiction, World War II"
Underground Press,1,0,
Unbridled Books,0,1,"Young Adult, Contemporary, Coming Of Age"
Unbound,1,0,"Historical Fiction, Historical"
Warren Martin Books & Little Elephant Publishing,1,0,Historical Fiction
Ulverscroft,0,1,"Romance, Harlequin, Contemporary"
"Washington Square Press, Inc.",1,0,"Classics, Plays, Drama"
Wastern Pub. Co.,1,0,
Ultramarine Publishing Company,0,1,"Science Fiction, Dragons, Fantasy"
"Watchtower Bible and Tract Society of New York, Inc",1,0,"Religion, Nonfiction, Reference"
Ullstein Taschenbuch,1,0,"Humor, German Literature, Contemporary"
Ukrainian Academic Press,1,0,"Ukraine, Ukrainian Literature"
USCCB,1,0,"Theology, Catholic, Religion"
Waterfront Press,1,0,
Uitgeverij Luitingh - Sijthoff B.V.,1,0,"Thriller, Mystery, Espionage"
Uitgeverij L.J. Veen B.V.,1,0,"Thriller, Espionage, Mystery"
Uitgeverij Het Spectrum,1,0,Science Fiction
Uitgeverij De Eenhoorn,1,0,
Uitgeverij Cossee,1,0,"Literature, Dutch Literature, Literary Fiction"
Uitgeverij Athenaeum-Polak & Van Gennep,1,0,"Poetry, Dutch Literature, Literature"
Uitgeverij Aquazz,1,0,
Uitg. Heideland-Orbis - Hasselt,1,0,"Roman, Dutch Literature, Classics"
Watermill Press,1,0,"Classics, Short Stories, Fantasy"
Watkins,1,0,"Occult, Nonfiction, History"
"UTB, Stuttgart",1,0,
Uitgeverij Vrijdag,0,1,"Roman, Romance, Dutch Literature"
Turtle Point Press,0,1,
Tupelo Press,0,1,"Poetry, Fairy Tales"
WestBow,1,0,Christian Fiction
Tuiscope,1,0,"Fantasy, Animal Fiction, Animals"
Tughra Books,1,0,Religion
Tudor Publishers,1,0,
Tudor Communications,1,0,Nonfiction
Tu Books,1,0,"Mystery, Young Adult, Contemporary"
Trẻ,1,0,"Childrens, Novels, Young Adult"
Tryptamine Press,1,0,"Fantasy, Science Fiction, Young Adult"
Tryndale,1,0,"Christian, Leadership, Nonfiction"
Twisted Teacup Publishing,0,1,"Historical Romance, Romance, Historical"
Western Epics,1,0,"Historical Fiction, Religion, Classics"
Truedee Books & Gagas Media,1,0,"Short Stories, Novels, Indonesian Literature"
Westholme Publishing,1,0,"History, Civil War, Nonfiction"
True's Relate,1,0,
Westland Publication,1,0,"Mythology, Fantasy, Indian Literature"
True Bird Publishing LLC,0,1,"Fantasy, Vampires, Paranormal"
Westland Publication Limited,1,0,"Mythology, Fantasy, Amish"
Troubador Publishing,0,1,"Nonfiction, True Crime, Abuse"
Troubador,1,0,"Historical Fiction, World War II, Historical"
Trophy Pr,1,0,"Fantasy, Young Adult, Horror"
Westland Publisher,0,1,"Romance, Indian Literature, India"
Westminster John Know Press,1,0,"New Testament, Archaeology, Christian"
Trumpet Club,0,1,"Childrens, Young Adult, Music"
Twisted Minds,1,0,"Mystery, Romance, Suspense"
Twisted Fairy Publishing,1,0,"Paranormal, Fantasy, New Adult"
Webtoon,0,1,"Fantasy, Comics, Graphic Novels"
Twisted Carrot Publishing LLC,1,0,"Cookbooks, Cooking, Culinary"
Twin Palms Publishers,1,0,"Photography, Nonfiction, Art"
Twin Flames Press,0,1,"Romance, Paranormal, Paranormal Romance"
Twin Books/ Gallery Books,1,0,Childrens
Weidenfeld & Nicholson,1,0,"Contemporary, Literary Fiction, Adult Fiction"
Twelfth Star Publishing,1,0,Fantasy
Tuxedo & Beans Publishing,1,0,Childrens
Tuxedo & Beans,1,0,
Tuum,1,0,
"West 26th Street Press, NYC",0,1,"Romance, Contemporary, Chick Lit"
Tuttle,1,0,"Nonfiction, Philosophy, Japan"
Weinheim ; Basel : Beltz und Gelberg,1,0,"Childrens, Fantasy, Pirates"
Weinstein Books,1,0,"Nonfiction, Animals, Memoir"
Tutku Yayınevi,1,0,
Weitbrecht,1,0,"Fantasy, Short Stories, German Literature"
Weldon Owen,0,1,"Cookbooks, Nonfiction, Cooking"
Weltbil,1,0,
Tutku,1,0,
Tusquets Editores,1,0,
Weltbild,1,0,
"Wendy Maddocks, via Smashwords",0,1,
Wentworth Press,1,0,"Poetry, Literature, History"
Weidenfeld and Nicolson,1,0,"Humor, Nonfiction"
Schwarzkopf &amp; Schwarzkopf,0,1,
Народна младеж,1,0,
Обсидиан,1,0,Bulgarian Literature
"Scholastic, Australia",0,1,"Fantasy, Adventure, Magic"
Scholastic ltd,1,0,"History, Nonfiction, Childrens"
Scholastic UK,1,0,"Young Adult, Science Fiction, Fantasy"
Scholastic Trade,0,1,"Picture Books, Childrens, Canada"
Общественное достояние,1,0,"Classics, Russia, Russian Literature"
Scholastic Press (North Winds Press),0,1,"Picture Books, Childrens, Jewish"
Прозорец,1,0,"The United States Of America, Classics"
Scholastic Point,1,0,"Young Adult, Mystery, Paranormal"
Stripe Creative,1,0,
Scholastic India,0,1,
Саратов: Саратовское книжное издательство,1,0,"Russian Literature, Classics, Russia"
Сиела,1,0,Bulgarian Literature
Слово,1,0,"Bulgarian Literature, Poetry, School"
Соёмбо принтинг,1,0,Novels
"Scholastic Canada, Ltd",0,1,"Picture Books, Childrens, Canada"
Флокс,1,0,"Fantasy, Russia, Science Fiction Fantasy"
Scholastic Apple,1,0,"Science Fiction, Fantasy, Young Adult"
Scholastic / Apple Books,1,0,"Fantasy, Childrens, Science Fiction"
Фолио,1,0,Russia
Schocken Books Inc,1,0,"Nonfiction, Health, Spirituality"
Schocken Books (NY),1,0,"Nonfiction, Holocaust, Philosophy"
Scholastic Ltd,1,0,"Nonfiction, Science, Mathematics"
Scripture Union,0,1,"Christian, Young Adult, Historical"
Script5,0,1,"Fantasy, Young Adult, German Literature"
Script 5,1,0,"Science Fiction, Dystopia, Young Adult"
Scrinéo Jeunesse,0,1,"Young Adult, Fantasy, France"
Scrineo,0,1,"Fantasy, Science Fiction, Young Adult"
Scribners,1,0,"Mystery, Historical Fiction, Mystery Thriller"
"Scribner Book Company, NY",1,0,
Scribner / Simon & Schuster,1,0,"Classics, Novels, Literature"
Scribner / S2e Book Publishing Co.,0,1,"Memoir, Nonfiction, Biography"
Изток - Запад,1,0,
Scribe,1,0,"India, Travel, Adventure"
Schöffling,1,0,"Dystopia, Science Fiction, German Literature"
Книгоиздателство „Георги Бакалов“ Варна,1,0,Science Fiction
Scott Hildreth Books,1,0,"Drama, Young Adult, Romance"
Scirocco Drama,1,0,"Plays, Drama, Theatre"
Scipio,1,0,
"Scientific American / Farrar, Straus and Giroux",1,0,"Science, Nonfiction, Physics"
Scientific American,1,0,"Education, Science"
Кръгозор,0,1,"France, Humor, Romance"
Либра Скорп,1,0,Poetry
Махаон,1,0,
Милениум,1,0,"Israel, Jewish, Literature"
Science of Mind Publishing,1,0,"Spirituality, Metaphysics"
Schöffling & Co.,1,0,"Crime, Alternate History, Mystery"
Scott\Feuille,1,0,
"Sarah Crichton Books / Farrar, Straus and Giroux",1,0,"Contemporary, Romance, Adult"
أفريقيا الشرق,1,0,
Sarah Ann Walker,0,1,"Dark, Romance, Abuse"
Sarabande Books,0,1,"Short Stories, Short Story Collection"
Saraband,1,0,"Literary Fiction, Japan, Historical Fiction"
أكاديميا انترناشونال,1,0,
Sapphire Creek Press,0,1,"Romance, Young Adult, Amazon"
Sapphire Books Publishing,0,1,"LGBT, Lesbian, Romance"
إضافة,1,0,
Saphire Realms,1,0,"Dark Fantasy, Fantasy"
إنسان,1,0,"Religion, Philosophy"
Schocken Books,1,0,"Classics, Short Stories, German Literature"
Santillana,0,1,
Santa Fe Writer's Project,1,0,"Essays, Nonfiction, Anthologies"
Sanssouci,0,1,"Animals, German Literature, Childrens"
ارغنون,1,0,Philosophy
Sanguinity Press,0,1,"Historical, M M Romance, Romance"
Sangam Books Ltd,1,0,"India, Classics"
اطلس للنشر و الانتاج الاعلامي,1,0,"Poetry, Nonfiction, Humor"
الأهالي للطباعة والنشر والتوزيع,1,0,"Religion, Islam, Feminism"
Sang e Meel Publications,1,0,"Classics, Novels, Historical Fiction"
Sang Freud Press,1,0,Poetry
Sandstone Press,0,1,"Memoir, Nonfiction, Biography"
Sandra L. Smith,1,0,"Middle Grade, Adventure, Dystopia"
Santino Hassell,1,0,"M M Romance, Dystopia, Romance"
Schildt,0,1,"Short Stories, Stories, Finnish Literature"
Schiffer Publishing Ltd.,1,0,Paranormal
Школа,1,0,"Classics, Ukraine, Ukrainian Literature"
Յավրուհրատ,1,0,
Scheidegger and Spiess,0,1,
"Scheherzade, Karachi",1,0,
Sceptre (Hodder and Stoughton),0,1,"Contemporary, Art, Literary Fiction"
Սովետական գրող,1,0,
أبوللو للنشر و التوزيع,1,0,
Scepter Press,0,1,"Self Help, Divorce"
Scariodintt Publisharys,1,0,"Novels, Fantasy, Adventure"
أطياف للنشر والتوزيع - القطيف,1,0,"Novels, Romance, Unfinished"
Saída De Emergência,1,0,"Historical Fiction, Horror, Portuguese Literature"
أجيال,1,0,"Relationships, Self Help, Love"
Sayn Press,1,0,"Romance, Contemporary Romance, Contemporary"
Sayfa 6,1,0,"Turkish Literature, Humor, Roman"
Saunders,1,0,
Sauerländer,1,0,"Childrens, German Literature, Classics"
أطلس,1,0,"Poetry, Audiobook, Egypt"
Satánico,1,0,"Horror, Lovecraftian, Cthulhu Mythos"
Satzweiss,0,1,Fantasy
Satsu Multimedia,1,0,Nonfiction
Sassy Sunflower Books,0,1,
أطلس للنشر والإنتاج الإعلامي,1,0,
Scala House Press,1,0,"Historical Fiction, Classics, Novels"
İthaki,1,0,
Sexto Piso,0,1,"Feminism, Audiobook, Drama"
Sextante Editora,1,0,
İyi Şeyler,1,0,"Turkish Literature, Turkish, Novels"
Severn House,0,1,"Historical Romance, Romance, Historical"
Šareni dućan,1,0,"Poland, Literature, Classics"
Štampar Makarije,1,0,Classics
Šulc - Švarc,0,1,"Humor, Czech Literature"
Seventh Sense,1,0,Urban Fantasy
Sevenstar Communications,1,0,"Philosophy, Nonfiction, Religion"
Šviesa,1,0,"Classics, War, Historical Fiction"
Scrisul Românesc,1,0,"Romanian Literature, Classics, Romance"
Εκδόσεις Πατάκη,1,0,"Nonfiction, Greece, Philosophy"
Ζαχαρόπουλος Σ. Ι.,0,1,"France, Roman, French Literature"
Seuil / Points,1,0,"Plays, Africa, Drama"
Seuil (Fiction & Cie),1,0,"Biography, Science, France"
Καστανιώτης,1,0,"Mythology, Philosophy, Literature"
Serving House Books,1,0,"Holocaust, Survival"
Servant,1,0,"Theology, Catholic, Religion"
Serres,0,1,"Fantasy, Childrens, Middle Grade"
Σμίλη,1,0,
Sequart Organization,1,0,"Comics, Pop Culture"
Στιγμή,1,0,Poetry
Seqence,1,0,
Seven Springs Press,0,1,"Nonfiction, Biography, Memoir"
Shema Publishing,1,0,
Ñaque Editora,1,0,Plays
Shelley Adina,0,1,"Steampunk, Fantasy, Young Adult"
Sheldrake Press,1,0,
Shearsman Books,1,0,"Poetry, Spanish Literature, Classics"
Shears Group Ltd,1,0,
Sheabeau Publishing,1,0,"Humor, Comedy, American"
Özgür Yayıncılık,1,0,"Poetry, Turkish Literature"
Shawn William Davis,1,0,Thriller
Özgür Yayınları,1,0,"Turkish Literature, Classics, Turkish"
Shawn Raymond Poalillo,1,0,Drama
İstanbul Fetih Cemiyeti,1,0,"Poetry, Turkish Literature, Turkish"
Sharon Wheater,0,1,
Sharon Ann Ziegler,0,1,
Sharlyn G. Branson,1,0,"Contemporary, Contemporary Romance, Erotica"
Shannon Myers,1,0,"Drama, Contemporary, Romance"
Shannon Ashlee Thompson,1,0,"Fantasy, Young Adult, Paranormal"
İletişim,1,0,"Turkish Literature, Turkish, Roman"
Shanlian WordLit Press,1,0,
"Shambhala Publications, Inc.",1,0,"Buddhism, Psychology, Philosophy"
Shambhala Publications,0,1,"Writing, Nonfiction, Reference"
İmge Kitabevi,1,0,"Turkish, Turkish Literature"
"Shadows of Atlantis, LLC",0,1,"Novels, Book Club, Contemporary"
Shadow Mountain Publishing,0,1,"Fantasy, Young Adult, Romance"
Sharpe Tale Publishing,1,0,"Fantasy, Young Adult"
Астрель,1,0,"Russia, Mystery, Russian Literature"
Библиотека 48,1,0,"Bulgarian Literature, Bulgaria, Literature"
See Sharp Press,1,0,"Classics, Historical Fiction, Literature"
Second Wish Press,1,0,Fantasy
Second Story Press,0,1,"Holocaust, Nonfiction, History"
Secker & Warburg,1,0,"Nonfiction, True Crime, Psychology"
Season Publishing LLC,1,0,"New Adult, Romance, College"
Season Publishing,1,0,"Romance, Historical Romance, Historical"
Вагриус,1,0,"Russia, Russian Literature, Contemporary"
Вакон,1,0,"Bulgarian Literature, Nonfiction, Journalism"
Гаятри,1,0,Russia
Sentient Publications,1,0,"Education, Parenting, Nonfiction"
Seal Press (CA),1,0,"Africa, Historical Fiction, Zimbabwe"
Государственное издательство художественной литературы Узбекской ССР,1,0,
Дрофа-Плюс,1,0,"Childrens, Russia, Fantasy"
Seal,0,1,"Historical Fiction, Historical, Mystery"
ЕРА,1,0,"Humor, Fantasy"
Ера,1,0,
Жанет-45,1,0,
SeaStar Press,0,1,"Romance, Sports, Contemporary"
Sea Rose Publishing,0,1,"Romance, Chick Lit, Amazon"
Издательство Детской Литературы,1,0,Russia
Sea Breeze Publishing LLC,1,0,"Military Fiction, History, Adult"
Scrybe Press,1,0,"Horror, Werewolves, Shapeshifters"
Seashell,1,0,"Self Help, Nonfiction, Psychology"
Τόπος,1,0,Poetry
Sensoinverso Edizioni,0,1,
Τύρφη,1,0,
SensoInverso Edizioni,0,1,
А-БА-БА-ГА-ЛА-МА-ГА,1,0,"Ukrainian Literature, Adventure, Childrens"
Senayan Abadi,0,1,Indonesian Literature
Sellerio Editore Palermo,1,0,"Poetry, Latin American, Literature"
Selfpublished,0,1,"Graphic Novels, Romance, LGBT"
Self-pulblished,1,0,
Self-Realization Fellowship Publishers,1,0,"Spirituality, Biography, Nonfiction"
АСТ / Фолио,1,0,"Russian Literature, Russia"
"АСТ, Corpus",1,0,"Nonfiction, History"
Seigensha Art Publishing,1,0,
Аб издателско ателие,1,0,"Poetry, Religion, India"
Self Published on ff.net,1,0,"Fan Fiction, Romance, Fantasy"
Self Published on MSPaintAdventures,1,0,"Comics, Fantasy, Webcomic"
Абагар,1,0,
Self Pub,0,1,"Romance, Young Adult, Contemporary"
Азбука-Классика,1,0,"Poetry, Classics, Russia"
Азбука-классика,1,0,"Russia, Historical Fiction, Fantasy"
Selector S.A. de C.U.,1,0,"Spanish Literature, Classics, Fantasy"
Аксаков,1,0,"Bulgarian Literature, Classics, Short Stories"
Select Books,0,1,
Антология,1,0,
Sel Published,1,0,
Self published,0,1,
Roundstone Publishing,1,0,Fantasy
Rough Draft Printing,1,0,"Philosophy, Classics, Nonfiction"
Rouergue jeunesse,0,1,"Young Adult, Humor, France"
Ross House Books,1,0,"Mathematics, Education, Nonfiction"
المركز الكندي للبرمجة اللغوية والعصبية,1,0,"Self Help, Nonfiction, Human Development"
Rosinante,0,1,"Fantasy, Danish, Young Adult"
Rosicrucian Fellowship,1,0,"Occult, Religion, Personal Development"
Rose and Freedom Books,0,1,Short Stories
Rose Christo,0,1,"M M Romance, Young Adult, LGBT"
Rose And Freedom Books,0,1,Short Stories
Rororo,1,0,"German Literature, Classics, Germany"
Sandpiper Books,1,0,"Picture Books, Childrens, School"
المركز الكندي للتنميه البشريه,1,0,"Self Help, Nonfiction, Human Development"
المقطم للنشر والتوزيع,1,0,"Religion, Islam, History"
Ronel Pierre,1,0,
Romacom Ltd,1,0,
Rolling Thunder Romance,1,0,"Romance, Contemporary Romance, Contemporary"
Roli Books,1,0,"Nonfiction, Crime, India"
المكتب الإسلامي للطباعة والنشر,1,0,"Biography, Nonfiction, Self Help"
Rogue13 Publications LLC,1,0,"Drama, Contemporary"
Rodale Press,1,0,"Classics, Russia, Short Stories"
المكتبة العربية الحديثة,1,0,"Novels, Childrens, Literature"
Rocky Rivers Publishing,0,1,"Zombies, Horror, Post Apocalyptic"
Rockridge Press,0,1,"Cookbooks, Nonfiction, Health"
Room To Write,0,1,
Rumble Lit Press,1,0,"Drama, Mystery, Crime"
Rugged Land Books,1,0,"Historical Fiction, Historical, Roman"
Rue de Sèvres,1,0,"Graphic Novels, Comics, Fantasy"
Rue Morgue,0,1,"Time Travel, Historical Fiction, Fantasy"
Rudolph V Kolar,1,0,
Rudolf Steiner Press,1,0,"Philosophy, Spirituality, Nonfiction"
Ruby Dixon,1,0,"Romance, Science Fiction, Aliens"
Royalspartan Publications,1,0,Fantasy
Royal Society of Chemistry,1,0,
Roxy Sloane Books,0,1,"Erotica, Romance, BDSM"
Roxel,1,0,"Romanian Literature, Classics, Childrens"
Rourke Publishing (FL),1,0,"Classics, Czech Literature, Science Fiction"
Rowohlt Verlag Gmbh,1,0,"German Literature, Contemporary, Germany"
Rowohlt Verlag GmbH,1,0,
Rowohlt Verlag,1,0,
Rowohlt Taschenbuch Verlag GmbH,1,0,"Philosophy, Nonfiction, Psychology"
Rowohlt Taschenbuch Verla,0,1,"Childrens, Fantasy, Vampires"
Rowohlt TB-V.,1,0,"Christmas, Fantasy, Childrens"
Rowohlt E-Book,1,0,"Nonfiction, German Literature, Biography"
المركز العربي للأبحاث ودراسة السياسات,1,0,"Politics, Philosophy"
المركز العربي للمعلومات,1,0,"Politics, Comics, Art"
"Routledge,Taylor & Francis Books Ltd imprint",1,0,"Psychology, Philosophy, Nonfiction"
Routledge Classics,1,0,"Philosophy, Nonfiction, Logic"
Routledge Chapman & Hall,1,0,"Theatre, Nonfiction, Art"
Rowohlt-Taschenbuch-Verlag,1,0,"Contemporary, British Literature, Literature"
Rob Weisbach Books,1,0,"Poetry, Short Stories, Fantasy"
Roarah Publishing,0,1,Fantasy
انتشارات آتلیه هنر 1371,1,0,"Poetry, Literature, Classics"
Road to Babylon Media,1,0,"Horror, Post Apocalyptic, Zombies"
Rizzoli Universe Promotional Books,1,0,"Art, Art History, History"
Rizzoli International Publications,1,0,"Art, Nonfiction, Philosophy"
انتشارات آتلیه هنر ، 1371,1,0,"Classics, Poetry"
"Riyria Enterprises, LLC",1,0,"Fantasy, Epic Fantasy, Audiobook"
Riya Publications,1,0,"Marathi, Historical Fiction"
انتشارات ارمغان ایران، 1370,1,0,Poetry
Riverside Press,1,0,"Science, Aviation, Nonfiction"
Rockhopper Books,1,0,
Riverhead books/Penguin USA,0,1,"Historical Fiction, Historical, France"
Riverhead Books/The Berkley Publishing Group/Penguin Putnam Inc.,1,0,"War, Historical Fiction, Asia"
"Riverhead Books, U.S.",0,1,"Historical Fiction, LGBT, Romance"
Riverdale Avenue Books,1,0,"LGBT, Young Adult, Queer"
Riverbend Publishing,1,0,"Contemporary, Audiobook, Mental Health"
انتشارات خاوران، پاریس,1,0,"Novels, Literature, Iran"
River Savage,1,0,"Romance, Contemporary Romance, Erotica"
"River North, Moody Publishers Fiction",0,1,"Christian Fiction, Historical Fiction, Romance"
River Grove Books,1,0,
انتشارات خوارزمی,1,0,"Literature, Mythology, Research"
Rising Tides,1,0,
Rising Sun Press Works,1,0,Environment
Riverrun Pr,1,0,"Classics, France, Romanian Literature"
Rockford Road Publishing,1,0,"Mystery, Historical Fiction, Steampunk"
Rocket Ride Books,1,0,"Horror, Science Fiction, Classics"
"Rockefeller Publishing Group, Inc.",1,0,"Horror, Thriller, Adult"
Rocco Digital,0,1,"Short Stories, Classics, Brazil"
المكتبة العصرية/صيدا-_بيروت,1,0,Egyptian Literature
النور للإنتاج الإعلامى والتوزيع,1,0,"Religion, Islam, Nonfiction"
الهلال,1,0,"History, Short Stories, Nonfiction"
Roca Editorial,0,1,"Romance, Erotic Romance, New Adult"
Roca,1,0,"Thriller, Mystery, Suspense"
Roc Trade,0,1,"Horror, Fantasy, Dark Fantasy"
Roc NAL (New American Library) Penguin,0,1,"Fantasy, Romance, Magic"
الهيئة العامة للكتاب,1,0,
Robert E. Davis,1,0,
Roc / Penguin,0,1,"Fantasy, Science Fiction Fantasy"
الهيئه المصريه العامه للكتاب,1,0,
الوابل الصيب للإنتاج والنشر والتوزيع,1,0,
امیر کبیر,1,0,"Novels, Iran, Literature"
Robkaay Publishing,1,0,Fantasy
Robin Whiteplume,1,0,"Historical, New Adult, Drama"
Roberts Press,0,1,
Roberts & Company Publishers,1,0,"Science, Neuroscience, Psychology"
Robert Thier,1,0,"Romance, Historical, Historical Fiction"
Robert Shackelford Publisher,1,0,"Economics, Philosophy, Politics"
Robert J. Crane,1,0,"Fantasy, Dragons, Adventure"
Robert H Sommer,1,0,"Nonfiction, Nature, Childrens"
Roc Fantasy,0,1,"Urban Fantasy, Fantasy, Paranormal"
الدار العربية للكتاب,1,0,"Novels, Romance, Romantic"
Salem House Publishers,1,0,"Polish Literature, Poland, Literature"
الدار العربيّة للعلوم - ناشرون,1,0,
Salamandra,1,0,"France, Historical Fiction, Contemporary"
الدار القومية للطباعة والنشر,1,0,
Salaam Reads / Simon Schuster Books for Young Readers,1,0,"Middle Grade, Realistic Fiction, Contemporary"
Sakura Publishing,1,0,"Manga, Japanese Literature, Graphic Novels"
Saint Herman Press,1,0,"Nonfiction, Religion, Christianity"
Saint Benedict Press,0,1,Nonfiction
Sainathann Communication,1,0,"Spirituality, Nonfiction"
الدار النموذجية - المطبعة العصرية,1,0,"History, Religion, Islam"
المجلس الأعلى للثقافة مصر,1,0,"Philosophy, Nonfiction, Education"
Sagging Meniscus Press,1,0,Science Fiction
الربيع العربي,1,0,
الرعاة للدراسات والنشر,1,0,"Biography, Nonfiction, Philosophy"
Sabine Publications,0,1,
Sabellapress,1,0,
SWM Publishing,1,0,
SUNY Press,1,0,"Spirituality, India, Philosophy"
SUCCESS Books,1,0,"Self Help, Business, Personal Development"
SPACEBOY BOOKS,0,1,Science Fiction
SP with Lulu.com,0,1,Fantasy
الرواق,1,0,
SMP Trade Paper/ St. Martin's Griffin,0,1,"Historical Fiction, War, Coming Of Age"
Saida de Emergência,1,0,Portugal
"Sandi Lynn Romance, LLC",1,0,Romance
Sandi Lynn Romance,1,0,"Romance, Contemporary Romance, New Adult"
Sandi Lynn Books,1,0,"Romance, Contemporary Romance, New Adult"
الإبداع الفكري,1,0,"Religion, Islam"
الإسلام اليوم,1,0,"Nonfiction, Self Help, Philosophy"
الإنتشار العربي,1,0,"Nonfiction, Religion, Philosophy"
الابداع الفكري,1,0,"History, Nonfiction, Politics"
Sand Dollar Press Inc,0,1,"Young Adult, Dystopia, Science Fiction"
Sanbun Publishers,0,1,
San Paolo Edizioni,1,0,Young Adult
San Marco Press,0,1,"Dystopia, Science Fiction, Post Apocalyptic"
Salem Press,1,0,
البرز,1,0,"Novels, Romance, Iran"
الجمهورية,1,0,"Novels, Egypt"
Samuel French Ltd,1,0,"Plays, Classics, Theatre"
Sammie J.,1,0,"Menage, Paranormal, Romance"
Sammie J,1,0,"Menage, Paranormal, Romance"
الحضارة للنشر,1,0,
الحياة للدعاية والإعلان,1,0,"Psychology, Self Help"
الدار العربية للعلوم,1,0,"Novels, Literature, Historical Fiction"
Samantha Young,0,1,"New Adult, Romance, Contemporary"
Samantha Towle Writes Ltd,0,1,"New Adult, Contemporary, Romance"
SaltRiver,1,0,"Nonfiction, Biography, Christian"
Salmon Poetry,0,1,Poetry
San Juan Publishing,0,1,"Picture Books, Childrens, Adventure"
S. Fischer Verlag,1,0,"German Literature, Germany, Classics"
S. Ferguson,1,0,"Romance, Dark, Contemporary Romance"
S. DeGiorgio,1,0,"Science Fiction, Amazon"
S Burke,1,0,"Nonfiction, Memoir, Abuse"
S & M Books,1,0,"Young Adult, Contemporary, School"
Rütten & Loening,0,1,"Audiobook, German Literature, Christmas"
Ryujin Publishing,1,0,"Young Adult, Paranormal, Fantasy"
Ryland Peters Small,0,1,Cooking
Rutherford Literary Group,1,0,Romance
الطبعه الأولى,1,0,
Ruth Silver,0,1,"Dystopia, Young Adult, Romance"
الرواق للنشر و التوزيع,1,0,"Novels, Horror, Psychology"
"Ruptured Media, LLC",1,0,Science Fiction
Rupa Publishers,0,1,"Mythology, India, Indian Literature"
Rupa Publications India Pvt Ltd,1,0,"Nonfiction, Business, Biography"
العربي للنشر والتوزيع,1,0,"Mystery, Historical Fiction, Novels"
الكرمة للنشر,1,0,"Relationships, Social, Humor"
الكرمة للنشر والتوزيع,1,0,"Novels, Horror, Short Stories"
المؤسسة العربية الحديثة للطبع و النشر و التوزيع بالقاهرة و الاسكندرية,1,0,Historical
المؤسسة العربية للدراسات و النشر,1,0,"Novels, Literature, Politics"
المؤلف,0,1,"Poetry, Inspirational, Literature"
Runic Soul Publishing,1,0,
Runa,1,0,"Fantasy, Polish Literature"
Ruminator Books,0,1,"Nature, Nonfiction, Memoir"
Ruth Ann Nordin's Books,0,1,"Romance, Science Fiction, Aliens"
الزهراء للإعلام العربي,1,0,History
SL Independent Publishing LLC,0,1,"Menage, Erotica, Romance"
الشبكة العربية للأبحاث والنشر,1,0,"Politics, Nonfiction"
SJP for Hogarth,0,1,"Contemporary, Literary Fiction, Audiobook"
SJ Himes,1,0,"M M Romance, Paranormal, Vampires"
SHBown,1,0,
SFBC; Book Club edition,1,0,"Fantasy, Science Fiction Fantasy, Dark Fantasy"
الشركة السعودية للأبحاث والنشر,1,0,"Politics, Morocco"
SFBC Fantasy,1,0,"Urban Fantasy, Vampires, Paranormal"
الشركة العربية للطباعة والنشر,1,0,Short Stories
SE,1,0,"History, Nonfiction, Japan"
SAF Publishing,1,0,Music
S. Sanders,1,0,
S.T. Abby,1,0,"Dark, Romance, Suspense"
S.P.I. Books,1,0,"Mystery, Thriller, Crime"
S.L. Baum,1,0,"Paranormal, Fantasy, Vampires"
S.K. Logsdon,1,0,"Dark, Romance, Erotica"
S.J.Johnson,1,0,
الطبعة الأولى -دار ليلى- الطبعة الثانية - دار أكتب,1,0,
S.J. Wright Books,1,0,"Paranormal, Vampires, Romance"
S.J. Wright,1,0,"Vampires, Paranormal, Romance"
S.J. Johnson,1,0,Horror
S.E. Hall,1,0,"New Adult, Romance, College"
S.C. Stephens,1,0,"Young Adult, Romance, New Adult"
S.B. Addison Books,1,0,"Romance, New Adult, Young Adult"
S.W.Lothian,1,0,"Fantasy, Adventure, Young Adult"
Speaking Volumes,1,0,
Speak/Puffin/Penguin Group,1,0,"Young Adult, Adventure, Mystery"
Speak/Penguin,1,0,"Young Adult, Paranormal, Fantasy"
cahayasiroh publishing,1,0,
Sparkpress,0,1,"Fantasy, Retellings, Young Adult"
Sparkplug Books,1,0,"Graphic Novels, Comics, Mystery"
create space,1,0,"Superheroes, Romance, Science Fiction"
createspace direct publishing,1,0,Abuse
SparkPress,0,1,"Fantasy, Retellings, Young Adult"
Spare Time Press,0,1,"Historical Fiction, Historical"
Souvenir Press Ltd,1,0,"Psychology, Philosophy, Nonfiction"
Émigré Publishing,0,1,Poetry
darelnokhba,1,0,
Southern Yellow Pine (SYP) Publishing LLC,0,1,"Coming Of Age, Historical Fiction"
Southern Pub. Association,0,1,"Christian, Religion, Christian Fiction"
Southern Methodist University Press,1,0,Short Stories
Southern Ink Press,0,1,"Romance, Erotica"
South Shore Publications,1,0,"Young Adult, Horses, Contemporary"
South End,1,0,"Nonfiction, Politics, History"
deBolsillo,1,0,"Mystery, Suspense, Mystery Thriller"
South Dakota State Historical Society,0,1,"Nonfiction, Biography, History"
Sourebooks Fire,0,1,"Young Adult, Fantasy, Mermaids"
del Sol Press,1,0,
"Sourcebooks, Inc.",0,1,"Mermaids, Fantasy, Young Adult"
createspace.com,1,0,
Split Tree Publishing,1,0,
Splinter,0,1,"Fantasy, Young Adult, Romance"
Splendid,1,0,Music
archiveofourown.org,1,0,"Fan Fiction, Romance, Lesbian Romance"
Spirit Rising Productions,1,0,"Self Help, Nonfiction"
Spirit Light Pub,1,0,"Romance, Christian Fiction, Christian"
Spinifex Press,0,1,"Africa, Botswana, Mystery"
Spike Pitt,1,0,"Nonfiction, Music, Memoir"
atb,1,0,
authorhouse,1,0,Poetry
bHd books,0,1,"Romance, Christian Fiction, Christian"
Spectra/Bantam Books,1,0,"Science Fiction, Post Apocalyptic, Dystopia"
"beORIGIN Co., Ltd.",1,0,"Contemporary, Young Adult, Fantasy"
"Sphere (An imprint of Little, Brown UK)",1,0,"Chick Lit, Romance, Contemporary"
bloomsbury qatar foundation publishing,1,0,"Novels, Horror, Fantasy"
books2read,0,1,Fantasy
booksmango,1,0,"Adventure, Nonfiction, Adult"
Sperling paperback,0,1,"Romance, Historical Fiction, Contemporary"
booktango.com,1,0,
Spencer Hill Contemporary,0,1,"Contemporary, Young Adult, Romance"
both sides of the river press,0,1,
Spellbinder Press,1,0,"Thriller, Mystery, Mystery Thriller"
brainfire media,1,0,Fantasy
Spectrum Tango,0,1,
Sphere (London),1,0,"Science Fiction, Post Apocalyptic, Dystopia"
Soleil Editions,1,0,"Bande Dessinée, Comics, Graphic Novels"
Solaris Books,1,0,"Science Fiction, Space Opera, Fantasy"
Solar Books,1,0,"Art, Biography, Nonfiction"
Soka Gakkai Malaysia,1,0,Buddhism
Sojourner Books,1,0,"Romance, Contemporary Romance"
"Soho Press, Inc.",1,0,"Mystery, Crime, Thriller"
ePenguin,1,0,"Plays, Classics, Drama"
eXcessica Publishing,1,0,"BDSM, Romance, Erotica"
Soft Editions,1,0,"Travel, Nonfiction, Classics"
Sofoklis,1,0,"History, Nonfiction, Audiobook"
Société des Écrivains,0,1,
dp DIGITAL PUBLISHERS,0,1,
Social Nerdia,1,0,"Nonfiction, Social Media"
So Amazing Publications,0,1,
Snows of Tomorrow,1,0,
Snow Lion Publications,1,0,
Snow Lion,1,0,Nonfiction
"Sneaky Crab, Inc.",0,1,
Smokeblood LLC,1,0,
Smitch Pilot Publishing,1,0,"New Adult, Contemporary, Adult"
eberHAUS,0,1,
Smiling Dolphin Publications,1,0,
ebookpartnership,1,0,
ereads.com,1,0,"Science Fiction, Apocalyptic, Post Apocalyptic"
Society of Abidance in Truth,1,0,
"dpInk: Donnaink Publications, L.L.C.",1,0,
dpunkt.verlag,1,0,Programming
SourceBooks Fire,0,1,"Mystery, Young Adult, Thriller"
e-penguin,1,0,Fantasy
eBookPartnership.com,1,0,
Soundlines Entertainment,1,0,"Science Fiction, Thriller, Mystery Thriller"
Soulmatepublishing,1,0,"Young Adult, Fantasy, Romance"
Soul Rocks Books,1,0,Fantasy
Soul Mate Publishing,0,1,"Romance, Amazon, Contemporary Romance"
Sosyal Yayınları,1,0,"Philosophy, Nonfiction, Psychology"
Sophie Schiller,0,1,"Historical Fiction, Romance, Historical"
"Solid Ground Christian Books, Reformed Baptist Publications",1,0,"Theology, History, Christianity"
Sophia Perennis et Universalis,1,0,"Philosophy, Religion, Nonfiction"
Sophia Institute Press,1,0,Christian Fiction
Sophia Henry Books LLC,0,1,"Romance, Music, Contemporary"
Sons of Thunder Ministries & Publications,1,0,"Theology, Christian, Spirituality"
Sonlight Curriculum,0,1,"Classics, Childrens, Historical Fiction"
eKensington,0,1,"Paranormal, Paranormal Romance, Vampires"
Sonatine,1,0,"Thriller, Mystery, Horror"
Somoy Prakashan,1,0,"War, Historical Fiction, Classics"
Somerset Hall Press,1,0,
Solutions Unlimited (New Zealand),0,1,
Solitaires intempestifs,1,0,"Theatre, Plays, France"
Solidaridad Publishing House,1,0,
Sophia Scarlet Romance,0,1,"Romance, Erotica, Suspense"
Stevens Publishing,1,0,"Adventure, Young Adult"
Steven Whibley Books,1,0,"Young Adult, Mystery, Adventure"
Steven R. Burke,1,0,"Fantasy, High Fantasy, Young Adult"
Steven P Sharp,1,0,"Science Fiction, Space Opera"
Steven J Nash Pub,1,0,Poetry
Sterling Publishing (NY),1,0,Ghost Stories
"Sterling Juvenile,US",1,0,"Self Help, Business, Personal Development"
Sterling Children's Books,1,0,"Middle Grade, Realistic Fiction, Mystery"
Zig-Zag,1,0,
Stephenson & Fletcher,0,1,"Aliens, Science Fiction, Romance"
Stephen Paul Register,1,0,"Military Fiction, Nonfiction, War"
Split Tree Publishing Inc.,0,1,
Stephanie Lisa Tara Children's Books,0,1,
StellarArt Publishing,1,0,
Steiner Books,1,0,"Occult, Philosophy, Classics"
Steerforth Italia,0,1,"Italy, Italian Literature, Classics"
Ziggurat Productions,1,0,"Science Fiction, Short Stories, Classics"
Zing Office,0,1,
Steeple Hill Love Inspired Historical,0,1,"Romance, Historical Fiction, Christian Fiction"
Zirk's Quirks Ltd.,0,1,"Book Club, Drama"
Steel Toe Books,0,1,"Poetry, Fantasy, Feminism"
Start Publishing LLC,1,0,"Philosophy, Nonfiction, China"
Zoetic Books,1,0,"Self Help, Nonfiction, Psychology"
Zola Books,0,1,"Romance, Fantasy, Time Travel"
"Stephen Cote, via Smashwords",1,0,
Street & Smith Publications,1,0,"Science Fiction, Science Fiction Fantasy, Short Stories"
Strebor Books,0,1,"Erotica, Adult Fiction"
Zafiro,0,1,
Zakharov,1,0,"Russia, Mystery, Detective"
Strange Violin Editions,1,0,"Fantasy, Horror, Religion"
Strange Land Books,1,0,
"Zamna Ali, ISBN: 978-969-23195-0-8",1,0,"Philosophy, Politics, Religion"
Strange Crow Books,1,0,"Romance, Suspense, Dark"
Strang Communications Company,1,0,Christian
"Storyville, LLC",1,0,"Horror, Short Stories, Fantasy"
Storytellers Ink,1,0,
Zeus Publications,1,0,Ghana
Zenay Bekele Ben-Yochanan,1,0,
Story Line Press,0,1,
Zenith Press,1,0,"History, Aviation, Military Fiction"
Zephyr Press,0,1,"Poetry, Russia, Russian Literature"
Zeppelin Publishing Company,1,0,"Poetry, Music, The United States Of America"
Stormcloud Press,0,1,"M M Romance, Sports, Romance"
Zero Books,1,0,"Philosophy, Politics, Nonfiction"
Zeropanik Press,1,0,Banned Books
Stone Arrow Books,1,0,"Religion, Atheism, Nonfiction"
Zest Books,0,1,"Graphic Novels, Memoir, Nonfiction"
Stock/Editionp0s1,1,0,"Historical Fiction, France"
Stillwater River Publications,0,1,"Nonfiction, Memoir, True Crime"
"Story Plant, The",1,0,"Contemporary, Family, Christian Fiction"
Zumaya Otherworlds,1,0,"Dystopia, Witches"
St Martin's Press,0,1,"Horror, Thriller, Mystery"
St Martin's Minotaur,1,0,"Mystery, Historical Fiction, Historical"
Zvaigzne ABC,1,0,"Childrens, Fantasy, Classics"
"Zyrobotics, LLC",1,0,Childrens
Zysk i S-ka Wydawnictwo,1,0,"Nonfiction, Science, Psychology"
Srishti Publishers & Distributers,1,0,"Romance, Love, Mythology"
Srishti Publishers,1,0,"Romance, Love"
a5,0,1,"Polish Literature, Nonfiction, History"
Srishti Publication,1,0,"Romance, Indian Literature, Romantic"
"Sri Sathya Sai Sadhana Trust, Publications Division",1,0,
Zoland Books,1,0,"Italian Literature, Classics, Italy"
adult-fanfiction.org,1,0,"M M Romance, Disability, Contemporary"
Spuyten Duyvil,0,1,
ajab,1,0,"Marathi, Classics, Short Stories"
Springer,1,0,Mathematics
alm forlag,0,1,
Spotted Horse Productions,1,0,"Reverse Harem, Fantasy, Paranormal"
Spotlight (MN),1,0,"Classics, Childrens, Fairy Tales"
Sports Publishing LLC,1,0,
amazon.com,1,0,
Sports Publishing,1,0,
Sport Media Publishing,1,0,"Sports, Football, Novels"
ambKids Academy,0,1,
"Sri Ramakrishna Math, Chennai",1,0,"Philosophy, Nonfiction, Religion"
Starling Publishing,0,1,"Fantasy, Young Adult, Witches"
Stark House Press,1,0,"Fantasy, Science Fiction, Dark Fantasy"
Starcherone Books,0,1,"Short Stories, Fantasy, Horror"
Starbooks Classics,1,0,"Classics, Canada, Historical Fiction"
Star Stone Press,1,0,
Star Publications,1,0,Poetry
Star Cloud Press,1,0,
Stan Morris,1,0,"Horror, Young Adult, Science Fiction"
Stampa Alternativa,1,0,"Philosophy, Classics, Nonfiction"
Stalking Fiction,0,1,"Science Fiction, Romance, Dystopia"
Stackpole Books,1,0,"History, Nonfiction, World War II"
Stacey Joy Netzel,1,0,"Romance, Contemporary Romance, Contemporary"
St. Augustines Press,1,0,"Philosophy, Nonfiction, Psychology"
Zondervan Publishing House,1,0,"Christian, Religion, Christianity"
St. Martin’s Griffin,0,1,"New Adult, Romance, Contemporary"
Zone Books (NY),1,0,"Philosophy, Nonfiction, Theory"
St. Martin's True Crime,1,0,"True Crime, Nonfiction, Audiobook"
Zones,0,1,"Nonfiction, Feminism, France"
St. Martin's Press / MacMillan,1,0,"Historical Fiction, Mystery, Audiobook"
Zorba Books,1,0,India
Zoya Tessi,0,1,"New Adult, Romance, Contemporary"
St. Martin's Minotaur,1,0,"Mystery, Thriller, Mystery Thriller"
Zsolnay und Deuticke,1,0,"Romance, Chick Lit, German Literature"
Zubaan Books / Penguin India,0,1,"Short Stories, Science Fiction, Fantasy"
Zuma Publishing,1,0,"Mythology, Fantasy"
St. Martin’s Press,1,0,"Horror, Humor, Fantasy"
SilverOak,1,0,"India, Historical Fiction, Contemporary"
SilverMoon Publishing,1,0,Fantasy
signet,1,0,"Sports, Baseball, Nonfiction"
skirt!,0,1,"Nonfiction, Memoir, Biography"
"Silver Leaf Books, LLC",1,0,"Fantasy, Young Adult, Steampunk"
Silver Helm,1,0,"Fantasy, Magic, Epic Fantasy"
Silman-James Press,1,0,"Film, Nonfiction, Art"
Silhouette Special Releases,0,1,"Romance, Contemporary Romance, Contemporary"
smashwords.com,0,1,
sphere,1,0,"Thriller, Historical Fiction, Crime"
storyinliteraryfiction.com,1,0,
Smatteringsbooks,0,1,
słowo/obraz terytoria,1,0,"Russia, Nonfiction"
Silhouette Audio,0,1,"Romance, Contemporary Romance, Contemporary"
t. h. snyder,1,0,"Romance, New Adult, Contemporary"
Silent Thunder Publishing,0,1,"Mystery, Thriller, Legal Thriller"
Silent Note,1,0,"Spirituality, Poetry"
Signet: Select,1,0,"Romance, Contemporary Romance, Contemporary"
the author,1,0,
Signet/New American Library,1,0,"Horror, Thriller, Fantasy"
theEDGEbooks,0,1,"New Adult, Romance, Contemporary Romance"
Signet Press,1,0,"Adventure, Classics, Thriller"
true bird publishing llc,0,1,"Contemporary, Epic, Novels"
urban comics,1,0,"Graphic Novels, Comics, Graphic Novels Comics"
Silhouette Romantic Suspense,0,1,"Contemporary Romance, Romantic Suspense, Contemporary"
newyorker.com,1,0,"Short Stories, Science Fiction, Read For School"
nicolereedbooks,0,1,"Romance, New Adult, Contemporary Romance"
Simon & Schuster Inc,1,0,"Horror, Thriller, Mystery"
nxb Tổng hợp TP. Hồ Chí Minh,1,0,"Buddhism, Spirituality, Nonfiction"
pd workman,1,0,"Abuse, Young Adult, Realistic Fiction"
"Simon & Schuster Children's, Margaret K. McElderry Books",0,1,"Fantasy, Young Adult, Paranormal"
penguin books,0,1,"Chick Lit, Romance, Contemporary"
penhaligon,1,0,"Horror, Fantasy, Werewolves"
podiobooks.com,1,0,"Science Fiction, Space Opera, Audiobook"
publibook,0,1,
rbooks,1,0,"Humor, Classics, Comedy"
shilalekh books,0,1,"India, Classics, Indian Literature"
rororo,0,1,
Simon & Schuster Australia,0,1,"Romance, New Adult, Adult"
rotfuchs verlag,1,0,"Childrens, Animals"
Simon & Schuster Aladddin Paperbacks,0,1,"Fantasy, Science Fiction, Dragons"
salmon press,1,0,Poetry
Simon & Schuster AU,1,0,"Thriller, Crime, Mystery"
script5,0,1,"Fantasy, Young Adult, German Literature"
Simon & Schuster (Australia) Pty Ltd,0,1,
self published,1,0,"Book Club, Young Adult, New Adult"
Silvestri Books,0,1,
self-pub,1,0,
Silvester,1,0,
rendez-vous publishing,1,0,
Sidgwick & Jackson (London),1,0,"Science Fiction, Polish Literature, Audiobook"
«Հայաստան» հրատարակչություն,1,0,Classics
Sidgwich Jackson Ltd,0,1,"Nonfiction, Classics, History"
Ágil Editorial,1,0,
Çınaraltı Yayın Dağıtım,1,0,"History, Classics, Nonfiction"
Éditions Anne Carrière,1,0,Thriller
"Shtëpia Botuese ""Omsca""",1,0,Albanian Literature
Éditions Blanche,1,0,"Politics, Essays, Nonfiction"
"Shri Ramkrishna Ashram, Rajkot",1,0,
Short Flight/Long Drive Books,1,0,"Fantasy, Novels"
Shoemaker & Hoard,1,0,"Japan, Japanese Literature, Historical Fiction"
vermilion Pencil Press,0,1,Horses
Shock Totem Publications,1,0,"Horror, Mystery, Thriller"
Shire-Hill Publications,1,0,"Dystopia, Science Fiction, New Adult"
Shinning Starr Publicationz,1,0,
Shinji Moon,1,0,"Poetry, Nonfiction, Contemporary"
Éditions Laska,0,1,
ShineBox Publishing,1,0,
Éditions de l'épée,0,1,
Shinchosha,1,0,"Manga, Romance, Seinen"
Sheridan House,1,0,"Travel, Nonfiction, Biography"
Shere,1,0,"Historical Fiction, Thriller, Mystery"
Shepherd Press,1,0,"Parenting, Christian, Nonfiction"
Émigré,1,0,Poetry
Éditions Hurtubise HMH,0,1,"Historical Fiction, France, Historical"
voice,0,1,"Historical Fiction, Fantasy, Mystery"
voicecollective.press,1,0,"Adult, New Adult, Contemporary"
Signet (Penguin Group USA Inc.),0,1,"Mystery, Chick Lit, Cozy Mystery"
wattpad,1,0,"Romanian Literature, Comedy, Humor"
www.amazon.com,1,0,
www.fanfiction.net,1,0,"Fan Fiction, Romance, New Adult"
Signal Press,0,1,"Mystery, Humor, Chick Lit"
www.ricksmithbooks.com,1,0,"Writing, Nonfiction"
Signal Editions,1,0,"Poetry, Canada"
Signal,1,0,"Nonfiction, Essays, Politics"
www.thinkandretire.com,1,0,
"Siglo XXI Editores, S.A. de C.V.",1,0,"Short Stories, Poetry, Literature"
Sienna Books,1,0,Mathematics
xlibris,1,0,
xynobooks,1,0,
© Ankama Éditions,1,0,
© Babelsigns éditorial,1,0,
© Dauphin Groupe Ltd.,1,0,
Siglo Veintiuno,1,0,Spanish Literature
Sigal Ehrlich,0,1,"Romance, Contemporary Romance, Contemporary"
© Ocean Digital Edition,1,0,
© U.Porto Edições,1,0,
© Éditions Baudelaire,1,0,
Siete Cuentos,1,0,"Spanish Literature, Latin American, Crime"
«ανέκδοτο»,1,0,
Siglo XXI Ediciones,1,0,"Short Stories, Literature, Novels"
i2i,1,0,
Sky Shifter,1,0,"Paranormal, Paranormal Romance, Shapeshifters"
iUniverse Star,1,0,"M M Romance, Young Adult, Gay"
ibidem Press,1,0,
ibooks,1,0,"Fantasy, Science Fiction, Short Stories"
Sky Dancer,1,0,
Skrudda,1,0,
Skip 2 My Loop Publishing,1,0,
Skinny Leopard media,1,0,"Science Fiction, Fantasy, Horror"
ibooks Inc.,1,0,"Science Fiction, Fantasy, Science Fiction Fantasy"
Skeleton Key Publishing,0,1,"Paranormal, Romance, Fantasy"
"new-religious movements

35 books — 1 voter",1,0,
Sjaloom,0,1,"Childrens, Young Adult, Adventure"
Sixty-Eight Publishers,1,0,"Czech Literature, Literature, 20th Century"
Sixth Sense Publishing,0,1,
indie,1,0,
Sita Bennett,0,1,"Science Fiction, Nature, Coming Of Age"
Sister Cat Publishing,1,0,
Sistem Yayıncılık,1,0,Psychology
iread Books & Publishing,1,0,"Fantasy, Dragons"
jjames,1,0,
jjwxc,1,0,"Fantasy, LGBT, Romance"
Sirene,0,1,"Morocco, Africa, Short Stories"
"Siren-Bookstrand, Inc.",0,1,"Menage, Erotica, Romance"
ihath publishing,0,1,Humor
eyal sabag,1,0,
Smashwords: http://bit.ly/1cqSAsR,0,1,
faber and faber,1,0,"Southern Gothic, Southern, Historical Fiction"
fattafinga publishing,1,0,Horror
hauspublishing,1,0,"Iran, Literature, Historical Fiction"
Smashwords / Createspace / Kindle,1,0,"Romance, Contemporary, Contemporary Romance"
hpmor.com & fanfiction.net,1,0,"Fantasy, Fan Fiction, Philosophy"
http://iketab.com,1,0,German Literature
Smashbooks,0,1,
http://www.lulu.com,0,1,
Small Desk Press,1,0,
Skyhorse Publishing,1,0,"Nonfiction, Memoir, Biography"
Sleuth / Speak,0,1,"Mystery, Young Adult, Romance"
http://www.scaryforkids.com/,1,0,"Short Stories, Science Fiction, Classics"
http://www.smashwords.com,1,0,
http://www.telemachuspress.com/,0,1,"Romance, Contemporary Romance, Contemporary"
https://itunes.apple.com/us/book/id1150480177,1,0,
Slave Labour,1,0,"Comics, Graphic Novels, Horror"
Slave Labor Graphics,1,0,"Graphic Novels, Comics, Horror"
Slate Publishing,1,0,"New Adult, Romance, Contemporary"
i-Magic Media,1,0,Horror
Skypony Press,0,1,"Young Adult, Humor, Contemporary"
i.e. new media,0,1,Young Adult
Skyla Madi,0,1,"Romance, Fighters, Dark"
"SlimBooks, Inc.",1,0,Nonfiction
m & C,1,0,"Manga, Manhwa, Romance"
m&c,0,1,"Manga, Romance, Shojo"
Simon Schuster Audio/Nightingale-Conant,1,0,"Self Help, Personal Development, Nonfiction"
marika germanis,0,1,Cooking
minimum fax,1,0,"Short Stories, Literature, American"
mirador publishing,1,0,
mixtvision,0,1,"Fantasy, Middle Grade, Mystery"
mizan,1,0,Romance
narcissus.me,0,1,
Simon Okill,1,0,Fantasy
"Simon & Winter, Inc.",1,0,"Mystery, Thriller"
Siren-Bookstrand,0,1,"Romantic Suspense, Romance, Contemporary Romance"
Simon & Winter Inc.,1,0,"Thriller, Mystery, Suspense"
Simon & Shuster Books for Young Readers,1,0,"Mystery, Middle Grade, Young Adult"
Simon & Schuster; Media Tie-In edition,1,0,"History, Nonfiction, War"
Simon & Schuster/Simon Pulse,1,0,"Young Adult, Contemporary, Romance"
Simon & Schuster/Gallery Books,0,1,"Chick Lit, Romance, Contemporary"
"Simon & Schuster, Inc.",1,0,"History, Nonfiction, War"
neobooks,0,1,
Simon & Schuster audio,1,0,"Nonfiction, Memoir, Biography"
Simon & Schuster UK Ltd,1,0,"Fantasy, Vampires, Young Adult"
new horizon media private limited,1,0,Detective
Simon & Schuster Publishing,0,1,"Young Adult, Paranormal, Short Stories"
Simon & Schuster Pocket Books,0,1,"True Crime, Nonfiction, Crime"
naver,1,0,"Manga, Manhwa, Fantasy"
kalachuvadu,1,0,
Siren Book-Strand,0,1,
Siren & Muse Publishing,1,0,
"kalimba Publishers, LLC",1,0,
Siren,0,1,"Paranormal, Menage, Romance"
kathleen shoop,0,1,"Historical Fiction, Historical, Amazon"
kitos knygos,1,0,Poetry
Sinomn & Schuster UK,0,1,"Romance, Chick Lit, Mystery"
Sinister Grin Press,1,0,"Horror, Thriller, Coming Of Age"
knaur feelings,0,1,
Singing Lake Press,1,0,
kore,1,0,Fantasy
Simon Schuster/Paula Wiseman Books,1,0,"Young Adult, Poetry, Realistic Fiction"
Sinar Harapan,1,0,"Indonesian Literature, Novels, Literature"
Simply Charly,1,0,
kuro5hin.org,1,0,"Science Fiction, Dystopia, Artificial Intelligence"
la Pastèque,1,0,"Bande Dessinée, Graphic Novels, Comics"
Simona Dobrescu,0,1,"Fantasy, Romance, Urban Fantasy"
Simon and Schuster Pocket Books,1,0,"Mystery, Suspense, Thriller"
Simon and Schuster Digital Sales Inc,0,1,"Historical Fiction, Christian Fiction, Biblical Fiction"
lead start publication pvt ltd,1,0,"Mythology, Indian Literature, India"
les Moutons électriques,0,1,"Fantasy, Urban Fantasy, Magical Realism"
lift-run-bang.com,1,0,"Fitness, Health"
"little, brown",0,1,"Young Adult, Realistic Fiction, Chick Lit"
lulu,0,1,
kotobarabia.com,1,0,"Poetry, Egypt"
Dark Harvest,1,0,"Horror, Vampires, Fantasy"
Dark Blade Publishing,1,0,"Fantasy, Epic Fantasy, Adventure"
Daring Books Publishing,1,0,"Romance, Amazon, Contemporary Romance"
Darby Creek (Tm),1,0,"Realistic Fiction, Young Adult, School"
Dar-us-Salam Publications,1,0,Islam
Dar Kalemat,1,0,"Nonfiction, Literature, Unfinished"
Dar Al-Kotob Al-Almeah,1,0,"Novels, Classics, Romance"
Dany Rae Miller,0,1,"Paranormal Romance, Paranormal, Shapeshifters"
Dante University of America Press,1,0,"Classics, Philosophy, Nonfiction"
Danna Press,0,1,
Danielle Singleton,0,1,
Daniel A. Kaine via Smashword,1,0,"M M Romance, Paranormal, Vampires"
Dani Alexander,1,0,"M M Romance, Romance, Contemporary"
Danelle O'Donnell,0,1,
ராஜராஜன் பதிப்பகம்,1,0,
Dana Mason,0,1,"Romance, Contemporary Romance, Abuse"
Dan Hunter,1,0,
Dan Carr,1,0,
Damnation Books LLC,1,0,
Damien Wynn,1,0,
Dallas Institute Publications,1,0,"Philosophy, Nonfiction, France"
Dalesman,1,0,
Dales Large Print Books,1,0,"Thriller, Novels"
Dalai Editore,1,0,"Thriller, Crime, Mystery"
Dalai & Castoldi,1,0,"Thriller, Crime, Italian Literature"
Dal,1,0,"Poetry, Nonfiction"
Dakota Press,0,1,"Romance, Mental Illness, Contemporary Romance"
Dake Publishing,1,0,"Reference, Theology, Religion"
Daimon Verlag,1,0,"Psychology, Biography, Philosophy"
Daeron Press,0,1,Romance
Dancing Cat Books,0,1,"Young Adult, Dystopia, Science Fiction"
Dawn Klinge,0,1,"Christian Fiction, Historical Fiction"
Daw,0,1,Fantasy
Davonshire House Publishing,0,1,"Interracial Romance, Romance, Contemporary Romance"
David Samson,1,0,
"David R. Godine, Publisher",1,0,"France, Classics, French Literature"
David R. Godine,1,0,"Nonfiction, Philosophy, Art"
David R Godine Pub,0,1,"Ireland, Historical Fiction, Novels"
David M Samson,1,0,
David Icke Books,1,0,"Nonfiction, Conspiracy Theories, History"
David Fickling,0,1,"Young Adult, Romance, Contemporary"
David & Charles,0,1,"Art, Drawing, Fashion"
Dave Roberson Ministries,1,0,"Christian, Prayer, Spirituality"
Datagroup,1,0,"Romanian Literature, Detective"
DataIsland Software LLC,1,0,
Dash Shaw,1,0,"Graphic Novels, Comics, Science Fiction"
Dark House,1,0,"Graphic Novels, Comics, Manga"
Darusalam Publishers,1,0,"Islam, Biography"
"Darton, Longman and Todd",1,0,"Christian, Spirituality, Theology"
"Darton, Longman & Todd",1,0,"Religion, Spirituality, Nonfiction"
Dartmouth,1,0,"Nonfiction, LGBT, Essays"
Darkstroke Books (Crooked Cat Books),1,0,"Mystery, Adult"
Darkstroke / Crooked Cat,0,1,Mystery
Darkstroke,1,0,
DarkRoadDesigns,0,1,"Paranormal, Romance, Angels"
DarkFuse,1,0,"Horror, Thriller, Fantasy"
Dark Shadows Publishing,0,1,"Zombies, Horror, Post Apocalyptic"
Dark Shadow Publishing,1,0,"Romance, Holiday, Contemporary"
Dark Roast Press,0,1,"M M Romance, Military Fiction, Romance"
Dark Owl Fantasy Inc.,0,1,"Fantasy, Romance, Young Adult"
Dark Night Publications,1,0,"Historical Fiction, War"
Dark Mountain Books,0,1,"Paranormal, Vampires, Urban Fantasy"
Darussalam Publications,1,0,"Islam, Religion, Nonfiction"
Cynthia B Ainsworthe,0,1,
Cyberwit,0,1,
Cuttyhunk Books,1,0,"Nonfiction, LGBT, Memoir"
Cute Ediciones,0,1,
Custom House,0,1,"Nonfiction, History, War"
Curtis Brown Digital,0,1,"Paranormal, Paranormal Romance, Romance"
Curtis Books,1,0,"Historical Fiction, World War II, Russia"
Curtea Veche,1,0,"Romanian Literature, Classics, School"
Current Books,1,0,"Mythology, Classics, Novels"
Current,1,0,"Psychology, Nonfiction, Science"
Currency Press,0,1,"Plays, Theatre, Drama"
Curcio,1,0,"Fantasy, Urban Fantasy"
Curbstone Books,0,1,Poetry
Curbstomp Press,1,0,
Daddy's Girl Publishing House,0,1,
CthulhuChick.com,1,0,"Horror, Classics, Fantasy"
Crystallite Publishing,0,1,"Fantasy, Young Adult, Paranormal"
Crystal Quill Publishing,1,0,"Angels, Young Adult, Paranormal"
Crystal Publishing,0,1,"Fantasy, Young Adult, Romance"
Cryptic Bones Publishing,1,0,"Horror, Paranormal, Dark Fantasy"
Crushing Hearts and Black Butterfly Press,1,0,"Dystopia, Science Fiction"
"Crush Publishing, Inc",0,1,"Werewolves, Paranormal, Young Adult"
Crush Publishing Ink,0,1,"Fantasy, Young Adult, Werewolves"
Crush Publishing,0,1,"Paranormal, Young Adult, Witches"
Croydon Hill,0,1,Animals
"Crown Publishing Group/Random House, Inc.",0,1,"Nonfiction, Psychology, Self Help"
Crown Publishing,1,0,"Science Fiction, Young Adult, Audiobook"
Crown Books for Young Readers/Random House,1,0,"Young Adult, Contemporary, Realistic Fiction"
Crowell,1,0,"Poetry, Classics, Scotland"
Crossmodal,1,0,"Drama, Epic, Contemporary"
Cuercus,1,0,"Historical Fiction, Mystery, Crime"
Dacia,1,0,"Philosophy, Romanian Literature, Nonfiction"
Dabber & Baehr,0,1,"Young Adult, Paranormal, Fantasy"
Dab Publishing,0,1,"Romance, Dark, Contemporary"
DV Books,1,0,Historical Fiction
DMP / Dark Horse,1,0,"Fantasy, Horror, Vampires"
DM Wolfenden,1,0,
"DL Grant, LLC",0,1,"Paranormal, Paranormal Romance, Romance"
"DK Print World Pvt.Ltd,India",1,0,India
DJ Livingston,1,0,
DIFEL,1,0,"Historical Fiction, China, Historical"
DHP Publishing Ltd,1,0,"Post Apocalyptic, Dystopia, Audiobook"
DH Press,1,0,"Fantasy, Sword and Sorcery, Short Stories"
DELL,1,0,Horror
DEL REY,1,0,"Science Fiction, Fantasy, Science Fiction Fantasy"
DEBOLS!LLO,0,1,"Spain, Spanish Literature, Novels"
Cypress Bay Mysteries,0,1,"Mystery, Cozy Mystery, Mystery Thriller"
DC books,1,0,Nonfiction
DC Ink,1,0,"Graphic Novels, Comics, Young Adult"
DC BOOKS,1,0,
DAW Trade,0,1,"Fantasy, Dragons, Romance"
DAW Books Inc.,1,0,"Fantasy, Animals, Cats"
DAW BOOKS Inc,1,0,"Urban Fantasy, Fantasy, Paranormal"
D.R.Pope,1,0,
D.N. Simmons,1,0,"Vampires, Paranormal Romance, Urban Fantasy"
D.B.Tarpley,1,0,
D. Dalton,1,0,Fantasy
D H Sidebottom,1,0,"Romance, Dark, Erotica"
Círculo de lectores,1,0,
Círculo de Leitores,0,1,"Mystery, Romance, Suspense"
Czwarta Strona,1,0,"Crime, Polish Literature, Thriller"
Czarne / Prószyński i S-ka,1,0,"Romance, Polish Literature, Contemporary"
DEBATE,1,0,"Nonfiction, Business, Politics"
Diogenes-Taschenbücher,1,0,
Diogenes Verlag AG,1,0,"Classics, German Literature, Plays"
"Digital Science Fiction, an imprint of Digital Fiction Publishing Corp.",1,0,
"Digital Fantasy Fiction, an imprint of Digital Fiction Publishing Corp.",1,0,"Fantasy, Epic Fantasy"
Digireads,1,0,"Short Stories, Literature, American"
Difel,1,0,"Historical Fiction, Romance, Ghosts"
Dienas Grāmata,1,0,"Music, Nonfiction"
Diederichs,1,0,Fantasy
Diana Nixon,0,1,
Diana Murdock,0,1,"Romance, Time Travel, Historical Romance"
Diana,1,0,"Short Stories, Latin American Literature, Magical Realism"
Diamond/Charter,0,1,"Historical Romance, Romance, Westerns"
Diamond Pocket Books,1,0,"Fantasy, Indian Literature, Classics"
Diamond Life Presents,1,0,"Contemporary, Novels, Epic"
Dawn Publications (CA),1,0,"Picture Books, Science, Childrens"
Diamanda Publishing,0,1,"Childrens, Picture Books, Storytime"
Dial/Penguin,0,1,"Young Adult, Contemporary, Mystery"
Dial Press Trade Paperbacks,0,1,"Historical Fiction, Young Adult, Adventure"
Dial Books Young Readers,1,0,"Fantasy, Animals, Childrens"
Dial Books For Young Readers,1,0,"Young Adult, Romance, Contemporary"
Dhawal Trivedi,1,0,
Dharma Yayınları,1,0,"Self Help, Turkish, Nonfiction"
Dharma Press Publications,0,1,
Dgc Press,1,0,"Dystopia, Politics, Atheism"
Dey St.,0,1,"Nonfiction, Memoir, Humor"
Dewdrop Books,0,1,"Fantasy, Young Adult, Romance"
"Dewan Bahasa dan Pustaka, Kementerian Pendidikan, Malaysia",1,0,
Dewan Bahasa dan Pustaka Kuala Lumpur,0,1,
Devyn Dawson Books,1,0,"Young Adult, Fantasy, Paranormal Romance"
Devyn Dawson,1,0,"Young Adult, Vampires, Romance"
Diamond,1,0,"Modern, Thriller, Action"
Dolmen Editorial,1,0,"Zombies, Horror, Post Apocalyptic"
Dolmen,1,0,"Zombies, Horror, Paranormal"
Dogged Press,1,0,"Horror, Poetry, Thriller"
Dogan Kitapcilik,1,0,"Turkish, Turkish Literature"
Dodd Mead; 1st edition (September 1976),0,1,"Mystery, Crime, Classics"
Dodd Mead,1,0,"Spirituality, Philosophy, Religion"
Documentext,0,1,"Film, Art, Nonfiction"
Doc Squared Publishing,0,1,"Book Club, Contemporary, Novels"
"Do You Zoom, Inc.",1,0,"Business, Nonfiction, Self Help"
Do Epic LLC,1,0,"Romance, New Adult, Contemporary"
Dnipro,0,1,"Ukrainian Literature, Classics, Plays"
Diwan Publishing,1,0,"Chick Lit, Indonesian Literature, Novels"
Divinity Press,0,1,"Mystery, Thriller, Mystery Thriller"
Divinely Mentioned LLC,1,0,
DivaBooksInc,1,0,
Dioscuri Press,1,0,"Fantasy, Mythology, Epic Fantasy"
Dissonant Hum,1,0,"Philosophy, Nonfiction, Self Help"
Dissident Books,1,0,"Politics, Philosophy, Nonfiction"
Disney•Hyperion,1,0,"Fantasy, Middle Grade, Mystery"
Disney/Hyperion Book,0,1,"Science Fiction, Dystopia, Middle Grade"
Disney/Hyperion,0,1,"Young Adult, Vampires, Fantasy"
Disney Publishing Worldwide,0,1,"Young Adult, Dystopia, Novella"
Disney - Hyperion Books,1,0,"Fantasy, Mythology, Young Adult"
Disney,0,1,"Picture Books, Childrens, Fantasy"
Disinformation Company,1,0,"Nonfiction, History, Spirituality"
Disinformation Books,1,0,"Nonfiction, Politics, History"
"Disenchanted Publishing, Inc.",0,1,"Paranormal, Romance, Fantasy"
Discus / Avon,1,0,"Fantasy, Mythology, Classics"
Discovery House Publishers,1,0,"Christian, Nonfiction, Christianity"
Discovery House,0,1,"Nonfiction, Christian Living, Womens"
Discover magazine,1,0,Psychology
Diva Romance,1,0,"Chick Lit, Romance, Retellings"
Delaina M. Waldron,1,0,
Delacorte Press/S. Lawrence,0,1,"Nonfiction, Memoir, Biography"
Delacorte Press for Young Readers,0,1,"Mystery, Young Adult, Thriller"
Delacorte Press Books for Young Readers,0,1,"Fantasy, Young Adult, Romance"
Delacorte Books,0,1,"Young Adult, Chick Lit, Contemporary"
Del Rey/Dabel Brothers,1,0,"Fantasy, Urban Fantasy, Graphic Novels"
Del Rey Books (NY),1,0,"Science Fiction, Short Stories, Anthologies"
Del Ray,0,1,"Fantasy, Science Fiction Fantasy, High Fantasy"
Deggael Communications,1,0,"Music, Nonfiction, Biography"
Defiance Press & Publishing,1,0,"Business, Self Help"
Defender Publishing,1,0,"Nonfiction, Religion"
Defender,1,0,"Theology, Religion, Christian"
Deep Vellum Publishing,0,1,"Queer, LGBT, France"
Deep Kiss Press,1,0,
Deena Bright,0,1,"Romance, Contemporary Romance, Humor"
DevilDog Press LLC,1,0,"Zombies, Horror, Post Apocalyptic"
Debra Boek,0,1,"Contemporary, Supernatural, Paranormal"
Deborah LeBlanc,0,1,"Epic, Novels, Contemporary"
Deborah Epperson,0,1,"Historical Fiction, Drama, Abuse"
Dean Blake,1,0,
Dean & Sons,0,1,"Childrens, Animals, Classics"
Dean & Son Ltd.,0,1,Childrens
Dead Bound Publishing,1,0,
De Harmonie,1,0,
De Geus - Oxfam Novib,1,0,"Africa, Roman"
De Fontein,0,1,"Young Adult, Historical Fiction, LGBT"
De Borée,1,0,"Classics, France, Historical Fiction"
De Bolsillo,0,1,"Romance, Romantic Suspense, Contemporary Romance"
De Bezige Bij Antwerpen,1,0,"History, Nonfiction, Biography"
Dbnl.org,1,0,"Classics, Dutch Literature, Literature"
Day Leitao,1,0,Fantasy
Dedalus Ltd,1,0,"Classics, Italian Literature, Italy"
Deux Voiliers Publishing,1,0,
Deutscher Taschenbuch-Verlag,1,0,"German Literature, Germany, Roman"
Detska Radost,0,1,"Young Adult, Romance"
Destiny to Write Publlications,0,1,
Destino Infantil & Juvenil,1,0,"LGBT, Contemporary, Romance"
Desire for Higher,0,1,
Desert Breeze Publishing,1,0,Historical Fiction
Describe Write,0,1,"Drama, Contemporary, Book Club"
Dergâh Yayınları,1,0,"Turkish Literature, Turkish, Classics"
Dergah Yayınları,1,0,"Turkish Literature, Turkish, Classics"
Dercum Pr Audio,1,0,"Science Fiction, Classics, Post Apocalyptic"
Derby Books Limited,1,0,
Der Kinderbuchverlag Berlin,1,0,"Childrens, Italian Literature, Classics"
Deodand,0,1,"Mystery, Classics, Crime"
Dent,1,0,"Classics, Russia, Russian Literature"
Delesty Books,1,0,"Romance, New Adult, College"
Denise Domning,0,1,"Romance, Historical Romance, Historical Fiction"
Denco Media,1,0,"Christian, Christian Fiction"
Demonbreun Press,0,1,"Historical Fiction, Amazon"
Demar Communications,1,0,"Vampires, Horror, Paranormal"
Delta Trade Paperbacks,1,0,"Mystery, Thriller, Legal Thriller"
Delta Publishing,0,1,"Contemporary, Adult Fiction, Chick Lit"
Dell Yearling Random House,1,0,"Young Adult, Animals, Realistic Fiction"
Dell Yearling,1,0,"Childrens, Young Adult, Historical Fiction"
Dell Publishing Group,1,0,Young Adult
Dell Publishing Companyy,1,0,"Mystery, Detective, Crime"
Dell Publishing Co.,1,0,"Military Fiction, War, Historical Fiction"
Dell Pub Co,0,1,"Romance, Historical Romance, Historical Fiction"
Dell Laurel Leaf,0,1,"Historical Fiction, Young Adult, Middle Grade"
Dell Book,1,0,"Historical Fiction, War, Military Fiction"
Delirious Pixie,0,1,"Young Adult, Dystopia, Science Fiction"
Dennett Ink,1,0,"Science, Nonfiction"
Christine F.\Anderson#publishing & Media,0,1,
Christina Tetreault,0,1,"Romance, Contemporary Romance, Contemporary"
Christina Ross,0,1,"Romance, Amazon, Military Fiction"
Christina Bates,0,1,
Christian Warrior Women Publishing,0,1,
Christian Literature Crusade,1,0,"Christian, Theology, Christian Living"
"Christian Indies

184 books — 101 voters
Read this Christian Fiction!

496 books — 365 voters",0,1,"Fantasy, Young Adult, Romance"
Christian Focus Publications,0,1,"Christian, Christian Living, Biography"
"Christian Faith Publishing, Inc",0,1,
Christian Faith Publisher,1,0,
Christian Classics,1,0,"Philosophy, Theology, Religion"
Christian Bourgois,1,0,"Short Stories, Poetry, Japan"
Christian Baloga,1,0,"Horror, Short Stories, Banned Books"
Christendom Press,1,0,"History, Catholic, Religion"
CrossBooks Publishing,0,1,"Christian, Nonfiction, New Adult"
Chivers Audio Books,0,1,"Historical Fiction, Historical, Medieval"
Chivers,0,1,"Historical Fiction, Romance, Classics"
"Chiveneko Publishing Inc,",1,0,"Africa, Science Fiction, Thriller"
Chinquapin Press,0,1,"Christian Fiction, Contemporary, Christian"
Chimera Publishing,0,1,"Art, Fantasy, Fairies"
Children's Press,0,1,"Cultural, Picture Books, Childrens"
Children's Classics,0,1,"Classics, Childrens, Young Adult"
Child's World,1,0,
Chiflet & Cie,1,0,"Humor, Contemporary, Comedy"
Chicken House/Scholastic Inc.,0,1,"Young Adult, Fantasy, Paranormal"
Chicken House / Scholastic,0,1,"Christmas, Fantasy, Childrens"
Chiado Editora,1,0,
Chenery Press,1,0,"New Adult, Literary Fiction, Young Adult"
Chelsea House Publishers,1,0,
Chelsea House Pub,1,0,"Criticism, Literature, Literary Criticism"
Chivers North America,1,0,"Childrens, School, Young Adult"
"Clayton, Del. : Prestwick House Literary Touchstone Classics,",1,0,"Classics, Historical Fiction, War"
Claymore Publishing,1,0,"Thriller, Crime, Adventure"
Claymore Press,1,0,Historical Fiction
Claude Bouchard,1,0,"Mystery, Thriller, Drama"
Classics-Unbound,1,0,"Horror, Short Stories, Lovecraftian"
Classic Press publishing,1,0,"Mystery, Classics, Detective"
Clarkltd,1,0,
Clarendon/Oxford University Press (Oxford),1,0,"Reference, Language, Nonfiction"
Claire Contreras,0,1,"New Adult, Romance, Contemporary"
Civitas Books,1,0,"Nonfiction, African American"
Civitas,1,0,
Civilização Editora,1,0,"Picture Books, Pirates, Childrens"
City Miner Books,1,0,"Short Stories, Humor, American"
City Lights Books,1,0,"Short Stories, Poetry, Classics"
Citadel Press,1,0,"Science Fiction, Short Stories, Science Fiction Fantasy"
Christine Nolfi via CreateSpace,0,1,"Romance, Mystery, Contemporary Romance"
Cinnamon Moon,1,0,
Ciela,1,0,"Bulgarian Literature, Historical Fiction, Bulgaria"
Cider Mill Press,1,0,Politics
Cicero,1,0,"Childrens, Danish"
Ciana Stone,1,0,"Paranormal Romance, Romance"
Chuang Yi Comics,1,0,"Manga, Romance, Fantasy"
Chuang Yi,1,0,"Manga, Vampires, Fantasy"
Chrysalis Children's Books,1,0,"Humor, Childrens, Comedy"
Chrysalis Books,0,1,"Biography, Nonfiction, Spirituality"
Christy Hayes,0,1,"Romance, Chick Lit, Contemporary"
Christopher Pub House,1,0,
Christopher Mechling,1,0,"Historical Fiction, Fantasy, Young Adult"
Christopher Matthews Publishing,1,0,"Fantasy, Paranormal, Urban Fantasy"
Christopher Joubert,1,0,
Christopher Buecheler,1,0,"Vampires, Paranormal, Fantasy"
Circlet Press,1,0,"Erotica, Vampires, Erotic Horror"
Central Street Publications,1,0,"Self Help, Psychology, Business"
Centering Corporation,0,1,
Center for Romanian Studies,1,0,"Poetry, Romanian Literature, Classics"
Center for Global Development,1,0,"Economics, Politics, Nonfiction"
Center Point,1,0,"Mystery, Crime, Police"
Cendana Art Media,1,0,"Comics, Indonesian Literature, Komik"
Cem Yayınları,1,0,"Philosophy, Essays, Classics"
Cem Yayınevi,1,0,
Celistar,1,0,"Romance, Young Adult, High School"
"Celestial Voices, Inc",1,0,Short Stories
Celebra Hardcover,1,0,"Biography, Nonfiction, Memoir"
Celebra,1,0,"Nonfiction, Biography, Autobiography"
Cedes Truth LLC,1,0,
Cedarwinds,1,0,"Sports, Fitness, Health"
Chelsea Green Publishing Co,1,0,"Gardening, Nonfiction, Nature"
Caxton Press,1,0,"Westerns, Historical Fiction, Adventure"
Cavendish Square Publishing,0,1,"Young Adult, Realistic Fiction, Adoption"
Cavalo de Ferro,1,0,"Italian Literature, Short Stories"
Causeway/Voxcorp (NY),1,0,"Horror, Short Stories"
Cato Institute,1,0,"Politics, History, Law"
Catnip,0,1,"Horses, Young Adult, Childrens"
Cathisma,1,0,Religion
Cathexis Press,1,0,"Adoption, Nonfiction, Biography Memoir"
Category C Publishing,1,0,"Nonfiction, Football"
Catedral,0,1,
Catedra,1,0,"Classics, Spanish Literature, Plays"
Catbird Press,1,0,"Science Fiction, Classics, Czech Literature"
Catalan Communications,1,0,"Comics, Graphic Novels"
Castle Point Books,1,0,"Nonfiction, Photography, Politics"
Castle Library Publishing,1,0,"Fantasy, Christian Fiction, Christian"
Cedar Books (Pustak Mahal),1,0,"Romance, Young Adult, Contemporary"
Chefs Secret Vault,1,0,"Cookbooks, Reference, Nonfiction"
Checkmark Books,1,0,"Space, Science"
Checkerboard Press,0,1,"Horses, Animals, Childrens"
Checkerboard Books,0,1,Nonfiction
Che Publishing,1,0,
Chatto and Windus,1,0,
Chatter Creek Publishing,0,1,"Novels, Contemporary, Drama"
Chase Potter Books,1,0,"M M Romance, Contemporary, LGBT"
Charulipi Prokashon,1,0,"Adventure, Young Adult"
Chartwell Books,1,0,
Charnwood,1,0,
Charming Gal Publications,0,1,Drama
Charlesbridge,1,0,"Picture Books, Childrens, Cultural"
Charles Scribner's Sons (NY),1,0,"Philosophy, Religion, Nonfiction"
Charles Pinot,1,0,Beer
"Centre for Byzantine, Ottoman and Modern Greek Studies, University of Birmingham",1,0,"Short Stories, Classics, Greece"
Chappell Plays,1,0,"Plays, Classics, Drama"
Chapel Library,1,0,"Christian, Christian Living"
"Chaotic Press, LLC",1,0,"Fantasy, Romance, Paranormal"
Chantal Fernando,0,1,"Romance, Contemporary, New Adult"
Chanda Hahn,0,1,"Fantasy, Young Adult, Fairy Tales"
Champagne Book Group,1,0,
Chalcedon,1,0,"Theology, Christianity, Faith"
Cfi,1,0,"Nonfiction, Biography, Memoir"
Cerridwen Press,0,1,"Urban Fantasy, Vampires, Mystery"
Cerberus Inc.,1,0,"M M Romance, Romance, Young Adult"
Cerate Space,1,0,"Young Adult, New Adult, Fantasy"
Centrum,1,0,Danish
Centro Books,1,0,"Nonfiction, Travel, Memoir"
Centrinian Publishing Ltd,1,0,"Fantasy, Young Adult, Paranormal"
Centre for Romanian Studies,1,0,"Nonfiction, Romanian Literature, History"
Charlene Hartnady,0,1,"Paranormal, Vampires, Paranormal Romance"
"Covenant Communications, Inc.",0,1,"Romance, Contemporary, Lds Fiction"
"Covenant Communications, Inc",1,0,"Lds Fiction, Fantasy, Historical Fiction"
Covenant Communications Inc,1,0,"Lds Fiction, Young Adult, Lds"
"Covenant Books, Inc.",1,0,
Couverture La Grand-mère de Jade Editions Actes Sud 2009 Editions Actes Sud,0,1,"Roman, Contemporary, France"
Courtney Milan,1,0,"Romance, Historical Romance, Historical"
Coups de tête,0,1,"Roman, France, Canada"
Countryman Press,1,0,"Travel, Nonfiction"
Country Scribbler,1,0,"Historical Fiction, Mystery, Drama"
Council on Foreign Relations Press,1,0,
Council for Indian Education,1,0,"Biography, Westerns"
Council Press,1,0,"Westerns, Historical, Adventure"
Council Oak Books,1,0,"Memoir, Race, Nonfiction"
Cougar Creek Press,1,0,Military Fiction
Cle Intl,1,0,"Classics, Plays, France"
Cosmic Egg Books,1,0,"Zombies, Nonfiction"
Cosac Naify,1,0,"Portuguese Literature, Portugal, Young Adult"
Corvina Books,1,0,"Hungarian Literature, Classics, Plays"
Corsair Books,1,0,Contemporary
Corsair,1,0,"Urban Fantasy, Fantasy, Fae"
Corpus,1,0,"Nonfiction, History"
Cornerstone Library,1,0,
Cornell Maritime Press,1,0,"Nonfiction, Humor"
Corint,1,0,
Corgi books,1,0,"Thriller, Mystery, Suspense"
Corgi Yearling,1,0,"Fantasy, Childrens, Adventure"
Cora Reilly,0,1,"Romance, New Adult, Contemporary"
Cora Carmack,0,1,"New Adult, Paranormal, Romance"
Cora Brent,0,1,"Romance, New Adult, Contemporary Romance"
Copperfield Press,1,0,"Paranormal, Romance, Fantasy"
Cotovia,1,0,"Angola, Africa, Portuguese Literature"
Crooked Lane Books,0,1,"Science Fiction, Time Travel, Mystery"
Crooked Cat / darkstroke,0,1,
Cristiane Serruya,1,0,
Crispin/Hammer,1,0,India
Crimson Oak Publising,1,0,"Paranormal, Angels, Young Adult"
Crimson Oak Publishing LLC,1,0,"Young Adult, Angels, Paranormal"
Crimson Moon,0,1,"Paranormal, Paranormal Romance, Werewolves"
Crimson Books,0,1,"Contemporary, Romance, Adult"
CrimethInc,1,0,Childrens
Crimelord Press,1,0,
Cricket Books,1,0,"Horror, Short Stories, Paranormal"
Creatspace,1,0,
Creative Media Publishing,0,1,
"Creative House Int'l Press, Inc.",1,0,"Paranormal, Fantasy"
"Creative Education, Inc.",0,1,"Short Stories, Fantasy, Science Fiction"
Covenant Publishing,1,0,
Createspace Publishing Platform,0,1,"Urban Fantasy, Fantasy, Paranormal"
Createspace Indpendent Publishing Platform,1,0,"Historical, Historical Fiction"
"Createspace Independent Publishing Platform (July 26, 2012)",0,1,"Family, Nonfiction"
CreateSpace Publishing Platform,0,1,
CreateSpace Publishing,1,0,"Fantasy, Young Adult, Science Fiction"
"CreateSpace Independent Publishing Platform; Four edition (May 18, 2018)",1,0,"Plays, Contemporary, Historical Fiction"
CreateSpace Independent Publishing Platform;,1,0,"Poetry, Africa, Feminism"
"CreateSpace Independent Publishing Platform (March 19, 2013)",0,1,
CreateSpace Independent Platform,0,1,
Creat,0,1,"Time Travel, Young Adult, Historical Fiction"
Creascriptum,0,1,"Fantasy, High Fantasy"
Cranham and Keith Books,1,0,"Romance, Contemporary, Chick Lit"
Craig Potton Publishing,1,0,
"Coward-McCann & Geoghegan, Inc.",1,0,"Horror, Mystery, Thriller"
Coward McCann,0,1,
Createspace/Sturgis Publications,1,0,
Colten Steele,1,0,"Zombies, Horror, Short Stories"
Collins for the Crime Club,0,1,"Mystery, Crime, Classics"
Collier's Publishing Co.,1,0,
Collier Books (NYC),1,0,"Poetry, Philosophy, Classics"
Collier,1,0,"Science Fiction, Young Adult, Dystopia"
Collector's Library,1,0,"Mystery, Classics, Short Stories"
Coleman and Stott,1,0,"Young Adult, Mystery, Romance"
Cold Spring Press,0,1,"Fantasy, Classics, Science Fiction Fantasy"
Cold Green Tea Press,1,0,
Cold Fire Publishing LLC,0,1,"Fantasy, Paranormal, Vampires"
Colcultura,1,0,"Spanish Literature, Contemporary, Novels"
Cogwheel Press,1,0,Fantasy
Cogent Publishing,0,1,"Paranormal, Fantasy, Young Adult"
"Coffee House Press Minneapolis, MN",1,0,
Codex,1,0,"Music, Fantasy, Young Adult"
Copernicus Books,1,0,"Science Fiction, Mathematics, Physics"
Cobre,0,1,"Novels, Iran, Literature"
Coach House Press,1,0,"Fantasy, Humor, Magical Realism"
Coa Publishing,1,0,
Club degli Editori (su licenza Nord),1,0,"Fantasy, Alternate History, Historical Fiction"
Club Lighthouse Publishing,1,0,"M M Romance, Romance, Contemporary"
Clovercroft Publishing,1,0,"Fantasy, Young Adult, Science Fiction"
Cloud Pillar Publishing,0,1,"Romance, Christian"
Clothesline Stories Publishing,1,0,
Clinton Street,1,0,
Clifford Ventures Corporation,1,0,"Business, Entrepreneurship, Leadership"
Cleveland State University Poetry Center,0,1,Poetry
Clerisy Press,1,0,"Christmas, Picture Books, Childrens"
Clear Books,0,1,"Nonfiction, Memoir, Biography"
CleanReads,0,1,
Clean Reads Publishing,0,1,"Paranormal, Fantasy, Witches"
Coconino Press,1,0,"Graphic Novels, Comics, Bande Dessinée"
Cooperativa Punto de Encuentro,1,0,
Cooper Square Pub,0,1,"Picture Books, Childrens, Cultural"
CookieLynn Publishing,0,1,"Young Adult, Romance, Contemporary"
ContraEscritura,1,0,"Memoir, World War II"
Continuum International Publishing Group,1,0,"Philosophy, Psychology, Nonfiction"
Continental Prakashan,1,0,"Marathi, Mythology, Religion"
Continental Book Company,0,1,"Spanish Literature, Spain, Literature"
Continental,1,0,"Marathi, Mythology, India"
Context,1,0,"India, Indian Literature, Animals"
Contento de Semrik,1,0,
Contact,1,0,"Dutch Literature, Literature, Roman"
Constable & Robinson,1,0,"Animals, Nonfiction, Cats"
Constable,1,0,"History, Nonfiction, Politics"
Consortium Book Sales & Distribution,1,0,"Science Fiction, Mystery, Thriller"
Confluence Press,1,0,"Westerns, History"
Comcosur,1,0,"Classics, Short Stories, Horror"
Concordia University,0,1,
Concordia Publishing House,1,0,"Horses, Christian, Christian Fiction"
Conciliar Press,1,0,
Con Amore,1,0,Science Fiction
Compassionate AI Lab,1,0,Artificial Intelligence
"Communications Concepts, Inc.",0,1,"Parenting, Nonfiction, Education"
Communication Systems,1,0,"Nonfiction, History, Race"
Communication Project,0,1,"Picture Books, Childrens, Realistic Fiction"
"Communication Concepts, Inc.",1,0,"Parenting, Nonfiction, Christian"
Common Courage Press,1,0,"History, Politics, Nonfiction"
Commentum Forlag,1,0,"Childrens, Fantasy, Environment"
Comma Press,1,0,"Short Stories, Horror, Fantasy"
ComicsOne,1,0,Manga
Comics Centrum,1,0,"Graphic Novels, Comics, Fantasy"
ComiXpress,1,0,"Comics, Graphic Novels, Fantasy"
Condor Pub. Co,1,0,
Espasa Calpe Mexicana,1,0,"History, Nonfiction, War"
Espasa Calpe,0,1,"Fantasy, Spanish Literature, Spain"
Espasa,1,0,
Esmiendo,1,0,
Esen kitap,1,0,"Poetry, Turkish Literature"
Eschaton Press,1,0,"Fantasy, Magic, High Fantasy"
Escapism Entertainment,1,0,
"Escape Artists, Inc.",1,0,"Short Stories, Fantasy, Science Fiction"
EsKape Press Books,0,1,Romance
Errepar,1,0,"Fantasy, Childrens, Science Fiction"
Eros Media,0,1,"Paranormal, Romance, Paranormal Romance"
Erlangga for Kids,1,0,"Fantasy, Adventure, Childrens"
Erin Raegan,1,0,"Aliens, Science Fiction, Romance"
Erin Noelle,1,0,"New Adult, Romance, College"
Domain,1,0,"Historical Fiction, Westerns, Adventure"
Eric Reese,1,0,Dark
Eric Nierstedt,1,0,"Epic, Book Club, Young Adult"
Erango Media LLP,1,0,
"Equinoccio, Ediciones de la Universidad Simón Bolivar",0,1,
Equestria Daily,1,0,"Fan Fiction, Fantasy"
Epubr,1,0,"Plays, Classics, Drama"
Epsilon Yayınevi,1,0,"Turkish Literature, Turkish, Novels"
Epiphany Publishing,1,0,
Ephesus Yayınları,0,1,
Eos/HarperCollins,1,0,"Urban Fantasy, Vampires, Paranormal Romance"
Eos (HarperVoyager),1,0,"Urban Fantasy, Vampires, Paranormal"
Entropy Publications,1,0,
Entrelibros,0,1,"Historical Fiction, Historical, Romance"
Enthusiast,1,0,"Mystery, Crime, Thriller"
Entangled: Indulgence,1,0,"Romance, Contemporary, Contemporary Romance"
Erika Wilde,0,1,"Erotica, Romance, BDSM"
Exquisite Darkness Press,0,1,Fantasy
Explorer Publishing,1,0,"Fitness, Health"
Expediciones Polares,0,1,
"Expansions Publishing Co Inc.,U.S.",1,0,Conspiracy Theories
Exigent,1,0,"Romanian Literature, Classics, Short Stories"
Excellent Press,0,1,"Nonfiction, History, Fashion"
Ex Libris,1,0,"History, Politics, Nonfiction"
Evro-Giunti,1,0,Short Stories
Evitapress,0,1,"LGBT, Contemporary"
EvilReads.com,1,0,"Humor, Romance, Comedy"
"Evil Eye Concepts, Incorporated",1,0,"Romance, Erotica, Contemporary Romance"
Everything,0,1,"Nonfiction, Psychology, Self Help"
Everyman's Library Classics,1,0,"Classics, Literature, France"
Everyman's Library (Knopf),1,0,"Classics, German Literature, Literature"
Every Generation Media,1,0,"History, Nonfiction, Africa"
"Espasa Calpe Mexicana, S.A.",1,0,
Evergreen Farm,0,1,"Historical Fiction, Christian Fiction, Classics"
Everest Publishing,0,1,"Picture Books, Childrens, Classics"
EverAfter Romance,0,1,"Romance, Young Adult, High School"
EverAfter Platinum,1,0,"Romance, Contemporary, Contemporary Romance"
EverAfter,0,1,"Romance, Contemporary, Contemporary Romance"
"Ever After, LLC",0,1,"Romance, New Adult, Contemporary Romance"
Eve Newton,0,1,
Eve M. Cooper,0,1,
Európa Könyvkiadó,0,1,"Hungarian Literature, Literature, Hungary"
Europäische Verlagsanstalt (eva),1,0,"Novels, Literature, Literary Fiction"
"Euromedia Group, k. s. - Ikar",0,1,Africa
Eugrimas,1,0,"Nonfiction, History, Sexuality"
Etcetera Press,1,0,"Technology, Science, Futurism"
Estrange Reality,1,0,Vampires
Estep & Fitzgerald Literary Publishing,0,1,"Memoir, Nonfiction, Mental Illness"
Evergreen Taschen,1,0,"Comics, Graphic Novels, Fantasy"
Emil Thomsen,1,0,"Danish, Scandinavian Literature, Literature"
Emergence Publishing,0,1,
Emerge Publishing LLC,1,0,
Emereo Classics,0,1,"Classics, Novels"
Emerald Dodge,0,1,
Emerald Book Company,1,0,"Young Adult, Science Fiction"
Emecé Editores,0,1,"Short Stories, Horror, Spanish Literature"
Emdash Publishing,0,1,Short Stories
Em. Querido,0,1,"Belgium, Roman"
Elton-Wolf Publishing,0,1,"Nonfiction, Marriage, Self Help"
Elsevier Science,1,0,
Elsa Holland Books,0,1,"Romance, Historical, Historical Romance"
"Ellora’s Cave Publishing, Inc.",1,0,"Menage, Romance, Vampires"
Ellora´s Cave Publishing Inc,0,1,"Paranormal, Paranormal Romance, Romance"
Entangled: Embrace,0,1,"Paranormal, Romance, Aliens"
Elliott & Thompson,1,0,"Nonfiction, History, Politics"
Elliot's Books,1,0,"Spanish Literature, Classics, Spain"
Ellie R Hunter,0,1,"Romance, Abuse, Motorcycle"
Ellie Grace,0,1,"New Adult, Romance, Contemporary"
Elle Kennedy,0,1,"Romance, New Adult, Sports"
Elkar,1,0,Fantasy
Elizabeth V. Clark Emmons,1,0,
Elizabeth Reyes,0,1,"Romance, New Adult, Contemporary"
Elixir Press,0,1,
Elisabeth Naughton,0,1,"Romance, Romantic Suspense, Contemporary Romance"
Elips Kitap,1,0,"Classics, Literature, Roman"
Eliphas Publishing,0,1,Erotica
Elijah Publishing,1,0,
Elibron Classics,0,1,"Classics, Feminism, School"
Element Books Ltd,1,0,"Spirituality, Philosophy, Nonfiction"
Elloras Cave,1,0,"M M Romance, Contemporary, Murder Mystery"
Entangled: Edge,0,1,"Urban Fantasy, Angels, Paranormal"
Entangled: Crush,1,0,"Romance, Young Adult, Contemporary"
Entangled Teen Ember,1,0,"Dragons, Fantasy, Young Adult"
Entangled Select,0,1,"Paranormal, Romance, Paranormal Romance"
"Entangled Publishing, LLC (Brazen)",0,1,"Romance, Contemporary Romance, Contemporary"
"Entangled Publishing, LLC (Bliss)",0,1,"Romance, Contemporary, Contemporary Romance"
"Entangled Publishing, LLC",0,1,"Romance, Contemporary, Contemporary Romance"
Entangled Publishing (Indulgence),0,1,"Romance, Contemporary Romance, Contemporary"
Entangled Publishing (Embrace),0,1,"New Adult, Romance, Military Fiction"
Entangled Crush,0,1,"Young Adult, Romance, Contemporary"
Enspire Publishing,1,0,"BDSM, M M Romance, Dark"
Ensign Publishing Co.,1,0,"Religion, Lds, Church"
Enlightened Publications,1,0,
EnemyOne,1,0,"Horror, Thriller, Fantasy"
Endeavour Press,0,1,"Historical Fiction, World War I, Historical"
Emily Bestler Atria Simon & Schuster,1,0,"Thriller, Espionage, Mystery"
Encore Performance Publishing,1,0,"Classics, Poetry, Short Stories"
Enclave,0,1,"Fantasy, Christian, Young Adult"
Enchanted Ink Press,0,1,"Romance, Young Adult, Contemporary"
Empty Nest Publications,1,0,"Contemporary, Adult Fiction"
Emmanuel Proust,1,0,"Graphic Novels, Comics, Horror"
Emma Hart,0,1,"Romance, Humor, Contemporary"
Emma Hamm,0,1,"Fantasy, Retellings, Romance"
Emma Grayson,0,1,"Romance, New Adult, Abuse"
"Emma Chase, LLC",0,1,"Romance, Contemporary, Contemporary Romance"
Eminent Books,1,0,"Paranormal, Vampires, Young Adult"
Emily Snow Books,0,1,"Romance, New Adult, Contemporary Romance"
Emily Krat,0,1,"Romance, Contemporary Romance, New Adult"
Emily Evans,0,1,"Young Adult, Romance, Contemporary"
Emily Edwards,0,1,"M M Romance, Contemporary, Romance"
Emily Curtis,0,1,"Poetry, Feminism, Nonfiction"
Endeavour Compass,1,0,
Fishermen Press,1,0,"Christian, Nonfiction, Christianity"
Fisher Amelie,1,0,"Romance, New Adult, Contemporary"
Fischer-Taschenbuch-Verlag,1,0,"Classics, German Literature, Literature"
Fischer Verlag,1,0,"Classics, Romance, Short Stories"
Fischer Taschenbuchverlag,1,0,
Fischer Taschenbuch,0,1,"Historical Fiction, Fantasy, Historical"
Fischer TB,0,1,"German Literature, Chick Lit, Roman"
Fischer Sauerländer,1,0,"Fantasy, Middle Grade, Childrens"
Fischer Kinder- und Jugendtaschenbuch,0,1,"Young Adult, German Literature, Contemporary"
"Fischer (Tb.), Frankfurt",1,0,"Young Adult, LGBT, German Literature"
First Avenue Editions,1,0,"Fantasy, Young Adult, Science Fiction"
Fireweed Publishing Ltd,0,1,"Fantasy, Paranormal, Witches"
Fireship Press,1,0,"Historical Fiction, Classics, Adventure"
Firefly Publishing & Entertainment,0,1,Psychology
Extreme Mojo press,1,0,
Firebrand Books,0,1,"Poetry, LGBT, Short Stories"
"Firebird, Penguin Putnam, Inc",1,0,"Fantasy, Young Adult, Animals"
Fire & Ash Publishing,1,0,"Paranormal, Fantasy, Young Adult"
Fiona Davenport,0,1,"Romance, Contemporary Romance, Contemporary"
Finishing Line Press,1,0,Poetry
Fingerprint,1,0,Indian Literature
Fine Line Books,1,0,Thriller
Fine Communications,1,0,"History, Nonfiction, Philosophy"
Fine,1,0,"History, Nonfiction, Philosophy"
Finch Hill Publishing Inc.,1,0,"Fantasy, Young Adult, Romance"
Finch Books,1,0,
Fimfiction,1,0,"Fan Fiction, Fantasy, Post Apocalyptic"
"Filles Vertes Publishing, LLC.",1,0,"Historical Fiction, 16th Century, Mystery"
Fig Tree Books,1,0,"True Crime, Crime, Historical Fiction"
Fig Tree,1,0,"Chick Lit, Romance, Contemporary"
Firefly Books,1,0,"Picture Books, Childrens, Classics"
Folio SF,1,0,"Fantasy, Steampunk, France"
Folio Junior,1,0,"France, Classics, French Literature"
Focus Publishing (MN),0,1,"Marriage, Christian, Nonfiction"
Focal Press,1,0,"Design, Photography, Art"
Flying Solo Press,1,0,"Mystery, Adventure, Young Adult"
Flying Horse Books,0,1,Young Adult
Flying Feather Publishing,1,0,
Flying Eye Books,1,0,"Graphic Novels, Comics, Fantasy"
Flying Dolphin Press,0,1,"Young Adult, Romance, Contemporary"
Fluide glacial - Audie,1,0,"Comics, Bande Dessinée, Graphic Novels"
Flows Publishing,1,0,
Floris Books,1,0,"Childrens, Historical, Thriller"
Flood Editions,1,0,Poetry
Flipped Eye,1,0,"Poetry, Feminism, Nonfiction"
Flickimp Publishing,1,0,"Young Adult, Science Fiction, Dystopia"
"Fitch Madison Publishers, LLC",1,0,"Philosophy, Nonfiction, Politics"
Fleming H Revell Co,1,0,"Biography, Nonfiction, Christian"
Flatiron/Macmillan,0,1,"Fantasy, Historical Fiction, Young Adult"
Flat Rock Publishing,1,0,Westerns
"Flat Finn, Inc.",0,1,"New Adult, Romance, Contemporary"
Flat Finn,0,1,"Romance, Young Adult, Contemporary"
Flash Point,1,0,"Nonfiction, History, Science"
Flap Jacket Press,1,0,"Mystery, Magical Realism, Historical Fiction"
Flammarion (Editions),1,0,"19th Century, Roman, Classics"
Flaming Pen Press,1,0,"Fantasy, Christian, Young Adult"
Flaming Chalice Press,0,1,"Historical Fiction, Historical, Audiobook"
Flamage,1,0,
Five Star Trade,0,1,"Contemporary Romance, Romance, Contemporary"
Five Oaks Press,1,0,
Five Fathoms Press,0,1,"Fantasy, Young Adult, Romance"
"Fitness Renaissance, LLC",1,0,"Fitness, Health, Nonfiction"
Fleming H. Revell,1,0,"History, Christian, Biography"
Fanda Books,1,0,Fantasy
Faithwords,0,1,"Christian, Nonfiction, Christianity"
Fairleigh Dickinson University Press,0,1,Gender Studies
Fairchild Books & Visuals,0,1,"Fashion, Sewing, Design"
Fair forlag,0,1,Fantasy
Fair Forlag,0,1,Fantasy
Fabyen,1,0,"Hungarian Literature, Contemporary"
Fabryka Słow,1,0,"Fantasy, Polish Literature, Urban Fantasy"
Faber and Faber Ltd,1,0,"Classics, Literature, Novels"
Faber Music Ltd,0,1,
Faber Faber Inc,1,0,"Historical Fiction, Literature, Latin American"
Faber Children's Books,1,0,"Childrens, Science Fiction, Fantasy"
Faber & Faber Ltd,1,0,"American, Literature, Novels"
Faber & Faber Limited,0,1,"Young Adult, Horror, Vampires"
Faber & Faber Crime,0,1,"Thriller, Crime, Suspense"
Fidelity Press,1,0,"Philosophy, History, Catholic"
FSG Originals,0,1,"Mystery, Horror, Novels"
FQ Publishing,0,1,"Mystery, Mystery Thriller"
FMB uitgevers,0,1,Young Adult
FLCL,0,1,
FJB,0,1,"Mystery, Young Adult, Thriller"
"FIRE and GRACE Publishing, LLC",0,1,
FINE Group,1,0,"Fantasy, Epic Fantasy, High Fantasy"
FC Publishing,1,0,
FB Publishing,0,1,"Islam, Nonfiction, Self Help"
FARAXA Publishing (USA),1,0,
FAB Publishing,0,1,"Fantasy, Young Adult, Paranormal"
F. Otieno,1,0,
F. Oetinger,1,0,
F&W,1,0,"Writing, Nonfiction, Reference"
F&K Books,1,0,
FTD,1,0,"Middle Grade, Romance, Historical"
"Fiction Std, E Book",0,1,"Young Adult, Contemporary, Realistic Fiction"
Fiction Collective 2,0,1,"Novels, Literature, International Literature"
Fest,1,0,"Horror, BDSM, Erotica"
Feral tribune,1,0,"Humor, Historical Fiction"
"Fence Free Entertainment, LLC",1,0,"Romance, Contemporary Romance, Contemporary"
Feminine Collective Inc.,0,1,"Poetry, Romance"
Felicity Heaton,0,1,"Vampires, Paranormal Romance, Paranormal"
Feldheim Publishers,0,1,Jewish
Feeria Science,1,0,"Nonfiction, Science, Psychology"
Feedbooks,1,0,"Classics, Childrens, France"
Feed a Read,0,1,"Dystopia, Young Adult, Science Fiction"
Feature,1,0,"Horror, Splatterpunk, Novels"
Fazi Editore,0,1,"Fantasy, Romance, Young Adult"
Fawcett World Library,0,1,"Historical Fiction, Romance, Gothic"
Fattafinga Productions,1,0,
Faniverse Books,1,0,
"Fated Desires Publishing, LLC",0,1,"Paranormal, Romance, Paranormal Romance"
Fata Morgana,1,0,"Poetry, Classics, Greece"
"FastPencil, Inc.",0,1,
FastPencil,1,0,
"Farrar, Strauss & Giroux-3pl",1,0,"Short Stories, Literature, Female Authors"
"Farrar, Straus, and Giroux Books for Young Readers.",0,1,"Young Adult, Science Fiction, Romance"
"Farrar, Straus, & Giroux (BYR)",0,1,"Young Adult, Science Fiction, Romance"
"Farrar, Straus and Giroux BYR",0,1,"Young Adult, Dystopia, Fantasy"
"Farrar, Straus and Giroux (NY)",1,0,"Nonfiction, History, Business"
"Farrar, Straus and Cedahy",1,0,"Poetry, The United States Of America, School"
Farrar Straus & Giroux (J),0,1,"Fantasy, Classics, Young Adult"
Faolan's Pen Publishing Inc.,1,0,"Science Fiction, Fantasy, Space Opera"
Fantoom,0,1,"Fantasy, Young Adult, Young Adult Fantasy"
Fantastic Audio,0,1,"Fantasy, Science Fiction, Dragons"
Fantascy,1,0,"Fantasy, Spanish Literature, Young Adult"
Fathom Ink Press,0,1,"Fantasy, Young Adult, Romance"
Ebury Publishing,0,1,"Doctor Who, Science Fiction, Time Travel"
Ebury Press/Random House India,0,1,"Pakistan, Humor, Contemporary"
Ebury,1,0,"Music, Nonfiction, Biography"
Ebooks2go Inc,1,0,
Easy Publishing Company,1,0,
Easton One Productions,1,0,"Novels, Drama, Contemporary"
Eastern Washington University Press,0,1,Short Stories
Eastern Estate Publishing,1,0,
Eastern Acorn Press,1,0,"History, American Revolution, Nonfiction"
East Waterfront Press,1,0,"Picture Books, Fantasy, LGBT"
Earl T. Roske,1,0,
Eamon Dolan/Houghton Mifflin Harcourt,1,0,"Nonfiction, Mathematics, Science"
Eakin Films & Publishing,1,0,"Nonfiction, History, Biography"
Eagle Gate Publishers,1,0,"Lds, Religion, Nonfiction"
Eland Publishing,1,0,"Nonfiction, History, Memoir"
EVANGELIST LOLA LOVE,0,1,
ESaintLibrary.com,0,1,"Spirituality, Catholic, Theology"
ESPN,1,0,"Sports, Nonfiction, Basketball"
ERM,1,0,
ERH Press,0,1,"Romance, New Adult, Contemporary"
ERALDE PUBLISHING,1,0,"Fighters, Romance, Abuse"
EOS (an imprint of HarperCollinsPublishers),1,0,"Science Fiction, Science Fiction Fantasy, Fantasy"
EMI Records,1,0,"Music, Nonfiction, History"
EM Publishing,0,1,"Romance, Young Adult, Novella"
EJD Press,0,1,
EJ Morten Publishers,0,1,"Historical Fiction, Classics"
EDWARDS,1,0,Thriller
ECC Ediciones,1,0,"Manga, Seinen, Comics"
E.L. Marker,1,0,
E.A. Publishing,0,1,"Romance, Science Fiction, Aliens"
EVOLVER EDITIONS,1,0,"Economics, Nonfiction, History"
Ediciones de la Universidad de Castilla la Mancha,0,1,
Ediciones de la Flor,1,0,"Comics, Humor, Graphic Novels"
Ediciones Versátil,0,1,"Paranormal, Romance, Fantasy"
Ediciones Universal,1,0,"Theatre, Spanish Literature, Plays"
Ediciones Sm,0,1,"Fantasy, Young Adult, Spanish Literature"
Ediciones Selectas Diamantes,1,0,"Romance, Spanish Literature, Novels"
Ediciones S&M,1,0,"Young Adult, Contemporary, Spanish Literature"
Ediciones Paidos Iberica,1,0,Language
Ediciones Lengua de Trapo,1,0,
Ediciones Kiwi,0,1,"Young Adult, Retellings, Romance"
Ediciones Intempestivas,0,1,
Ediciones Frutilla,0,1,"Time Travel, Romance, Young Adult"
Ediciones Destino,1,0,"Spanish Literature, Classics, Spain"
Ediciones Cátedra S.A.,1,0,"Classics, Plays, Theatre"
Ediciones Colihue,1,0,"Short Stories, Spanish Literature, Classics"
"Ebury Publishing, Random House",1,0,"Cookbooks, Cooking, Food"
Ediciones Catedra,1,0,Spanish Literature
Ediciones B Grupo Zeta,1,0,"Historical Fiction, Historical, Spanish Literature"
Edgartown Colonial Publishing,1,0,
Eden Publications,0,1,"Magical Realism, Fantasy"
Edelsa,1,0,"Classics, Spanish Literature, Literature"
Edebe,1,0,"Young Adult, Mystery, Fantasy"
Ed. Sfântul Ierarh Nicolae,1,0,
Ecopress,1,0,Nature
Ecole des loisirs,1,0,"Young Adult, France, Contemporary"
Eclipse Books,1,0,"Fantasy, Science Fiction, Dragons"
Eclat Books,1,0,
Echelon Press,0,1,
Ecco/Harper Perennial,1,0,"Nonfiction, Food, Memoir"
Ecco (An Imprint of HarperCollinsPublishers),1,0,"Poetry, Classics, Literature"
Ecanus Publishing,1,0,
Ediciones Catedra S.A.,1,0,"Poetry, Latin American Literature, Latin American"
Dr. Robert Wheeler,1,0,
Doğan Yayıncılık,1,0,"Thriller, Crime, Mystery"
Doğan Egmont Yayıncılık ve Yapımcılık Tic A.Ş.,1,0,"Turkish Literature, Turkish, Novels"
Downwind Publications,1,0,
Dover Thrift Editions,1,0,"Classics, Literature, Novels"
Dover Publications (NY),1,0,"Horror, Short Stories, Classics"
"Dover Publications (Mineola, NY)",1,0,"Travel, History, Nonfiction"
Douglas Books,1,0,"Humor, Nonfiction, Comedy"
Doubt It Publishing,1,0,
Doubleday/Random House (NY),1,0,"Nonfiction, History, Adventure"
Doubleday Children’s Books,1,0,"Fantasy, Young Adult, Mystery"
"Doubleday Anchor (Garden City, NY)",1,0,"Buddhism, Philosophy, Religion"
Doubleday (NY et al.),1,0,"History, Philosophy, Nonfiction"
"Doubleday & Co., Inc",1,0,
Doubleday & Co Inc.,0,1,"Mystery, Crime, Mystery Thriller"
E. Jamie,1,0,"Contemporary, Adult, Romance"
Dorset House Publishing Co Inc,0,1,"Nonfiction, Self Help, Psychology"
Dorrance Publishing Co.,1,0,Nonfiction
Dormouse Press,0,1,"Biography, Nonfiction"
Dormaine G,1,0,Historical Fiction
Dorling Kindersley Publishers Ltd,1,0,"Nonfiction, Reference, Dogs"
Dorling Kindersley,1,0,"Nonfiction, Humor, Travel"
Doris Orgel,0,1,"Mythology, Fantasy, Picture Books"
Dorchester,1,0,"Horror, Thriller, Splatterpunk"
Dora Mae Productions - www.doramae.com,0,1,Short Stories
Door of Kush,1,0,"Autobiography, Biography, Nonfiction"
Donning Company Publishers,1,0,"Business, Finance, Nonfiction"
Donna Marie Rogers,0,1,"Romance, Contemporary Romance, Contemporary"
Donna Cummins,0,1,"Thriller, Mystery"
Donald M Grant,1,0,"Adventure, Historical Fiction, Fantasy"
Dominick Anderson,1,0,
Double Dragon Press,1,0,
E. C. Jackson,1,0,"Romance, Inspirational"
E-tardis Books (Ediciones Ortiz),1,0,Contemporary Romance
E P Dutton,1,0,
E K Publishing,1,0,"Science Fiction, Horror, Paranormal"
Dynamite Entertainment,1,0,"Comics, Fantasy, Graphic Novels"
Dutton Children's,1,0,"Young Adult, Romance, Contemporary"
Dutch Media Trade,0,1,"Chick Lit, Romance, Food"
"Dutch Girl Publishing, LLC",0,1,"Romance, Sports, Sports Romance"
Dust to Digital,1,0,"Music, History, Biography"
Durandus,1,0,"Science Fiction, Fantasy, Audiobook"
Dunhams Manor Press,1,0,"Horror, Short Stories, Weird Fiction"
Duncurra,1,0,"Time Travel, Romance, Historical Romance"
Dumont,0,1,"German Literature, Contemporary, Roman"
Duke Taber,1,0,"Christian, Reference, Christianity"
Dufour Editions,1,0,"Romanian Literature, Classics, School"
"Dragon Press Publishing, Inc.",1,0,
"Duet, an imprint of Interlude Press",1,0,"LGBT, Science Fiction, Young Adult"
Duet Books,1,0,"Young Adult, LGBT, Fantasy"
Duckbill Books,0,1,"Horror, Fantasy"
Dublinense,1,0,
DuBook Press,1,0,Novels
Dt. Taschenbuch-Verl.,1,0,"Contemporary, Novels, Literature"
"Droemersche Verlagsanstalt Th. Knaur Nachf., GmbH & Co.",1,0,"Contemporary, Humor, British Literature"
Droemer Knaur,1,0,"Thriller, Crime, German Literature"
Drim Weaver,0,1,
Drew Sinclair,1,0,"Erotica, Romance"
"Dreamscape Media, LLC",1,0,"Romance, Contemporary, Chick Lit"
Drake International Services,1,0,
"Dragonsteel Entertainment, LLC",1,0,"Fantasy, Epic Fantasy, Novella"
Dragonfire Romance,1,0,Reverse Harem
Dragon Tree Books,1,0,"Young Adult, Fantasy, Adventure"
Duffy and Snellgrove,0,1,"Historical Fiction, Australia, Romance"
Editura: Humanitas,1,0,"Romanian Literature, Classics, Romance"
Editura Vremea,1,0,Romanian Literature
Editura Univers,1,0,"Novels, Crime"
Editura Polirom,0,1,"Romanian Literature, Contemporary, Romania"
Editura Pandora M,0,1,
Editura Minerva,1,0,"Romanian Literature, Classics, Romance"
Editura Junimea,1,0,Romanian Literature
Editura Ion Creanga,1,0,
Editura Humanitas București,1,0,"Nonfiction, Romanian Literature, Philosophy"
Editura Humanitas,1,0,Nonfiction
Editura Herg Benet,0,1,"Romanian Literature, Contemporary"
Editura Dacia,0,1,"Holocaust, Nonfiction, History"
Editura Corut Pavel,1,0,Self Help
Editura Cartex Serv,1,0,"Romanian Literature, Classics, Romania"
Ediciones Ámbar,0,1,"Fantasy, Young Adult, Paranormal"
Editura Art,1,0,Romanian Literature
Editura ART,1,0,"Historical Fiction, Film, Media Tie In"
Editura ALLFA,0,1,Nonfiction
Editura A.T.U. Sibiu,1,0,
Editorial Vestales,0,1,
Editorial VERBO,0,1,"Childrens, Portuguese Literature, Young Adult"
Editorial Tránsito,0,1,
Editorial Trance,0,1,
Editorial Sexto Piso,0,1,"Short Stories, Contemporary, Literature"
Editorial RM,1,0,
Editorial Porrúa,1,0,"Classics, German Literature, Theatre"
"Editorial Planeta, S.A. (Barcelona)",1,0,"Spanish Literature, Classics, Spain"
"Editorial Planeta, S.A.",1,0,"Romance, Drama"
"Editorial Planeta Mexicana, S.A. de C.V.",0,1,"Art, Biography, Spanish Literature"
Editorial Planeta Mexicana Sa De Cv,1,0,
Editura Arthur,0,1,"Fantasy, Romanian Literature, Romania"
Eland,0,1,"History, Nonfiction, Biography"
Elan Publication,0,1,
Elamr,1,0,"Science Fiction, Science Fiction Fantasy, Fantasy"
ElaineRacoChase,0,1,Romance
El País,1,0,"Historical, Historical Fiction, German Literature"
El Leon Literary Arts,1,0,"Historical Fiction, War, Military Fiction"
El Cid/Argentina,1,0,Spanish Literature
El Acantilado,1,0,"Adventure, Polish Literature, 20th Century"
Eirelander Publishing,0,1,"Vampires, Young Adult, Fantasy"
Einaudi / Mondadori,1,0,"France, Horror, Mystery"
Eichborn,0,1,"Nonfiction, Politics"
Egmonts Childrens,1,0,"Childrens, Picture Books, Humor"
Egmont UK,1,0,"Childrens, Adventure, Fantasy"
Egmont LYX.digital,0,1,"Fantasy, Vampires, Paranormal Romance"
Egmont INK,0,1,"Young Adult, Romance, German Literature"
Edizioni Il Pavone,0,1,
Egmont Books Limited,1,0,"Fantasy, Young Adult, Childrens"
Eesti Päevaleht,1,0,Young Adult
Eesti Keele Sihtasutus,1,0,"Fantasy, Historical Fiction, Novels"
"Eebo Editions, Proquest",1,0,
Edward M Wolfe,1,0,"Survival, Humor"
Educreation Publishing,1,0,"Self Help, Inspirational"
Educational Excursions,1,0,
Edições Vercial,1,0,"Poetry, Portuguese Literature, Portugal"
Edições Quasi,1,0,
Edições Dom Quixote,1,0,"Hungary, Literature, Classics"
Edições Chá das Cinco,0,1,"Romance, Romantic Suspense, Contemporary Romance"
Edições Bagaço,1,0,
Edições Afrontamento,0,1,
"Edição Presselivre, Imprensa Livre SA",1,0,
Edizioni dell'Arco,1,0,Short Stories
Egmont Children's Books,0,1,"Childrens, Fantasy, Middle Grade"
Editora Leitura,1,0,
Editora Globo,1,0,"Cookbooks, Cooking, Food"
Editora Espasa Calpe Argentina,1,0,"Plays, Spanish Literature, Classics"
Editora Espasa Calpe,1,0,"Plays, Spanish Literature, Classics"
Editora Descaminhos,1,0,
Editora CRV,1,0,
Editora Benvirá,1,0,"Thriller, Suspense, Horror"
Editions du chat noir,0,1,Urban Fantasy
Editions du Seuil,0,1,"Canada, Classics, France"
Editions de la Flandonnière,1,0,
"Editions de Minuit,France",1,0,"Literature, Short Stories, 20th Century"
Editions Stock,0,1,"French Literature, France, LGBT"
Editions P.O.L.,1,0,"LGBT, Queer, Horror"
Editions Milan,0,1,"Young Adult, Romance, Contemporary"
Editions M.G.G.,1,0,
Editorial Notícias,1,0,Portuguese Literature
Editions Flammarion,0,1,"Germany, France, Novels"
Editions Elzevir,0,1,"Young Adult, Fantasy, Romance"
Editions Chandeigne,1,0,"Classics, School, Portuguese Literature"
Editions Anne Carriere,1,0,"Self Help, France, Philosophy"
Editions ASAP,1,0,"Humor, Jokes, Comedy"
Editions 10/18,1,0,"Ireland, Irish Literature, Novels"
Editions 10-18,1,0,"Writing, Nonfiction, Essays"
Edition Weitbrecht,1,0,"Fantasy, Theatre, German Literature"
Edisur,1,0,"Read For School, School"
Edinburgh University Press,1,0,"History, Scotland, Medieval History"
Edimat Libros,1,0,"Poetry, Classics, School"
Edimat,1,0,"Short Stories, Drama"
Edilux,1,0,
Edicomunicación,1,0,"Historical Fiction, Spain, Spanish Literature"
Edicions Destino,1,0,
Editions Larousse,1,0,"Classics, France, Philosophy"
Editorial Magisterio Español,1,0,"Spanish Literature, Humor, Spain"
Editorial La Isla,1,0,"Historical Fiction, Read For School, Anthropology"
Editorial Hidra,1,0,"Fantasy, Young Adult, Young Adult Fantasy"
Editorial Hansben,1,0,
Editorial Garuda,1,0,Buddhism
Editorial Estampa,1,0,
Editorial Era,1,0,"Spanish Literature, Short Stories, Latin American"
Editorial Empúries,1,0,
Editorial El Bongo,1,0,Short Stories
"Editorial Diana, Mexico",0,1,"Romance, Contemporary Romance, Spanish Literature"
Editorial Diana,1,0,"Brazil, Classics, Romance"
Editorial Debate,1,0,"Economics, Nonfiction, Politics"
Editorial Cuarto Propio,1,0,Poetry
Editorial Costa Rica,1,0,"Historical Fiction, Spanish Literature"
Editorial Castalia,1,0,
Editora Moderna,1,0,"Romance, Young Adult, Childrens"
Editorial Bruño,1,0,
"Editorial Bruguera, S.A.",1,0,"Spanish Literature, Historical Fiction, Literature"
Editorial Amarante,0,1,
Editorial Alfaguara,0,1,"Young Adult, Fantasy, Romance"
Editorial Adarve,0,1,
Editori Riuniti,1,0,
Editora de Orientação Cultural,1,0,Childrens
Editora Vozes,1,0,
Editora Universitária - UFPB,1,0,
Editora Ufjf,1,0,"Short Stories, Classics, Brazil"
Editora Rocco Ltda.,0,1,"Fantasy, Romance, Time Travel"
Editora Pergaminho,1,0,
Editora Objetiva,1,0,"Portuguese Literature, Portugal, Romance"
Editora Objectiva,1,0,"Humor, Portuguese Literature, Nonfiction"
Editora Nova Aguilar,1,0,"Poetry, Portugal, Portuguese Literature"
Editorial Caro Raggio,1,0,"Classics, Spanish Literature, Spain"
Arclight Media Co.,1,0,"Fantasy, Young Adult, Magic"
Archway Publishin,1,0,
Archipelago Books,1,0,"Poland, Polish Literature, Literature"
Archipel,0,1,"Chick Lit, Romance, Contemporary"
Archaia Entertainment,1,0,"Fantasy, Graphic Novels, Comics"
Arch Street Press,0,1,
Arcato,1,0,"Reverse Harem, Young Adult, Romance"
Arcade Publishing (NY),1,0,"Historical Fiction, Classics, Nobel Prize"
Arbor vitae,1,0,Czech Literature
Arbor Vitae Press,1,0,
Arbeiter Ring Publishing,1,0,"Poetry, Canada, Canadian Literature"
Arb Publishing,0,1,
Aqueous Books,1,0,"Short Stories, Contemporary, Novels"
Aqueduct Press,0,1,"Science Fiction, Dystopia, Post Apocalyptic"
"Castle Books, Booksales",1,0,"History, Civil War, Nonfiction"
Aquapress,1,0,"Fantasy, Animals, Animal Fiction"
April Churchill,0,1,
Apress,1,0,
Apprentice Shop Books,0,1,
Apprentice House,1,0,
Apple Paperbacks,0,1,"Fantasy, Childrens, Middle Grade"
Apparition Press,0,1,
Apparition,1,0,
Apostolate of the Divine Heart,0,1,
Apocryphile Press,1,0,"Poetry, Arthurian, Fantasy"
Aphrodisia,1,0,"Erotica, Romance, Interracial Romance"
Apex Publications,1,0,"Horror, Nonfiction, Writing"
Apex Book Company,1,0,"Horror, Paranormal, Adult"
Apeejay Stya Publishing,1,0,"Vampires, Fantasy, Urban Fantasy"
Aon Forge,1,0,"Science Fiction, Space Opera, Romance"
Aquarian Press,0,1,"Nonfiction, Memoir"
Asema,0,1,"Comics, Graphic Novels, Finnish Literature"
Ascension Press,0,1,"Young Adult, Paranormal, Demons"
Asa,1,0,"Historical Fiction, Romance, Historical"
AruMee Books,1,0,
Artisan,0,1,"Nonfiction, Design, Crafts"
Arthur A. Levine books,1,0,"Young Adult, LGBT, Realistic Fiction"
Artemis Hunt,0,1,"Romance, Erotica, Contemporary Romance"
Arte Publico Press,1,0,"School, Science Fiction, Disability Studies"
Arta Grafica,0,1,"Romanian Literature, Romania, Unfinished"
Art of Living Foundation,1,0,Spirituality
Arson Books,1,0,"Fantasy, Horror, Angels"
Arsenic & Lace Publishing,1,0,
"Arrowscope Press, LLC",0,1,Romance
Arrow books,0,1,"Vampires, Horror, Fantasy"
Arrow Random House,0,1,"Chick Lit, Romance, Contemporary"
Arctis Verlag,0,1,"Fantasy, Young Adult, Young Adult Fantasy"
Arlington House,1,0,"Economics, Nonfiction, Philosophy"
Arlington Books Publishers Ltd,1,0,
Arkana,1,0,Philosophy
Ark House Press,0,1,
Arion Yayınevi,1,0,"Historical Fiction, Egypt, Historical"
Ariel,1,0,"Philosophy, Nonfiction, Spanish Literature"
Argo-Navis,1,0,"Novels, Drama, Epic"
Argo,1,0,"Czech Literature, Fantasy, Historical Fiction"
Arena Verlag GmbH,0,1,"Romance, Young Adult, Contemporary"
Arena Editions,1,0,"Photography, Biography, Nonfiction"
Areal Editores,1,0,"Classics, Plays, Portuguese Literature"
Ardis,1,0,
Ardannyl,1,0,
Arcturus Publishing Limited,1,0,"Art, Drawing, Nonfiction"
Arcturus,1,0,
Arrow Books Ltd.,0,1,"Romance, Historical Fiction, Historical Romance"
Andres Bello,0,1,"Poetry, Womens, Spanish Literature"
Andres & Blanton,1,0,"Romance, Chick Lit, Christian Fiction"
Andres,1,0,
Andre Deutsch,1,0,"True Crime, Nonfiction, Crime"
Andi Publisher,1,0,Novels
Andesite Press,1,0,"Classics, Novels, 20th Century"
Andal Krida Nusantara (AKOER),1,0,"Novels, Indonesian Literature, Thriller"
And Other Stories,0,1,"Literary Fiction, Contemporary, Novels"
Ancient Wisdom Publications,1,0,"Spirituality, Psychology, Nonfiction"
Anchor Print Group Ltd,1,0,Football
Anchor Group,0,1,"Fantasy, Romance, Paranormal"
Anchor Books/Knopf Doubleday Publishing Group,1,0,"Contemporary, Literary Fiction, British Literature"
Anathema Publishing,1,0,
Anannya Publications,1,0,"Novels, Drama, Comedy"
Aoléon Press,1,0,"Fantasy, Science Fiction, Middle Grade"
Anaconda Verlag GmbH,1,0,"Poetry, Classics, German Literature"
Amygdala Press,1,0,"Thriller, Dark"
Amy Rachiele,0,1,"Romance, Young Adult, New Adult"
Amy Joy Lutchen,0,1,"Fantasy, Urban Fantasy, Romance"
Amy Ivan,0,1,
Amy Harmon,0,1,"Romance, New Adult, Contemporary"
Amy Einhorn: Putnam,0,1,"Nonfiction, Memoir, Humor"
Amy Einhorn Books/G.P. Putnam's Sons,0,1,"Historical Fiction, Historical, Adult"
Amy A. Bartol,0,1,"Fantasy, Young Adult, Romance"
Amulet books,1,0,"Humor, Realistic Fiction, Childrens"
Amulet Paperbacks,0,1,"Graphic Novels, Young Adult, Comics"
Amulet Harry N. Abrams La Martinière Groups,1,0,"Fantasy, Mystery, Fairy Tales"
Amrûn Verlag,0,1,
Ampol Publishing Inc,1,0,
"Ampersand Publishing, Inc.",0,1,"Romance, Contemporary Romance, Contemporary"
Ananda,1,0,"Classics, Novels"
Anyaprokash,1,0,"Drama, Romance, Novels"
"Anvil Publishing, Inc.",1,0,"Nonfiction, Swedish Literature, Scandinavian Literature"
Anvil Press Poetry,1,0,"Poetry, German Literature, Literature"
Anvil,1,0,"Humor, Romance, Essays"
Anupam Prokashoni,1,0,"Adventure, Young Adult"
"Antinous Press, USA",1,0,"M M Romance, Young Adult, Gay"
Anthonyann Books,0,1,Historical Fiction
Anthony Ryan,1,0,"Fantasy, Epic Fantasy, High Fantasy"
Antagonist Art Movement,1,0,
Another Sky Press,1,0,"Science Fiction, Dystopia, Speculative Fiction"
Annorlunda förlag,0,1,"Dystopia, Fantasy, Young Adult"
Annam,1,0,"Historical Fiction, Classics"
Anna Othitis,0,1,"Cookbooks, Cooking, Food"
Anna Howard,0,1,"Romance, Music, New Adult"
Anna Applegate,0,1,"Paranormal, Paranormal Romance, Romance"
Andy Weir / Galactanet,1,0,"Short Stories, Science Fiction, Philosophy"
Ann Arbor Media,1,0,"Classics, Adventure, Animals"
Ankita Pustaka,1,0,Humor
Anker Frankoni,1,0,
Ankama Editions,1,0,"Comics, Fantasy, Bande Dessinée"
Ankama,1,0,"Fantasy, Comics, France"
Anitak Publishing,0,1,"Chick Lit, African American"
Angie McKeon,0,1,"Romance, New Adult, Contemporary Romance"
"Angelo Tsanatelis, via Smashwords",1,0,
Angelica Thaddeus,0,1,"Suspense, Romance, Erotica"
Angelic Script Publishing,1,0,Urban
Angela Hudson,0,1,"Vampires, Paranormal, Young Adult"
Angel Gelique,1,0,"Horror, Dark, Abuse"
Angel Books Publications,1,0,Spirituality
Anessa Books,0,1,"Urban Fantasy, Fantasy, Paranormal"
Aneko Press,1,0,"Classics, Christian, Christian Fiction"
Ann Charles,0,1,"Mystery, Paranormal, Romance"
Avon books,0,1,"Christian, Nonfiction, Religion"
Avon Mystery,0,1,"Mystery, Paranormal, Witches"
Avon Inspire,0,1,"Historical Fiction, Christian Fiction, Historical"
Avon Impulse,0,1,"Historical Romance, Romance, Historical"
Avon Harper Collins,0,1,"Historical Romance, Romance, Historical"
Avon Fantasy,1,0,"Fantasy, Arthurian, Historical Fiction"
Avon Camelot,1,0,"Childrens, Humor, Middle Grade"
Avon A,1,0,"Historical Fiction, Historical, Romance"
Avon (HarperCollins),1,0,"Romance, Travel, Contemporary"
"Avon (April 10, 2012)",1,0,"Historical Romance, Historical, Christmas"
Avn Publications LLC,1,0,
Aviva,1,0,"Nonfiction, Memoir"
Avery/Penguin Random House LLC,1,0,"Nonfiction, Psychology, Science"
Avery Trade,0,1,"Health, Reference, Nonfiction"
Ashenclaw Studios,1,0,Fantasy
Averroes Publishing House,1,0,
AvantLifeGuard Books,1,0,
Avant Punk Books/Eraserhead Press,1,0,"Horror, Bizarro Fiction, Splatterpunk"
Avalon Travel,1,0,"Travel, Nonfiction, Reference"
Ava Kensington,0,1,
Autumnal Press,1,0,"Zombies, Horror, Apocalyptic"
Autumn Leaves Publishing,0,1,
Autopublicación,1,0,
Autonomous Publications,1,0,"Historical Fiction, Young Adult"
Autoedición en Amazon,0,1,"Romance, Young Adult, Erotic Romance"
Autoedición,0,1,Romance
Authorhouse UK,1,0,"Contemporary, Novels, Epic"
AuthorHouse Publishing,0,1,
"Author Solutions / Night Apple, LLC",1,0,Fantasy
Author Solutions,1,0,"Biography, Psychology, Sports Romance"
"Avery Aster, Inc.",1,0,"Romance, New Adult, Contemporary Romance"
BARNES AND NOBLE,1,0,
BALLANTINE BOOKS,1,0,"History, Nonfiction, American History"
BAB Publishing,1,0,Business
BAAE Publishing,0,1,"Romance, Military Fiction, Contemporary Romance"
BAAE Inc.,0,1,"Romance, Military Fiction, Contemporary Romance"
B.S.G. -PRESS,1,0,Russia
B.R. Snow,1,0,
B.F.Harrolle,1,0,
B.A.S.E.D. Press,1,0,Fantasy
B. Bakker,1,0,
B&N Digital Publishing,1,0,"Romance, Erotica, BDSM"
B&H Books,1,0,"Religion, Christian, Reference"
B Q Hanson,1,0,"Romance, Erotic Romance, LGBT"
B N Toler,1,0,"Romance, Contemporary Romance, Contemporary"
B L Hoffman,1,0,
"Avon, HarperCollins Publishers",0,1,"Cats, Animals, Contemporary"
B & F Publishing,0,1,"Historical Fiction, Historical, Medieval"
Aziza Publishing,1,0,
Ayrıntı Yayınevi,1,0,"Nonfiction, Turkish Literature, Philosophy"
Ayer Co Publ.,1,0,"History, Classics, Nonfiction"
Ayan,1,0,
AyHa Publishing,1,0,"Religion, Nonfiction, Islam"
Axplock,0,1,
Axial,1,0,"Classics, Horror, Russia"
Awkward Bible,1,0,"Religion, Nonfiction, Humor"
Awareness Publishing,1,0,"Spirituality, Nonfiction, Philosophy"
Award Publications,0,1,"Childrens, Adventure, Mystery"
Awakened Press,0,1,"Philosophy, Poetry"
Avon/HarperCollins UK,0,1,"Historical Fiction, Romance, World War II"
Avon/HarperCollins,0,1,"Thriller, Mystery, Suspense"
Avon-Eos,1,0,"Fantasy, Science Fiction, Science Fiction Fantasy"
B Fiction,1,0,"Romance, Christian Fiction, Christian"
Atlantida,1,0,"Romance, Young Adult, Contemporary"
"Atlantic Monthly Press Grove/Atlantic, Inc. - Grove/Atlantic, Inc. - Atlantic Monthly Press",1,0,"Contemporary, Coming Of Age, Young Adult"
Atlantic Books (UK),1,0,"Historical Fiction, Classics, Literature"
Atheneum/Margaret McElderry,0,1,"Time Travel, Historical Fiction, Young Adult"
Atheneum/Anne Schwartz Books,0,1,"Realistic Fiction, Young Adult, Middle Grade"
Atheneum Books for Young Readers: Richard Jackson Books,1,0,"Young Adult, Adventure, Classics"
Athenaeum-Polak & Van Gennep,1,0,"Classics, Dutch Literature, Literature"
Athenaeum--Polak & Van Gennep,1,0,"Dutch Literature, 20th Century"
Athenaeum Pub.,0,1,Nonfiction
Athenaeum - Polak & Van Gennep,1,0,"Literature, Dutch Literature"
Athanasius Press,1,0,"Theology, Religion"
Ateow Ink,1,0,
Ateneo de Manila University Press,1,0,
Atelos,0,1,"Poetry, Memoir"
Atatürk Araştırma Merkezi,1,0,"History, Turkish Literature, Turkish"
Author,0,1,"LGBT, Romance, Lesbian"
Astro Edizioni,1,0,
Astraeus Press,1,0,"Urban Fantasy, Fantasy, Young Adult"
Astor-Honor Inc,1,0,
Astiberri,1,0,"Graphic Novels, Comics, Bande Dessinée"
Asta Publications,0,1,
Associazione Delos Books,1,0,Fantasy
Assirio & Alvim,1,0,"Poetry, Portuguese Literature, Portugal"
Assimil France,1,0,"Nonfiction, Spanish Literature, Language"
Aspirations Media Inc,1,0,"Fantasy, Epic Fantasy, High Fantasy"
Aspen Books,0,1,
Aspasia Books,1,0,"Classics, Finnish Literature, Historical Fiction"
AsmaNadia Publishing House,0,1,Travel
Asma Nadia Pub. House,0,1,
Aslaradis Publishing,1,0,"Fantasy, Epic Fantasy, High Fantasy"
Ashley Suzanne,1,0,"New Adult, Contemporary Romance, Romance"
Astronist Institution,1,0,
Australian Self Publishing Group,1,0,
Austin Macauley Publishers Ltd,1,0,
Austin Macauley Publishers LLC,1,0,
Austin Macauley Publishers,0,1,
Aurum Press,1,0,"Sports, Nonfiction, History"
Aurora Rose Reynolds. ARR,0,1,"Romance, Contemporary Romance, New Adult"
Aurora Publishing,1,0,"Manga, Yaoi, Romance"
Aurora Press,0,1,"Paranormal, Young Adult, Romance"
Aurora Metro Books,1,0,
Aurora House,0,1,"Adventure, Modern, Cultural"
Aunt Lute Books,0,1,"Poetry, Feminism, Nonfiction"
AugustBooks (6 Nov 2012),0,1,Mystery Thriller
Aufbau-Verl.,1,0,"Czech Literature, Contemporary, Media Tie In"
Aufbau-Taschenbuch-Verl.,1,0,"Short Stories, German Literature, Childrens"
Aufbau Verlag,1,0,"German Literature, Contemporary"
Atlas Games,1,0,"Role Playing Games, Fantasy, Gaming"
Aufbau Taschenbuch56,1,0,"German Literature, Contemporary, Drama"
Aufbau Taschenbuch,0,1,"Historical Fiction, Historical, Romance"
Aufbau,0,1,"German Literature, Germany, Historical Fiction"
Audubon Press,0,1,"Biography, Christian, History"
AudioGO Ltd.,1,0,
Audio Partners,0,1,"Mystery, Crime, Classics"
Audio Holdings,1,0,"Mystery, Classics, Short Stories"
Audible Inc,0,1,"Romantic Suspense, Romance, Contemporary Romance"
Audible Frontiers,1,0,"Science Fiction, Audiobook, Fantasy"
Audeamus LLC,0,1,"Angels, Young Adult, Paranormal"
Au diable Vauvert,1,0,
Atrium Förlag,1,0,Film
Atria Books/Marble Arch Press,1,0,"Romance, Contemporary, Asia"
Atria Books/Beyond Words,1,0,"Self Help, Nonfiction, Personal Development"
Atria / Keywords Press,0,1,"Young Adult, Contemporary, Romance"
Aufbau Tb.,1,0,"France, Novels, French Literature"
Absolute Publishing Llc,1,0,"Religion, Spirituality, Nonfiction"
Absolute Publishing LLC,1,0,"Spirituality, Religion"
Abrams,1,0,"Fantasy, Art, Mythology"
Abigail Roux,0,1,"M M Romance, Romance, Contemporary"
Abide Press,1,0,"Historical Fiction, Media Tie In, Christian"
Abhinav Publications,1,0,
Abelard-Schuman,1,0,"Poetry, Humor, Graphic Novels"
Abbot Press,1,0,
Abaddon Books,1,0,"Steampunk, Fantasy, Alternate History"
"Abacus, New Edition",0,1,"Young Adult, Coming Of Age, British Literature"
"Abacus (Little,Brown)",1,0,"Fantasy, Science Fiction, Contemporary"
Aavaa,1,0,Paranormal
Aaron-Michael Hall,1,0,"Fantasy, Contemporary, Novels"
Aaron Quincy,1,0,
Ammar Habib,1,0,"Thriller, Action, Superheroes"
Aaron D'Este,1,0,
Aare,1,0,Young Adult
Aalexxa Aarows,1,0,
AVON Books,0,1,"Romance, Contemporary Romance, Contemporary"
ATTM Press,0,1,"Memoir, Nonfiction, Mental Illness"
ATOM,0,1,"Young Adult, Werewolves, Paranormal"
ASCII Media Works,1,0,"Light Novel, Fantasy, Manga"
ARC Manor,1,0,"Philosophy, Classics, Nonfiction"
AMZ Editrice,0,1,"Classics, Childrens, Americana"
AMOR Publishing,1,0,
AMG Publishers,1,0,
AMAZON KINDLE,1,0,
ALFAGUARA,1,0,"Short Stories, Spanish Literature, Latin American"
AKYPress,0,1,"Historical Fiction, Magical Realism, Asia"
AKOER - Andal Krida Nusantara,1,0,"Novels, Indonesian Literature, Fantasy"
"Aaron Polson, via Smashwords",1,0,"Horror, Suspense"
Africa World Press,1,0,"History, Nonfiction, Philosophy"
Aforementioned Productions,0,1,
Aeon Publishing Inc.,0,1,"Historical Fiction, Romance, Fantasy"
Aenathen Omega,1,0,
Adventure Library,1,0,"Travel, Nonfiction, Adventure"
Advantage Media Group,1,0,"Romance, Contemporary Romance, Contemporary"
Adriane Leigh Books,0,1,"Romance, New Adult, Contemporary Romance"
Adin Publishing,1,0,
Adevărul,1,0,"Romanian Literature, Literature, Romance"
Addison Moore Publishing,1,0,"Paranormal, Angels, Fantasy"
Adat Achim Synagogue,1,0,"Money, Finance, Jewish"
Adaptive Studios,0,1,"Young Adult, Contemporary, Mystery"
Adamantine PublishingHouse,0,1,"Paranormal, Vampires, Paranormal Romance"
Adamantine Publishing House,0,1,"Science Fiction, Romance, Young Adult"
Adam Steven Page,1,0,Epic
Acacia Publishing,0,1,"Young Adult, Romance, Contemporary"
Actes Sud Papiers,1,0,"Plays, Theatre, Drama"
Acrylic Verbs Press,1,0,Poetry
Acorn Publishing LLC,1,0,"Time Travel, Audiobook, Romance"
Acorn Indpendent Press,0,1,
Acorn Independent Press,0,1,
Acheron Press,1,0,"Classics, Short Stories"
Ace Science Fiction Classic D-434,1,0,"Science Fiction, Classics, Adventure"
Ace Books/First SFBC Fiction Printing,0,1,"Urban Fantasy, Paranormal, Fantasy"
Ace Book,1,0,"Science Fiction, Classics, Military Fiction"
Accurate Press,1,0,"Politics, American History, Realistic Fiction"
Accent Press (UK),0,1,"Historical Fiction, Romance, Historical Romance"
Accent Press,0,1,
Academic Service,1,0,Nonfiction
Academic Research Foundation,1,0,"Nonfiction, History, Biography"
Academia,1,0,"Czech Literature, Classics, School"
"Actually Autistic Authors

208 books — 83 voters",1,0,"Asexual, Short Stories, Young Adult"
講談社,1,0,"Manga, Fantasy, Graphic Novels"
益群書店股份有限公司,1,0,
小学館,1,0,"Manga, Mystery, Comics"
奇幻基地,1,0,
三民書局,1,0,"Classics, China, Chinese Literature"
„Tyto alba“,0,1,"Nonfiction, Travel"
‎(المكتبة العصرية (لبنان,1,0,"Islam, Religion, Nonfiction"
ሜጋ አሳታሚ እና ማከፋፈያ ኃ/የ/ተ/የግ/ማህበር,1,0,
პალიტრა L,1,0,"Georgian, Historical Fiction, Classics"
ნექტარი,1,0,
მეცნიერება,1,0,"Philosophy, Georgian, Nonfiction"
მერიდიანი,1,0,"Georgian, Magical Realism"
მერანი,1,0,"Japan, Nonfiction, History"
ირიათონი,0,1,"Historical Fiction, Romania, German Literature"
დიოგენე,1,0,"Philosophy, Spirituality, Buddhism"
AHA! Process,1,0,"Education, Nonfiction, Teaching"
არეტე,1,0,Georgian
แพรวสำนักพิมพ์,1,0,
ศักดิ์โสภาการพิมพ์,1,0,
ฟ้าเดียวกัน,1,0,
คบไฟ,1,0,
விஜயா பதிப்பகம் (Vijaya Pathippagam),1,0,
로크미디어 (ROK Media),1,0,"Light Novel, Fantasy, Manga"
2000 Years of Dick Fiction,1,0,
განათლება,1,0,"Travel, Nonfiction, Adventure"
8-nentori,1,0,"Poetry, Albanian Literature"
নিউ এজ পাবলিশার্স লিমিটেড,1,0,Nonfiction
138 in Progress Publishing,1,0,
12-21,1,0,"Manga, Comics Manga"
1000Vultures,1,0,"Horror, Mystery, Thriller"
100 Percent Publishing,1,0,"Mystery, Fantasy"
10-18,0,1,"Contemporary, Spain, Spanish Literature"
AGBDesign.es,1,0,
"AEC Stellar Publishing, Inc.",1,0,"Humor, Fantasy, Science Fiction"
"ACT, Транзиткнига",1,0,"Historical Fiction, German Literature, Historical"
ACE Books,1,0,"Fantasy, Young Adult, Childrens"
AC,1,0,"Classics, Erotica, France"
ABC Books,0,1,"Mystery, Fantasy, Middle Grade"
ABC,1,0,"Childrens, School, Classics"
A.R.E. Press (Association of Research & Enlightenment),1,0,"Biography, Spirituality, Nonfiction"
A.M. Madden; First edition,1,0,"Romance, New Adult, Music"
A.M. Hargrove,1,0,"Romance, Paranormal Romance, Science Fiction"
A.M. Guilliams,1,0,"Romance, Amazon, New Adult"
A.L. Jackson Books Inc,1,0,"Romance, Contemporary Romance, New Adult"
A.L. Gibson,1,0,"Young Adult, Novels, New Adult"
A. Meredith Walters,1,0,"New Adult, Romance, Young Adult"
A. Manteau N.V.,1,0,"Dutch Literature, Roman, Thriller"
集英社,1,0,"Manga, Art, Comics Manga"
A. A. Wyn,1,0,"Italian Literature, Italy, School"
A. A. Knopf,0,1,"Literary Fiction, Contemporary, Art"
A&R Classics,1,0,"Australia, Historical Fiction, Classics"
A vue d'oeil,0,1,"France, Romance, Novels"
A Signet Book,1,0,"Horror, Thriller, Fantasy"
"A Quillon Parchment, Inc.",1,0,
A Pet Banana Production,1,0,"Poetry, Childrens"
A New Reality Publishing,1,0,
A McNally Publishing,1,0,
A Marian Wood Book/Putnam,1,0,
A King Production,0,1,"Urban, Adult"
A K Pr Distribution,0,1,"Nonfiction, Social Justice, Politics"
A Esfera dos Livros,0,1,"Historical Fiction, Historical, Portuguese Literature"
A & C Black Publishers Ltd.,1,0,"Plays, Classics, Drama"
"""Marvel""",1,0,"Comics, Graphic Novels, Marvel"
A. K. MARS,1,0,
Amazon Encore,1,0,"Romance, Contemporary, Contemporary Romance"
Amazon Dictionary Account,1,0,"Reference, Nonfiction, Dictionaries"
Amazon CreateSpace,0,1,
Amazon Create Space,1,0,
Amazon Children's Publishing,0,1,"Young Adult, Abuse, Romance"
Amazon Asia-Pacific Holdings Private Limited,1,0,
Amanda Stone,0,1,"New Adult, Romance, College"
Amanda Hocking,0,1,"Zombies, Young Adult, Dystopia"
Amana Publications,1,0,"Islam, Religion, Nonfiction"
Alyssa Rose Ivy,0,1,"Fantasy, Young Adult, Paranormal"
Aly Martinez,0,1,"Romance, New Adult, Sports"
Alwick Press,1,0,"Young Adult, M M Romance, LGBT"
Altın Kitaplar,1,0,"Horror, Fantasy, American"
Alton Street Publishing,1,0,
Afrodisia,0,1,"Erotica, Historical, Romance"
Altamira Press,1,0,"Nonfiction, Feminism, Womens"
Alt Graph,1,0,"Manga, History, Graphic Novels"
Alrevès,1,0,
Alqonquin Young Readers,0,1,"Young Adult, LGBT, Romance"
Alpha Peak LLC,0,1,"Fantasy, Adventure"
Alpha,0,1,"Religion, Hinduism, Nonfiction"
Alonna Shaw,1,0,
Almandía,1,0,
Almadia,0,1,"Poetry, Novels, Art"
Alma Katsu,0,1,"Fantasy, Paranormal, Witches"
Alma Books Ltd,1,0,"Science Fiction, Japan, Japanese Literature"
Alloy Entertainment,1,0,"Young Adult, Science Fiction, Fantasy"
Allison and Busby,1,0,
Allison Brennan,0,1,"Mystery, Mystery Thriller, Thriller"
"Allen, Lane & Scott",1,0,
Alter Yayıncılık,1,0,"Classics, Nonfiction, Biography"
Ammann Verlag,1,0,
Amira Rock Publishing,0,1,
Amira Press,0,1,"Paranormal, Paranormal Romance, Romance"
Amika Press,0,1,"Historical Fiction, France, Historical"
Amethyst Editions,1,0,"Poetry, Memoir, Queer"
Ameron,1,0,"Poetry, Classics, Literature"
American Vision and Covenant Media Press,1,0,"Theology, Philosophy, Cultural"
American Vision,1,0,"Theology, Nonfiction, Religion"
American University in Cairo Press,1,0,"Novels, Egypt, Historical Fiction"
American Psychiatric Publishing,1,0,"Psychology, Nonfiction, Reference"
American Poetry Review,1,0,"Poetry, Love"
American Book Publishing Company,1,0,
American Book Company,1,0,"Poetry, Classics"
America's Test Kitchen,1,0,"Cookbooks, Cooking, Food"
Amereon House,1,0,Romance
Amazon KDP (Independently Published),1,0,
Ambo,1,0,
Amberlin,1,0,"Fantasy, Young Adult, Magic"
Amberley Publishing,1,0,History
Amber Swann Publishing Inc.,0,1,
"Amber Quill Press, LLC",0,1,"Romance, Contemporary Romance, Erotic Romance"
Amber Quill Press,0,1,"Fantasy, Romance, Fantasy Romance"
Amber Allure,1,0,"M M Romance, Contemporary, Romance"
Amber,0,1,"Fantasy, Childrens, Young Adult"
Ambassador International,0,1,
Amazon media,0,1,
Amazon kdp,1,0,"Epic, Novels, Contemporary"
Amazon for Kindle,1,0,Contemporary
Amazon Press,1,0,
Amazon Media,0,1,
Amazon Kindle Direct Publishing,1,0,
Ambo|Anthos,1,0,"Roman, Scandinavian Literature"
Alaf21 Sdn Bhd,0,1,
Alaf 21 Sdn Bhd,1,0,Novels
Aladin (Simon & Schuster),0,1,"Fantasy, Middle Grade, Young Adult"
Aladdin/Minstrel Book,1,0,"Fantasy, Dragons, Childrens"
Aladdin Mix,0,1,"Fantasy, Middle Grade, Young Adult"
Aladdin M!X,0,1,"Middle Grade, Childrens, Realistic Fiction"
Aladdin Books,1,0,"Fantasy, Childrens, Young Adult"
"Al-Faisal Nashran, Lahore",1,0,"Pakistan, Autobiography, Nonfiction"
Al-Ameen Serve Holdings Sdn Bhd,1,0,Drama
"Al Quraish Publications, Lahore",1,0,"Novels, Spirituality, Contemporary"
Akkord,1,0,"Science, Nonfiction, Physics"
Akata,1,0,"Manga, LGBT, Graphic Novels"
Akashic Books/Punk Planet Books,1,0,"Young Adult, Music, Coming Of Age"
Akapit Press,0,1,"Polish Literature, Young Adult, Childrens"
Aisha Linnea,0,1,
Allen & Unwin Children's,1,0,"Dystopia, Young Adult, Childrens"
Airicka Pheonix,1,0,"Romance, Young Adult, New Adult"
"Air Quotes Publishing, Inc.",1,0,"Fantasy, Audiobook"
Aimee Lewis Books,0,1,"Poetry, LGBT"
Aidan Ellis Publishing,1,0,Thriller
Ahsyad Publications,1,0,
Ahead of the Pack,0,1,"Romance, Contemporary Romance, Contemporary"
Ah Ha Publishing Company,1,0,"History, Nonfiction, Politics"
"Aguilar, Altea, Taurus, Alfaguara, S.A. de C.V.",1,0,"Short Stories, Latin American, Literature"
Agora Kitaplığı,1,0,"Politics, Philosophy, Nonfiction"
Agone,1,0,
Agebe,1,0,"Poetry, Classics, Spanish Literature"
Agave Kiadó,1,0,"Science Fiction, Space Opera, Audiobook"
Agathon,1,0,"Dutch Literature, Literature, Classics"
Agate Bolden,1,0,"Science Fiction, Time Travel, African American"
Agata,1,0,"Mystery, Contemporary, Spanish Literature"
Airmont,1,0,"Science Fiction, Fantasy, Mythology"
Allen & Unwin Academic,1,0,"Nonfiction, Australia, History"
Allen & Ulwin,0,1,"Contemporary, Chick Lit, Adult Fiction"
All Things That Matter Press,1,0,
All Due Respect,1,0,"Contemporary, Epic, Science Fiction"
All 50! - Publications,1,0,
Alkım Yayınları,1,0,"Turkish Literature, Turkish"
Alicia Rae,0,1,"New Adult, Romance, Contemporary Romance"
Alicia Howard Presents (Loyalty Ink Publication),1,0,
Alice James Books,1,0,"Poetry, War, Military Fiction"
Alianza Gráfica,1,0,
Algonquin Books of Chapel Hill,0,1,"Chick Lit, Contemporary, Relationships"
Algaida,1,0,
Alfred Knopf,1,0,"Science, Nonfiction, Physics"
"Alfred A. Knopf, Inc.",1,0,"Science Fiction, Thriller, Adventure"
Alfaguara/Santillana USA Publishing Company,1,0,"Mystery, Spain, Thriller"
Alan Rodgers Books,1,0,"Classics, Adventure, Literature"
Alfaguara Brasil,1,0,"Brazil, Historical Fiction, Classics"
Alfadil,1,0,
Alfabeta,0,1,Queer
Alfa Yayıncılık,1,0,"Self Help, Psychology"
Alexandria,1,0,"Classics, Serbian Literature, School"
Alexander Books,1,0,"War, Historical"
Alex Benedict,1,0,Mermaids
Aleph Books,1,0,"Nonfiction, India, Religion"
Aleph Book Company,1,0,"History, Nonfiction, India"
Aleph,1,0,"Science Fiction, Short Stories, Romance"
Albin Michel Litterature,1,0,
Albert Whitman Teen,1,0,"Young Adult, Mystery, Contemporary"
Albatros,1,0,Historical Fiction
Alana's Book Line (ABL),0,1,Urban
Alan Sutton Publishing,0,1,"Classics, Historical Fiction, Victorian"
Alfaguara Juvenil,1,0,"Romance, Young Adult, Unfinished"
Brian S. Pratt,1,0,"Fantasy, Magic, Young Adult"
Brian McGoldrick,1,0,"Fantasy, Magic, Dark Fantasy"
Brian K. Larson,1,0,Science Fiction
Breedon Books Publishing,1,0,
Breakwater Books,0,1,"Historical Fiction, Canada, Historical"
Breakneck Media,1,0,"Fantasy, Thriller, Science Fiction"
Breadpig,1,0,"Humor, Graphic Novels, Choose Your Own Adventure"
Brazos Press,1,0,"Christianity, Nonfiction, Scripture"
"Bratstvo-jedinstvo, Novi Sad",1,0,
Bratstvo-jedinstvo,1,0,
Brass Bed Books,0,1,"Romance, Contemporary, Contemporary Romance"
Brandon Williams,1,0,"Young Adult, LGBT, M M Romance"
Branden Books,1,0,"Classics, Drama, Plays"
Bramagioia Enterprises,0,1,"Mystery, Romance, Chick Lit"
BBC Active,1,0,"Self Help, Nonfiction, Psychology"
Bowker,1,0,
Bowen Press,0,1,"Young Adult, Fantasy, Paranormal"
Bottom Drawer Publications,0,1,"M M Romance, Romance, Contemporary"
Botimet Toena,1,0,Albanian Literature
"Boston; Little, Brown",1,0,"Civil War, Biography, American Civil War"
Borrowed Hearts Publishing,0,1,"Paranormal, Romance, Angels"
Borgen,0,1,"Fantasy, Danish, Young Adult"
Bordo Siyah,1,0,"Classics, Russia, Russian Literature"
Borden Publishing Company,1,0,"Occult, Spirituality"
Bora.La,1,0,
Boondocks Books,1,0,"Historical Fiction, Holocaust"
Boom Town,1,0,"Comics, Graphic Novels, Fantasy"
Booktango,0,1,
Bookstrand,0,1,"Romantic Suspense, Romance, Suspense"
Booksales,1,0,"Mystery, Classics, Short Stories"
Boyds Mills Press,0,1,"Young Adult, Mental Health, Abuse"
Bryn Mawr Commentaries,1,0,"Philosophy, Classics, Nonfiction"
Bryce W. Anderson,1,0,Literature
Bruyere,1,0,"Zombies, Horror, Science Fiction"
Brown Thrasher Books,1,0,"Historical Fiction, Classics, Southern"
Brooks D Kubik,1,0,"Nonfiction, Health"
Brooklyn Arts Press,1,0,Literary Fiction
Brookline Books,0,1,"Writing, Nonfiction, France"
Brookes Publishing,1,0,"Education, Nonfiction"
Brooke Cumberland,0,1,"Romance, New Adult, Contemporary Romance"
Brooke Blaine,0,1,"Romance, Humor, Contemporary"
Brokilon,1,0,Science Fiction
Broke Robot Books,1,0,"Fantasy, Audiobook, Magic"
Brodom Publishing,1,0,Science Fiction
Brockhampton Press,1,0,Adventure
Broadway/Crown Publishing Group,1,0,"War, Historical Fiction, Literature"
Bridge Works Publishing Company,1,0,"Historical Fiction, Adventure, Classics"
Broadway Fifth Press,1,0,Cooking
Broadside Books,1,0,"Politics, Nonfiction, Biography Memoir"
Broad Reach,1,0,"Science Fiction, Dystopia, Post Apocalyptic"
Brittany Nicole,0,1,
Brito,1,0,
British American Publishing,1,0,"Mystery, Thriller, Crime"
Bristol Classical Press,1,0,"Classics, German Literature, Germany"
Brill/Rodopi,1,0,
Brill Academic Publishers,1,0,
Briljant Boeken,1,0,"Thriller, Espionage"
Brighton Publishers,0,1,"Mystery, Audiobook, Amazon"
Brigham Distributing,0,1,"Young Adult, Romance, Contemporary"
Bridgeworks Publishing,0,1,Health
Bridgewater Press,0,1,Historical Fiction
Bridge of Love,1,0,"Conspiracy Theories, Nonfiction, Politics"
Broadway Paperbacks,0,1,"Mystery, Thriller, Crime"
Bon Vivant Books,1,0,"Thriller, Mystery, Drama"
Bompiani,1,0,
"Bombshell Romance, LLC",1,0,"Romance, New Adult, Contemporary Romance"
Bollingen/Princeton University Press (NJ),1,0,"Philosophy, Classics, Nonfiction"
Bollati Boringhieri,1,0,"Nonfiction, France"
Bolchazy-Carducci Publishers,1,0,"Philosophy, Classics, Nonfiction"
Bokforlaget,1,0,"Thriller, Crime, Mystery"
Boje,0,1,"Young Adult, Contemporary, Music"
Bobbs-Merrill Company,1,0,"Classics, Historical Fiction, American"
Bob Howard,1,0,"Zombies, Audiobook"
BoD E-Short,1,0,
"Bnei Baruch, Laitman Kabbalah",1,0,
Bnay Yakov Publications,1,0,"Judaism, Jewish"
Blvnp Publishing Incoporated,1,0,"Paranormal, Romance, Fantasy"
Books-A-Million,1,0,"Young Adult, Dystopia, Short Stories"
Blvnp Inc.,1,0,
Blurb Books,1,0,
Blumoon Books,1,0,"Nonfiction, India, Politics"
Bluejay Books,1,0,"Science Fiction, Short Stories, Horror"
Bluefire Books,0,1,"Fantasy, LGBT, Romance"
Bluefire,1,0,"Middle Grade, Fantasy, Unicorns"
Bluefields Publishing,1,0,"Young Adult, Romance, Contemporary"
BlueHeart Press,1,0,"M M Romance, Romance, Contemporary"
BlueFire Media INC.,0,1,"Nonfiction, Business, Writing"
BlueFire Media,1,0,
Blue Triangle Press,1,0,"Novels, Adult, Contemporary"
Blue Sky Press,1,0,"Picture Books, Childrens, Realistic Fiction"
Blue Sari Press,1,0,"Nonfiction, Biography"
Blue Rose Publishers,1,0,
Blue Pond Press,0,1,
Blvnp Publishing Inc.,1,0,
Books on Demand,0,1,
Books for Libraries Press,1,0,
Books We Love Ltd.,1,0,Science Fiction Fantasy
Books That Will Enhance Your Life,1,0,
Books On Tape,0,1,"Nonfiction, Memoir, True Crime"
Books Inspire Kids,0,1,
Books Events,1,0,"Fantasy, Mythology, Adventure"
Bookrix,1,0,
Bookolia,0,1,
Bookmarks,1,0,"History, Nonfiction, Politics"
"Booklocker.com, Incorporated",1,0,"Fantasy, Young Adult, Elves"
Bookilty,1,0,"Romance, Contemporary, Young Adult"
Booket.,1,0,"Crime, Spain, Mystery"
"BookSurge, LLC",1,0,
BookRix.com,1,0,Short Stories
Bonanza Books,1,0,"Science, Philosophy, Nonfiction"
BookBaby; 1 edition,1,0,
Book View Cafe,0,1,"Fantasy, Young Adult, Alternate History"
"Book Sales, Inc.",1,0,"History, Aviation, World War II"
Book Sales,1,0,"Poetry, Classics, Horror"
Book Republic,1,0,
Book Publishing Company (TN),0,1,"Nonfiction, Parenting, Health"
Book Publishers Network,1,0,
Book Nerds Revealed,0,1,"Romance, Music, New Adult"
Book Guild Publishing,0,1,"Fantasy, Witches, Paranormal"
Book Guild Ltd,0,1,Family
Bonniers,0,1,Swedish Literature
Bonneville,1,0,"Lds Fiction, Historical Fiction, Young Adult"
Bonded Books,0,1,"Mental Health, Nonfiction, Memoir"
Bonaventure Books,1,0,
Bonaventture Books,1,0,
"BookLocker, Inc.",1,0,"Science Fiction, Science Fiction Fantasy"
Carcanet Press Ltd,1,0,"Italian Literature, Italy, Classics"
Carcanet Press,1,0,"Italian Literature, Italy, Literature"
Caralt,1,0,"Japan, Japanese Literature, Nobel Prize"
Capuchin Classics,1,0,"Classics, Romance, British Literature"
Capstone Publishing,1,0,Business
Canvas,0,1,"Historical Fiction, Historical, Tudor Period"
Canterbury Classics San Diego,1,0,"Classics, Mystery, Crime"
Cantaro Editores,1,0,"School, Romance, France"
Canongate Us,1,0,"Fantasy, Science Fiction, Mystery"
Canongate Books Ltd,1,0,"Science Fiction, Horror, Fantasy"
Canongate Books Limited,0,1,"Chick Lit, Contemporary, Romance"
Cannibal Press,1,0,"Horror, Fantasy, Amazon"
Canei Lampkin /CDL Publishing,1,0,
Candle Books,1,0,"Picture Books, Childrens, Christian"
Brána,1,0,
Candent Gate,0,1,"Fantasy, Young Adult, Romance"
Candace Knoebel,0,1,"Paranormal, New Adult, Fantasy"
Canadian Broadcasting Corporation (CBC Audio),1,0,"Adult Fiction, Short Stories, Humor"
Campfire PR,1,0,"Young Adult, Book Club, Adult Fiction"
Cameron Jace,1,0,"Fantasy, Young Adult, Fairy Tales"
Cameron Books,1,0,
Camelot,1,0,"Childrens, 2nd Grade"
Camel Press,1,0,
Calvary Press,1,0,"Theology, Nonfiction, Christianity"
Calumet Editions,1,0,
Calmann-Lévy,1,0,"Thriller, Mystery, Crime"
Callie Browning,0,1,Historical Fiction
Calla Editions,1,0,"Fantasy, Childrens, Young Adult"
Calidream Publishing,0,1,
Caliburn Press,1,0,
Candent Gate LLC,0,1,"Fantasy, Young Adult, Christian"
Cassell military,1,0,"Historical Fiction, War, World War II"
Cassell Military,1,0,"History, Nonfiction, War"
Cassava Republic,1,0,"Africa, Nigeria, Contemporary"
Casperian Books,0,1,"M M Romance, BDSM, Dystopia"
Casey Harvell,1,0,
Casemate Publishers,1,0,"Aviation, Historical Fiction, World War I"
Casa dos Espíritos,1,0,
Casa Scoalelor,1,0,"Romanian Literature, Classics, Theatre"
Cartoon Network Books,0,1,"Picture Books, Fantasy, Childrens"
Carter Quinn Books,1,0,"M M Romance, Abuse, Romance"
Cartel Publications,1,0,
Cartea Românească,1,0,"Romanian Literature, Romania, Literature"
Cartea Romaneasca,1,0,Romanian Literature
Carpe Vitam Press,0,1,Fantasy
Carolyn Crane,0,1,"Romantic Suspense, Romance, Contemporary"
Carcanet Press Ltd.,1,0,"Poetry, German Literature, Literature"
Carolrhoda Books,0,1,"Africa, Young Adult, Historical Fiction"
Carolina Academic Press,1,0,"Law, Nonfiction, School"
Carolee Croft,0,1,"Fantasy, Romance"
Carnal Desires Publishing,1,0,Fantasy
Carmelo & Bauermann Printing Corp,1,0,"Historical Fiction, Classics, Contemporary"
Carly Syms,0,1,"Romance, Young Adult, Contemporary"
Carlsen-Comics,0,1,"Manga, Comics, Graphic Novels"
Carlsen Verlag Gmbh,1,0,"Manga, Yaoi, Romance"
Carlsen Verlag GmbH,1,0,"Fantasy, German Literature, Young Adult"
Carlsen Impress,0,1,"Young Adult, Thriller"
Carl Sims,1,0,
Carian Cole,1,0,"Romance, Contemporary Romance, Contemporary"
Cargo,1,0,LGBT
Cardozo Law Review,1,0,"Business, Finance, Nonfiction"
Cardinal Press,0,1,
Carolrhoda Lab,1,0,"Young Adult, Fantasy, Horror"
C W Daniel,1,0,"Spirituality, Religion, Nonfiction"
"C Shaffstall & Son, LLC",0,1,
C M Meridian,1,0,"Fantasy, Epic Fantasy"
C M Meridan,1,0,"Werewolves, Urban Fantasy, Shapeshifters"
C Hardcover,1,0,"Baseball, Sports, Nonfiction"
"C & E Publishing, Inc.",1,0,
Böhlau Verlag,1,0,
Bywater Books,1,0,"Mystery, Crime, Thriller"
Byliner,0,1,"Dystopia, Science Fiction, Short Stories"
Buzzword Press,1,0,
Buzz Books,1,0,"Music, Biography, Jazz"
Butze Verlag,1,0,"Fantasy, LGBT, Queer"
Butterwing Publishing,0,1,"Fantasy, Romance, Young Adult"
"Busted Flush Press, LLC",0,1,"Noir, Mystery, Crime"
Business and Leadership Publishing,1,0,Classics
Cahar Publications,1,0,"Young Adult, New Adult, Contemporary"
Burning Man Books,1,0,"Philosophy, Nonfiction, Religion"
Burgee Press,1,0,"Business, Nonfiction, Reference"
Burg Verlag,0,1,
Burford Books,1,0,"Historical Fiction, War, World War II"
Bunim & Bannigan Ltd,1,0,"Classics, Russia, Russian Literature"
Bungei Shunjū,1,0,
Bullfinch Press,1,0,Music
Buku Prima Sdn Bhd,1,0,"Novels, Romance"
Buku Kompas,1,0,
Buku Fixi (002016254-V),1,0,"Novels, Horror, Mystery"
Buenos Aires: Plaza & Janés,0,1,"Romance, Historical Fiction"
Buddy Books,0,1,
Buddha Bees,1,0,"Travel, Adventure, Nonfiction"
Buccaneer,1,0,"Thriller, Romance, Adventure"
Bt Bound,1,0,"Horror, Thriller, Fantasy"
Burnt Copper Press,1,0,
CafePress,1,0,
"Cacho Publishing House, Inc.",1,0,"Historical Fiction, Historical, Classics"
Cacho Publishing House,1,0,"Classics, Drama, Novels"
Cable Book,1,0,
Cabaret Voltaire,1,0,"Short Stories, Classics, France"
Caballo de Troya,1,0,
CaDaVa Publishing,1,0,"Contemporary, Young Adult"
CWM,1,0,
CRC Press,1,0,Business
CLC Publications,1,0,"Biography, Christian, Nonfiction"
CJ Roberts,1,0,"Dark, Erotica, Romance"
CHristian History project,1,0,"History, Christian, Religion"
CHBB Publishing,1,0,"Angels, Paranormal, Fantasy"
CFI,1,0,Religion
CF4kids,0,1,"Historical Fiction, Christian, Christian Fiction"
C&C Legacy Publishing,0,1,"Young Adult, Paranormal, Fantasy"
CDM3publisher.com,1,0,
CASALS,1,0,"Poetry, Classics, Spanish Literature"
CARDINAL PUBLISHERS GROUP,0,1,"Nonfiction, Design"
CAMBRIDGE UNIVERSITY PRESS,1,0,
C.P.D. Harris,1,0,
C.L. Denault,1,0,"Fantasy, Dystopia, Magic"
C.H.Beck,1,0,"Nonfiction, Science, Mathematics"
C.E. Thornton,1,0,Young Adult
C.C. Brown,1,0,"Military Fiction, Romance, New Adult"
C.B. Blankenship,1,0,
C. Scott Publishing Corp,1,0,"Romance, Contemporary Romance, Contemporary"
C. M. Meridian,1,0,
C. M. Lee,1,0,
C. Greenwood,1,0,"Fantasy, Young Adult, Magic"
C. Bertelsmann,0,1,"France, Roman, Romance"
CEDIC,1,0,"History, Brazil, Classics"
BattleAxe Productions,1,0,"Romance, Erotica, Contemporary"
Battered Suitcase Press,1,0,"Memoir, Nonfiction"
Batsford,1,0,"Games, Nonfiction"
Bastei-Lübbe,1,0,"Horror, Fantasy, Supernatural"
Bastei-Lubbe,0,1,"Historical Fiction, Romance, Historical"
Bastei Lübbe GmbH,0,1,"Chick Lit, Humor, German Literature"
Bastei Entertainment,1,0,Nonfiction
Basmala,1,0,"Novels, Romance, Islam"
Basedreams.com,1,0,
Barycentre Press,0,1,Science Fiction
"Barrytown/Station Hill Press, Inc.",1,0,"France, Philosophy, French Literature"
Barry Eisler,1,0,"Thriller, Mystery, Crime"
Barron's Educational Series,0,1,
Barrington Stoke Ltd,1,0,"Animals, Cats"
Blue Moon Publishing,1,0,
Barricade Books,1,0,"Holocaust, History, Nonfiction"
Barral Editores,1,0,
Baronet,0,1,"Dystopia, Young Adult, Science Fiction"
Barnes & Noble Classics,0,1,"Classics, Romance, Historical Fiction"
Barlow Books,1,0,Contemporary
Barking Rain Press,1,0,Middle Grade
Barefoot Backstory,0,1,"Romance, Contemporary, Contemporary Romance"
Barcelona: Ediciones B Grupo Zeta,1,0,"Historical Fiction, Historical, Spanish Literature"
Barcelona 1996.(4 edicions),0,1,
"Barbour Publishing, Incorporated",0,1,"Christian Fiction, Christian, Historical Fiction"
"Barbour Publishing, Inc",0,1,"Historical, Romance, Christian"
Baraúna,0,1,"Romance, Historical Romance, Chick Lit"
Barathi Puthakalayam,1,0,Short Stories
Bar Publishing,1,0,
Bantem Press,0,1,"Mystery, Crime, Thriller"
Barrington Stoke,0,1,"Young Adult, Contemporary, LGBT"
"Belmonte Publishing, LLC",1,0,Romance
BelleBooks Publishing,0,1,"Mythology, Fantasy, Young Adult"
"Bella Andre, via Smashwords",0,1,"Romance, Contemporary Romance, Contemporary"
Belknap Press of Harvard University Press,1,0,"History, American History, Nonfiction"
Belknap,1,0,"Philosophy, Nonfiction, Economics"
Belfond,0,1,"Chick Lit, Romance, Book Club"
Being Happy(PSS),1,0,"Self Help, Nonfiction, Psychology"
Behrman House Publishing,1,0,"Historical Fiction, Jewish, Judaism"
Beginner Books,1,0,"Childrens, Picture Books, Poetry"
Begginner Books,1,0,"Childrens, Picture Books, Classics"
Beggar's Notes Inc.,0,1,"Romance, LGBT, Fan Fiction"
Bedtime Stories : My Dad is A Superman,1,0,
Bedazzled Ink,0,1,"Romance, LGBT, Lesbian"
Beck,1,0,"History, Nonfiction, World History"
Becca Lee Nyx,0,1,"New Adult, Erotica, Amazon"
Batzer & Co. Roskilde Bogcafe,1,0,"Scandinavian Literature, Contemporary, Roman"
Beavers Pond Press,1,0,"Childrens, Realistic Fiction, Mystery"
Beautiful Books,0,1,"Historical Fiction, Italy, Romance"
Beaufort Books,0,1,"Historical Fiction, Religion, Islam"
Beau Coup LLC,1,0,"Fantasy, Young Adult, Paranormal"
Beard & Pipe,1,0,
BearManor Media,1,0,
Bear & Company,1,0,
Beacon,1,0,"Philosophy, Architecture, Nonfiction"
"Beachwalk Press, Inc.",0,1,"Contemporary Romance, Contemporary, Marriage"
Beachhead,1,0,"Horror, Fantasy"
Bazar Forlag,1,0,"Thriller, Mystery, Crime"
Bazar,0,1,"Historical Fiction, Romance, Contemporary"
Bayard Poche,0,1,
Bawdy Books,1,0,"M M Romance, Gay For You, Contemporary"
Baumhaus,0,1,"Fantasy, Young Adult, Time Travel"
Bebe's Reads LLC,1,0,"Dark, Romance, New Adult"
Bailey & Bauer,1,0,Comic Strips
Baha'I Publishing Trust,1,0,"Baha I, Religion"
Baen Publishing Enterprises,1,0,"Science Fiction, Space Opera, Military Fiction"
Baen Fantasy,1,0,"Fantasy, Epic Fantasy, Science Fiction"
Baen (NY),1,0,"Science Fiction, Hugo Awards, Fantasy"
Bad Reputation Publications,0,1,"Feminism, Nonfiction, Memoir"
Backwoods,1,0,
Backroad Books,1,0,"Historical Fiction, Romance, Historical Romance"
Backbeat Books,1,0,"Music, Nonfiction"
BabyGirl Publishin,0,1,Historical Fiction
Baby Boomer Mysteries Press,0,1,"Cozy Mystery, Mystery, Contemporary"
Babel,1,0,"Canada, Roman, France"
BWright Publishing,1,0,"Fantasy, Young Adult"
BVS Black Velvet Seductions Publishing Company,0,1,
"BUR, Biblioteca Universale Rizzoli",1,0,"Humor, Italian Literature"
Bantam Starfire,1,0,"Classics, Young Adult, Short Stories"
BUR Biblioteca Univ. Rizzoli,0,1,
BR Write Publishing House LLC,1,0,
BOATK Books,1,0,"Fantasy, Paranormal, Romance"
BMI Educational Services,1,0,"Fantasy, Vampires, Horror"
BLVNP Publishing,0,1,"Romance, Young Adult, Contemporary"
BLG Publishing,1,0,
BJU Press,0,1,"Historical Fiction, Christian, Historical"
"BIGZ, Beograd",1,0,
BIGZ,1,0,
BFG Incorporated,1,0,"Nonfiction, Memoir, Religion"
BCherry Books Publishing,1,0,"Romance, New Adult, Contemporary"
BBS Publishing Corporation,0,1,"Christmas, Cookbooks, Holiday"
BBD Press Inc.,1,0,"Sports, Nonfiction"
BBC Radio 4,1,0,"Fantasy, Audiobook, Urban Fantasy"
BBC Radio,1,0,"Science Fiction, Doctor Who, Audiobook"
BUR Scrittori Contemporanei,0,1,"Historical Fiction, Italy, Italian Literature"
Bantam Spectra (NY),1,0,"Science Fiction, Space Opera, Cultural"
Bantam Doubleday Dell Publishing Group Ltd.,1,0,"Science Fiction, Hugo Awards, Science Fiction Fantasy"
Bantam Doubleday Dell (NYC),1,0,"History, Nonfiction, Ireland"
Bantam Doubleday Dell,1,0,"Childrens, Picture Books, Fantasy"
Bantam Dell Random House,1,0,"Thriller, Mystery, Crime"
Bantam Dell Publ. Group,1,0,"Science, Nonfiction, Physics"
Bantam Dell Pub Group (Trd),0,1,"Biography, Music, Nonfiction"
Bantam Dell Pub Group (P),1,0,"Historical Fiction, Fantasy, Historical"
Bantam Dell (Random House),0,1,"Urban Fantasy, Paranormal, Fantasy"
Bantam Dell,1,0,"Fantasy, Fairy Tales, Short Stories"
Bantam Children,0,1,"Young Adult, Werewolves, Paranormal"
Bantam Books (NY et al.),1,0,"Nonfiction, Philosophy, History"
Bantam Australia,0,1,"Romance, Chick Lit"
Bangla Academy,1,0,
Bang Ediciones,0,1,"Comics, Graphic Novels, Art"
Bailey Brown Publishing,0,1,"Romance, Contemporary Romance, Contemporary"
Bandit Publishing Company,0,1,"Romance, New Adult, Contemporary"
Bandanna Books,1,0,"Poetry, India"
Bancroft Press,1,0,
Banana Publisher,1,0,"Fantasy, Indonesian Literature, Novels"
Ballantine Books (NYC),1,0,"Paranormal, Nonfiction, Aliens"
Ballantine Books (Mm),1,0,"Fantasy, Epic Fantasy, Science Fiction Fantasy"
Balland,0,1,"Historical Fiction, Family, Roman"
Balkind Books an Imprint of Telemachus Press,1,0,"Sports, Mystery, Young Adult"
Balfour Books,1,0,
Baldini Castoldi Dalai,1,0,"Thriller, Crime, Mystery"
Balboa Press Au,0,1,
Balans,1,0,"Dutch Literature, Literature, Roman"
Baker Publishing Group,0,1,"Historical Fiction, Christian Fiction, Historical"
Baker,0,1,"Christian, Nonfiction, Christianity"
Baj Goodson,1,0,"Mystery, Contemporary"
Bandura Books,1,0,"Nonfiction, History, Memoir"
"Blackwell Publishing, Inc.",1,0,"Philosophy, Nonfiction, Language"
Blacksmith Books,1,0,"Nonfiction, Crime, China"
Blackmask.com,1,0,"Mystery, Crime, Novels"
Blackbird Press,0,1,
Blackbirch Press,0,1,
Black/Garcia Productions,1,0,Graphic Novels
Black Velvet Seductions Publishing Company,0,1,
Black Swift Press,1,0,Poetry
Black Swan Books Ltd,0,1,"Contemporary, Chick Lit, Drama"
Black Sparrow Press,1,0,"Poetry, Classics, Adult"
Black Sparrow Books,1,0,"Poetry, American, Literature"
Black Pear Press,1,0,"Contemporary, Novels, Epic"
Black Paw Publishing,0,1,"Paranormal, Romance, Witches"
Black Owl Books,1,0,"Horror, Paranormal, Mystery"
"Beltz GmbH, Julius",1,0,"Childrens, German Literature, Picture Books"
Black Girl Dangerous Press,0,1,"Queer, LGBT, African American"
Black Flame (UK),1,0,"Media Tie In, Science Fiction, Psychology"
Black Dot Publishing Limited,0,1,"Mystery, Crime, Thriller"
Black Dot Publishing,0,1,"Mystery, Thriller, Crime"
Black Dog Publishing,1,0,"Mystery, Crime, Audiobook"
"Black Castle Media Group, LLC.",1,0,"Nonfiction, Self Help, Poetry"
Black Book Publishing,1,0,"Historical Fiction, Fantasy"
Black Belt Communications,1,0,"Martial Arts, Philosophy, Nonfiction"
Black Bed Sheet Books,1,0,"Horror, Psychological Thriller, Thriller"
Black Balloon,0,1,"Nonfiction, Food, Essays"
Bizâncio,0,1,"Science, Nonfiction, Medicine"
Bitter Lemon Press,1,0,"Horror, Vampires, France"
Bitter Ale Press,1,0,"Horror, Splatterpunk"
Birth of the Nyxian,0,1,"Paranormal, Vampires, Romance"
Bird Street Books,1,0,"Romance, New Adult, Contemporary"
Black Heron Press,1,0,"Science Fiction, Space Opera, Space"
Blue Jinni Media L.L.C.,0,1,
Blue Gator Inc.,0,1,
"Blue Feather Books, Ltd",0,1,"Lesbian, Lesbian Romance, Crime"
Blue Door,1,0,"Thriller, Mystery, Crime"
Blue Cougar Publishing,1,0,
Blue Box Press,0,1,"Fantasy, Romance, New Adult"
Blu,1,0,"Manga, Yaoi, Romance"
Blossom Books Bold,0,1,"Nonfiction, Biography, Psychology"
Blossom Books,0,1,"Young Adult, Contemporary, Romance"
Blorenge Books,1,0,"Historical Fiction, British Literature, Novels"
Bloomsbury US,1,0,"Vampires, Young Adult, Paranormal"
Bloomsbury Spark,1,0,"Contemporary, New Adult, Romance"
Bloomsbury Publishing (UK),1,0,"Fantasy, Magical Realism, Post Apocalyptic"
Bloomsbury Paperbacks,0,1,"Psychology, Religion"
Bloomsbury India,1,0,
Blackwoods,1,0,Historical Fiction
Bloomsbury Children’s Books,1,0,"Fantasy, Young Adult, Romance"
Bloomsbury Children’s,0,1,"Fantasy, Young Adult, Short Stories"
Bloomsbury Children's Books (2018),0,1,"New Adult, Fantasy, Young Adult"
Bloomsbury Books,0,1,"Fantasy, Middle Grade, Witches"
Blooms Literary Criticism,1,0,"Classics, Literary Criticism, Criticism"
Blood Brothers Publishing,1,0,"Horror, Suspense, Thriller"
Bliss Ink LLC,1,0,"Romance, Contemporary, BDSM"
Blink/HarperCollins,0,1,"Young Adult, Contemporary, Romance"
Blink Entertainment,0,1,"Nonfiction, Art, Photography"
Blind Spot Press,1,0,Theology
Blessed Publishing,0,1,"Amish, Christian Fiction, Christian"
Blanvalet Taschenbuch Verlag,0,1,"Thriller, Crime, Mystery"
Blanford,1,0,"Cryptozoology, Nonfiction, Dinosaurs"
Blaft Publications,0,1,"India, Indian Literature, Novels"
Bladkompaniet A/S,0,1,"Fantasy, Romance, Historical Fiction"
Bloomsbury Circus,0,1,"Nonfiction, Race, Feminism"
Bethlehem Books,1,0,"Childrens, Animals, Historical Fiction"
Bethany-Kris,1,0,"Romance, Contemporary Romance, Contemporary"
Bethany House/Baker Publishing Group,0,1,"Historical Fiction, Christian Fiction, Romance"
Bethany House Publishers (Baker Publishing Group),0,1,"Historical Fiction, Christian Fiction, Romance"
Bethany House Publisher,0,1,"Historical Fiction, Christian Fiction, Romance"
Beth Balmanno,0,1,"Fantasy, Young Adult, Romance"
Betascript Publishing,1,0,
Bestseller,1,0,"Romance, Romanian Literature, Audiobook"
Best of YA,0,1,"Romance, Contemporary, LGBT"
Best Business,1,0,"Finance, Business, Nonfiction"
Berwick Court Publishing Co.,1,0,"Historical Fiction, World War II, Holocaust"
"Bertelsmann, München",0,1,"Science, Nonfiction"
Bertelsmann Verlag,1,0,"Historical Fiction, Historical, Young Adult"
Bernard Foong,1,0,"M M Romance, Romance, Erotica"
Bernabel Books,1,0,"M M Romance, Contemporary, Erotica"
Birch Paper Press,1,0,"Contemporary, Drama, Romance"
Berlin Aufbau-Taschenbuch-Verl,1,0,"Classics, France, French Literature"
Berkley/NAL Marketing,0,1,"Chick Lit, Romance, Contemporary"
Berkley Publishing Corporation,1,0,"Classics, Novels, American"
Berkley Penguin Random House,0,1,"Mystery, Historical Fiction, Historical"
Berkley Medallion Books,0,1,"Africa, Nigeria, Novels"
Berkley Jove,0,1,"Romance, Contemporary Romance, Contemporary"
Berkley Intermix,0,1,"Romance, Contemporary Romance, Contemporary"
Berkley HEAT,1,0,"Romance, Erotica, Contemporary Romance"
Berkley Caliber,1,0,"Nonfiction, Military Fiction, History"
Berenice,0,1,Young Adult
Berean Call,1,0,"Islam, Christianity"
Bentang Pustaka & Truedee,1,0,"Romance, Novels, Indonesian Literature"
Bentang,1,0,Indonesian Literature
BenGalley.com,1,0,"Fantasy, Epic Fantasy, Magic"
Ben Monopoli,1,0,"M M Romance, Contemporary, Romance"
Berlin Verlag,1,0,"Contemporary, Literary Fiction, Americana"
Billboard Books,1,0,Nonfiction
Bignboo Productions,1,0,
Bigfoot Publications Pvt. Ltd.,1,0,Fantasy
Bigfib Books,1,0,"Gay, M M Romance, Romance"
Big Finish,1,0,"Short Stories, Fantasy, Magical Realism"
"Big Country Publishing, LLC",1,0,"Self Help, Nonfiction, Personal Development"
Big Comic Spirits,1,0,"Manga, Comics, Graphic Novels"
Bibliyon Yayınları,1,0,
Bibliothèque québécoise,0,1,"Classics, School, France"
Bibliothèque Québécoise,1,0,"Poetry, France, Canada"
"Bibliotex, S.L.",1,0,"Magical Realism, Horror, Spanish Literature"
Biblioteca de Bolsillo,1,0,"Poetry, Spanish Literature"
Biblioteca Universale Rizzoli,1,0,"Italian Literature, Novels, Italy"
Biblioasis,1,0,"Young Adult, Canada"
BiblioBazaar,1,0,"Poetry, Classics, Plays"
Betrayal of Faith,1,0,"Contemporary, Epic, Novels"
Bhaktivedanta Book Trust,1,0,"Religion, Spirituality, Nonfiction"
"Bezige Bij b.v., Uitgeverij De",1,0,"Dutch Literature, Literature, Read For School"
Bezige Bij,1,0,Dutch Literature
Beyond Words/Simon Pulse,1,0,"Young Adult, Paranormal, Fantasy"
Beyond Sanity Publishing,1,0,"Poetry, Mental Health"
"Beyer, Mark",1,0,
Beyan Yayınları,1,0,Turkish Literature
Beverly Preston,0,1,"Romance, Contemporary Romance, Erotica"
Bev Stout,1,0,"Historical Fiction, Young Adult, Middle Grade"
Between the Lines,1,0,"Contemporary, Novels, Book Club"
Between Your Sheets Publishing,0,1,"Romance, Contemporary, Contemporary Romance"
Bettie Youngs Books (Publisher),0,1,Memoir
Bettie Youngs Book Publishers,1,0,
Better Karma LLC,1,0,"Ireland, Literary Fiction, Irish Literature"
Betsy Cook Spear,0,1,
Bharatiya Vidya Bhavan,1,0,"Classics, Mythology, Religion"
LoveLight Press,0,1,"M M Romance, Paranormal, Fantasy"
Love Works Entertainment,1,0,
Love Match/ SD&M Publishing,0,1,
Love Line Books,1,0,"Spirituality, Self Help, Psychology"
Love Inspired Suspense Larger Print,0,1,"Romance, Mystery, Christian Fiction"
"Lothrop, Lee and Shepard Books",0,1,"Childrens, Picture Books"
Lothian Children's Books (Hachette Australia),0,1,"Fantasy, Middle Grade, Childrens"
Lothian Books,1,0,"Graphic Novels, Comics, Fantasy"
Lost Roads Publishers,1,0,"Poetry, Literature, 20th Century"
Lost Coast Press,1,0,Thriller
Lost Classics Book Company,1,0,"Historical Fiction, Adventure, Classics"
Losada/Argentina,1,0,Poetry
Lorraine Jean Bush,0,1,
Lori Brighton,0,1,"Paranormal, Young Adult, Fantasy"
Folio Society,1,0,"Travel, Nonfiction, Italy"
Loren Molloy,1,0,Horror
Loose-id,0,1,"Science Fiction, BDSM, Erotica"
Loose Id.,1,0,"M M Romance, Historical, Romance"
Loompanics Unlimited,1,0,"Philosophy, Religion, Humor"
Longstreet Press,1,0,"Southern, Historical Fiction, Humor"
Longman Schools Division (a Pearson Education Company),1,0,"Classics, Literature, Novels"
Longman Cheshire Pty Ltd,1,0,"Biography, Nonfiction, Business"
Longley Publishing,0,1,"Young Adult, High School, New Adult"
"Longitudes, LLC.",1,0,
Long,1,0,
"Lone Wolf Press, lonewolfpress.com",0,1,
London: Hippo,1,0,"Picture Books, Childrens, Classics"
"London, E. Nash",1,0,Horror
London :Pocket,1,0,"Mystery, Suspense, Thriller"
London : Faber,1,0,"Short Stories, British Literature, Contemporary"
Lorenz Books,1,0,"Cookbooks, Cooking, Nonfiction"
Lynnie Purcell,1,0,"Young Adult, Fantasy, Paranormal"
Lynn's Bookshelf,0,1,Parenting
Lynessa Layne Literature,1,0,
Lyneal Jenkins,1,0,"Fae, Paranormal, Romance"
Lynda Chance Books,0,1,"New Adult, Romance, Contemporary Romance"
Lycan Books,1,0,
Lutterworth Press,0,1,"Christian, Classics, Christian Fiction"
Lush Publications,0,1,"Chick Lit, Romance, Contemporary"
Lunwerg,0,1,"Poetry, Graphic Novels, Art"
Lune Spark LLC,1,0,"Humor, Indian Literature, Literary Fiction"
Luminous Events LLC,1,0,
Luminant Publications,0,1,"Fantasy, Romance, Young Adult"
Lumina Media,0,1,"Cats, Nonfiction, Animals"
Lumen Editorial,0,1,
Lulu Publishing,1,0,
Lovestruck Literary,0,1,"Young Adult, Romance, Contemporary"
Luitingh Fantasy,1,0,"Fantasy, High Fantasy, German Literature"
Luican Bane,1,0,"Paranormal Romance, Angels, Paranormal"
Ludwig Von Mises Institute,1,0,"Economics, History, Nonfiction"
Ludus Media,1,0,"Finance, Personal Finance, Nonfiction"
Ludowa Spółdzielnia Wydawnicza,0,1,"Polish Literature, Young Adult, Poland"
Lucy Körner,1,0,
Lucman,1,0,"Romanian Literature, Adventure, Childrens"
"Lucky & Me Productions, Inc.",0,1,
"LucasBooks/Del Rey Books/Ballantine Books/Random House, Inc.",1,0,"Star Wars, Science Fiction, Fantasy"
Luca Rossi,1,0,"Science Fiction, Short Stories, Fantasy"
Lua de Papel,1,0,"Fantasy, Contemporary, Young Adult"
Lua de Marfim,1,0,
"Loyalty Ink Publishing, LLC",1,0,
Lowdham: Sharpe Appreciation Society,1,0,"Historical Fiction, Historical, War"
Loveswept - Random House,1,0,"Sports, Romance, Sports Romance"
Luke Romyn,1,0,"Fantasy, Thriller, Mythology"
Little Fish Publishing,0,1,
Little Dove,0,1,"Romance, New Adult, College"
"Little Creek Books, Imprint of Jan-Carol Publishing, Inc",0,1,
Little Brown/Poppy,1,0,"Young Adult, Contemporary, Romance"
Little Brown/Atom (UK),1,0,"Young Adult, Romance, Mystery"
Little Brown Book Group,1,0,"Mystery, Thriller, Crime"
Little Brown & Company,0,1,"Fantasy, Young Adult, Childrens"
Little Brown & Co.,0,1,"Childrens, Fantasy, Animals"
Little Bookroom,1,0,"Nonfiction, New York, Essays"
Little Black Cat,1,0,"Romance, Time Travel, Historical Romance"
Literatür Yayıncılık,1,0,"Turkish Literature, Turkish, Roman"
Literaturas Comunicaci,1,0,
Literatura Random House,0,1,Feminism
Literary Express,0,1,"Christian Fiction, Historical Fiction, Christian"
Lola Starrk,0,1,"Romance, Contemporary Romance, Erotica"
Lit. Happens Publishing,1,0,
Lit Star Press,1,0,Nonfiction
Listen for Pleasure,0,1,"Childrens, Mystery, Adventure"
List,1,0,"Crime, Thriller, Scandinavian Literature"
Lisa Suzanne,0,1,"Romance, Contemporary Romance, Contemporary"
Lisa R Jones,0,1,"Romance, New Adult, Contemporary"
Lisa Mondello,0,1,"Romance, Westerns, Contemporary"
Lisa Hinsley,0,1,"Dystopia, Science Fiction, Young Adult"
Lisa De Jong,0,1,"New Adult, Romance, Contemporary"
Liquid Silver Publishing,0,1,"Menage, Erotica, Contemporary"
Lionsky Publishing,1,0,"Fantasy, Young Adult, Science Fiction"
Lions,1,0,"Childrens, Middle Grade, Young Adult"
Lionnel Mascarenhas,1,0,
Lioncrest Publishing,1,0,"Nonfiction, Self Help, Biography"
Lion UK,0,1,Contemporary
Litera International,1,0,"Poetry, Romanian Literature, Classics"
"Loki Books,",0,1,"Israel, Novels, Dystopia"
Lokbharti Prakashan,1,0,"Poetry, Mythology, India"
Loisto,1,0,"Finnish Literature, Scandinavian Literature, Novels"
Loewe Verlag,1,0,"Fantasy, Young Adult, Urban Fantasy"
Lockman Foundation; American Bible Society,1,0,"Christian, Religion, Nonfiction"
"Loch Raven Press, LLC",1,0,"Poetry, German Literature"
Lobster Press,0,1,"Young Adult, Fantasy, Romance"
Llewellyn,0,1,"Young Adult, Fantasy, Paranormal"
Llama Drama Publishing,0,1,"New Adult, Romance, Contemporary"
Lkis Yogayakarta,1,0,
Livros do Brasil,1,0,"Brazil, Fantasy, Classics"
Livros D'Hoje,1,0,"Thriller, Mystery, Adventure"
Livraria Lello,1,0,"Portuguese Literature, Classics, Portugal"
Livraria Figueirinha,0,1,"Childrens, Portuguese Literature, Fantasy"
Livingston Press (AL),1,0,
Little Minds,1,0,
Liverpool University Press,1,0,"Plays, Spanish Literature, Classics"
"Liveright/W.W. Norton & Company, Inc.",1,0,"Poetry, Classics, Literature"
Liveright Publishing Corporation,1,0,Poetry
Liveright Publishing Corp.,1,0,"Poetry, Classics, 20th Century"
Liveright Publishing,1,0,"Science, Philosophy, Nonfiction"
Live Oak Book Company,1,0,"Wizards, Historical, Historical Fiction"
Liturgical Press,1,0,
"Little, BrownBook Group",0,1,"Historical Fiction, Historical, Medieval"
"Little, Brown UK",0,1,"Nonfiction, Animals"
"Little, Brown Books and Company",1,0,"Fantasy, Dragons, Childrens"
"Little, Brown Books",1,0,"Fantasy, Young Adult, Mystery"
"Little, Brown & Company (Boston/Toronto)",1,0,"Biography, History, Nonfiction"
Little more,1,0,Photography
Little Prince Publishing,1,0,"Historical Fiction, Romance, Interracial Romance"
Little More,0,1,"Art, Japan"
Living Batch Press,0,1,"Horror, Vampires, Fantasy"
Maplé Comics,1,0,Comics
Maplewood Books,1,0,"Classics, Mystery, Crime"
Maple Hill,1,0,
Maple Creek Media,0,1,
Mapin Publishing Pvt,1,0,
Many Rivers Press,1,0,"Poetry, Nonfiction, Philosophy"
Manuscrito,0,1,"Historical Fiction, Portugal, Historical"
Mantle,1,0,"Historical Fiction, Mystery, Historical"
Manteau,0,1,"Young Adult, Thriller, Childrens"
Manjul Publishing House Pvt Ltd,1,0,"Nonfiction, Psychology, Science"
Manjul,1,0,"Self Help, Philosophy, Nonfiction"
"Manifest Ebook Publishing, Inc.",0,1,
Mango,1,0,"Alternate History, Science Fiction, Fantasy"
Mandylan Books,1,0,"Nonfiction, Memoir, True Crime"
Lynx,0,1,
Mandevilla Press,1,0,"Romance, Erotica, Contemporary Romance"
Mandarin Paperbacks,1,0,"Humor, Psychology, British Literature"
Mandala Publishing,1,0,"Spirituality, Nonfiction, Biography"
Management Books 2000,1,0,"Business, Management, Reference"
Malor Books,1,0,
Malayala Manorama Co. Ltd.,1,0,
Malachite Quills Publishing,1,0,Magic
"Maktaba e Khayal, Lahore",1,0,Poetry
"Maktaba e Karvan, Lahore",1,0,"Poetry, Pakistan"
Majestic Prakashan,1,0,Marathi
Maiyang Kim,1,0,
Mainstream Digital,0,1,
"Mail Order Bride Dept, Gold Crown Press",0,1,"Romance, Historical Romance, Historical Fiction"
Mahogney Ink,1,0,
Mahogany Red Books,1,0,"Novels, Contemporary, Adult"
Mandorla Publishing,0,1,"Fantasy, Paranormal, Young Adult"
Martha Wells,0,1,"Fantasy, Steampunk, Science Fiction Fantasy"
Marta Dana,0,1,"Romantic Suspense, Suspense, Romance"
Marsilio,1,0,"German Literature, Classics, School"
Marshall Cavendish Children's/Amazon Children's Publishing,0,1,"Fantasy, Young Adult, Paranormal"
Marshal Cavendish Edition,1,0,"Nonfiction, Politics"
"Maroon Ash Publishing, LLC",0,1,"Historical Romance, Romance, Historical"
Maritim (Delta Music),1,0,"Mystery, Classics, Short Stories"
Maritess Emborgo,1,0,
Marisa Oldham,0,1,"Romance, Young Adult, New Adult"
Marion Lloyd Books,0,1,"Young Adult, Realistic Fiction, Contemporary"
Marion Lloyd,0,1,"Young Adult, Contemporary, Realistic Fiction"
"Marion Boyars Publishers, Ltd.",1,0,"Philosophy, Nonfiction, Politics"
Marion Boyars,1,0,"Classics, Thriller, Contemporary"
Mariner Books; 1 edition,1,0,"Pakistan, Contemporary, Literary Fiction"
Mariner Books (Houghton Mifflin Company),1,0,"Short Stories, Classics, Southern Gothic"
Mar maior,0,1,"Feminism, Mythology"
Marie Hall Publishing,0,1,"New Adult, Romance, Contemporary"
Marie Hall,0,1,"Fantasy, Romance, Paranormal"
Marie Astor,0,1,"Mystery, Romance, Cozy Mystery"
Marianne Knightly,0,1,"Romance, Contemporary Romance, Contemporary"
Marian Wood Book,1,0,"Historical Fiction, Mystery, Crime"
Marian Press,0,1,"Catholic, Religion, Spirituality"
Maria V. Snyder,0,1,"Fantasy, Young Adult, Magic"
Marginesy,1,0,"Spain, Historical Fiction, Spanish Literature"
Margaret Comics,1,0,"Manga, Romance, Young Adult"
Marcus Förlag,1,0,
Marcos y Marcos,1,0,"Historical Fiction, Art"
Marcher Lord Pess,0,1,"Fantasy, Christian, Young Adult"
Marchand de feuilles,1,0,"Historical Fiction, Canada, France"
Marboro Books,0,1,"Nonfiction, Feminism, Religion"
Mara Jacobs,0,1,"Romance, Contemporary Romance, Contemporary"
Marika Germanis,0,1,
Macdonald,0,1,"Historical Fiction, Historical Romance, Historical"
Macaw Books,0,1,
MacMillan Australia,0,1,"Nonfiction, Psychology, Mental Health"
MacAdam/Cage,1,0,"Contemporary, Literary Fiction, 21st Century"
Maarten Muntinga,1,0,"Literature, Jewish, Dutch Literature"
MUZA SA,1,0,"Polish Literature, Poland, Literature"
MTV Books/Pocket Books,1,0,"Young Adult, Contemporary, Coming Of Age"
MTV Books and Pocket Books,0,1,"Young Adult, Contemporary, Abuse"
MSWillisbooks,0,1,"Dark, BDSM, Erotica"
MSI Press,0,1,Mythology
MP Publishing Limited,1,0,"Short Stories, Crime, Mystery"
MONDIAL,1,0,"Humor, Nonfiction, Classics"
MJF books,1,0,"Nonfiction, Reference, Politics"
MJC PRess,1,0,"M M Romance, Romance, Contemporary"
MIRA Ink,0,1,"Fantasy, Young Adult, Magic"
Magvető Könyvkiadó Kft,1,0,"Hungarian Literature, Classics, Literature"
MIDNIGHT INK,0,1,"Mystery, Mystery Thriller"
MG WELLS,1,0,"Fantasy, Adventure, Mystery"
MEREBASHVILITYKESSON PUBLISHING,0,1,"Historical Fiction, Finnish Literature, Historical"
"MER HOUSE, Publishing",1,0,
"MCD Farrar, Straus and Giroux",1,0,"Magical Realism, Contemporary, Fantasy"
"MCD / Farrar, Straus and Giroux",1,0,"Science Fiction, Fantasy, Dystopia"
MANJUL,1,0,
MADRAS,1,0,
M. Leighton,0,1,"New Adult, Romance, Contemporary Romance"
M. H. Strom,1,0,"Young Adult, Romance, Contemporary"
Lübbe Ehrenwirth,0,1,"Historical Fiction, Historical, German Literature"
Lúcida Letra,1,0,"Buddhism, Spirituality, Nonfiction"
"Lyrical Press, Inc.",1,0,"BDSM, Erotica, Romance"
Lyrical Press,0,1,"Paranormal, Paranormal Romance, Romance"
Lyon Edições,1,0,"Historical Fiction, Medieval, Historical"
MIRA Books,0,1,"Mystery, Thriller, Mystery Thriller"
Magvető,0,1,Literature
"MagnoliaB Publishing, LLC",1,0,"Romance, New Adult, Abuse"
Magic Wagon,0,1,
Magic Theater Books,1,0,"Adult, New Adult, Novels"
"Magic Penny Press, Inc.",1,0,
Magic Dome Books,1,0,"Science Fiction, Space Opera, Space"
MagiCal Press,0,1,"Mystery, Paranormal, Cozy Mystery"
Mage Publishers,1,0,"Classics, Short Stories, Fantasy"
Magabala Books,1,0,"Nonfiction, History, Australia"
Mag,1,0,"Fantasy, Steampunk, New Weird"
Maegan Lynn Moores,0,1,"Romance, Erotica, Contemporary Romance"
Madras Editora,1,0,
Madman Press,1,0,Fantasy
Madman Entertainment,1,0,"Manga, Fantasy, Romance"
Madison Books,0,1,"Astrology, Nonfiction, Spirituality"
Macdonald & Co,1,0,"Fantasy, Magical Realism, Horror"
Mad Bear Books,0,1,
Macrae Smith Company,0,1,Biography
Macmilllan Publishing Company,0,1,"Nonfiction, Memoir"
Macmillian Children's Books,1,0,"Historical Fiction, Animals, Historical"
Macmillan/Imprint,0,1,"Fantasy, Young Adult, Historical Fiction"
Macmillan _,1,0,
Macmillan Publishing,1,0,"Science Fiction, Russia, Classics"
Macmillan Publishers,0,1,"Fantasy, Science Fiction, Young Adult"
Macmillan LTD,0,1,"Fantasy, Dragons, Young Adult"
Macmillan Company (NY),1,0,"History, Nonfiction, Medicine"
Macmillan Children's Books (UK),0,1,"Contemporary, Young Adult, Mental Health"
Mackenzie McKade,1,0,"Romance, Contemporary Romance, Christmas"
"Machaon, Азбука-Аттикус",1,0,Art
Macfarlane Walter & Ross,1,0,"Sports, Hockey, Nonfiction"
Macdonald Young Books,1,0,Young Adult
Mad Mystical Journey Press,1,0,"Fantasy, Young Adult, Magical Realism"
L.P. Swalheim; 1 edition,1,0,"Angels, Paranormal, Paranormal Romance"
L.J. Shen,1,0,"Romance, Contemporary, Contemporary Romance"
L.D. Davis,1,0,"Romance, Contemporary Romance, Contemporary"
L.C.A.,1,0,Contemporary
L.B. Simmons,1,0,"New Adult, Romance, Contemporary"
L.A. Weekly Books,1,0,"Nonfiction, Biography, Humor"
L. James Rice,1,0,
L-Book ePublisher,0,1,"Lesbian, Science Fiction, LGBT"
L-Book Epublisher,0,1,Lesbian
L'Âge d'homme,1,0,
L'Olivier,1,0,"Short Stories, Contemporary, British Literature"
L'Iconoclaste,1,0,"Art, Nonfiction, Self Help"
L'Homme sans nom,0,1,"Fantasy, Historical Fiction, Vampires"
L'École des loisirs,1,0,"Science Fiction, France, Young Adult"
Lion Publishing Plc,1,0,"Fantasy, Christian Fiction, Christian"
L'Association,1,0,"Graphic Novels, Comics, Nonfiction"
L&PM Pocket,1,0,"Poetry, Brazil, Portuguese Literature"
L&OD Key Porter,1,0,"Classics, Italian Literature, Literature"
Kōdansha,1,0,"Manga, Comics, Graphic Novels"
Kırmızı Kedi Yayınevi,1,0,"History, Nonfiction, Turkish"
Küsurat,1,0,"Turkish Literature, Roman, Audiobook"
Kültür Bakanlığı Yayınları,1,0,"Poetry, Turkish Literature, Turkish"
København : Gyldendal,1,0,"Danish, Classics, Scandinavian Literature"
"Körner, Fellbach",1,0,
Könyvmolyképző kiadó,1,0,"France, Nobel Prize, Novels"
Könyvmolyképző Kiadó Kft.,1,0,"Historical Fiction, Hungarian Literature, Crime"
Kyle Stumpp,1,0,
Kyle Keyes,1,0,"Contemporary, Epic, Drama"
Kwani Trust,0,1,"Africa, Historical Fiction, Uganda"
Kustannusyhtiö Otava,1,0,"Fantasy, Finnish Literature, Childrens"
L'Atalante,1,0,"Science Fiction, Humor, Audiobook"
Ladybird Books Ltd,0,1,Childrens
Labyrint,1,0,"Romania, War, Romanian Literature"
Labella Rose Publishing,0,1,
La nave di Teseo,1,0,"Thriller, France, Roman"
La línea del horizonte,0,1,
La factoría de ideas,1,0,"Science Fiction, Classics, Mystery"
La esfera de los Libros,1,0,"Thriller, Crime, Mystery"
La Uña Rota,0,1,
La Serpiente Emplumada,1,0,
La Pulpa,1,0,
La Piqueta,1,0,"Philosophy, Nonfiction, Politics"
La Leche League International,0,1,"Parenting, Nonfiction, Health"
"La Galera, SAU Editorial",1,0,"Fantasy, Young Adult, Dystopia"
La Factoría de Ideas,0,1,"Horror, Vampires, Fantasy"
La Factoria de Ideas,0,1,"Horror, Vampires, Fantasy"
L.Whitlow,1,0,
La Campana,1,0,"Historical Fiction, Spain, Roman"
LYX Verlag,0,1,"New Adult, Romance, Contemporary"
LTC,1,0,"History, Nonfiction, Sociology"
LSU Press,0,1,
LSG Publishing,0,1,"Dark, Romance, Abuse"
LOTTERY FAIRYTALES,0,1,
LOM Ediciones,1,0,
LKis Yogyakarta,1,0,
LKiS Yogyakarta,1,0,Philosophy
LJS&S Publishing,1,0,
LIRA,1,0,"Historical Romance, Romance, Historical"
LINE Webtoon,1,0,"Manga, Graphic Novels, Fantasy"
LEMÉAC,1,0,Theatre
LDA,1,0,"Nonfiction, Biography, Memoir"
LD Publishing LLC,1,0,"Romance, New Adult, Contemporary"
La Esfera de los Libros,0,1,"Nonfiction, Cats, Animals"
Knižní Klub,0,1,"Fantasy, Science Fiction, Science Fiction Fantasy"
Knight Books,0,1,"Ireland, Childrens, Irish Literature"
Knaur-Taschenbuch-Verl,1,0,"Thriller, Mystery, Adventure"
Knaur,1,0,"Romance, Chick Lit, Family"
Klutz,1,0,"Humor, Nonfiction, Childrens"
Klub Julese Vernea,1,0,"Science Fiction, Czech Literature, Fantasy"
Klix Artwork Ltd.,1,0,
Klincksieck,0,1,"Dystopia, Feminism, Science Fiction"
Klick Editora,1,0,"Classics, Literature, Brazil"
Klett Cotta,1,0,Fantasy
Kite and Key,1,0,
Kitchen Table--Women of Color Press,1,0,"Feminism, Nonfiction, Race"
Kitchen Sink Press,1,0,
Kiss Me Publications,0,1,"Paranormal, Young Adult, Romance"
Kirkman Raine Books,0,1,"Nonfiction, Self Help, Philosophy"
Kustannusosakeyhtiö Tammi,1,0,"Mystery, Crime, Thriller"
Kirjastus Tuum,1,0,
Kiran Publishers,0,1,
Kintamani Publishing,1,0,"Nonfiction, Biography"
Kinney Publishing,1,0,"Young Adult, Paranormal, Werewolves"
Kingswell,1,0,Nonfiction
Kingsway Publications,1,0,"Christian, Religion, Christian Fiction"
Kings Farspan,0,1,Christian
Kingdoms in the Wild,1,0,Poetry
Kingdom Sound Publishers,1,0,
King's England Press,0,1,
King's Bookshelf Publications,1,0,
King Shot Press,0,1,"Horror, Crime"
King Publishing Group,1,0,
Kindler Verlag,1,0,
Kinderbuchverlag Berlin,1,0,
Kirk Parolles,0,1,"Mystery, Thriller, Suspense"
Kunati Inc.,1,0,"Mystery, Contemporary, Suspense"
Kubbealtı,0,1,
Książkowe Klimaty,1,0,"Historical Fiction, War, Czech Literature"
"Krüger, Frankfurt",1,0,"Historical Fiction, Classics, Adventure"
"Krullstone Publishing, LLC",1,0,
Kroshka Books,1,0,"Poetry, Georgian, Classics"
Kristin Coley,0,1,"Paranormal, Shapeshifters, Romance"
Kristen Callihan,0,1,"Romance, New Adult, Sports"
Krissy V,0,1,
Kris Pearson,1,0,"Contemporary, Adult, Erotica"
Kregel Academic & Professional,1,0,"History, Religion, Church History"
Kralik Consultants LLC,1,0,"Erotic Romance, Romance, Erotica"
Kqed Books,1,0,"Travel, Nonfiction, Audiobook"
Kovačnica priča,0,1,
Kossuth Kiadó,1,0,
Knockabout Comics,1,0,"Graphic Novels, Comics, Horror"
Konemann,1,0,"Classics, Short Stories"
Komplett Media GmbH,1,0,
Komikku,1,0,Manga
Kolowalu Books,0,1,"Nonfiction, Memoir, History"
Kolibriforlag,1,0,"Fantasy, Humor, Young Adult"
Kokila,0,1,"Historical Fiction, Middle Grade, Young Adult"
Koidev OÜ,1,0,Fantasy
Koekoesan,1,0,
Koehler Books,1,0,Thriller
Kodansha USA,1,0,"Martial Arts, Biography, Nonfiction"
Kodansha Amer Inc,1,0,"Japanese Literature, Japan, Literature"
Kobra Media,0,1,"Polish Literature, Crime, Mystery"
Knox Publishing,0,1,"Romance, Abuse, Erotica"
Knopt,1,0,"History, Nonfiction, Politics"
Knopf BFYR,0,1,"Middle Grade, Realistic Fiction, Childrens"
Koren Publishers Jerusalem,1,0,
Lighthouse Publishing of the Carolinas,0,1,"Christmas, Christian, Christian Fiction"
Lightening Source,1,0,"Contemporary, Novels"
Light Technology Publications,1,0,"Spirituality, Nonfiction, Metaphysics"
Lift Run Bang,1,0,Health
Lifeway Christian Resources,0,1,"Christian, Nonfiction, Faith"
LifeSuccess Productions,1,0,Personal Development
Life Doctor Publishing,1,0,
Life Changing Books,0,1,Urban
Life,1,0,
Lietuvos rašytojų sąjungos leidykla,1,0,Essays
Lietuvos Biblijos Draugija,1,0,
Liesma,0,1,
Libros.com,1,0,Fantasy
Libros del K.O.,0,1,
Ladylit Publishing,1,0,"Romance, LGBT, Lesbian"
Libris,1,0,"Poetry, German Literature, Literature"
LibriVox,1,0,"Science Fiction, Short Stories, Audiobook"
Libre expression,1,0,"Canada, Historical Fiction, Asia"
Library of Social Science,1,0,
Library of Alexandria,1,0,"Mystery, Classics, Short Stories"
Library Company of Philadelphia,1,0,"Philosophy, Essays, Nonfiction"
Librairie des Champs-Elysées,1,0,"Mystery, Detective"
Librairie José Corti,1,0,"France, French Literature, Literature"
Liberation Day Movement,1,0,
Liberation Brew Publications,1,0,
Liasco Press,0,1,
Liamworks,1,0,"Philosophy, Self Help, Nonfiction"
Leviatán,1,0,"Philosophy, Classics, Short Stories"
Leviathan Press,1,0,"History, Comics, Nonfiction"
Letrat,1,0,Albanian Literature
Librivox,1,0,"Dystopia, Classics, Science Fiction"
Lion Hudson plc,1,0,"History, Nonfiction, Religion"
Lion Hudson Plc,1,0,"Science, Christian, Religion"
Lion Hudson,1,0,"Science, Religion, Philosophy"
Lion Books,1,0,"Christian, Religion, Nonfiction"
Linus Publications,1,0,
Linlithglow Press,0,1,"Erotica, Romance, Contemporary Romance"
Linkgua,1,0,"Poetry, Classics, Spanish Literature"
Lingkar Pena Kreativa,0,1,"Nonfiction, Islam, Indonesian Literature"
Linear B Editora,1,0,
Line 8,1,0,"Fantasy, Middle Grade, Childrens"
Lindsay Paige,1,0,"Romance, Contemporary"
Lindsay Buroker,1,0,"Fantasy, Steampunk, Adventure"
Lindhart Publishing Ltd.,0,1,"Fantasy, Young Adult, Romance"
Lindhardt og Ringhof,1,0,"Film, Biography, Nonfiction"
Linden Tree Press,1,0,"Thriller, Mystery, Mystery Thriller"
Liguori Publications,1,0,Catholic
"Lindee Robinson Photography Part 2

60 books — 2 voters",1,0,"New Adult, Erotica, Romance"
Linda Watkins,0,1,"Horror, Paranormal, Suspense"
Linda Anne Smith,0,1,
Lincoln Children's Books,1,0,"Mythology, Classics, Art"
Limited Edition Books,0,1,"Fantasy, Young Adult, Urban Fantasy"
Limited Edition,0,1,"Fantasy, Urban Fantasy, Young Adult"
Liminal Books (Between the Lines Publishing),1,0,"Book Club, Novels, Drama"
Liminal Books,1,0,"Contemporary, Book Club, Drama"
Lilyhill Press,1,0,Thriller
Lilyhill,1,0,"Thriller, Mystery, Science Fiction"
Lillies of the Field LLC,1,0,
Lilla Piratförlaget,0,1,"Childrens, Scandinavian Literature"
Lili Valente,0,1,"BDSM, Dark, Romance"
Lilah Jayne,1,0,
Like,1,0,"Scandinavian Literature, Novels, Childrens"
Linden Bay Romance,1,0,"Romance, Westerns, Menage"
Law Dog Books,1,0,
Lavaca Editora,1,0,Feminism
"Lavabrook Publishing Group, LLC",0,1,"Fantasy, Romance, New Adult"
Laury Falter,0,1,"Paranormal, Fantasy, Romance"
Laurie J Grove,0,1,
"Lauren L, via Smashwords",1,0,"BDSM, Erotica, Romance"
Lauren Blakely,1,0,"Romance, Contemporary Romance, New Adult"
Lauren Banks,1,0,
Laurel-Leaf,0,1,"Young Adult, Espionage, Mystery"
"Laurel Publishing, LLC",1,0,"History, Nonfiction, Art"
Laurel Leaf (Random House Children's Books ),0,1,"Nonfiction, Memoir, Biography"
Laura Weakley at CreateSpace,0,1,
Laura Weakley,0,1,
Laura Lee,0,1,"Fantasy, Paranormal, Paranormal Romance"
Laura Kaye,0,1,"Romance, Contemporary Romance, Contemporary"
Leta Blake,0,1,"M M Romance, BDSM, Sports"
Laughing Elephant,1,0,"Photography, Art"
Laterza,1,0,"Philosophy, Nonfiction, German Literature"
Lasten Keskus,0,1,
Lark Services,0,1,
Lapis Books,1,0,
Lao Tze,1,0,
Lantern Publishing Media,1,0,"Animals, Nonfiction, Philosophy"
Lang Leav,1,0,"Poetry, Romance, Young Adult"
Lamplight Imprint,1,0,
Lampa i Iskra Boża,0,1,"Polish Literature, Poland, Contemporary"
"Lakehouse Press, Inc.",1,0,"New Adult, Romance, Dark"
Lake Union,0,1,"Thriller, Suspense, Mystery"
Laissez Faire Books,1,0,
Lahore Academy,1,0,"Humor, Pakistan, Classics"
Laguna Libros,0,1,"Nonfiction, Memoir, Biography"
Laura J. Williams,0,1,"Fantasy, Paranormal, Demons"
Less Than Three,0,1,"Fantasy, M M Romance, Romance"
Leslie McAdam,1,0,"Romance, Contemporary Romance, Contemporary"
Les nouveaux auteurs,1,0,"Crime, Historical"
Les Eines,1,0,"Classics, School, Literature"
Les Editions de l'Homme Sans Nom,0,1,Fantasy
Leopold Amsterdam,1,0,"Fantasy, Young Adult, Childrens"
Leonardoverse,1,0,"Steampunk, Childrens, Science Fiction"
Leonard Belmont,1,0,
Leo Cooper,1,0,
Lentera Dipantera,1,0,"Novels, Indonesian Literature, Historical Fiction"
Len Webster,1,0,"Romance, New Adult, Contemporary Romance"
Leméac,1,0,"Plays, School, Theatre"
Leisure Books / Dorchester Publishing,1,0,"Horror, Zombies, Post Apocalyptic"
Leigh Walker Books,0,1,
Legumeman Books,1,0,"Memoir, Nonfiction, Biography"
Lawrence Hill Books,1,0,"Classics, Novels, Adventure"
Legion Books,1,0,"Science Fiction, Thriller, Post Apocalyptic"
Legend Press,0,1,"Mystery, Crime, Thriller"
Legend,1,0,"Fantasy, Science Fiction Fantasy, Magic"
Legacy Press,1,0,
Legacy Books,1,0,"Mystery, Thriller, Mystery Thriller"
Leete's Island Books,1,0,"Nonfiction, Japan, Architecture"
Lee Tobin McClain,1,0,"Christian Fiction, Christmas, Contemporary"
Leda Publishing Corp,1,0,"Business, Self Help, Nonfiction"
Lectorum Publications,1,0,
Leatherwood Press,0,1,"Historical Fiction, Romance, Historical Romance"
Le livre de poche,1,0,"Thriller, Fantasy, Horror"
Le Serpent à Plumes,0,1,"France, Canada, Novels"
Le Pré aux Clercs,1,0,Thriller
Layla Hagen,0,1,"Romance, Contemporary, New Adult"
Layla AlJailani,0,1,
Legion for the Survival of Freedom,1,0,"Politics, Philosophy, History"
Nichols Canyon Press,1,0,"Fantasy, Fairy Tales, Fairy Tale Retellings"
Nichole Chase,0,1,"Romance, New Adult, Contemporary"
Nicholas Ponticello,1,0,"Science Fiction, Contemporary"
Nicholas Brealey Publishing Ltd,1,0,"Writing, Nonfiction, Reference"
Nicholas Brealey,0,1,
"Nhã Nam, Nhà Xuất Bản Thế Giới",1,0,"Nonfiction, Self Help, Spirituality"
"Nhã Nam, NXB Hội Nhà Văn",0,1,"France, French Literature, Roman"
Nhã Nam & NXB Văn Học,1,0,"Travel, Literature, Novels"
Nhã Nam,1,0,"China, Short Stories, Classics"
Nhà Xuất Bản Trẻ,1,0,"Travel, Novels, Poetry"
Nexus Enthusiast,0,1,"BDSM, Erotica, Cross Dressing"
Nextbook Inc.,1,0,Poetry
Next Century Publishing,1,0,"Nonfiction, Business, Self Help"
Newnes,1,0,"Nonfiction, Textbooks, Engineering"
Martina McAtee,0,1,"Fantasy, Paranormal, Young Adult"
New York: Fawcett Crest,0,1,"Romance, Historical Romance, Historical Fiction"
New York: Charles Scribner's Sons,1,0,"Civil War, History, American Civil War"
New York: Avon Books,1,0,"Science Fiction, Short Stories, Fantasy"
"New York, Atlantic Monthly Press, [",1,0,"History, Nonfiction, Biography"
New York Review Children's Collection,0,1,"Fantasy, Time Travel, Childrens"
New York Review Books Classics,1,0,"German Literature, Classics, Literature"
New York Hurst and Company Publishers,1,0,"Historical Fiction, Classics, Adventure"
New York : Penguin Books,1,0,"Humor, Contemporary, Literature"
New York,1,0,"Horror, 21st Century, Thriller"
"New World Library, Nataraj",1,0,"Self Help, Spirituality, Nonfiction"
New Vessel Press,1,0,"Italy, Literature, Italian Literature"
New Urge,0,1,
New Riders,1,0,"Business, Design, Nonfiction"
New Pulp Press,1,0,"Mystery, Suspense"
New Park,1,0,"Politics, Nonfiction, History"
New York: Three Rivers Press,1,0,"Nonfiction, Biography, Memoir"
Nora Sakavic,0,1,"Contemporary, LGBT, Young Adult"
"Noonday/Farrar, Straus & Giroux (NYC)",1,0,"Philosophy, Psychology, Nonfiction"
Nook Press,1,0,"Fantasy, Paranormal, Witches"
Nonpareil Books,1,0,"Irish Literature, Ireland, Memoir"
Non Nomen,0,1,"Poetry, Nonfiction, Philosophy"
Nolit,1,0,
Noir Sur Blanc,1,0,"Polish Literature, Plays, Classics"
Noble Publishing,1,0,"Science Fiction, Thriller, Fantasy"
Noah Harris,1,0,"M M Romance, Paranormal, Shapeshifters"
No Tell Books,1,0,Poetry
Nla Digital LLC,0,1,"Fantasy, Chick Lit, Romance"
Nkosi Guduza,1,0,
Nipaporn Baldwin,1,0,
Nineteenth House Publishing,1,0,"Young Adult, Science Fiction, Fantasy"
Nikol Verlag,1,0,"Nonfiction, Classics, Language"
Nick Smith,1,0,
Nightscape Press,1,0,"Horror, Fantasy, Supernatural"
Nightlight Press,0,1,"Fantasy, Young Adult, Paranormal"
Nightengale Press,1,0,
Night's Border Press,1,0,Contemporary
Night Shade Books (San Francisco),1,0,"Science Fiction, Short Stories, Space Opera"
Night Publishing,0,1,"Paranormal, Fantasy, Romance"
Nigel's Flight,0,1,
Nieko rimto,1,0,
Nicotext,1,0,"Graphic Novels, Comics, Nonfiction"
Nicole Williams,0,1,"New Adult, Romance, Contemporary"
Nicole Richardson,0,1,
Nicole Reed Books,0,1,"Romance, New Adult, Young Adult"
Nicole Reed,0,1,"Romance, New Adult, Dark"
Nicole Dunlap,0,1,"African American, Contemporary, Romance"
Nicoaro Books,1,0,
Nikki Ashton,0,1,Chick Lit
Network18 Publications,1,0,Nonfiction
Netopejr,0,1,"Fantasy, Vampires, Czech Literature"
Netleaves,1,0,"Science Fiction, Mystery, Fantasy"
Netherworld Publishing,1,0,"Science Fiction, Aliens, Dystopia"
Nesma Books India,1,0,
Nesfa,0,1,"Science Fiction, Space Opera, Science Fiction Fantasy"
Neputns,1,0,
Nepotist Books,1,0,
Neopubli,1,0,
Neon Terbit,1,0,
Nemo,1,0,"Graphic Novels, Comics, Nonfiction"
Nelsonword Publishing Group,0,1,"Christianity, Christian, Nonfiction"
Neal Porter Books,1,0,"Picture Books, Cats, Animals"
NeWest Press,0,1,"Canada, Humor, Book Club"
New Millennium Library,0,1,"Classics, Historical Fiction, Literature"
Naše vojsko,0,1,"Classics, Romance, Historical Fiction"
Naša djeca,1,0,"Childrens, Classics, School"
Nayberry Publications,0,1,Urban
Naxos Audiobooks,1,0,"Mystery, Classics, Crime"
Navpress,0,1,"Christian Fiction, Historical Fiction, Biblical Fiction"
Naval Institute Press,1,0,"History, Military Fiction, Military History"
Naval & Military Press,0,1,
Naulit Inc.,1,0,"Islam, Religion, Nonfiction"
Naturegraph Publishers,1,0,
Natural Heritage,0,1,
Natur och Kultur,0,1,"Young Adult, Swedish Literature, Contemporary"
National Geographic Kids,0,1,"Nonfiction, History, Biography"
National Center for Constitutional Studies,1,0,"History, Nonfiction, Politics"
Nathan Lowell,1,0,"Science Fiction, Space Opera, Space"
Natco Pr,1,0,Biography
NeWest,0,1,"Canada, Sports, Book Club"
New Millennium Entertainment,1,0,"Science, Nonfiction, Physics"
New Market Press,1,0,"Fantasy, Art, Media Tie In"
New London Librarium,1,0,"History, Nonfiction, Historical"
New Leaf Publishing Group,0,1,"History, Historical"
New Leaf Media,1,0,
New Leaf Distributing Company,1,0,"Islam, Religion, Spirituality"
New Issues Poetry and Prose,1,0,"Australia, Literature, Classics"
New Insights Press,0,1,"Environment, Conservation"
New Holland,1,0,"Travel, Nonfiction, Ghosts"
New Harvest,1,0,"Nonfiction, Memoir, Biography Memoir"
New Era Publications International APS,1,0,"Philosophy, Nonfiction"
"New English Library, Ltd.",1,0,"Classics, Historical Fiction, Contemporary"
New English Library (Hodder & Stoughton),1,0,"Horror, Thriller, Classics"
New England Historic Genealogical Society(NEHGS),1,0,
New Edition,1,0,"New Adult, Adventure, 21st Century"
Neuer Kaiser,1,0,"Classics, Adventure, Historical Fiction"
"New Day Publishers, Philippines",1,0,
New Dawn Press(IL),1,0,"Self Help, Nonfiction, Inspirational"
New Concepts,0,1,"Menage, Paranormal, Shapeshifters"
New Classic Books,1,0,"Contemporary, Christian Fiction, Spirituality"
New City Press,0,1,"Theology, Philosophy, Religion"
New Century Books,1,0,"Politics, Nonfiction, Race"
New Burlington Books,0,1,"Cats, Nonfiction, Animals"
New Awareness Network,0,1,"Nonfiction, Philosophy"
New Atlantean Press,1,0,"Health, Parenting, Science"
New American Storybook,1,0,
New American Liibrary,1,0,"Science Fiction, Young Adult, Adventure"
Nevermore Press,0,1,
Neva,1,0,"Russia, Mystery, Detective"
"Neurotica Books, LLC",1,0,"Dark, Romance, BDSM"
Neurotica Books,1,0,"Dark, Romance, BDSM"
New Directions Publishing Corporation (NYC),1,0,"Short Stories, Poetry, Literature"
One's Own Publishing House Ltd.,1,0,"Russia, Nonfiction, Art"
One World Publications,1,0,"Nonfiction, Politics, Essays"
One Voice Recordings,1,0,"Mystery, Classics, Short Stories"
One Peace Books,1,0,"Japan, Japanese Literature, Classics"
One Night Books,1,0,
One More Chapter,1,0,"Romance, Contemporary Romance, Chick Lit"
On-Word Bound Books,0,1,"Nonfiction, Spirituality, Philosophy"
Omniprose Limited,0,1,"Mystery, Crime"
Omnific Publishing; 1 edition,0,1,"Paranormal, Young Adult, Romance"
Omni,1,0,"Short Stories, Science Fiction, Humor"
Omicron,0,1,"Paranormal, Fantasy, Romance"
Omer Bangash,1,0,
Omega House,1,0,
Ombak,1,0,
Norma,0,1,"Paranormal, Romance, Fantasy"
Olivia Thorne,0,1,"Romance, Erotica, Contemporary"
Olive Writing Hub,1,0,
Olion,1,0,"History, Russia, Russian Literature"
Oldenworld Books,1,0,
Oldenbourg,0,1,
Old Stile Press,1,0,"Poetry, Classics, School"
Oktober Pocket,1,0,"LGBT, Novels, Scandinavian Literature"
Oktober Forlag,1,0,"Scandinavian Literature, Contemporary, Novels"
Oktober,1,0,"Contemporary, Novels, Literature"
Ohio State Univ Pr (Txt),1,0,"Science Fiction, China, Classics"
Oguquit-NY Press,0,1,"Epic, Drama, Novels"
Officially M.E.E. Publishing L.L.C.,1,0,
Off The Hook Publishing,1,0,"Paranormal, Fantasy, Romance"
Off Our Meds MultiMedia,0,1,"Historical Fiction, Thriller, Mystery"
Off Leash Press,0,1,
Olympia Press,1,0,"France, Erotica, Classics"
Orion Audio,0,1,"Childrens, 2nd Grade, Humor"
Original Writing,0,1,
Orgelbrandów,1,0,History
Orenda Press,1,0,"Fantasy, Paranormal, Urban Fantasy"
Orekhov Books,0,1,Suspense
Oregon State University Press,1,0,"Nature, Science, Nonfiction"
Orchid Books,1,0,
"Orchard Books, an imprint of Scholastic",1,0,"Fantasy, Young Adult, Adventure"
Orca,0,1,"Young Adult, Poetry, Romance"
Orbit/Yen,1,0,"Fantasy, High Fantasy, Epic Fantasy"
Orbit/Hachette Book Group,1,0,"Science Fiction, Space Opera, Cultural"
Orbit Book Co.,1,0,"Fantasy, Dragons, High Fantasy"
Orbit (UK),1,0,"Science Fiction, Space Opera, Singularity"
Orbit (Hachette),1,0,"Science Fiction, Space Opera, Space"
Orangeberry Publishing,1,0,"Romance, Contemporary Romance, Contemporary"
Oneiro Press,0,1,"Greece, Contemporary, Romance"
Orange Cat Publishing,1,0,"Fantasy, Magic"
Oracle House Pub Inc,1,0,"History, Islam, Nonfiction"
Opulent Press,1,0,"Nonfiction, Animals, Dogs"
Open Road Media Romance,0,1,"Historical Fiction, Ireland"
Open Road Media Integrated Media,0,1,"Romance, Thriller, Erotica"
Open Road Media E-riginal,0,1,"Historical Fiction, Classics, Literature"
Open Road Integrated Media,1,0,"Historical Fiction, Historical, Spain"
Open Letter,0,1,"Spain, Spanish Literature, 20th Century"
Open Archive Books,1,0,"Philosophy, Religion"
Onyx Editorial,0,1,"Young Adult, Fantasy"
Ontario Review Press,0,1,"Romance, Novels, Contemporary"
Onofre M. Poonin,1,0,
Oniks,1,0,"Russia, Childrens, Fantasy"
Oneworld Classics,1,0,"Russia, Russian Literature, Classics"
Onero,0,1,"Greece, Chick Lit, Romance"
Orange Light Press,0,1,
Nprb,0,1,"Romance, New Adult, Contemporary Romance"
Noösphere Publishing,1,0,"Science Fiction, Fantasy, Dystopia"
Novoreads,1,0,
Novoice Unheard,1,0,"Nonfiction, Nature, Animals"
Novi Sad: Bratstvo-Jedinstvo,1,0,
Novelsound,1,0,"Historical Fiction, Scotland, Historical"
Novae Res,0,1,
Nova Ática,1,0,"Poetry, Portuguese Literature, Portugal"
Nova Era,1,0,"Spirituality, Nonfiction, Religion"
Nova Aguilar,1,0,"Portugal, Classics"
Nouveau Publishing,0,1,"Thriller, Dystopia, Science Fiction"
Notting Hill Press,1,0,Comedy
Notionpress,1,0,
Not a Pipe Publishing,1,0,"Fantasy, Young Adult, Urban Fantasy"
Not Available,0,1,"Young Adult, Paranormal, Fantasy"
Odyssey Editions,0,1,
Nossa Cultura,1,0,
Norwood Editions,1,0,
Northside Books,1,0,"Romance, Contemporary Romance, Contemporary"
Northlight,1,0,Art
Northland Publishing,1,0,History
Northhill Publishing,1,0,"Thriller, Historical Fiction, Mystery"
Northfield Publishing,1,0,"Nonfiction, Self Help, Relationships"
Northern Lights ATP,1,0,
Northcote House Publishers,1,0,Biography
North-South Books,1,0,"Picture Books, Childrens, Animals"
North Shield Publishing,1,0,Thriller
North Books,0,1,"Classics, Romance, 19th Century"
Norstedts Pocket,1,0,"Swedish Literature, School, Sweden"
Norman L. Munro,0,1,"Nonfiction, History, Classics"
Norma Editorial,0,1,"Fantasy, Romance, Young Adult"
Nostr Publishing,1,0,"Fantasy, High Fantasy"
Odisea,1,0,"LGBT, Romance, Spanish Literature"
Odette C. Bell,0,1,
Odetta C. Bell,0,1,"Urban Fantasy, Fantasy, Paranormal"
Océano México,0,1,"Romance, Contemporary, New Adult"
Oculus Publishers,1,0,"Biography, Nonfiction, History"
Ocho y Medio,1,0,
OceanMoon Publishing,0,1,
Ocean View Books,1,0,
Ocean Tree Books,1,0,"Nonfiction, Biography, Spirituality"
"Obstacles Press, Inc.",1,0,"Leadership, Business, Nonfiction"
Obor,1,0,
Obooko,1,0,"Romance, Contemporary Romance, Contemporary"
Oblivion,1,0,"Amazon, Thriller, Mystery"
Objetivo,1,0,"Classics, Brazil, Romance"
Objetiva,1,0,"Humor, Short Stories, Portuguese Literature"
Nueva Imagen,1,0,"Novels, Latin American Literature, Historical Fiction"
Oberlin College Press,1,0,"Poetry, Italian Literature, Italy"
Oakgrove Publications,1,0,
Oakglen Press,0,1,"Chick Lit, Romance, Relationships"
OakTara Publishers,0,1,"Christian Fiction, Historical, Historical Fiction"
Oak Grove,1,0,"Philosophy, Nonfiction, History"
OUTSKIRTS PRESS,0,1,"Paranormal, Young Adult, Werewolves"
ORIENT PAPERBACKS,1,0,"Marathi, Mythology, India"
ORCHARD BOOKS,1,0,"Middle Grade, Mystery, Horror"
OR Books,0,1,"Nonfiction, Egypt, History"
OMF Literature Inc.,1,0,"Self Help, Christian, Nonfiction"
OBS,1,0,
O-Praxis LLC,1,0,
O Jornal,1,0,"Portugal, Portuguese Literature, Romance"
Nxb. Hội Nhà Văn & Nhã Nam,0,1,"Self Help, Nonfiction, Education"
Nuevas Ediciones de Bolsillo,0,1,"Nonfiction, Memoir, Biography"
Oberon Press,1,0,"Short Stories, Canada, Canadian Literature"
Michael di Capua Books,1,0,"Picture Books, Storytime, Childrens"
Michael Vallone,1,0,Thriller
Michael Ray Taylor,1,0,"Humor, Nonfiction, Cats"
Michael O'Mara Books Limited,1,0,"Nonfiction, Humor, Language"
Michael O'Mara Books,1,0,
Michael O' Mara Books,1,0,"Horror, Fantasy, Crime"
Michael Joseph: Penguin Australia,0,1,"Chick Lit, Romance, Adult"
Michael Joseph LTD,1,0,"Chick Lit, Romance, Contemporary"
Michael Joseph (Penguin UK),0,1,"Romance, Chick Lit, Contemporary"
Michael J. Losier,1,0,"Self Help, Nonfiction, Psychology"
Michael Dartnell,1,0,
Michael Angliss,1,0,
Micah 6:8,0,1,
Micah 68,1,0,"Nonfiction, Theology, Christian"
Natasha Boyd,0,1,"Romance, New Adult, Contemporary"
Metropolitan Museum of Art,1,0,"Art, Art History, Nonfiction"
Metropolitan Books/Henry Holt (NY),1,0,"Nonfiction, Politics, History"
Metro Reads,1,0,"Romance, Love, Indian Literature"
Metodika,1,0,"Politics, Nonfiction, History"
Methuen Publishing Company,0,1,"Humor, Young Adult, Comedy"
Metacortex,1,0,
Mestas Ediciones,1,0,"Poetry, Classics, Spanish Literature"
Mestas,1,0,"Short Stories, 19th Century, Classics"
Messies Anonymous,0,1,
Message,1,0,"Christian, Religion, Reference"
"Mesorah Publications, Limited",1,0,
Merrill Publishing Company,1,0,"Classics, Short Stories, Horror"
Merrell Publishers,1,0,Art
Merkur Publishing Inc,1,0,"Occult, Spirituality, Magick"
Meribérica/Liber,1,0,"Comics, Graphic Novels, Erotica"
"Mia Asher, LLC",0,1,"Romance, New Adult, Contemporary"
Mind Mess Press,1,0,"Horror, Thriller, Suspense"
Mind Key Publishing,1,0,
Mind Adventure Press,1,0,Nonfiction
"Mimi Boutique - P&S, Inc",0,1,"Paranormal, Paranormal Romance, Romance"
Milner and Company Limited,1,0,"Classics, Horror, Novels"
Mills & Boon Superromance,0,1,Harlequin
Millipede Press,1,0,"Horror, Mystery, Thriller"
Million Dreams Press,1,0,
Milliken,0,1,"Classics, School"
Millennium Paperbacks,1,0,"Science Fiction, Philosophy, Classics"
Millenium,1,0,"Science Fiction, Science Fiction Fantasy, Classics"
Milla Batres Editorial,1,0,Short Stories
Mill City Press,1,0,"Young Adult, New Adult, Historical Fiction"
Milan,1,0,"Young Adult, Contemporary, Family"
Mike Bernsten,1,0,
Michel Lafon,1,0,Italian Literature
Mightybook Inc.,1,0,Childrens
Midsummer Nights Artists,1,0,"Mystery, Short Stories, Suspense"
Midnight to Six Publishing,0,1,"Romance, New Adult, Contemporary Romance"
Midnight to Six,0,1,"New Adult, Romance, Contemporary"
"Midnight Hologram, LLC",0,1,
Middling Industries,1,0,Philosophy
Middleway Press,1,0,"Buddhism, Nonfiction, Religion"
Microcosm Publishing,0,1,"Nonfiction, Feminism"
Mickler House Publishers,1,0,"Childrens, Middle Grade, Adventure"
Michigan State University Press,0,1,"Historical Fiction, Southern, Classics"
Michelle Johnson,0,1,"New Adult, Contemporary Romance, Romance"
Michelle Howard,0,1,"Aliens, Science Fiction, Romance"
Michelle Franklin,0,1,"Fantasy, Romance"
"Michelle Eastman Books, Inc.",0,1,Childrens
Michelle A. Valentine Books,0,1,"Romance, New Adult, Music"
Migjeni,1,0,"Albanian Literature, Poetry, Classics"
"McGraw-Hill Book Company, In",0,1,"Prayer, Religion, Biography"
"McFarland & Company, Incorporated Publishers",1,0,"History, Nonfiction, True Crime"
McClelland and Stewart,0,1,"Canada, Classics, Canadian Literature"
McArthur & Co,0,1,"Historical Fiction, Egypt, Historical"
Maťa,1,0,"Classics, Czech Literature, School"
Mayhem Erotica,0,1,"New Adult, Romance, Erotica"
Mayandree Michel,1,0,"Mythology, Young Adult, Fantasy"
Maya Cross,0,1,"BDSM, Romance, Erotica"
Maya Banks,0,1,"Romance, Romantic Suspense, Military Fiction"
"May River Press, LLC",0,1,
Maxxx Cummings,1,0,"Military Fiction, Erotica"
Max Ström,1,0,Photography
Max Olson,1,0,"Business, Finance, Economics"
Mawenzi House Publishers Ltd.,1,0,
Mavi Ağaç Kültür Sanat Yayıncılık,1,0,Turkish
Meredith Corporation,1,0,"Humor, Nonfiction, Inspirational"
Mattamayura Press,1,0,"Philosophy, Nonfiction, Mysticism"
Matica hrvatska,1,0,"Classics, School, Read For School"
Mathrubhumi,1,0,
Mata Padi Pressindo,1,0,
Mastery Press,1,0,
Master Koda Select Publishers,1,0,
Master Koda Select,0,1,"Romance, Relationships"
Master Books,1,0,"Science, Christian, Nonfiction"
Masquerade Press,0,1,"Erotica, BDSM"
Mary Sage Nguyen Books,1,0,
Mary Book / Prelude Pr,1,0,"Nonfiction, Politics, Philosophy"
Mary Anne Pennington,1,0,
Mary Amy Parker,1,0,"Young Adult, Fantasy"
Marvelous Spirit Press,1,0,Graphic Novels
Marvel Press,1,0,"Fantasy, Young Adult, Mythology"
Mauj Prakashan Gruh,1,0,Marathi
"Meredith Allard, via Smashwords",1,0,"Paranormal, Romance, Mystery"
Mercury Retrograde Press,0,1,"Fantasy, Epic Fantasy, High Fantasy"
Mendele Electronic Books,1,0,Science Fiction
Menard Press,1,0,"Poetry, France, French Literature"
"Men

241 books — 688 voters
Must reads 2015

550 books — 682 voters",1,0,
"Memory Lapse Media, Llc.",0,1,
Memo Förlag AB,0,1,Fantasy
Mem Martins,1,0,"Romance, Brazil, Classics"
Melyssa Williams,1,0,"Fantasy, Time Travel, Young Adult"
Melodrama Publishing,0,1,"Urban, African American, Drama"
Melange,0,1,"Romance, Historical"
Mehta Publishing House Pune,1,0,Marathi
Mehta Publishing House,1,0,Marathi
Mehret Gebretsadik,1,0,
Meghashyam Chirravoori,1,0,
McGraw-Hill Professional Publishing,1,0,"Business, Nonfiction, Biography"
Meghan March LLC,0,1,"Romance, Dark, Erotica"
"Megan Tingley Books - Little, Brown and Company",0,1,"LGBT, Young Adult, Romance"
Megan Tingley,0,1,"Childrens, Picture Books"
Megan O'Brien,0,1,"Romance, Contemporary Romance, Contemporary"
Megan Derr,0,1,"Fantasy, M M Romance, Romance"
Meg Collett,0,1,"Paranormal, Fantasy, Angels"
Media Gratiae,1,0,"Christian Living, Theology, Christianity"
Media Books Audio Publishing,1,0,Classics
MedPress,1,0,
Meandar,1,0,Childrens
"Meadow & Black,",1,0,"Fantasy, Urban Fantasy, Werewolves"
McRites Press,0,1,"Young Adult, Adventure, Middle Grade"
"McMe, LLC",1,0,
McKeever Publishing,1,0,
McGraw-Hill/Contemporary,1,0,
Meghann Doyle,0,1,
Mya Robarts,0,1,"Romance, Coming Of Age, Young Adult"
My Personal Bubble LLC,0,1,"Time Travel, Romance, Historical Romance"
"My Bad Tequila, LLC",1,0,
MxM Bookmark,1,0,Paranormal
Muza,1,0,
Mutual Publishing,1,0,
Mustread,1,0,Islam
MustRead Inc.,0,1,Nonfiction
Museworks,1,0,"Comics, Graphic Novels, Webcomic"
Musee D'Art Contemporain de Montreal,0,1,
MuseItUp Publishing,0,1,
Musa,0,1,"Contemporary, Epic, Paranormal"
Murmuring Press,1,0,"Fantasy, Young Adult, Dystopia"
Murdoch Books,0,1,"Nonfiction, Self Help, Psychology"
Minedition,1,0,"Classics, Fantasy, Childrens"
Mumkey jones,1,0,
"Mullin, Michael",1,0,"Fantasy, Fairy Tales, Fairy Tale Retellings"
Mullen Press,0,1,
Mudlark,1,0,"Nonfiction, Biography, Audiobook"
Mucuglifo,1,0,
Mswillisbooks,0,1,"Dark, BDSM, Erotica"
Msi Press,0,1,"Biography, Nonfiction"
Mrs. Robinson,1,0,
Mozaïek,1,0,"Dutch Literature, Historical Fiction, World War II"
Movement Publishing,0,1,
Movellas,0,1,LGBT
Mountaineers Books,1,0,"Nonfiction, Mountaineering, Adventure"
Mountain of Love,1,0,"Nonfiction, Science, Psychology"
Mountain Literary,1,0,"Epic, Contemporary"
Mount Kimo Publishing (1 November 2019),1,0,
Muneca P Presents,1,0,
Natasha Anders,0,1,"Romance, Contemporary, Contemporary Romance"
Natalie Ward,0,1,"Romance, New Adult, Time Travel"
Narrative Eye Ltd,1,0,"History, Nonfiction, Race"
Narodowa Biblioteka Lektur Szkolnych,1,0,"Historical Fiction, Classics, Polish Literature"
Narodna knjiga,0,1,
Narcissus Self Publishing,0,1,"Romance, Chick Lit, Contemporary"
"Narasi, Yogya",1,0,"History, Nonfiction"
Nancy Paulsen Books (Penguin Group for Young Readers (USA),0,1,"Realistic Fiction, Middle Grade, Young Adult"
Naklada Ljevak (Zagreb),1,0,"Humor, Contemporary"
"Najla Qamber Designs

133 books — 29 voters",0,1,
NYRB,0,1,"Russia, Science Fiction, Dystopia"
NXB Trẻ,1,0,"Childrens, Literature, Short Stories"
NXB Trí Thức,1,0,"Self Help, Nonfiction, Education"
NXB Thanh Niên,1,0,History
NXB Phụ Nữ,0,1,"Nonfiction, Biography, Childrens"
Mystic Publishers,1,0,"Thriller, Spy Thriller, Terrorism"
NPPLBooks,1,0,
NOVOREADS,0,1,
NITRO/PRESS,0,1,
NESFA Press,1,0,"Science Fiction, Fantasy, Short Stories"
NASA History Division,1,0,
NAL Penguin,0,1,"Urban Fantasy, Vampires, Paranormal"
NAL (Intermix),0,1,"Romance, Contemporary Romance, New Adult"
N.R. Walker,1,0,"M M Romance, Romance, Contemporary"
N.L.S.a,1,0,
N. Cox,1,0,
Mythos Books LLC,1,0,"Horror, Short Stories, Weird Fiction"
Mystical Media Publications,0,1,
Mystical Life Publications Ltd,1,0,
Mystical Life Publications,1,0,"Spirituality, Nonfiction, Psychology"
Mystic Tao Publishing,1,0,Philosophy
NPRB,0,1,"Romance, New Adult, Contemporary"
"Mondadori, I Romanzi Mondadori Emozioni 13",0,1,"Historical Romance, Romance, Historical"
Monarch Publishing House,0,1,"Abuse, Nonfiction, True Crime"
Monarch Press,1,0,
Monarch Books (Kregel Publications),1,0,"Mystery, Fantasy, Historical Fiction"
Momentum Media,1,0,"Self Help, Personal Development, Nonfiction"
Momentum,0,1,"Romance, New Adult, Contemporary"
Moments Publication,1,0,
Molly E. Lee,0,1,"Romance, Contemporary, Adventure"
Molino,1,0,"Classics, Science Fiction, Travel"
Mola Kitap,0,1,"Turkish Literature, Roman"
Modtryk,1,0,"Crime, Mystery, Thriller"
Modernista,0,1,"Dystopia, Science Fiction"
Moderna,1,0,"Classics, Literature, Portuguese Literature"
Modern Library Classics,1,0,"Classics, Literature, Novels"
Modern Library (NY),1,0,"History, Civil War, Nonfiction"
Motorsport Research Group,1,0,
MobileReference,1,0,
Moba,1,0,Czech Literature
Mladá Fronta,1,0,Nonfiction
"Mladost, Zagreb - Svjetlost, Sarajevo",1,0,
Mitchell Lane Publishers,1,0,
Missy Johnson,0,1,"Romance, New Adult, Contemporary Romance"
Mission City Press,0,1,"Historical Fiction, Christian Fiction, Christian"
Misque Press; 1 edition,0,1,"Fantasy, Epic Fantasy, Romance"
Mischief (HarperCollins),0,1,"Erotica, Romance, Contemporary"
Miramax,1,0,"Fantasy, Young Adult, Childrens"
Mirador,1,0,Dystopia
Minotauro,1,0,"Fantasy, Spanish Literature, High Fantasy"
MinkDukane Publishing,1,0,
Minimum Fax,1,0,France
Minh Van,1,0,"Self Help, Nonfiction, Personal Development"
Mockingbird Lane Press,1,0,"Historical Fiction, Historical, Amazon"
Motherhood Fiction,0,1,"Chick Lit, Romance, Humor"
Most Holy Family Monastry,1,0,
"Most Holy Family Monastery, Filmore NY",1,0,
Mosaique Books,1,0,"Travel, Nonfiction, Asia"
Morrow Gift,1,0,"Graphic Novels, Humor, Comics"
Morning Star,1,0,Horror
Morgan Road Books,0,1,"Nonfiction, Psychology, Science"
Morgan James Faith,1,0,
Morgan Carver Richards,1,0,"Travel, Humor"
Morawa Lesezirkel,1,0,
Moraes Editores,1,0,
Moonwild Press,0,1,"Paranormal Romance, Paranormal, Angels"
Moonshine Press,0,1,"LGBT, Queer, Young Adult"
Moongazy Publishing,1,0,"Fantasy, Young Adult, Paganism"
Mooncusser Films,1,0,
Mondo Publishing,0,1,
Moon,0,1,"Young Adult, Contemporary, Roman"
Moody Pr,1,0,"Christian Fiction, Christian, Romance"
Montlake,1,0,"Romance, Contemporary, Contemporary Romance"
"Month9Books, LLC",0,1,"Fantasy, Young Adult, Retellings"
Month9Books,0,1,"Young Adult, Science Fiction, Dystopia"
Montesinos,1,0,"Classics, Historical Fiction, France"
Monte Ávila,1,0,
Montana Publishing,1,0,"Science Fiction, Aliens, Romance"
Monster Press,1,0,"M M Romance, Romance, Contemporary"
Monster Girl Media,0,1,Biography
Monsieur Toussaint Louverture,1,0,"Nonfiction, Biography, Memoir"
Monkfish Book Publishing,1,0,"Science Fiction, Horror, Novels"
Monkeybrain,1,0,"Fantasy, Reference, Steampunk"
Monica Schaumann,1,0,"Contemporary Romance, Romance"
Monica Moon Publishers,1,0,
Moon and Back Books,1,0,"Survival, Contemporary Romance"
Hale,0,1,"Mystery, Gothic, Romance"
Halcyon Press Ltd.,1,0,
Halcyon Classics,1,0,Classics
"Hackett Publishing Company (Indianapolis, IN)",1,0,"Philosophy, Politics, Nonfiction"
Hachette Romans,0,1,
Hachette Livre Australia,1,0,
"Hachette Little, Brown & Co",1,0,"Steampunk, Young Adult, Fantasy"
Hachette Ireland,1,0,"Memoir, Nonfiction, Biography"
Hachette Children's,0,1,"Fantasy, Mythology, Middle Grade"
"Hachette Book Group, USA",1,0,"Fantasy, Science Fiction, Young Adult"
Hachette Book Group USA,0,1,"Manga, Graphic Novels, Comics"
Hachette Book Group Orbit,1,0,"Fantasy, Romance, High Fantasy"
Hachette Audio UK,0,1,"Chick Lit, Romance, Contemporary"
"HTJB, Inc. (Marie Force Author)",0,1,"Romance, Contemporary Romance, Contemporary"
Kiepenheuer und Witsch,1,0,"Historical Fiction, German Literature, Classics"
HP Mallory,1,0,"Paranormal, Paranormal Romance, Fantasy"
HOST,1,0,"Czech Literature, Novels, Contemporary"
HNI Books; 1 edition (6 Nov 2012),0,1,"Romance, Romantic Suspense, Mystery Thriller"
HMH Children's Books,0,1,"Young Adult, Contemporary, Realistic Fiction"
HLG Publishing,0,1,"Chick Lit, Contemporary"
HL,0,1,
HJ Bellus,1,0,"Romance, Contemporary Romance, Contemporary"
HCI,1,0,"Nonfiction, Self Help, Inspirational"
HC,1,0,"Nonfiction, Art, Humor"
HB,1,0,"Romance, Military Fiction, Contemporary Romance"
HARPER PERENNIAL,1,0,"Psychology, Nonfiction, Business"
H.S. Crow,1,0,"Fantasy, Young Adult, Science Fiction Fantasy"
"H.O.T. Publishing, LLC",1,0,"Romance, Romantic Suspense, Military Fiction"
H.O.T. Press Publishing,1,0,Writing
H.O.T. Press,1,0,Historical Fiction
HQÑ,0,1,"Romance, Chick Lit, Spanish Literature"
Hardcopys Canada,1,0,"Music, Nonfiction, Art"
Hard Crime Case,1,0,"Mystery, Horror, Crime"
Hard Case Crime,1,0,"Horror, Mystery, Thriller"
"Harcourt, Inc.(Harvest Book)",1,0,"History, Nonfiction, Politics"
"Harcourt, Brace, & World, Inc.",1,0,"Humor, Queer"
"Harcourt, Brace and Company, Inc.",0,1,"German Literature, Germany, Childrens"
"Harcourt, Brace and Company",1,0,"Classics, War, Historical Fiction"
"Harcourt, Brace Jovanovich/Harvest",1,0,"Plays, Classics, Drama"
"Harcourt, Brace & World",0,1,"Young Adult, Romance, Coming Of Age"
Harcourt Paperbacks / Graphia Books,1,0,"Young Adult, Romance, Contemporary"
Harcourt Odyssey,1,0,"Fantasy, Childrens, Middle Grade"
"Harcourt Brace and World, Inc",1,0,"Science Fiction, Fantasy, Science Fiction Fantasy"
Harcourt Brace & company,1,0,"Science Fiction, Apocalyptic, Fantasy"
Harcourt Brace & Company Magic Carpet Books,1,0,"Young Adult, Fantasy, Romance"
Harcourt Books,0,1,"Historical Fiction, Holocaust, World War II"
Half Baked Beans,1,0,Poetry
Happy Cat Books (UK),0,1,"Picture Books, Childrens, Animals"
Hapeace Publishing,1,0,
"Hansen Publishing Group, LLC",0,1,"Historical Fiction, Westerns, Historical"
Hansard Society,1,0,
Hanover Square Press,1,0,"Nonfiction, Audiobook, Pop Culture"
Hampton Roads Publishing,1,0,"Self Help, Nonfiction, Psychology"
Hamlin Press,1,0,Science
Hamish Hamilton - Penguin Australia,1,0,"Australia, Contemporary, Book Club"
Hamburger Lesehefte Verlag,1,0,"Classics, German Literature, Short Stories"
Hamal Books,0,1,Polish Literature
Halsted Press,0,1,"Australia, Literary Fiction, Modern Classics"
Halsgrove,1,0,
Halo Books,1,0,"Religion, Nonfiction, Hinduism"
Hallmark Editions,1,0,
Hallie M. Smith,0,1,
Har-Anand Publications,1,0,
Grub Street,1,0,"History, World War I, Aviation"
Grown-up Shmown-up,1,0,
"Grove/Atlantic, Inc.",1,0,"Science Fiction, Dystopia, Fantasy"
"Grove Press, Inc.",1,0,"Classics, Novels, Literature"
Grove Press / Atlantic Monthly Press,1,0,"Psychology, Nonfiction, Science"
Grove Press (NYC),1,0,"Biography, History, Nonfiction"
Grove Atlantic Black Cat,1,0,"Young Adult, Fantasy, Historical Fiction"
Grove,1,0,"Plays, Classics, Drama"
Grotext Books,1,0,Poetry
"Grosset & Dunlap, Inc",0,1,"Mystery, Young Adult, Childrens"
Groningen : Passage,0,1,Thriller
"Gristmill Publishing, L.L.C.",1,0,Short Stories
Grindhouse Press,1,0,"Horror, Thriller"
Grin Verlag,1,0,"History, Politics, Nonfiction"
H.O.O.R.,1,0,
Grijaldo,1,0,"Romance, Historical, Historical Fiction"
Greystone Books / David Suzuki Foundation,1,0,"Nonfiction, Nature"
Greyson Media Associates,1,0,"Mystery, Thriller, Suspense"
Greyhart Press,1,0,"Time Travel, Historical Fiction, Fantasy"
Grey Swan Press,1,0,
Grey Oak/Westland,1,0,"Thriller, India, Espionage"
Grey Oak Publishers,1,0,Romance
Grey Horse Press,0,1,Fantasy
"Grey Gate Media, LLC",0,1,"Mystery, Cozy Mystery"
Grey Circle Publishing,1,0,"Fantasy, Romance"
Grenader Kirjastus,1,0,"Nonfiction, Contemporary, Linguistics"
"Greg Kofford Books, Inc.",1,0,Religion
Greg Kofford Books,1,0,"Religion, History, Lds"
Greenwood Publishing Group,1,0,"Classics, History, Mythology"
Greenwood Press,1,0,"History, Biography, Nonfiction"
Grimoire Press,1,0,
H.M. WARD PRESS,1,0,"Romance, Contemporary Romance, Contemporary"
H.M. Caldwell Company,1,0,"Historical Fiction, Classics, Romance"
H.L. Burke,1,0,"Fantasy, Young Adult"
H.J. Bellus,1,0,"Romance, Contemporary, Contemporary Romance"
Güven Yayınevi,1,0,"Turkish Literature, Turkish, Literature"
Gárgola,1,0,"Graphic Novels, Comics, Graphic Novels Comics"
Gyldendals Tranebøger,1,0,
Gwendolyn Field,0,1,"Dark, BDSM, Erotica"
Guy Lozier,1,0,Fantasy
Gutenbergova galaksija; Valjevska štamparija,0,1,"Classics, Historical Fiction, Historical"
Gutenbergova galaksija,0,1,"Classics, Serbian Literature, Read For School"
Gutenbergova Galaksija; Valjevska štamparija,0,1,"Classics, Historical Fiction, Historical"
Gurjar prakashan,1,0,
Gurjar,1,0,"Novels, India, Romance"
Gunung Agung,1,0,"Novels, Indonesian Literature"
Grup Buku Karangkraf Sdn Bhd,1,0,"Novels, Thriller"
Guinness World Records,1,0,"Nonfiction, Reference, History"
Guimarães Editores,0,1,"Portugal, Romance, Portuguese Literature"
Guilford Publications,1,0,"Psychology, Nonfiction, Mental Health"
GuildAmerica,1,0,"Fantasy, Vampires, Urban Fantasy"
Guild Books,1,0,"Short Stories, Philosophy, British Literature"
Guild America Books: SFBC,0,1,"Fantasy, Young Adult, Science Fiction Fantasy"
Guerrilla Wordfare,0,1,"Military Fiction, Romance, Contemporary Romance"
Guernica,1,0,
Gudrun Publishing,1,0,
GuajaRs,1,0,
Gryphonwood Press,1,0,"Fantasy, Audiobook, Unicorns"
"Gryff Publishing, Ltd.",1,0,"Fantasy, Young Adult, Paranormal"
Grupo Oceano,1,0,"Plays, Classics, Theatre"
Grupo Editorial tomo,1,0,"Romance, Historical Fiction, Literature"
Grupo Ajec,1,0,
Gujarat Sahitya Prakash,1,0,"Spirituality, Nonfiction, Indonesian Literature"
HarperOne (NYC),1,0,"Nonfiction, Philosophy, Psychology"
HarperLargePrint,0,1,"Historical Fiction, Adventure, Historical"
HarperFiction,1,0,"Espionage, Thriller, Mystery"
HarperFestival,1,0,"Childrens, Picture Books, Animals"
HarperCollinspublishers,0,1,"Mystery, Crime, Classics"
HarperCollinsPublishing,1,0,"Nonfiction, Biography, History"
HarperCollins; Reprint edition,1,0,"Fantasy, Middle Grade, Young Adult"
HarperCollins/HarperImpulse,0,1,"Young Adult, Contemporary, Romance"
"HarperCollins, Killer Reads",1,0,"Crime, Mystery, Thriller"
HarperCollins Young Adult,0,1,
HarperCollins Thomas Nelson,1,0,"Christian, Horror, Christian Fiction"
HarperCollins Science Fiction & Fantasy,0,1,"Fantasy, Epic Fantasy, High Fantasy"
"HarperCollins Publishers, Inc.",1,0,"Thriller, Mystery, Espionage"
HarperCollins Publishers Ltd.,0,1,"Mystery, Crime, Classics"
Hardhill Productions,1,0,Historical Fiction
"HarperCollins Publishers Canada, Limited",1,0,"Fantasy, Young Adult, Animals"
HarperCollins Publishers Canada,1,0,"Fantasy, Canada, High Fantasy"
HarperCollins Perennial,1,0,"Historical Fiction, Science Fiction, Fantasy"
HarperCollins India,1,0,"Graphic Novels, Mythology, India"
HarperCollins HarperTorch,1,0,"Fantasy, Urban Fantasy, Mythology"
HarperCollins Entertainment,1,0,"Nonfiction, Biography, Humor"
HarperCollins EOS,1,0,"Science Fiction, Post Apocalyptic, Classics"
HarperCollins Children's books,1,0,"Childrens, Humor, Middle Grade"
HarperCollins Children's Book's,0,1,"Young Adult, Dystopia, Science Fiction"
"HarperCollins Canada, Limited",0,1,"Fantasy, Music"
HarperCollins Canada / Warriors (Wa),1,0,"Fantasy, Animals, Middle Grade"
HarperCollins Audio Books,1,0,"Nonfiction, History, Language"
HarperCollins / Katherine Tegen Books,1,0,"Angels, Young Adult, Fantasy"
HarperCollins (Mm),1,0,"Fantasy, Historical Fiction, Adventure"
HarperColl,1,0,"Classics, Childrens, Fantasy"
HarperCollins Publishers India,1,0,"Graphic Novels, Comics, India"
"Hazy Dawn Press, Inc",1,0,"Fantasy, Paranormal, Romance"
Hazelden,1,0,"Psychology, Mental Health, Nonfiction"
Haypethrat (Erevan),1,0,"Historical Fiction, Historical, Novels"
Haynes Publishing UK,0,1,
Hay House Insights,0,1,"Nonfiction, Self Help, Spirituality"
Hawley Hill Press,0,1,
HawkTale Publishing,0,1,"Christmas, Romance, Contemporary"
Haven Publishing,0,1,"Memoir, Inspirational"
Haum,0,1,
Hatier,1,0,
"Hatco, Inc.",0,1,"Contemporary, Contemporary Romance"
Hatchette Book Group,1,0,"Steampunk, Fantasy, Paranormal"
Hatchette Australia,0,1,"Contemporary, Young Adult, Romance"
Harvill,1,0,"Historical Fiction, Classics, Novels"
Harvest Books; 1 edition,0,1,"Historical Fiction, LGBT, Historical"
HarperPerennial / Perennial Classics,1,0,"Classics, Science Fiction, Dystopia"
Harvard Common Press,0,1,"Adoption, Parenting, Nonfiction"
Hartorch,1,0,"Fantasy, Humor, Comedy"
Hartmann Publishing,1,0,"Science Fiction, Fantasy"
Hart Publishing Company,1,0,"Childrens, Science Fiction, Young Adult"
Harry N. Abrams/Overlook Press,1,0,"Fantasy, Epic Fantasy, High Fantasy"
"Harry N. Abrams, Inc.",1,0,"Music, Nonfiction, New York"
Harpertorch,1,0,"Fantasy, Humor, Comedy"
Harpercollins Childs,1,0,"Childrens, Picture Books, Classics"
Harpercollins Children's Books,1,0,"Childrens, Picture Books, Classics"
HarperTrophy Canada,0,1,"Young Adult, Contemporary, Romance"
HarperTorch (an imprint of HarperCollins Publishers),1,0,"Spirituality, Philosophy, Novels"
HarperTeen Impulse,0,1,"Young Adult, Romance, Dystopia"
HarperTeen & Bella Books,0,1,"Young Adult, LGBT, Queer"
HarperSanFrancisco,1,0,"Christian, Theology, Nonfiction"
HarperPerennial Modern Classics,1,0,"Czech Literature, Literature, Philosophy"
Harvest / Harcourt,1,0,"Nonfiction, Memoir, Israel"
Harper Collins Children's,0,1,"Fantasy, Middle Grade, Young Adult"
Harper Collins Business,1,0,"Business, Finance, Self Help"
Harper Collins Avon,0,1,"Historical Romance, Romance, Historical"
Harper Collins Australia,1,0,"War, Australia"
Harper Collins AU,0,1,"Young Adult, Contemporary, Romance"
Harper Collins (SanFrancisco),1,0,"Philosophy, Nonfiction, Psychology"
Harper Collin's,1,0,"Fantasy, Horror, Childrens"
Harper Children’s,0,1,"Young Adult, Contemporary, Romance"
Harper Audio,1,0,"Fantasy, Middle Grade, Young Adult"
Harper (San Francisco),1,0,"Religion, Nonfiction, Christianity"
Harper & Row (NYC/Evanston),1,0,"Philosophy, Nonfiction, Classics"
Harper & Row (NYC),1,0,"Science Fiction, Dystopia, Post Apocalyptic"
Harper & Row (NYC et al.),1,0,"Philosophy, Technology, Nonfiction"
Harper & Brothers,1,0,"Classics, Short Stories, Humor"
HarpPeren,1,0,"Fantasy, Magical Realism, New York"
HarperColins,1,0,"Picture Books, Adventure, Childrens"
HarlequinTeen,0,1,"Young Adult, Contemporary, Romance"
Harlequin Teen Australia,0,1,"Young Adult, Contemporary, Romance"
Harlequin Spice,0,1,"Romance, Erotica, Contemporary"
Harlequin Special Releases,0,1,"Historical Romance, Romance, Historical"
Harlequin Romance,0,1,"Romance, Contemporary Romance, Harlequin"
Harlequin Mira,0,1,"Romance, Chick Lit, Contemporary"
Harlequin Kimani Romance,0,1,"Romance, Contemporary Romance, Contemporary"
Harlequin Kimani,0,1,"Romance, Harlequin, African American Romance"
Harlequin Ibérica,0,1,"Romance, Spanish Literature, Erotic Romance"
Harlequin Iberica,0,1,"Historical Romance, Romance, Historical"
Harlequin Holland,0,1,"Mystery, Thriller, Crime"
Harlequin Books SA,0,1,"Fantasy, Magic, Dragons"
Harlequin Australia,0,1,"Science Fiction, Young Adult, Fantasy"
Harlan Rose Publishing,0,1,
Hardie Grant Books,1,0,"True Crime, Crime, Nonfiction"
Harmondsworth Penguin,1,0,"Nonfiction, Biography, Memoir"
HarperBusiness,1,0,"Sustainability, Nonfiction, Environment"
Harper and Row,1,0,"Philosophy, Psychology, Nonfiction"
Harper and Brothers Publishers (NY/London),1,0,"Philosophy, Politics, Nonfiction"
Harper Wave,1,0,"Health, Self Help, Nonfiction"
Harper Voyager UK,0,1,"Science Fiction, Young Adult, Dystopia"
Harper Torch,1,0,"Fantasy, Epic Fantasy, High Fantasy"
Harper Tempest,0,1,"Young Adult, Humor, Romance"
Harper SanFrancisco,1,0,"Religion, Spirituality, Theology"
Harper Press,0,1,"Nonfiction, History, War"
Harper Presents,0,1,"Romance, Canada, Drama"
Harper Perennial Modern Classic,1,0,"Sports, Baseball, Nonfiction"
Harper Perennial Classics,1,0,"Classics, Science Fiction, Philosophy"
Harper Perennial Classic Stories,1,0,"Classics, Russia, Russian Literature"
Harper Perennial (NYC),1,0,"History, Nonfiction, China"
Harper One,1,0,"Nonfiction, Christian, Religion"
Harper Collins Children's Books UK,0,1,"Contemporary, Young Adult, Romance"
Harper Lin Books,1,0,"Cozy Mystery, Mystery"
Harper Impulse,0,1,"Romance, Chick Lit, Contemporary"
Harper Davis Publishing,0,1,"Nonfiction, Memoir, Food"
"Harper Collins, Inc.",1,0,"Horror, Young Adult, Mystery"
Harper Collins Uk,1,0,"Short Stories, Inspirational, Philosophy"
Harper Collins US UK,1,0,"Young Adult, Fantasy, Steampunk"
Harper Collins Publishers Ltd.,0,1,"Historical Fiction, Historical, Fantasy"
Harper Collins Publishers Ltd,0,1,"Mystery, Crime, Short Stories"
Harper Collins Publishers India,0,1,"Romance, India, Chick Lit"
Harper Collins Publisher,1,0,"Thriller, Mystery, Suspense"
Harper Collins Promotion,1,0,"Fantasy, Classics, Young Adult"
Harper Collins Ltd,0,1,"Historical Fiction, Romance, Historical"
Harper Collins Katherine Tegen,0,1,"Mythology, Young Adult, Fantasy"
Harper Collins India,1,0,Poetry
Harper Collins Harper Teen,0,1,"Young Adult, Steampunk, Paranormal"
Harper Monogram,0,1,"Romance, Historical Romance, Historical"
G Street Chronicles,1,0,
G E HAMER,0,1,"Mystery, Thriller, Mystery Thriller"
Futuropolis,1,0,"Comics, Bande Dessinée, Graphic Novels"
Future Corp.,1,0,"Science Fiction, Horror, Post Apocalyptic"
Funny and Hilarious Joke Books - Joke King's Laugh Lab,1,0,"Jokes, Humor, Childrens"
Funky Chicken,1,0,Nonfiction
Funk & Wagnalls Company,0,1,"Sewing, Fashion, Nonfiction"
Fundația Marin Sorescu,1,0,"Romanian Literature, Plays, Classics"
Fundamento,1,0,"Fantasy, Young Adult, Childrens"
Fundacja Zeszytów Literackich,1,0,"Essays, Art, Nonfiction"
Fundacion Carlos de Amberes,1,0,
FunctionalFit Publishing,1,0,
Functional Fit Publishing,1,0,
Fun Places,0,1,"Parenting, Travel"
Greenwillow Books/HarperCollins Publishers,0,1,"Fantasy, Young Adult, Adventure"
Full Moon Over Bunganut,1,0,
Full Circle Books,1,0,"Buddhism, Spirituality, Religion"
Full Cast Audio(NY),1,0,"Fantasy, Young Adult, Magic"
Fugue State Press,1,0,
Frontline,1,0,"Christian, Christian Fiction, Religion"
Frontier X Studio,1,0,
Fromm Intl,1,0,"Psychology, Philosophy, Nonfiction"
Frogworks Publishing,1,0,"Adventure, War, Drama"
Frog,1,0,"Nonfiction, Spirituality, Occult"
Frigate Books,0,1,"Young Adult, Coming Of Age, Historical"
Friesen Press,0,1,
Friends of Israel Gospel Ministry,1,0,"Biography, Nonfiction, Christian"
Friedmann,1,0,Crime
Freya's Bower,0,1,"Westerns, Western Romance, Western Historical Romance"
Frescati Publications,1,0,"Novels, Inspirational, Contemporary"
"Full Moon over Bunganut, A PDMI Publishing Imprint",1,0,
Galilee Trade,1,0,"Christian, Nonfiction, Religion"
Galiani Verlag,1,0,German Literature
Galiani,0,1,"Thriller, Crime, Mystery"
Galgalim Press,1,0,
Galeria Książki,0,1,"Fantasy, Science Fiction Fantasy, Polish Literature"
Galaxy Press,1,0,"Science Fiction, Fantasy, Science Fiction Fantasy"
Gala Unggul Resources,1,0,Comics
Gagasmedia,1,0,"Romance, Young Adult, Indonesian Literature"
Gadsden Publishing House,1,0,
Gabriel Brunsdon,1,0,Fantasy
GRAPHIX,1,0,"Graphic Novels, Fantasy, Comics"
GRAMAR,1,0,"Romanian Literature, Theatre, Plays"
GP Putnam's Sons/Penguin Young Readers,0,1,"Middle Grade, Animals, Dogs"
GMTA,0,1,"Fantasy, Dragons, Young Adult"
GMP Publishers,1,0,"M M Romance, Gay, LGBT"
G. Norman Lippert,1,0,"Fantasy, Young Adult, Magic"
GLOBAL GRAPHICS,1,0,
GLH Publishing,1,0,"Christian, Theology, Faith"
GJ Walker-Smith,1,0,"Romance, Contemporary, New Adult"
GJ Press LLC,1,0,"Nonfiction, Memoir, Biography Memoir"
GD Publishing Ltd. & Co KG,1,0,
"GCS Films, Inc.",0,1,
GB Hope,1,0,Erotica
GB Davies Publishing,1,0,
GABAL,1,0,
G.P. Putnam's Sons/Putnam Juvenile/Penguin Young Readers Group,1,0,"Young Adult, Fantasy, Historical"
G.P. Putnam's Sons/Penguin,0,1,"Young Adult, Realistic Fiction, Africa"
G.P. Putnam's Sons BYR,0,1,"Young Adult, Dystopia, Fantasy"
G.A.P.P Ministries,0,1,Marriage
"G.A. Van Oorschot, Amsterdam",1,0,Poetry
G.A. Van Oorschot Amsterdam,1,0,"Dutch Literature, Poetry, Literature"
GM Books,1,0,Epic
Forum Boekerij,1,0,"Nonfiction, History, World War II"
"Fortitude Press, Inc.",0,1,"Lesbian, LGBT, Lesbian Romance"
Forsaken Press via Createspace,1,0,Zombies
Forsaken Press (via Createspace),1,0,
Formless Press,1,0,Poetry
Forlaget okober,1,0,"Contemporary, Scandinavian Literature, Novels"
ForeverPoetic,1,0,"Romance, Mystery, Love Story"
Forever/Grand Central Publishing,0,1,"Romance, New Adult, Contemporary"
Forever Yours (Hachette),0,1,"New Adult, Romance, Novella"
Forever (Hachette Book Group),0,1,"New Adult, Romance, Contemporary"
Foresutoshuppan,1,0,
Forest Dhamma Books,1,0,Buddhism
Forest Books,1,0,"Plays, Romanian Literature, Drama"
Foreign Languages Publishing House,1,0,"Classics, Novels, Literature"
Foreign Languages Press,1,0,"Classics, Fantasy, China"
Fremad,0,1,"Historical Fiction, France, Romance"
ForeEdge,1,0,"Nonfiction, True Crime, Music"
Forbidden Realm Publishing,1,0,
ForbesBooks,0,1,Business
Forbes Publications,1,0,
ForWard Publishing,1,0,"Memoir, Autobiography, Nonfiction"
For You,0,1,"Romance, Romania, Contemporary"
Food N Sport Press,1,0,"Health, Nonfiction, Vegan"
Fontana Press,1,0,"Thriller, Mystery, Romance"
Fontana / Collins,1,0,"Africa, Nonfiction, France"
Fontamara,1,0,"Classics, Nonfiction, Biography"
Fontaine Press,1,0,"Humor, Nonfiction, Comedy"
Fons Vitae,1,0,"Islam, Religion, Biography"
"Fondo de Cultura Economica, Mexico",1,0,"Fantasy, Middle Grade, Books About Books"
Fondo Editorial Fundarte,1,0,
Follow This Publishing,1,0,Contemporary
Foreign Language Press,1,0,"Classics, China, Historical Fiction"
Freestyle Press,0,1,
Freedpublishing: Bedtime stories for beginning readers Age 3-10 yrs kids_Superhero,1,0,
Freed Publishing : The Horse Dealer’s Bargain for A Bride,1,0,
"Freed Publishing : The Billionaire Rancher's Bargain for A Bride, Cowboy's Bride",1,0,
Free Presbyterian Publications,1,0,"Theology, Christian, Reference"
Fredonia Books,1,0,"Classics, Adventure, Science Fiction"
Frederick Warne,0,1,"Childrens, Picture Books, Classics"
Frassinelli,1,0,"Israel, Historical Fiction, Jewish"
Frashen,1,0,"Self Help, Philosophy"
"Frankfurter Verlagsanstalt, Frankfurt/Main",0,1,
Franciscan Herald Press,1,0,Poetry
Frances Lincoln Publishers,0,1,"Animals, Nonfiction, Knitting"
France loisirs,1,0,"Africa, Nonfiction, History"
France Loisirs,0,1,Fantasy
Fraktura,1,0,"Psychology, Roman, Philosophy"
Forum bokförlag,0,1,"Mystery, Crime, Thriller"
Foxy Publishing,1,0,"Reverse Harem, Romance, New Adult"
Fox & Wilkes,1,0,"Economics, Philosophy, Politics"
"Fourth Estate, Limited",1,0,"Fantasy, Music"
Fourth Estate Paperbacks,1,0,"Contemporary, Novels, Literary Fiction"
Fourth Dimension Pub Co,1,0,"Comics, Graphic Novels, Webcomic"
Four Winds Press,1,0,"Picture Books, Fantasy, Childrens"
Four Walls Eight Windows (NY),1,0,"LGBT, Pulp, Gay Fiction"
Four Isles Press,0,1,"Romance, Contemporary, Contemporary Romance"
Four Directions PR,1,0,Law
Four Branches Publishing,1,0,"Fantasy, Epic Fantasy"
Foundation for Thought and Ethics,1,0,"History, School, Nonfiction"
Foundation for Economic Education,1,0,"Economics, Politics, Philosophy"
Foundation For Science Technology and Civilisation,1,0,"History, Islam, Nonfiction"
Foster & Black,0,1,"Romance, Romantic Suspense, Military Fiction"
Fosse aux Ours,1,0,
Fragment,1,0,"Fantasy, Young Adult, Childrens"
"Graftons Books, Collins Publishing Group",1,0,"Fantasy, Historical Fiction, Arthurian"
Grafton / HarperCollins,1,0,"Romance, Historical Romance, Historical"
Grafički zavod Hrvatske,1,0,
Grace Callaway,0,1,"Historical Romance, Romance, Historical"
Grace Bible College Publications,1,0,Theology
Gotham Books,1,0,"Nonfiction, History, Language"
Gossamer Publishing,0,1,"Romance, Erotica, Contemporary Romance"
Gospel Advocate Company,1,0,
Gorgias Press,1,0,
Goodman Beck Publisher,0,1,
Goodfaith,1,0,"Indonesian Literature, Romance, Novels"
Good News Publishers/Crossway Books,1,0,"Christian, Religion, Reference"
Goo Factory,1,0,
"Gollancz, Victor Limited",0,1,"Fantasy, Vampires, Paranormal"
Galldubh Press,1,0,Historical Fiction
Gollancz Paperbacks,1,0,"Fantasy, Historical Fiction, Historical"
Goldmineguides.com,1,0,True Crime
Goldminds Pub Llc,1,0,
Goldmann Wilhelm GmbH,1,0,"Historical Fiction, Novels, Africa"
Goldmann Taschenbuch,0,1,"Poetry, German Literature, Germany"
Goldman House Publishing,0,1,"Mystery, Thriller, Mystery Thriller"
Goldfish Press,1,0,
Goldenford Publishers Limited,1,0,
Golden Orb Press,1,0,"Fantasy, Historical Fiction, New Adult"
Golden Ink Press,0,1,
"Golden Books Publishing Company, Inc.",1,0,"Childrens, Picture Books, Kids"
Golden Books Centre,0,1,"Picture Books, Childrens, Animals"
Gold Orchid Publishing,1,0,Poetry
Gold Leaf Press (WA),1,0,"Poetry, Womens, Lds"
Gojim Oavin,1,0,
"Gollancz, Great Britain",1,0,"Horror, Fantasy, Short Stories"
Greenwillow Books/HarperCollins,0,1,"Fantasy, Young Adult, Magic"
Greenhill Books,1,0,"History, Nonfiction, War"
Greenery Press (CA),1,0,"BDSM, Sexuality, Nonfiction"
Green Okapi Press,1,0,Mystery
Green Lion Press,1,0,"Philosophy, Classics, Nonfiction"
Green Key Books,1,0,"Mystery, Adult, Religion"
Green Ivy,1,0,"Young Adult, Adventure, Mystery"
Green Frog Publishing,1,0,
Green Books Pvt. Ltd,1,0,"India, Novels, Indian Literature"
Green Books,1,0,Travel
Green Back Books / HarperCollins Children's Books,1,0,"Childrens, Picture Books, Classics"
Great Water Press,0,1,"Historical Fiction, Christian Fiction, Childrens"
Graywolf,0,1,Poetry
Gray Door,1,0,
Gray Dog Press,1,0,Outdoors
Gramedia Puataka Utama,0,1,"Novels, Indonesian Literature, Romance"
"Grassroots Publishing Group, Incorporated",0,1,
Graphics,1,0,"Design, Nonfiction, Science"
Graphia/Houghton Mifflin Harcourt,0,1,"Young Adult, Paranormal, Fantasy"
Grapevine India Publishers Pvt. Ltd.,1,0,"Romance, Indian Literature, India"
Granta Books (Uk),0,1,"Nonfiction, Memoir, Spirituality"
Grant & Cutler,1,0,"Classics, Spanish Literature, Novels"
Granite Publishing and Distribution,0,1,"Romance, Clean Romance, Westerns"
Granite Publishing & Distrubutions,0,1,"Romance, Historical Romance, Clean Romance"
Granite Peak Press,1,0,"Mystery, Crime"
Grand Central Publishing (Hachette),0,1,"Fantasy, LGBT, Urban Fantasy"
Grand Central Pub,1,0,"Mystery, Crime, Thriller"
Grand Caractère,0,1,"Italian Literature, Novels"
Granada Publishing in Panther books,1,0,"Science Fiction, Short Stories, Classics"
Granada Publishing Limited,1,0,"Horror, Short Stories, Fantasy"
Gramedia Pustaka Utama (GPU),1,0,"Novels, Indonesian Literature, Adult"
Graveside Books,1,0,"Horror, Short Stories, Anthologies"
Gentle Breeze,1,0,"Nonfiction, Lds, Religion"
Genesis Press,1,0,"Interracial Romance, Romance, Contemporary"
Generations with Vision,1,0,Education
Generation End,1,0,
General Press,1,0,Romance
General Books,1,0,"Westerns, History, Biography"
Gemma James,0,1,"BDSM, Erotica, Dark"
Gemma Halliday,0,1,"Mystery, Chick Lit, Romance"
Gema Insani Press,1,0,Islam
Gelmės,1,0,"Young Adult, Mental Health, Realistic Fiction"
Gefen Books,0,1,"Israel, History"
Gecko Press,1,0,"Picture Books, Death, Childrens"
Gcm Books,1,0,
Gazzapper Press,1,0,
Gauntlet Press,1,0,"Horror, Young Adult, Mystery"
Gnome on Pig Productions,0,1,"Young Adult, Fantasy, Romance"
Gary Cooper,1,0,
Garrard Pub. Co.,0,1,
Gargi Publisher,0,1,
Gardners Special Promo,1,0,"Romance, Love"
Garden Heights Books,1,0,"Thriller, Mystery, Crime"
Garber Communications,1,0,"Historical Fiction, Russia, Russian Literature"
"Garant, Renningen",1,0,"Adventure, Westerns, Classics"
Garamond,1,0,
Games Workshop(uk),1,0,"Science Fiction, 40k, Fantasy"
Gallimard/Folio,1,0,"France, Contemporary, Romance"
Gallimard jeunesse,1,0,"Fantasy, Childrens, France"
Gallic Books,1,0,"Humor, France, Novels"
Galley Beggar Press,0,1,"Ireland, Contemporary, Literary Fiction"
Gallery/Permuted Press,1,0,"Horror, Zombies, Post Apocalyptic"
Gallery,0,1,"Science Fiction, Video Games, Games"
Garzanti Libri,1,0,"Classics, Italian Literature, Italy"
Gloss Publishing LLC,0,1,"Romance, New Adult, Contemporary"
Globus media,1,0,"Classics, Novels, School"
Globinho,1,0,"Childrens, Fantasy, Brazil"
Globe Pequot Press,1,0,"Nonfiction, Animals, Dogs"
Globe Pequot,1,0,
Global Authors Publications,0,1,"Paranormal, Young Adult, Fantasy"
Glass House Press,1,0,"Dystopia, Young Adult, Science Fiction"
Glagoslav Publications,1,0,"Ukraine, Ukrainian Literature, Contemporary"
"GiveAndSave365, LLC",1,0,Finance
Ginger Scott - Little Miss Write,0,1,"Romance, New Adult, Young Adult"
Gina Whitney,0,1,"BDSM, Erotica, Romance"
Gilley's Publishing Company,0,1,
"Gillaspy, James",1,0,"Science Fiction, Young Adult"
Gilla Böcker,0,1,"Young Adult, Swedish Literature, Contemporary"
Gill Books,0,1,Short Stories
George Braziller,0,1,"Historical Fiction, Classics, Mental Health"
Gill,1,0,"Ireland, Historical Fiction, Irish Literature"
Gibson Square Books Ltd.,1,0,"Philosophy, Nonfiction, Psychology"
Giant in the Playground Games,1,0,"Fantasy, Comics, Graphic Novels"
Ghostly Publishing,0,1,Fantasy
Ghost Road Press,1,0,"True Crime, Nonfiction, Crime"
Gfa Books,1,0,"Christian, Nonfiction, Religion"
Gestalten,1,0,"Art, Nonfiction, Maps"
Gerstenberg,1,0,"Young Adult, Historical Fiction, School"
Geração Editorial,0,1,"Nonfiction, History, Psychology"
Gepetto Garten,1,0,
Georgia Cates Books,0,1,"Romance, Contemporary, Erotica"
George Wythe College Press,1,0,"Education, Nonfiction, Parenting"
George Newnes Ltd.,1,0,"Romance, Classics, Historical Romance"
George Mann Books,0,1,"Humor, Memoir, Nonfiction"
George Enterprises,0,1,"Romance, Contemporary Romance, Contemporary"
Gill & Company,1,0,"Spirituality, Psychology, Nonfiction"
Jewish Lights Publishing,1,0,"Judaism, Religion, Judaica"
Jettie Woodruf,0,1,"Dark, BDSM, Romance"
Jetstream Publishing Inc,1,0,"Business, Self Help, Nonfiction"
Jessica Sorensen,0,1,"Vampires, Paranormal, Young Adult"
Jessica Kingsley Publishers,1,0,Mystery
Jessica Cox,0,1,
Jess Petosa,1,0,"Dystopia, Young Adult, Romance"
Jeremy P. Tarcher,0,1,"Nonfiction, Self Help, Writing"
Jeremiah Press,1,0,"Young Adult, Paranormal, Werewolves"
Jerden Records,1,0,
Jennifer L. Armentrout,0,1,"Fantasy, New Adult, Romance"
Jennifer Foor,0,1,"Romance, Contemporary Romance, Military Fiction"
Jennifer Archer,0,1,
Jennichad Books,0,1,"Paranormal, Vampires, Romance"
Hb Stowe Press,0,1,
Jenika Snow,1,0,"Dark, BDSM, Erotica"
Jemari Seni Sdn Bhd,1,0,Novels
Jemari Seni,1,0,"Novels, Collections, Romance"
Jeff Gunzel,1,0,"Fantasy, Magic, Paranormal"
Jeannine Colette,0,1,"Romance, Contemporary Romance, Contemporary"
Jaylijaz Publishing,1,0,
Jay Crownover Books,1,0,"Romance, New Adult, Contemporary"
Javanica,1,0,Novels
Jason Luke,1,0,"BDSM, Erotica, Romance"
Jasmine Lee,0,1,Romance
Jasmine Haynes,0,1,"Contemporary, Erotica, M F Romance"
Jarir Bookstore,1,0,"Nonfiction, Business, Relationships"
Jaringan Islam Liberal,1,0,
Janus Publishing Company Ltd,1,0,
Janice Ross,0,1,
Jenn Cooksey,0,1,"Young Adult, Romance, Contemporary"
"Jon H. Gutmacher, P.A.",1,0,Poetry
Jon Delorme,1,0,Historical Fiction
Jolop Publishing,1,0,
"Jolly Fish Press, LLC",0,1,"Humor, Romance, Contemporary"
Jojo Publishing,1,0,
John Smith and Clean Eating,1,0,
John Osteen Publications,1,0,Nonfiction
John Murray Publisher,1,0,"Historical Fiction, India, Historical"
John Mayer,1,0,
John Macrae,1,0,"History, Biography, Nonfiction"
John Joseph Adams/Houghton Mifflin Harcourt,1,0,"Horror, Fantasy, Paranormal"
John Goodchild Publishers,0,1,
John Corwin,1,0,"Paranormal, Urban Fantasy, Young Adult"
John Cassian,1,0,"Dark, Horror, Thriller"
"John Blandly, via Smashwords",1,0,"Romance, Science Fiction, Literary Fiction"
Jewish Publication Society of America,1,0,
Joey Wargachuk,1,0,
Joe Chiappetta,1,0,
Jodi Ellen Malpas,0,1,"Romance, Contemporary Romance, Erotica"
Jodere Group,1,0,"Nonfiction, Spirituality, Paranormal"
Joaquín Mortiz,1,0,"Latin American Literature, Humor, Spanish Literature"
Joanna Cotler Books/HarperCollinsPublishers,0,1,"Fantasy, Young Adult, Fairy Tales"
Joanna Cotler Books,1,0,"Young Adult, Realistic Fiction, Contemporary"
Joan L Sample,0,1,
Joan Boluda,0,1,Business
Jimmy Swaggart Ministries,1,0,Spirituality
Jimmy Patterson Books,0,1,"Fantasy, Young Adult, LGBT"
Jim Bernheimer / EJB,1,0,"Science Fiction, Superheroes, Fantasy"
Jillian Peery,0,1,"Young Adult, Fantasy, Angels"
"Jillian Dodd, Inc.",0,1,"Romance, Young Adult, Contemporary"
"Jiangsu Phoenix Literature and Art Publishing, LTD",1,0,"Romance, China, Contemporary"
John Bevere Ministries,1,0,Christian
JC Lattès,0,1,"France, Nonfiction, Biography"
JC Gordon,1,0,
JB Salsbury LLC,1,0,"Romance, Fighters, Sports"
JB Salsbury,1,0,"Romance, New Adult, Contemporary Romance"
J.R. Cagle,1,0,Parenting
J.N. Townsend Publishing,1,0,"Cats, Animals"
J.M. Porup,1,0,"Humor, Politics"
J.M. Darhower,1,0,"Romance, Dark, Contemporary"
J.K. Persy,1,0,"Mystery, Mystery Thriller"
J.G. Johnson,1,0,
J.D. Estrada,1,0,Poetry
J.C. Reed,1,0,"Romance, Erotica, Contemporary Romance"
"J.C. Isabella, via kindle",1,0,"Sports, Contemporary, New Adult"
J.C. Isabella Books,1,0,"Young Adult, Romance, Contemporary"
Janene Loucks Publishing,0,1,
J. Sterling,1,0,"Romance, New Adult, Contemporary"
J. Ross Publishing,1,0,"Finance, Business"
J. R. Ortiz,1,0,
J. N. Townsend Publishing,1,0,"Animals, Classics, Childrens"
J. Lynn,0,1,"New Adult, Romance, Contemporary"
J. Lewis Bennett,1,0,
J. H. Cardwell,1,0,"Romance, New Adult, Contemporary Romance"
J. Daniels,1,0,"Romance, New Adult, Contemporary"
J-Novel Club,0,1,"Light Novel, Fantasy, Manga"
J'ai lu.,0,1,"Romance, Historical Romance, Historical"
J Ellington Ashton Press,0,1,
J A W I G I,1,0,"Fantasy, Young Adult, Fairy Tales"
Iwanami Shoten,1,0,"Japan, Japanese Literature, Short Stories"
Ivan R. Dee,1,0,"Historical Fiction, Novels, Literature"
Itoh Press,1,0,"Horror, Occult, Mystery"
J.B. Lippincott Company,0,1,"Fantasy, Childrens, Witches"
Jan Strnad,1,0,
Jamie McGuire LLC,1,0,"Paranormal, Romance, Fantasy"
Jamie McGuire,1,0,"Romance, New Adult, Contemporary"
Jamestown Publishers,1,0,"Short Stories, Classics, Literature"
Jameson Books (IL),1,0,"Economics, Politics, Nonfiction"
James Ward - JMW Studios,1,0,"Post Apocalyptic, Zombies"
James V. Jordan dba Turning Leaf Books,1,0,"Contemporary, Novels, Drama"
James Sillwood,1,0,"Romance, LGBT, Lesbian"
Jambo,1,0,
Jalasutra,1,0,"Indonesian Literature, Cultural Studies, Nonfiction"
Jalansutra,1,0,
Jakub Lasak,1,0,"Psychology, Business, Nonfiction"
Jajoza Publishing,1,0,
Jaimie Hope,0,1,
Jaico Publishing House,1,0,"Classics, Short Stories, Philosophy"
JCP Books,1,0,"M M Romance, Dystopia, Menage"
Jacqui Aviet.,1,0,
Jacob Gowans,1,0,"Science Fiction, Young Adult, Dystopia"
Jacek Walkowicz,1,0,
Jabal Amman Publishers,1,0,
JVB,1,0,
JRH Publishing,1,0,"Science Fiction, Dystopia, Cyberpunk"
JOHN LANE THE BODLEY HEAD LTD,1,0,"Classics, France, Fantasy"
JMG,1,0,Historical Fiction
JMF Publishing,0,1,"Romance, New Adult, Contemporary Romance"
JMF,0,1,"Romance, New Adult, Contemporary"
JM Originals,0,1,"Literary Fiction, Contemporary, British Literature"
JKLM Publishing,1,0,
"JK Publishing, Inc.",1,0,
JIMMY Patterson,0,1,"Historical Fiction, Young Adult, Mystery"
JILLIAN DODD INC.,0,1,"Romance, Young Adult, Contemporary"
Jaguar,0,1,"Young Adult, Science Fiction, Romance"
Katie Louise Shattock,0,1,
Katie French Books,0,1,"Paranormal, Fantasy, Young Adult"
Katie Cross,0,1,"Fantasy, Young Adult, Magic"
Kathy Coopmans,0,1,"Romance, New Adult, Contemporary Romance"
Kathryn Kelly,0,1,"Romance, Abuse, Dark"
Kathryn Braund Publications,0,1,"Contemporary, Book Club, Drama"
Kathi Cabeke,1,0,
"Katherine Tegen, Harper Collins",0,1,"Fantasy, Young Adult, Magic"
Katherine Tegen Books/HarperCollins Publishers,0,1,"Young Adult, Dystopia, Short Stories"
Katherine Tegen,0,1,"Young Adult, Contemporary, Romance"
Katherine Tegan Books,0,1,"Vampires, Young Adult, Paranormal"
Katelin LaMontagne,0,1,"Romance, Zombies, Contemporary Romance"
Kate Perry,0,1,"Romance, Contemporary Romance, Contemporary"
Kate Kasten,0,1,
Jonathan Cape Children's Books,1,0,"Childrens, Fantasy, Middle Grade"
Kata Kita,1,0,"Poetry, Literature, Indonesian Literature"
Karya Seni Enterprise,0,1,Novels
Karuna Prokashani,1,0,"India, Historical Fiction, Classics"
Karolinum,1,0,"Czech Literature, Classics, Humor"
Karnadya Solutions Sdn Bhd,0,1,
Karla Brandenburg,0,1,
Karl Müller Verlag,0,1,
Karisto Oy,0,1,"Dystopia, Finnish Literature, Young Adult"
Karisma,1,0,
Karen Seinor,0,1,
Karen Prince,0,1,"Fantasy, Young Adult, Humor"
Karen Michelle Miller,0,1,"Drama, Contemporary"
Karen Fenech,0,1,"Romance, Romantic Suspense, Mystery"
Karen Baney,0,1,"Christian Fiction, Historical Fiction, Christian"
Karakter Uitgevers,0,1,Thriller
Kate K,0,1,
Kidpub,1,0,
"Kia Harris, LLC",0,1,
Ki-oon,1,0,"Manga, Manhwa, Fantasy"
Keywords Press,0,1,"Young Adult, Contemporary, Romance"
Key Porter Books,0,1,"Horses, Animals, Young Adult"
KevStel Publications,1,0,
Kessinger,0,1,"Classics, Romance, Young Adult"
Kerry Connor,1,0,"Romance, Contemporary Romance, Contemporary"
Kero,1,0,"Self Help, Roman, France"
Keri Lake,0,1,"Dark, Romance, Contemporary"
Ker Dukey,1,0,"Dark, Romance, New Adult"
Kensington Teen,0,1,"Young Adult, Paranormal, Fantasy"
Kensington Publishing Corp.,1,0,"Young Adult, Zombies, Dystopia"
Kensington Brava,0,1,"Paranormal, Paranormal Romance, Romance"
Kenneth Bellard,1,0,
Kay Dee,1,0,
Kendall Ryan,1,0,"New Adult, Romance, College"
Kelly St. Clare,1,0,"Fantasy, Romance, Young Adult"
Kelly St Clare,1,0,"Fantasy, Romance, New Adult"
Kelledge Hall Press,0,1,
Kelion,1,0,Politics
Kel Kade,1,0,"Fantasy, Epic Fantasy, Adventure"
"Keith Publications, LLC",1,0,
Keith Houghton,1,0,"Mystery, Crime, Amazon"
Keibooks,1,0,"M M Romance, Historical, Historical Fiction"
Keep It Funky Publishing LLC,1,0,
Keats Publishing,1,0,"Health, Nutrition, Nonfiction"
Kc Harry,1,0,
Kaylee Ryan,0,1,"Romance, Contemporary, Adult"
Kaya/Muae,1,0,Poetry
Kaya Press,1,0,Poetry
Kendall Ryan Books,1,0,"Romance, Erotica, New Adult"
K & R Publications,1,0,Design
Jyoti Prakashan,0,1,
Juventud,1,0,"Childrens, Short Stories, Classics"
Justice House Publishing,0,1,"LGBT, Lesbian, Lesbian Fiction"
Just World Books,1,0,"Nonfiction, Short Stories, Politics"
JusPax,1,0,Biography
Jupitalia Productions,1,0,"Travel, Nonfiction, Adventure"
Jungbrunnen,0,1,"Childrens, German Literature, Picture Books"
"Jumbo, Neue Medien",0,1,"Fantasy, Young Adult, German Literature"
Jumava,1,0,"Russia, Science Fiction, Classics"
Julie Hall,0,1,"Fantasy, Young Adult, Christian Fiction"
Julianna Keyes,0,1,"New Adult, Romance, Contemporary"
Juicy Gems Publishing,1,0,"Reverse Harem, Fantasy, Magic"
Jugoslavija,1,0,"Classics, Serbian Literature"
Judaica Press,1,0,
Kar-Ben Publishing,1,0,Picture Books
Joyce Mitchell,0,1,Childrens
Joy House Publishing,0,1,
JourneyForth,0,1,"Fantasy, Christian, Childrens"
JournalStone,1,0,"Horror, Zombies, Supernatural"
Jossey-Bass Inc Pub,1,0,
Josette Sona,0,1,
Josephine D. Hasan-Kerr,0,1,
Joseph Evans,1,0,"Young Adult, Science Fiction, Fantasy"
Josef Weinberger Plays,0,1,"Plays, Drama, Theatre"
Jongbloed,1,0,"Religion, Nonfiction, Classics"
Jonathan cape/secker & Warburg,1,0,Scotland
Jonathan Macpherson,1,0,Thriller
Jonathan Eli Herrick,1,0,
Jonathan David Publishers,1,0,
Jonathan Cape Ltd,0,1,"Fantasy, Paranormal, Mystery"
Jozef Rothstein,1,0,
Kapı Yayınları,1,0,
Kaplan Publishing,1,0,"Health, Reference, Nonfiction"
Kansha Books,1,0,"Novels, Inspirational, True Story"
Kalmm Publishing,1,0,
Kallisti Publishing,1,0,
Kalla kulor förlag,1,0,"Science Fiction, Swedish Literature, Dystopia"
Kalla Kulor Förlag,1,0,Horror
Kalkedon,1,0,
Kalavathi Cancer Foundation,1,0,
Kakoli Prokashoni,1,0,"Mystery, Paranormal, Mystery Thriller"
Kakilangit Kencana,1,0,
Kahla McDonald,1,0,
Kadokawa Shoten,1,0,"Manga, Yaoi, Romance"
Kadimah Press,0,1,
Kabel Verlag,1,0,"Spirituality, Fantasy, Self Help"
K G Grigg,1,0,
KPG,1,0,"Indonesian Literature, Novels, Literature"
KLS PRESS,0,1,"Romance, Contemporary Romance, Contemporary"
KENYONS GOSPEL PUB SOC npp,1,0,"Christian, Prayer"
"KDP, Nook Press, Smashwords, iBooks, Kobo, Scribd, Google Play Books",0,1,"Fantasy, Young Adult"
KDP Amazon,1,0,
KC Kean,1,0,"Reverse Harem, Contemporary, College"
K.S. Smith,1,0,"Romance, Contemporary Romance, New Adult"
K.N. Lee,1,0,"Fantasy, Urban Fantasy, Paranormal"
K.M. Rice,1,0,"Fantasy, Gothic Horror, Horror"
K.J. Soze,1,0,"Contemporary, Epic, Book Club"
K.A. Robinson Publishing LLC,1,0,"New Adult, Romance, Contemporary Romance"
K.A. Linde,1,0,"Romance, New Adult, Contemporary"
K Webster,1,0,"Dark, BDSM, Romance"
K Teen (Kensington),0,1,"Young Adult, Paranormal, Fantasy"
K Teen,0,1,"Young Adult, Paranormal, Fantasy"
KPG (Kepustakaan Populer Gramedia),1,0,"Novels, Indonesian Literature, Literature"
"Hopeful Media Solutions, LLC.",1,0,"Contemporary, Adult, Nonfiction"
Hope House Books,0,1,
Hope & Nonthings,1,0,"Music, Novels"
Hop Hop Productions,1,0,"Romance, Contemporary Romance, Contemporary"
Hoopoe Fiction,1,0,
Honestly Books,1,0,
Homestead Pub,1,0,"Nonfiction, Animals, History"
"Holt, Rinehart and Winston",1,0,"Historical Fiction, Historical, Westerns"
Holmgren Design Services,1,0,"Gardening, Nonfiction, Environment"
Holman Bible Publishers,1,0,"Reference, Religion, Christian"
Holly Willow,0,1,
"Hokuseido Press, the",1,0,"Japan, Poetry, Japanese Literature"
Hohm Press,1,0,"Philosophy, Spirituality, Nonfiction"
Hodder and Stoughton Ltd.,1,0,"Young Adult, LGBT, Contemporary"
Itchy Coo,1,0,Childrens
Hodder Coronet,1,0,"Historical Fiction, Historical, British Literature"
Hodder Childrens Books,0,1,"Fantasy, Young Adult, Paranormal"
Hodder Children's,0,1,"Childrens, Middle Grade, Classics"
Hodder & Stoughton Religious,1,0,"Christian, Biography, Nonfiction"
Hodder & Stoughton Paperbacks,0,1,"Romance, Christmas, Scotland"
Hodder & Stoughton Audio Books,1,0,"Magical Realism, Literature, Humor"
Hodder & Stoughton (Hachette Livre UK),0,1,"Chick Lit, Romance, Contemporary"
"Hocus Pocus Publishing, Inc.",0,1,"Paranormal, Paranormal Romance, Romance"
Hmh Books for Young Readers,0,1,"Fantasy, Young Adult, Dragons"
HitRECord,1,0,"Poetry, Comics, Art"
History Press,0,1,
Historiska Media,1,0,"Nonfiction, History"
Historic England Press,1,0,"Photography, Reference, Nonfiction"
Historia,1,0,"Romanian Literature, Romania, Memoir"
His Seasons,1,0,"Historical Fiction, Christian, Christian Fiction"
Hodder Pb,0,1,"Paranormal Romance, Paranormal, Romance"
Hunton Agius Publishing,0,1,"Dark, BDSM, Romance"
Hunt Press,1,0,
Humdrumming,1,0,"Horror, Fantasy"
Humanist forlag,1,0,"Nonfiction, Biography, Religion"
Human Kinetics Publishers,1,0,"Fitness, Health, Nonfiction"
Human & Rousseau (Pty) Ltd,1,0,"South Africa, Africa"
"Huff Publishing Associates, LLC",1,0,"Nonfiction, Memoir, War"
Hudson Street Press,1,0,"Sports, Soccer, Nonfiction"
Hrymfaxe,1,0,"Historical Fiction, Westerns, Historical"
Hrvatski katolički zbor MI,1,0,Childrens
Howell Press,1,0,"Civil War, History"
Howard Publishing Co,0,1,"Classics, Historical Fiction, China"
"How 'Bout A Giant Productions, LLC",1,0,"Erotica, Contemporary, Adult"
Hovel Audio,1,0,"Fantasy, Classics, Childrens"
Houtekiet,1,0,"Thriller, Crime, Detective"
Horn OK Please,1,0,"Travel, India, Travelogue"
House of Winterspells,1,0,"Gothic, Paranormal, Horror"
"House of Stratus, Inc.",1,0,"Mythology, Historical Fiction, Classics"
House of Lore,1,0,"Fantasy, Young Adult, Paranormal"
House of Leavik,1,0,"Vampires, Romance, Paranormal"
House of Cotton Publishing,1,0,
House of Bones Press,0,1,Short Stories
Houghton Mifflin/Seymour Lawrence,1,0,"Poetry, Short Stories, Literature"
Houghton Mifflin Harcourt Publishing Company,0,1,"Young Adult, Paranormal, Fantasy"
Houghton Mifflin Harcourt Publishing,0,1,"Mystery, Espionage, Thriller"
Houghton Mifflin Co. (Boston/NY),1,0,"Nonfiction, Religion, Science"
Houghton Mifflin Co.,1,0,"Childrens, Picture Books, Classics"
Houghton Mifflin Co,0,1,"Historical Fiction, Poland, Historical"
Houghton Mifflin Books for Children,1,0,"Fantasy, Young Adult, Historical Fiction"
Houghton Mifflin (Jp),1,0,"Fantasy, Picture Books, Childrens"
"Hot-Lanta Publishing, LLC",0,1,"Romance, New Adult, Contemporary"
House of the Moon Publishing,0,1,"New Adult, Romance, Contemporary Romance"
Henry Holt BYR,0,1,"Young Adult, Contemporary, Romance"
"Henry Holt & Company, Inc.",0,1,"Historical Fiction, Historical, British Literature"
Henry Holt & Company (BYR),1,0,"Middle Grade, Realistic Fiction, Family"
Henry Holt & Col,1,0,"History, Nonfiction, American History"
Hendrickso,1,0,"Reference, Religion, Theology"
HemDiva Dev,1,0,
Hellzapoppin Press,1,0,"Urban Fantasy, Fantasy, Paranormal"
Hellsgate Publishing,0,1,"Romance, Romantic Suspense, Contemporary Romance"
Hellbound Books,1,0,
Helena Hunting,0,1,"Romance, Sports, Sports Romance"
Hekate Publishing Ltd,1,0,"Novels, Contemporary, Drama"
Hekate Publishing,1,0,"Contemporary, Novels, Book Club"
Heinessight,1,0,
Heinemann Young Books,1,0,"Classics, Childrens, Fantasy"
Heinemann Library,1,0,"Plays, Classics, Drama"
Hilton Lane Press,1,0,
"Heimerdinger Entertainment, Inc",1,0,"Lds Fiction, Lds, Fantasy"
Heavy Metal,1,0,"Comics, Fantasy, Graphic Novels"
Heather Wardell,0,1,"Romance, Chick Lit, Contemporary"
Heather Tregaskes,0,1,"Fantasy, Young Adult, Historical"
Heather Long,0,1,"Paranormal, Historical Romance"
Heartsong Presents,1,0,
Heartsome Publishing,1,0,"Science Fiction, Fantasy, LGBT"
Heartquest,0,1,"Christian Fiction, Romance, Christian"
Hearth Books,1,0,"Fantasy, Adventure"
Heart Space Publications,1,0,
Heart Powered Publishing,1,0,
Hear Me Roar Publishing,1,0,"Science Fiction, Fantasy, Young Adult"
Healing Arts Press,1,0,Health
Headline Publishing,1,0,"Thriller, Adventure, Action"
Head of the Table,0,1,
Heinemann Educational,0,1,"Childrens, Young Adult, Middle Grade"
Hill & Wang Pub,1,0,"Cryptozoology, Nonfiction, Science"
Hikmah (PT Mizan Publika),1,0,"Nonfiction, Indonesian Literature"
"Hijman, Stenfert Kroese & Van der Zande",1,0,"Mythology, 20th Century"
Hijjaz Record Publishing,1,0,
Highland Group LLC,1,0,"True Story, Memoir, Christian"
Highbridge Audio,1,0,"Horror, Thriller, Short Stories"
Highbridge,1,0,"Nonfiction, Science, Animals"
HighBridge Audio,1,0,"Young Adult, Realistic Fiction, Coming Of Age"
High Roads Media,1,0,"Self Help, Business, Personal Development"
Hierophant Publishing,1,0,"Mystery, Religion, Spirituality"
Hierarchy Publishing,0,1,"Fantasy, Science Fiction, Spirituality"
Hidra,1,0,"Fantasy, Young Adult, Spanish Literature"
HiddenSpring,1,0,"Biography, Nonfiction, History"
Hidden Thoughts Press,1,0,
Hibiscus Ink,1,0,Fantasy
Henry Holt Company,1,0,"Fantasy, Young Adult, Magic"
Heyne Taschenbuch,1,0,Science Fiction
Hey Sup Bye Publishing,1,0,Childrens
Hewitt E. Moore,1,0,"Politics, Conspiracy Theories"
Hettie Ivers,0,1,"Paranormal, Paranormal Romance, Romance"
Het Spectrum,1,0,Science Fiction
Hershey Reese Myers Ltd.,1,0,
"Hero

166 books — 94 voters",0,1,"Romance, Contemporary Romance, Contemporary"
Hermitage Helm Corpus,1,0,Philosophy
"Heritage Pub., Inc",1,0,
Heritage House Publishing,0,1,
Herder Verlag GmbH,0,1,"Fantasy, German Literature, Childrens"
Herald Press,0,1,"Cookbooks, Cooking, Food"
Hephzi-Bah Publishing House,1,0,
"Henry Holt and Company, LLC",1,0,"History, Nonfiction, American History"
Henry Holt and Co. (Georg von Holtzbrinck),0,1,"Nonfiction, Science, History"
Heyne fliegt,0,1,"Fantasy, Young Adult, Italian Literature"
Insight Kids,1,0,"Fantasy, Young Adult, Childrens"
Insight Editions,1,0,"Supernatural, Fantasy, Paranormal"
Inside The Dog Press,1,0,"Humor, Contemporary, Comedy"
Inquérito,1,0,"Classics, Poetry"
Inner Directions,1,0,"Philosophy, Spirituality, Nonfiction"
Inner City Books,1,0,"Psychology, Nonfiction, Mythology"
Innana Publications and Education,0,1,"China, Canada"
Inkwell & Often,1,0,"Mystery, Mystery Thriller, Suspense"
Inkspell Publishing,0,1,"Fantasy, Young Adult, Urban Fantasy"
Inkshares,1,0,"Horror, Paranormal, Adult"
InkSpell Publishing,0,1,"Angels, Young Adult, Fantasy"
Ink Bee Publishing LLC,0,1,
Infinity Publishing.com,0,1,"Historical Fiction, Fantasy, Historical"
Infinity Dreamt,1,0,"Fantasy, Science Fiction, Magic"
Hutchinson Children's Books Ltd,1,0,"Fantasy, Childrens, Animals"
Infinite Ideas,0,1,"Fantasy, Young Adult, Childrens"
Indy Pub,1,0,
Indy,1,0,
Industria Grafica Sant Vicenc Dels Hoprts.Spain,1,0,
Indus Source Books,1,0,"Mythology, Religion, Indian Literature"
Indo-European Publishing,1,0,"Classics, Historical Fiction"
Indiva (Afra Publishing),0,1,"Novels, Indonesian Literature, Historical Fiction"
Indigo House Publishing,0,1,"Paranormal, Fantasy, Romance"
Indigo Chick Press,0,1,"Horror, Adult"
Indigo Book,1,0,
Indie World Publishing & Author Services,0,1,"Mystery, Thriller, Suspense"
Indie Publishing,0,1,"Humor, Cooking"
Indie Published,1,0,"Historical Fiction, Fantasy, Art"
Indie,1,0,"Horror, Science Fiction, Thriller"
Indian Writing,1,0,
Infinity,1,0,"Historical Fiction, Holocaust, Young Adult"
Italics Publishing,1,0,"Thriller, Action, Amazon"
"Italian Authors

254 books — 244 voters",1,0,"Italian Literature, Italy, Novels"
Isshin Dream Publishing,0,1,Young Adult
Island Nation Press,0,1,"Romance, Contemporary, Contemporary Romance"
Island Lake Press,1,0,"Biography, Anthropology, Nonfiction"
Island,1,0,"Thriller, Mystery, Legal Thriller"
Islamic Texts Society,1,0,"Islam, Religion, Spirituality"
"Islamic Studies Scholars

202 books — 146 voters
Best Books About Islam & Muslims

469 books — 543 voters",1,0,"Islam, Religion, History"
Isham Cook,1,0,"Nonfiction, Adult, Contemporary"
Isabel Cristina Acuña C.,0,1,
Irvington Publishers,1,0,"Psychology, Philosophy"
Iron Circus Comics,1,0,"Graphic Novels, Comics, LGBT"
"Ira Teller, Pharm.D., Esq.",0,1,
Ion Creanga,1,0,"Romanian Literature, Childrens, Classics"
Investig’Action – Couleur livres,1,0,Politics
Insomniac Press,1,0,
Into the Void,1,0,Short Stories
Into the Darkness Publishing,0,1,
Intertidal Press,0,1,"Romance, Historical Fiction, Regency"
International Universities Press,0,1,"Psychology, Psychoanalysis, Nonfiction"
International Polygonics,1,0,"Mystery, Horror, Ghosts"
International Music Publications,1,0,"Fantasy, Young Adult, Magic"
International Marine Publishing,1,0,"Nonfiction, Adventure, Sports"
International Literary Properties,1,0,"Mystery, Horror, Young Adult"
Intercollegiate Studies Institute,1,0,"Philosophy, Psychology, Nonfiction"
Integrity Publishers,0,1,"Nonfiction, Biography, Christian"
"Institute for Gay Men's Health, The",1,0,"Graphic Novels, Comics, Nonfiction"
Institute for Christian Economics,1,0,"Theology, Politics, Nonfiction"
Inspiring Publishers,0,1,"Young Adult, Magical Realism, Contemporary"
Inspire Ink Publishing,1,0,
Inspirational Books Publishing,0,1,"Contemporary, Novels, Book Club"
Intrínseca,1,0,"History, Nonfiction, World War I"
Idea Kreatif Publications,1,0,
Idea Kreatif,0,1,
"Idea & Design Works, LLC",1,0,"Comics, Humor, Graphic Novels"
Ibis,1,0,"Polish Literature, Classics, School"
Ian Foster Eggleston,1,0,
I_AM Self-Publishing,0,1,
IVI (Piper),0,1,"Fantasy, High Fantasy, German Literature"
IUniverse,1,0,
ITI en Espanol,1,0,"Science, Nonfiction, Psychology"
ISSUU,1,0,
INFECTED BOOKS,1,0,"Horror, Zombies, Science Fiction"
IM Sims Publishing,0,1,
"IK""Benida"" Pub. House",1,0,
IGK Publications,1,0,
IDW,1,0,
India Penguin Metro Reads,1,0,"Romance, Contemporary, Romantic"
IAM Press,0,1,
I.M.P. Fiction,1,0,"Fantasy, Contemporary"
I. M. Sims Publishing,1,0,
I. M. Nobody,1,0,"Nonfiction, Art"
I. B. Tauris,1,0,
I S H K,1,0,
I Publish Press,1,0,"Historical Fiction, Adventure"
I Am Publishing,1,0,Thriller
Hörbuch Hamburg,1,0,"Humor, Audiobook, German Literature"
Hyspamérica,1,0,
Hyperion/Miramax,1,0,"Fantasy, Young Adult, Magic"
Hyperion Paperbacks,0,1,"Fantasy, Young Adult, Magic"
Hyperion Books for Children/Disney Book Group,1,0,"Fantasy, Young Adult, Science Fiction"
Hyperink - Brad Feld (Author of Venture Deals and Do More Faster),1,0,"Business, Entrepreneurship"
Hutchinson Radius,1,0,"History, Nonfiction, Politics"
ICS Publications,0,1,"Religion, Catholic, Biography"
India Penguin,0,1,"Short Stories, Nonfiction, India"
Independiente,0,1,
Independent Thinking Press,1,0,"Teaching, Education"
Independantly Published,1,0,"Drama, Thriller, Novels"
Indefatigable Inc.,0,1,"Religion, Nonfiction, Atheism"
Incandescent Phoenix Books,0,1,Fantasy
Inanna Publications & Education,0,1,"Historical Fiction, China"
Inanna Publications,0,1,"China, Historical Fiction"
InHouse Publishing,1,0,"Nonfiction, True Story, Memoir"
In This Together Media,0,1,"Young Adult, Contemporary, Romance"
Imzadi Publishing,1,0,"Contemporary, Book Club, Drama"
Imprimatur Britannia and Story Merchant Books,1,0,"Mystery, Historical Fiction, Thriller"
Imania,1,0,
Imam University,1,0,"Islam, Religion, Nonfiction"
Imajinn Books,1,0,"Vampires, Paranormal, Paranormal Romance"
Idea Machine Output,1,0,
Imagineering Unlimited,1,0,
"Image Comics, Inc",1,0,"Comics, Graphic Novels, Science Fiction"
Ilyan Kei lavanway,1,0,
Ilmamaa,1,0,"Philosophy, Nonfiction, Psychology"
"Ilm-o-Irfan Publishers, Lahore",1,0,"Fantasy, Pakistan"
Illustrated Modern Library,0,1,"Philosophy, Classics, Religion"
Illumination Publishing,1,0,Politics
Illuminated Way Publishing,1,0,
Ilex,0,1,"Nonfiction, Biography, Art"
Il foglio,0,1,
Ikar,1,0,
Iguana Books,1,0,"21st Century, Short Stories, Contemporary"
Ig Publishing,1,0,Novels
Idolls Corp,0,1,Middle Grade
Ideal Foreign Books,1,0,"Classics, France, Short Stories"
Imajin Books,0,1,Fantasy
